time_ps,temperature_K,potential_kJ_per_mol,kinetic_kJ_per_mol,total_kJ_per_mol,graphene_z_min_nm,graphene_z_max_nm,graphene_z_mean_nm,ligand_z_min_nm,ligand_z_max_nm,pyrene_z_mean_nm,pyrene_height_above_graphene_nm,pyrene_tilt_from_graphene_plane_deg,pyrene_plane_rms_nm,terminal_C36_height_above_graphene_nm,pyrene_center_to_terminal_C36_nm,ligand_vertical_span_nm,water_z_min_nm,water_z_max_nm,water_below_graphene
4817.000000522602,298.9919290120664,-305003.60118362354,59230.416649867824,-245773.1845337557,0.4618475943921103,0.5383774395723275,0.5012494967154142,0.7475643742726119,1.3504250772299145,1.0948693578476947,0.5936198611322805,47.79392051052094,0.005140228350840209,0.35943598823643885,0.732446903280098,0.6028607029573025,0.7680473851854321,6.573865915956276,0.0
4818.000000522806,297.4947885331119,-304737.7850488988,58933.8325425815,-245803.9525063173,0.4467773331006528,0.5420312704530126,0.4999932967486743,0.7443950436425997,1.3155435747588697,1.048564770071855,0.5485714733231807,50.696943529492444,0.006337291698872763,0.36147890037669594,0.7156728897708983,0.5711485311162701,0.7699437251493251,6.708207520217314,0.0
4819.0000005230095,296.5156611001859,-304357.03373351134,58739.86701984266,-245617.16671366867,0.44918484021438676,0.5379177784326323,0.49867323348792286,0.7315380345490272,1.3311052626399338,1.050327592317645,0.551654358829722,52.52891755193745,0.005634848827724454,0.35099511221004104,0.6469709053898657,0.5995672280909066,0.7670678502678203,6.649133078308111,0.0
4820.000000523213,299.6313800430718,-304914.6922498741,59357.09214615558,-245557.60010371855,0.46317696676924913,0.5415172715666179,0.49901229103032957,0.7234190523629511,1.3253166006567305,1.0620856311209492,0.5630733400906196,45.73688754668242,0.005869550500150208,0.31116623847259867,0.7047054126187079,0.6018975482937794,0.7817432184721183,6.615977247363794,0.0
4821.000000523417,303.3104100034106,-305004.52809866937,60085.90940265557,-244918.61869601381,0.4573287424645356,0.5389790329647361,0.4981532120065527,0.7310446435958982,1.2723482714387568,1.0072176942265065,0.5090644822199538,47.893280432543484,0.0048247298892420895,0.3277337402988397,0.7477466894285992,0.5413036278428587,0.7622955745515956,6.548068285212622,0.0
4822.000000523621,299.8359441090219,-304523.03193610534,59397.61636665161,-245125.41556945373,0.44619063087237487,0.5342421510153601,0.49900901105733436,0.7496908381549945,1.3650928945875105,1.090290832874743,0.5912818218174085,52.242618249832624,0.00727993014276145,0.4082785271992427,0.7684186368886996,0.615402056432516,0.7609307104989567,6.568552521768552,0.0
4823.000000523824,299.5827394123924,-304717.3557852213,59347.45641842616,-245369.89936679517,0.45074103474258465,0.5569143212760563,0.49999807358873133,0.7388862540410948,1.301594864945601,1.0378089740749115,0.5378109004861802,48.473777660060534,0.004987000163541296,0.3451660080317786,0.7135022124029432,0.5627086109045063,0.7695895003445958,6.606870521393219,0.0
4824.000000524028,301.0648450672859,-304392.3128897948,59641.06212125744,-244751.25076853737,0.4499145039121091,0.5480820811027538,0.4975726104245852,0.7087382516078939,1.3178592635655253,1.0431326147978808,0.5455600043732955,50.60268519297226,0.0050708126656659035,0.343347086821858,0.7115683221867823,0.6091210119576314,0.7566230997247496,6.580289734105591,0.0
4825.000000524232,301.6894363844422,-305232.52263878053,59764.7939024908,-245467.72873628972,0.45430100312173183,0.5423481089858964,0.4987712394806329,0.7303802687429766,1.277817967075947,1.004272649503054,0.5055014100224211,53.64362344169224,0.005223768397816809,0.2950017220712476,0.6684988985214205,0.5474376983329705,0.7708302503563473,6.501828538641732,0.0
4826.000000524436,297.99843645029847,-304368.19123649783,59033.60538955556,-245334.58584694227,0.45431207645063143,0.5389362684038801,0.497692119192431,0.7268516107399137,1.284334355008447,0.9988928631622083,0.5012007439697772,48.70087579794457,0.010180462917279188,0.37180068386355264,0.6670013265251529,0.5574827442685333,0.7729044960977607,6.5825105368743735,0.0
4827.000000524639,298.96525387764206,-304649.3308547321,59225.13229543269,-245424.1985592994,0.45524189714706065,0.5403609016774276,0.49981656352030296,0.7215204213700344,1.2779274457874692,1.0061916408167668,0.5063750772964639,51.069896158605985,0.0056424308360474105,0.3921715947797128,0.6729818664423414,0.5564070244174348,0.7548489030431504,6.5539014438945316,0.0
4828.000000524843,300.7982249809586,-305133.71518796124,59588.24457914996,-245545.47060881127,0.45609662199631873,0.5453667763730596,0.5008189701572614,0.7424633571948913,1.3111301736641838,1.0244030405777225,0.5235840704204611,52.114966906450015,0.005213437857895375,0.38496671207585864,0.7580911041392784,0.5686668164692925,0.7727584957465483,6.559917712809593,0.0
4829.000000525047,299.3740011791598,-305279.0462278337,59306.10529377883,-245972.9409340549,0.4642656215963781,0.5519630367063924,0.5017223932811232,0.7428805567965764,1.3455434116274958,1.10250894325113,0.6007865499700067,41.155981230196915,0.011464188364137906,0.3520327713999034,0.597649131036623,0.6026628548309194,0.772063153849377,6.616321192776859,0.0
4830.0000005252505,298.6456104680458,-305189.2094077058,59161.8108125006,-246027.39859520522,0.4578928113309786,0.5354588967436484,0.4980298543753746,0.7403253482490868,1.312620172518491,1.0349023998901536,0.536872545514779,46.90750852660524,0.007434808113723577,0.4399540657772444,0.5954864451676966,0.5722948242694041,0.7437854436222215,6.677891448839006,0.0
4831.000000525454,297.2267446192288,-305176.5812633154,58880.73293968514,-246295.84832363026,0.46084581921272694,0.5402305237192859,0.5010065579265741,0.7375459545890823,1.282348026712799,1.0314982341054952,0.5304916761789211,44.70613069188036,0.012341930542374917,0.4134040920629175,0.6024914784474237,0.5448020721237166,0.769020986393727,6.641625041762417,0.0
4832.000000525658,298.03156413156785,-304488.9174849172,59040.16799601357,-245448.74948890365,0.4543660050562841,0.5406708373509339,0.4981697958197883,0.7201724946218082,1.1602038195519397,0.9511912770631203,0.453021481243332,36.29591607825178,0.005120111825971854,0.38208031364912315,0.633712778775179,0.44003132493013153,0.7732710980631534,6.571433258763847,0.0
4833.000000525862,298.24681168854033,-305115.5318572265,59082.80862020859,-246032.72323701793,0.46390533823855806,0.5320733665922832,0.5013567755197919,0.7482394724683052,1.3610738424718676,1.055697830905133,0.5543410553853412,58.02208830848698,0.005283857099256173,0.30752010155903786,0.8032374289644739,0.6128343700035623,0.7619484898890398,6.504283719775486,0.0
4834.000000526065,299.6110092609294,-304880.742165477,59353.056686343116,-245527.6854791339,0.46109381216518586,0.5431253650840695,0.5014541725880762,0.73833425127129,1.335412509230666,1.0530078228009976,0.5515536502129214,54.01574190945738,0.00896920730826043,0.33934511451815286,0.6440701599629794,0.5970782579593759,0.7792054622803377,6.5597436460722065,0.0
4835.000000526269,299.9473363738848,-304386.61555158347,59419.68321735624,-244966.93233422723,0.463284532300718,0.5347057330610987,0.5002428289911275,0.7531485184734006,1.3185028081093275,1.0381633098353118,0.5379204808441843,47.66631369870187,0.007791502616604654,0.3331804482164554,0.7178191932822882,0.5653542896359269,0.7762835462865905,6.560557359720847,0.0
4836.000000526473,301.0968881947995,-304637.17769070435,59647.409877197424,-244989.76781350694,0.46152498242272255,0.5471501551577944,0.501982035263822,0.7443468513500124,1.3354294432140446,1.0580961038873584,0.5561140686235364,52.49286711326021,0.007885898622801224,0.3095996072634044,0.6507151351056535,0.5910825918640321,0.767984773867795,6.699197331930591,0.0
4837.000000526677,298.778068942472,-305185.1746955118,59188.05088745844,-245997.12380805338,0.458780734815189,0.5444293884039837,0.4992109184918632,0.7418494131803177,1.3619719587442791,1.0561430971487002,0.5569321786568371,57.764653350210935,0.004519418053062961,0.32819507012371535,0.6079419554608451,0.6201225455639614,0.7732138600802103,6.687495999766682,0.0
4838.00000052688,302.60347298323336,-305404.77577122906,59945.864905840324,-245458.91086538875,0.4509774718650936,0.5379294658435017,0.500958259112451,0.7527448847100562,1.3128023613524284,1.042395071364511,0.54143681225206,49.990124865425415,0.004442703671097127,0.33804670656080693,0.5891223013926479,0.5600574766423723,0.7596713707095386,6.665324523722376,0.0
4839.000000527084,298.0506994517551,-305131.3367981063,59043.95871033541,-246087.3780877709,0.4448925395413106,0.5364395393505907,0.5000559089262994,0.734617822443318,1.3571395989215604,1.0427614492587,0.5427055403324007,56.03274578988816,0.0063221822710922615,0.36741324724793845,0.5486337610665492,0.6225217764782425,0.7713425290508829,6.694587646623489,0.0
4840.000000527288,300.1788334387604,-305289.75338864746,59465.542875344705,-245824.21051330277,0.4543081282483139,0.5465117325750697,0.4990322516853615,0.7207597870964673,1.317219453751484,1.0490703695232204,0.5500381178378588,52.24455676249114,0.005036228315611176,0.42479080868845825,0.6038177771674053,0.5964596666550168,0.7730272358221999,6.60805324299913,0.0
4841.0000005274915,298.3777830642581,-304921.0631664111,59108.75410033778,-245812.30906607336,0.4533897525267703,0.5387595417643789,0.49865835040749296,0.7320698006402679,1.3666894368867295,1.0728143341252325,0.5741559837177396,54.523753547419226,0.007551884239647719,0.3396338949869758,0.6807359178987294,0.6346196362464616,0.7658274560806326,6.665764573914018,0.0
4842.000000527695,297.1789637262201,-305295.59215218015,58871.26752632045,-246424.3246258597,0.46299512490335815,0.543142467060072,0.5016678744529923,0.7391858834803049,1.3661228648605501,1.054418935382537,0.5527510609295447,56.54677880176943,0.012113466124375563,0.3630320695574347,0.7155747434843439,0.6269369813802452,0.780329760246536,6.591955573712539,0.0
4843.000000527899,300.2581169006107,-305521.7835525451,59481.24895976762,-246040.5345927775,0.4452625582993823,0.5489023765633441,0.4994820160656699,0.7130289085612657,1.3019630508266147,1.028064446439228,0.528582430373558,52.01988415495717,0.0070720277330031485,0.2827500015775739,0.6596566018267235,0.588934142265349,0.7678734561271856,6.638735503424698,0.0
4844.000000528103,296.73350729980143,-304410.73364733113,58783.022436149215,-245627.71121118192,0.45896048892559715,0.5449705594620022,0.4997409657601202,0.7344912719952124,1.336733512746079,1.052910996119857,0.5531700303597369,50.38202313771608,0.007015109733701079,0.4278936866768845,0.624186920734437,0.6022422407508667,0.7633063458750371,6.530849371369094,0.0
4845.000000528306,300.269552454251,-303757.9599993536,59483.51434736179,-244274.44565199182,0.4644045607526692,0.5446480565954723,0.499728055995409,0.7461115010195218,1.3538335943942208,1.0660589022899896,0.5663308462945806,52.33737128847439,0.0061058091213159705,0.3576533674611339,0.5721840475612079,0.607722093374699,0.7762292575220968,6.661969881498337,0.0
4846.00000052851,301.3354597575485,-304592.57424244564,59694.670995947774,-244897.90324649785,0.4602716977803416,0.5390653449419762,0.5014650045145452,0.7363359038904136,1.2929068022132988,1.0392385204514258,0.5377735159368806,45.070105671323724,0.007184217193814662,0.36905601917548436,0.5475976170291995,0.5565708983228852,0.7650282882548627,6.605987582149517,0.0
4847.000000528714,298.27519867045885,-303628.051158282,59088.43209229368,-244539.61906598829,0.45953927193779087,0.5434877800891647,0.5025727668995765,0.7483602768654436,1.2841514500163527,1.0526994112216335,0.5501266443220569,41.8167176278386,0.006193927488269631,0.35436429978130146,0.5887022619817444,0.5357911731509091,0.757965638965862,6.694494543234953,0.0
4848.000000528918,300.13424041011586,-304385.0342240273,59456.708979142146,-244928.32524488517,0.4475669933379711,0.5470625433780807,0.4984595401042459,0.7093294443206908,1.2954691182388487,1.0444550867844515,0.5459955466802056,44.28602060598442,0.003378394137795314,0.35711691093070536,0.6717940327858749,0.5861396739181579,0.7731517910557599,6.612179225667941,0.0
4849.000000529121,303.80108482993546,-305279.5838559619,60183.11227535752,-245096.47158060438,0.45523068440596015,0.5533223118440826,0.4992758615608589,0.7173863751376883,1.284235500834793,1.0094042407070756,0.5101283791462167,51.32265815273025,0.004517748590058318,0.3467202692158501,0.6452569195037366,0.5668491256971047,0.7617180873075031,6.684158353513812,0.0
4850.000000529325,300.97823732377464,-305385.13161938544,59623.905093807814,-245761.22652557763,0.4614437858335929,0.5403612284493746,0.49913926164426486,0.7329276872199197,1.340701215978048,1.047684662557537,0.548545400913272,56.86466942308677,0.007614919333815299,0.31531847338914437,0.5938193178381277,0.6077735287581283,0.767701644826495,6.644850006963992,0.0
4851.000000529529,300.7008193805551,-305129.6148340474,59568.94849207834,-245560.66634196904,0.45941071276320766,0.5484189380204945,0.5022669169821667,0.7425087575744369,1.317094884290679,1.0737654822106117,0.571498565228445,44.678519721658866,0.006032841912289226,0.2964649000951085,0.7328171275057519,0.574586126716242,0.7613606465925606,6.663671304110252,0.0
4852.0000005297325,298.58589437220513,-305100.2968231165,59149.98103084383,-245950.31579227265,0.46484800275783034,0.542797831807631,0.49910381346310634,0.7294543149795434,1.2919141505739091,1.033897156668552,0.5347933432054457,47.008293198314014,0.006690492943267562,0.32630072095310697,0.7519721117447656,0.5624598355943657,0.7649235130333779,6.740535903785428,0.0
4853.000000529936,300.2093305595152,-304432.4258206934,59471.58436674849,-244960.8414539449,0.46075758671132894,0.5444129247030371,0.5006962704372553,0.7425692089400551,1.2654248792790277,1.0035372472512072,0.5028409768139519,45.899478311378864,0.005240335107827972,0.33989478941056284,0.6595807482177852,0.5228556703389726,0.7676178588646909,6.585828008052459,0.0
4854.00000053014,302.5488410720951,-304445.4938722844,59935.042303137336,-244510.4515691471,0.450795816983697,0.5510781244919993,0.5020750340432227,0.7417873292041612,1.2734315833397574,1.0096512108502123,0.5075761768069895,46.54856878488252,0.006874601236750441,0.31613913094555923,0.7334560093979194,0.5316442541355961,0.765101529212842,6.732973357611016,0.0
4855.000000530344,300.8092887614156,-304359.9080844582,59590.43631833288,-244769.47176612532,0.4592147924101315,0.5445679487860944,0.49906265964501256,0.7457013226051039,1.2819711602928514,1.0176629553414833,0.5186002956964708,47.98335849498387,0.01072963153731786,0.4006235410625864,0.5877584768504605,0.5362698376877475,0.7705348039298219,6.7283331430027715,0.0
4856.000000530547,301.5834271444896,-304239.7260004799,59743.79343110055,-244495.93256937934,0.44790921372618,0.5509727819841039,0.5008945334316822,0.7351674943275679,1.2797183397397376,0.9960746344843225,0.4951801010526403,47.09493721730341,0.01161868094946422,0.3206267299153639,0.6071305412554948,0.5445508454121697,0.7681671456779373,6.715145297911079,0.0
4857.000000530751,302.186964974469,-303823.11413539015,59863.35450839035,-243959.7596269998,0.45343626741226917,0.5368122251774583,0.49855314318091604,0.7395366112287967,1.3255322754808105,1.0275213145029345,0.5289681713220185,52.01249422246971,0.009127053401198909,0.36952194630242485,0.5503195459942112,0.5859956642520139,0.7750322789939716,6.646620237308184,0.0
4858.000000530955,302.2406041505713,-304283.14061469724,59873.98044989918,-244409.16016479806,0.4522124382456809,0.54193005897252,0.49966315269119604,0.7318675047832155,1.300059481772081,1.0278640701548747,0.5282009174636786,45.998651401496716,0.0056834334711327525,0.37393089399460816,0.6530990587062033,0.5681919769888655,0.7483871981080394,6.7146315132191745,0.0
4859.000000531159,299.45206430119094,-304522.0642964877,59321.56962841212,-245200.49466807558,0.45690489926262234,0.5409749627457767,0.49951708068908285,0.7109931263666347,1.2398728028740535,0.9932825359057476,0.4937654552166647,43.21674323197588,0.008254133618388476,0.3612430003890684,0.5784214568050737,0.5288796765074188,0.7703965721069252,6.584962569979879,0.0
4860.000000531362,300.5285732296263,-305487.6047704625,59534.82646303375,-245952.77830742876,0.4554384790499846,0.5482954917485445,0.5019412383674089,0.7388187111357296,1.223881772523221,0.9918231415434141,0.4898819031760052,44.93666017030781,0.005508010314321784,0.3349588423562233,0.5288730456753958,0.48506306138749133,0.7635245380806861,6.5348417118634075,0.0
4861.000000531566,294.9979011759889,-305381.9737661425,58439.198192487675,-246942.77557365483,0.4589490919059387,0.5396249846184658,0.4997802104923061,0.7170942010835866,1.2477521365851771,0.9828773902938829,0.4830971798015768,44.06268306741388,0.015687429548634235,0.31991063105338174,0.6893192880728304,0.5306579355015906,0.7761460513186076,6.556546492946339,0.0
4862.00000053177,300.02784419319374,-305513.5267718113,59435.63184746474,-246077.89492434656,0.45392871035186677,0.5431669184645571,0.5024504033055615,0.75028662820222,1.3537251494174285,1.0549249637370957,0.5524745604315342,54.13077986209461,0.004972568590534133,0.3587049598696992,0.6009719767747096,0.6034385212152085,0.7715391835030108,6.577884789633856,0.0
4863.0000005319735,297.5625010972895,-304972.00282237865,58947.24642770516,-246024.7563946735,0.4445190144626885,0.5445528353558569,0.49733702308573885,0.7461428044776244,1.4259449013019072,1.0876110835771966,0.5902740604914578,73.94519464897837,0.009481114289300421,0.3659510936087,0.5494406059981398,0.6798020968242828,0.757840988459912,6.552719432698254,0.0
4864.000000532177,301.8994351411735,-305456.83052913146,59806.39473733021,-245650.43579180125,0.45513442028022744,0.5369510849969554,0.4995500553214939,0.7379447707940976,1.3506030686801331,1.0675541266225301,0.5680040713010363,51.82548730131127,0.006646266086641085,0.34682391473921725,0.6190328813793013,0.6126582978860355,0.7651608873400928,6.631455564091439,0.0
4865.000000532381,298.2986279119614,-304105.3597978726,59093.07343408699,-245012.28636378562,0.46621830125247055,0.539377928022308,0.49877530274933535,0.7335233837552053,1.3336255527107126,1.0510889843554685,0.5523136816061331,50.28423140376193,0.004528531673532501,0.33515841155125536,0.7342074184807956,0.6001021689555073,0.7702263423044506,6.666071515519313,0.0
4866.000000532585,301.18459176919475,-303886.0764373462,59664.783989168536,-244221.29244817764,0.4614841362793052,0.5339865799146004,0.4998935843644169,0.7466853685542247,1.3073789329282093,1.0343857292402743,0.5344921448758574,51.910923648067936,0.0040855209987605366,0.4383373548484025,0.713358545581135,0.5606935643739845,0.7796436191537133,6.600436762503257,0.0
4867.000000532788,302.049166794102,-304067.2210760475,59836.056635622685,-244231.16444042482,0.46318834483454197,0.5429707822701344,0.5029077163332855,0.7411945918911584,1.3215694351329184,1.0318726632350825,0.5289649469017971,54.0056842987766,0.006462118165078666,0.33917956873490873,0.6730194001037499,0.5803748432417599,0.7796868223225362,6.578139566310725,0.0
4868.000000532992,299.4899709835967,-304380.6533563114,59329.07895684158,-245051.5743994698,0.4574668666034194,0.5427967090090249,0.5007754665919433,0.7483049144236924,1.3643670008885556,1.0699654237682372,0.569189957176294,57.354101156762695,0.007071522185022498,0.45900140710622495,0.7439963648128097,0.6160620864648632,0.7406011382387554,6.658957576468467,0.0
4869.000000533196,299.492507740841,-304163.96385242837,59329.581489431715,-244834.38236299664,0.46419990354196905,0.5389772671517371,0.5034932975121628,0.7343079390955749,1.3238280776905729,1.0626278416852866,0.5591345441731238,47.74760793530063,0.005462720527174994,0.35536368011908515,0.626165237658434,0.589520138594998,0.7707703412214642,6.593910569218309,0.0
4870.0000005333995,305.2294913495665,-304348.54858790245,60466.080158747165,-243882.4684291553,0.4601725023332851,0.539304335894764,0.4979202027461385,0.7107423223190636,1.3494013575032437,1.0769966569973426,0.5790764542512041,52.51348549492056,0.008468161051552084,0.41746924827012516,0.6519859415419668,0.6386590351841801,0.7648187120963392,6.626118627146518,0.0
4871.000000533603,296.01144361968187,-304534.87778113177,58639.98134215537,-245894.8964389764,0.45203856534766373,0.5495598086197298,0.5026745109082558,0.7587414062511986,1.3272345044517508,1.0425075786025944,0.5398330676943386,50.90117439184509,0.007199042411027159,0.3120078553570451,0.6713502054238765,0.5684930982005523,0.7776452961490188,6.6274706365652065,0.0
4872.000000533807,298.7336070933123,-304288.7302054758,59179.242977962516,-245109.4872275133,0.4557825222245091,0.5399179835264079,0.49808120673746364,0.7265412463494094,1.3235522204858334,1.0238633063688232,0.5257820996313596,53.05032380489459,0.007032877903605314,0.36588172454749207,0.6602063600199046,0.597010974136424,0.7730574159156527,6.685057295390948,0.0
4873.000000534011,297.76962362535266,-304603.93075207854,58988.27748053423,-245615.65327154432,0.45293948852649457,0.547710868697175,0.5015466335001123,0.745282831304265,1.2988303800668302,1.0198782885924995,0.5183316550923872,50.51915319376127,0.006735231538826908,0.4584884959642891,0.6295042788044865,0.5535475487625652,0.7727855862560133,6.6092792230965784,0.0
4874.000000534214,302.7866287587297,-304402.92409344716,59982.14813572657,-244420.7759577206,0.45389582778764304,0.5359144566907812,0.499004365754514,0.7646834643483373,1.363010889376949,1.056221290220928,0.557216924466414,55.90155614458396,0.006206508717325665,0.46810952736037414,0.5633945740235263,0.5983274250286117,0.7465475095444827,6.518199847967651,0.0
4875.000000534418,300.93713136308645,-304509.3941309545,59615.7619871146,-244893.6321438399,0.457060804797063,0.554142884867483,0.4984692740648482,0.7243361653361227,1.24909135950195,1.0099626541669042,0.511493380102056,42.19882459234827,0.006239818758062979,0.3585227341124835,0.5107130414635345,0.5247551941658273,0.7783104212461398,6.57141039358234,0.0
4876.000000534622,300.0179436180738,-304557.8591580386,59433.670539708495,-245124.18861833014,0.4610827312262278,0.5450104698654279,0.5033267512244823,0.7275700675100278,1.3571596592265607,1.0549498208955281,0.5516230696710458,58.19173741421744,0.008778290954353177,0.3841141075946968,0.5569105283546616,0.6295895917165328,0.7597799546726414,6.532848248427989,0.0
4877.000000534826,299.7761250156096,-304701.29361988977,59385.7661811361,-245315.52743875366,0.45946888677235,0.5392848728349708,0.4991981747434793,0.75061617408962,1.3249672283023628,1.0394857288256532,0.5402875540821739,51.003277295052634,0.004960322960909776,0.33386100592841905,0.6201752255908299,0.5743510542127428,0.7544999701771742,6.526747969343745,0.0
4878.000000535029,303.85880623703326,-304970.6615645853,60194.54690840368,-244776.1146561816,0.4635158762837872,0.5450854347894065,0.5006829685732129,0.7376334960185531,1.312611178880239,1.0390624241584172,0.5383794555852043,49.1617024184511,0.005067335722005725,0.3748982237343458,0.6927571642726214,0.5749776828616859,0.7734212393226008,6.500047943260881,0.0
4879.000000535233,299.581394745416,-304546.4420499932,59347.190039378635,-245199.25201061455,0.452609201163356,0.5410066418179991,0.4986787714392221,0.7447826669155191,1.3442125281776747,1.0499973767038815,0.5513186052646594,56.2219066467946,0.004720688009653707,0.40552622241408864,0.5643579969748687,0.5994298612621556,0.7557293033550678,6.594836749084326,0.0
4880.000000535437,302.73071032666473,-304277.62246140465,59971.07067273097,-244306.55178867368,0.45663868922170403,0.5410893888702208,0.4994223545066352,0.7072210421662826,1.2832365194905595,1.0154158214281166,0.5159934669214814,49.89159577325645,0.003595343978055848,0.3018223990915625,0.5685138555602168,0.5760154773242769,0.7579099708657697,6.626736632206383,0.0
4881.0000005356405,299.6205540752652,-304227.6012786636,59354.94751775059,-244872.65376091303,0.4540551473643779,0.5390821178606338,0.5000321429934382,0.7467406881935768,1.3129060434984794,1.052222487600015,0.5521903446065768,47.681627462605555,0.006848186837507538,0.32839639382051744,0.6343258563304558,0.5661653553049026,0.7567727421442108,6.6427900433684215,0.0
4882.000000535844,301.4403346673484,-303607.59830523375,59715.44675609652,-243892.15154913723,0.45046263645250595,0.5339915409504421,0.49642323143855493,0.7085962648428854,1.2953585791368063,1.0647736087962927,0.5683503773577377,41.39993136413227,0.013197093289518085,0.36496544104799755,0.6264787624921517,0.5867623142939209,0.7595228663936862,6.713919238491734,0.0
4883.000000536048,300.4354041007045,-304268.2224124139,59516.36962259936,-244751.85278981455,0.45533434098239534,0.5386000986665636,0.49822488549003263,0.7367967392271477,1.2975923614785785,1.066242436493193,0.5680175510031604,42.39142408320203,0.0045458720120207,0.30362807427648275,0.6182093878416887,0.5607956222514308,0.7536859790134063,6.654330111866614,0.0
4884.000000536252,302.5241626804294,-304389.2718167789,59930.15350421411,-244459.11831256482,0.4635352048028034,0.5502980103188868,0.5023681360904487,0.7356491862052028,1.2594392904182357,1.0256625511025135,0.5232944150120648,41.456851817670014,0.00819629152294457,0.29708733481667793,0.6365637417483511,0.5237901042130328,0.7768557780719467,6.56700261687169,0.0
4885.000000536455,301.8931695677813,-304656.99192674924,59805.15352482056,-244851.83840192866,0.45950484763803257,0.5415774706043717,0.4994772685827602,0.7225296829569796,1.3651643913196283,1.0529969011027298,0.5535196325199696,61.98676141158228,0.004459421101901928,0.3888146139805997,0.5729784164600457,0.6426347083626487,0.7735382680809195,6.633589365546278,0.0
4886.000000536659,300.16024762318983,-305537.2669008863,59461.86101809973,-246075.40588278658,0.4590582521608477,0.5447602943700547,0.4988492032465402,0.7339222827986358,1.3720809020403948,1.059725006405057,0.5608758031585168,62.841298757675,0.009918485476886051,0.39057156591728875,0.529524531732061,0.638158619241759,0.766850892378482,6.60579726532778,0.0
4887.000000536863,301.83144296976445,-305470.0357524669,59792.925461905965,-245677.11029056093,0.4604666210707302,0.5431774172989874,0.501616913641327,0.765387760757454,1.2484305217833445,1.0180397140247583,0.5164228003834314,42.39767741850003,0.005272253877880089,0.31279939387217703,0.5357162447764766,0.4830427610258905,0.7663282279688621,6.5762156633266216,0.0
4888.000000537067,300.700431278744,-305161.7596638417,59568.87160895963,-245592.88805488206,0.4578556845717259,0.5435694161063811,0.5008625005327726,0.7422097287550242,1.3458341975681272,1.1017762061120613,0.6009137055792887,47.091765318106326,0.008763040874210969,0.32084656972087944,0.468158284891776,0.6036244688131029,0.7724402198740599,6.597662952324175,0.0
4889.00000053727,300.324538049559,-305052.8807350625,59494.407015035446,-245558.47372002708,0.4550029947036862,0.5382571594669958,0.4980722603044933,0.7370185996059853,1.3702307448957214,1.0880505247885486,0.5899782644840552,51.26383031449947,0.007955536706803983,0.3599555126835517,0.4913068783537665,0.6332121452897361,0.7750306670272371,6.634968860759983,0.0
4890.000000537474,295.98073056034633,-304863.09565775096,58633.897073235305,-246229.19858451566,0.4570074505645447,0.5445248040803143,0.5007043187819007,0.7316893903285342,1.3054374784561453,1.0280012082811056,0.527296889499205,52.86098732928716,0.005424255116019821,0.3685483335399291,0.4766504050679128,0.5737480881276111,0.7748685815504519,6.631847019404127,0.0
4891.000000537678,298.00430273014996,-305322.1610027957,59034.76750186052,-246287.39350093517,0.4637634836083562,0.5398169216391091,0.5014278427518948,0.7286878875105569,1.2191727595124355,0.9992017227669079,0.4977738800150131,41.17732619551685,0.00771406052095492,0.3545789317457009,0.49236247990581455,0.4904848720018786,0.7748633833077552,6.690482906987754,0.0
4892.0000005378815,299.22788159628027,-304590.6058609262,59277.15894795854,-245313.44691296766,0.45013426672363277,0.542152190229352,0.4991087409987858,0.7475450961495618,1.229254569804592,0.9952494790698496,0.4961407380710638,40.18999191429244,0.013994920592817112,0.3886113580262582,0.5168514566914829,0.48170947365503025,0.7638968239490448,6.555496814262455,0.0
4893.000000538085,304.0813069184163,-303673.57226532185,60238.62437934661,-243434.94788597524,0.4616740012869407,0.5402949563835033,0.5000595601661832,0.7375147629087984,1.2866031835422174,1.0204466281563125,0.5203870679901292,48.02784500477007,0.005195157661526874,0.31076545529386546,0.5985209823766856,0.549088420633419,0.7673893578336993,6.534589920168287,0.0
4894.000000538289,306.6322605340849,-304200.7162516066,60743.96927614628,-243456.74697546032,0.4630159619460903,0.5413468717653362,0.5006324002527964,0.746230670172598,1.233054803900199,0.985703466961465,0.4850710667086686,40.03400286667191,0.009303280053077366,0.32219028778065995,0.5327387595595431,0.4868241337276009,0.7660913340395581,6.55632661295526,0.0
4895.000000538493,301.4407437651009,-303933.70363566047,59715.52779851934,-244218.1758371411,0.4548738057365158,0.5380942509529927,0.4995594767434434,0.7151648022907509,1.2417618492741305,0.9793942810598079,0.47983480431636444,39.40446089589366,0.008932036198113525,0.3330529184412708,0.48915090563279673,0.5265970469833796,0.7747223806553993,6.526147073517265,0.0
4896.000000538696,298.2499841801045,-304222.1198068876,59083.43709201312,-245138.68271487445,0.45855970293119785,0.5360966476929505,0.49561814219502337,0.7174165419021143,1.2687170969336101,1.033995399514224,0.5383772573192005,42.335387933605304,0.009212459690768273,0.3710978506453955,0.4807674896030195,0.5513005550314958,0.7554983855616086,6.547898277211075,0.0
4897.0000005389,301.76348695730024,-305162.3131853258,59779.46334958267,-245382.84983574314,0.45569811261208226,0.5385775571773673,0.49905414976549145,0.7349284245183392,1.3473105425232417,1.0910052986716077,0.5919511489061162,45.22265822091361,0.005021176159801299,0.3256587693966131,0.44323272990340734,0.6123821180049025,0.7709921133345787,6.591819294205311,0.0
4898.000000539104,303.83024856634194,-305351.3747845958,60188.88962280676,-245162.48516178905,0.45729681655884846,0.5385429186913413,0.4978725998157093,0.7231104677978895,1.2891841609053323,1.0067529417069652,0.5088803418912559,45.63572981585078,0.008114596773208834,0.33087246171104157,0.45577752756689077,0.5660736931074428,0.7780509664394439,6.55639585849768,0.0
4899.000000539308,298.65411764383043,-304830.0608141124,59163.496087310195,-245666.56472680223,0.45406093728808417,0.5391307156105469,0.5015240006720076,0.7374877909626805,1.2439799310198336,0.9985165727600959,0.4969925720880882,44.65136144740809,0.008694208037266298,0.3692280828932515,0.47888745034490965,0.5064921400571532,0.7356290141042834,6.629023465499955,0.0
4900.000000539511,300.044266795223,-304685.10320332553,59438.88517127145,-245246.21803205408,0.4571418077436915,0.5458839317211268,0.49844412979775315,0.7416677845270119,1.3378954697326861,1.0492517211391954,0.5508075913414423,50.70439176714409,0.005780600228216617,0.3410442748390023,0.4081938161414385,0.5962276852056743,0.7731796260645929,6.694374510365762,0.0
4901.000000539715,300.7232650733004,-304753.9385143849,59573.39499248286,-245180.54352190206,0.45817333472825283,0.5493057962666024,0.4997342356317124,0.7162848064107599,1.2810307586847962,1.0276113191378529,0.5278770835061405,44.29913124358689,0.008071396661913054,0.32296491089098034,0.43135532616908523,0.5647459522740363,0.7723116268312417,6.7293628928359865,0.0
4902.000000539919,300.2901046011181,-305549.7191659687,59487.58573559628,-246062.13343037243,0.4541486819157843,0.5435028710767296,0.49927893389551864,0.713657278913228,1.3318698654332906,1.054140430955133,0.5548614970596144,54.8910194566765,0.0031599508499631766,0.3566172921866188,0.35149510971070697,0.6182125865200625,0.7651036021402362,6.690962065658326,0.0
4903.0000005401225,303.3162889724019,-305398.192239047,60087.07402868402,-245311.118210363,0.4593669934575715,0.5355210892940997,0.4985616965655694,0.7378817043705563,1.3652200461514354,1.0542644220735493,0.5557027255079798,59.917764092707166,0.004486934097774393,0.38101412100441295,0.39958697742335136,0.6273383417808791,0.777384127595468,6.810622572827313,0.0
4904.000000540326,299.5502459938898,-304814.3825491979,59341.01945966729,-245473.36308953058,0.4624918337018107,0.5441705102806189,0.49837356678267114,0.7421096150337672,1.3555237986713173,1.114179526933757,0.6158059601510859,46.65881534688061,0.005589490576145173,0.3141022893150443,0.40344993873744694,0.6134141836375502,0.7636281461047787,6.718402899815757,0.0
4905.00000054053,299.9535195939614,-305639.5159703279,59420.90811564224,-246218.60785468566,0.4643623105725547,0.543371535278677,0.500339458534478,0.7241904925571294,1.3289984569938103,1.046384479873896,0.5460450213394179,51.459728680200925,0.0052715069800148145,0.28026706717697203,0.4091185443191894,0.6048079644366808,0.7690679687031547,6.686501766708147,0.0
4906.000000540734,300.48913677528054,-305687.2074871827,59527.014086191964,-246160.19340099074,0.4632011650432115,0.5431858243504566,0.4993413332229427,0.725387039653004,1.3238252402889632,1.058504696373679,0.5591633631507363,47.87713475368105,0.004938273444294574,0.29141269129960634,0.3768170694924925,0.5984382006359592,0.7614383105937281,6.714600111169579,0.0
4907.000000540937,298.7428235799557,-305466.9593947306,59181.06876752727,-246285.89062720336,0.4629265901159534,0.5442954500728447,0.49938645144027577,0.7253935086916066,1.3729128876585177,1.0700515435045181,0.5706650920642424,55.95855727176687,0.009738733263818062,0.30993976833486764,0.3526009128795781,0.6475193789669111,0.7571907466125225,6.72349027795503,0.0
4908.000000541141,301.7916480581493,-305421.9357295204,59785.04207454064,-245636.89365497977,0.45323511395823113,0.5367520704470365,0.49842697089418225,0.7297747959424381,1.418040995906214,1.0887068336157024,0.5902798627215202,63.877299880348865,0.0060361704516809075,0.30618731036763774,0.5129966951733416,0.6882661999637758,0.7749373385819935,6.643341474161879,0.0
4909.000000541345,298.93502183139907,-304818.1563416058,59219.143315392095,-245599.01302621374,0.4494834130216159,0.5364770911335803,0.5002326194132609,0.7211459591490588,1.3671712195946704,1.0673399969764032,0.5671073775631423,58.60899567310682,0.005392974459096367,0.2800677043116153,0.4533912781516682,0.6460252604456116,0.7729426280857705,6.538649487620212,0.0
4910.000000541549,298.9465917648351,-304115.0033491277,59221.4353236757,-244893.56802545203,0.4603716793075021,0.539532820156488,0.5018643463061525,0.7335538558010573,1.3773042223672753,1.1041799731196549,0.6023156268135024,50.31500495193676,0.005526706384489071,0.3066588190505972,0.5714330351761224,0.6437503665662181,0.7655481088099056,6.80776618909934,0.0
4911.000000541752,300.8600613527552,-304735.1004142314,59600.494388292755,-245134.60602593867,0.46169386616463015,0.5359919530004795,0.5002793794659394,0.6973503354023869,1.4002779651581476,1.0952572284584055,0.5949778489924661,63.9103423813112,0.004617021588641333,0.33331652644733645,0.546189271918332,0.7029276297557607,0.7666588389677558,6.688722035824483,0.0
4912.000000541956,299.5424607930797,-304812.03019171394,59339.47720837908,-245472.55298333487,0.45872239011776594,0.5361302038469233,0.5008307959545378,0.7476480718855711,1.3849029596233642,1.0647638748922237,0.5639330789376858,62.468136879420406,0.004216321204254367,0.3544287042396187,0.5344073896331001,0.637254887737793,0.7593592745776654,6.6155096342082516,0.0
4913.00000054216,302.7731499029895,-304732.75175034534,59979.47796919702,-244753.2737811483,0.4460531390416964,0.5525203623873871,0.4985226916244737,0.715699886492855,1.3703671948859153,1.0516901085392125,0.5531674169147388,63.75706380557118,0.009106282177317586,0.33516941446583715,0.6130951989852572,0.6546673083930603,0.7721823186691665,6.627697749292722,0.0
4914.0000005423635,299.88796844706303,-304279.45281831315,59407.92240811663,-244871.53041019652,0.4560756481193984,0.5405133979451118,0.5004385287013761,0.7421942950195213,1.369464492569719,1.0472426887246997,0.5468041600233237,61.94986928093227,0.0070832188466823445,0.34530517601771826,0.5807663953290718,0.6272701975501978,0.772360133486802,6.544177519306272,0.0
4915.000000542567,300.61624778006166,-304817.52171415696,59552.19482534719,-245265.32688880977,0.4656076384571719,0.5383095878304678,0.49851733430220174,0.7309267637463499,1.3398366309680938,1.0343199974117376,0.5358026631095358,59.07533371943344,0.007823780375309158,0.3391095616844522,0.5636769316328152,0.6089098672217439,0.7629759048701974,6.569039215716202,0.0
4916.000000542771,300.7576961630839,-304645.88981977524,59580.21580467108,-245065.67401510416,0.4559878203051886,0.5377684799551399,0.4970882055186823,0.7221308947779832,1.239239233347325,1.0006564862899576,0.5035682807712754,42.8335689402866,0.008049677933026047,0.3278012564237866,0.47930378196159146,0.5171083385693418,0.7558036841068017,6.675652348863736,0.0
4917.000000542975,298.00839350713943,-304073.30986790685,59035.57788636257,-245037.7319815443,0.4527523114688643,0.5402358877450792,0.5017053465305246,0.7254638685973592,1.2888213279672733,1.028275937930149,0.5265705913996244,46.465555943279405,0.00466810598835315,0.3059290288123808,0.4878210886834468,0.5633574593699141,0.7705207015381754,6.640519903387911,0.0
4918.000000543178,298.82073438586076,-303897.60770011926,59196.50292827713,-244701.10477184213,0.4573263548947297,0.5336455772998576,0.49961438473329234,0.7516970881677629,1.3311468466846428,1.0598463225694157,0.5602319378361234,46.09135600944428,0.004736889474530286,0.3450380914217044,0.517901997795555,0.5794497585168799,0.761400578137309,6.61395687030241,0.0
4919.000000543382,302.37622098585706,-304398.92049727635,59900.84619736351,-244498.07429991284,0.4570025712046064,0.5431052612232996,0.4989623118573232,0.7448183869610303,1.2929569827831067,1.0400949819129615,0.5411326700556383,44.68688911704564,0.008460662433173215,0.3275098687739564,0.5690707261690657,0.5481385958220764,0.756363118856477,6.6056608430858645,0.0
4920.000000543586,299.71861821416206,-304222.2226064666,59374.37406155217,-244847.84854491445,0.4540606512728891,0.5360671540988093,0.4994174861374613,0.7441220749320108,1.2605466314510778,1.006803159999726,0.5073856738622647,48.460719398331534,0.009608110832188925,0.304329789982165,0.5831130640031285,0.516424556519067,0.7635318227634613,6.673822711774292,0.0
4921.00000054379,300.68445623411765,-304041.72026528604,59565.706946447346,-244476.0133188387,0.45720376797726825,0.5445500449195091,0.49969074239551203,0.735041007311013,1.2426414172832096,0.9848304492401474,0.48513970684463537,44.666419769351954,0.010605947698623802,0.32557065426537635,0.5125572346211894,0.5076004099721967,0.7672509360628528,6.567023292950731,0.0
4922.000000543993,299.5120767754697,-304595.13830770226,59333.45812275197,-245261.6801849503,0.4596338695483668,0.533056920255949,0.5003512077069973,0.7360747555819209,1.3002537156528042,1.0369887016179726,0.5366374939109754,50.495929253658566,0.013827213638734426,0.3256616443140553,0.5029939499256731,0.5641789600708833,0.7629326170785529,6.528412167961378,0.0
4923.000000544197,299.9405071700458,-304413.4834291125,59418.33034943734,-244995.15307967513,0.46073782658783036,0.5414689448984706,0.49942745985518533,0.713517455298323,1.2654724269741608,0.9865696634571688,0.48714220360198346,50.03083674197396,0.006059953273004162,0.33429286808472225,0.49711096224712825,0.5519549716758378,0.7552809007600461,6.568789967106852,0.0
4924.000000544401,300.0146637430478,-304797.5673429915,59433.02079519869,-245364.5465477928,0.46045911230262015,0.5418195891650974,0.5008891221687635,0.7531591101545088,1.2872627274629842,1.0271519253347365,0.5262628031659731,43.533225097422985,0.006611562486707733,0.33175711053103063,0.5035106221435117,0.5341036173084754,0.7667863599392035,6.6149458292312,0.0
4925.0000005446045,300.94324238799004,-305237.19822671125,59616.97258350894,-245620.2256432023,0.4557475726856821,0.5360477425738965,0.5000728368881968,0.7452980183216784,1.2789047487416774,1.0082831302931656,0.5082102934049688,47.65017801032128,0.00852562477963646,0.33416620970404454,0.44387550578320684,0.533606730419999,0.7732304467154627,6.577168713264342,0.0
4926.000000544808,299.82723081974586,-305099.07318328414,59395.89026067973,-245703.1829226044,0.44771867254746356,0.5478412286695651,0.5005213082259817,0.7650771569565453,1.219350688366542,1.0010333783866912,0.5005120701607094,37.79399416645501,0.010717599904890114,0.34467433164123296,0.5010557597497003,0.4542735314099966,0.7727149080510185,6.569877255675827,0.0
4927.000000545012,298.084338392463,-304569.7826118972,59050.62259748572,-245519.1600144115,0.4572494383273371,0.5378487633682436,0.49822219431941683,0.757867404635503,1.210454515903983,0.9802095788616791,0.4819873845422623,39.22409532722357,0.00810254592466012,0.32700411103884,0.48204691785085174,0.45258711126848006,0.7821218573079811,6.591649116964923,0.0
4928.000000545216,300.2067341447322,-305558.94892534614,59471.070015976875,-246087.87890936926,0.4511554732636558,0.542026302982821,0.5004475097254246,0.7472667623921883,1.1735809289143475,0.9664127728508878,0.46596526312546316,33.77813769659909,0.00881095278031469,0.33981294444842836,0.4769352982247359,0.42631416652215925,0.7817240519184097,6.610291896550336,0.0
4929.000000545419,296.5263763420622,-305470.9872411657,58741.98971339807,-246728.99752776764,0.46293162870433946,0.5434361836030641,0.4993438588883314,0.727966202423036,1.32398955000712,1.0288957968993584,0.529551938011027,54.021038653733925,0.003958590034474611,0.31556151407348604,0.40775508250323517,0.5960233475840839,0.7658496624499147,6.716455230583165,0.0
4930.000000545623,298.25043119628015,-305363.4320546752,59083.52564609022,-246279.90640858497,0.4614345188053983,0.5364689850956716,0.5000304637150661,0.7163597338824731,1.2626052597665627,0.9905099466230232,0.49047948290795707,50.685000675856585,0.006575535344511243,0.37142230846737423,0.4390852466808797,0.5462455258840896,0.7724330609294281,6.70485314227615,0.0
4931.000000545827,301.7191275161934,-304926.3252289323,59770.67572716158,-245155.64950177073,0.4615950423627675,0.5465959445312194,0.500064559332998,0.7475758598572675,1.296147439057318,1.0114105549521564,0.5113459956191584,46.83089637854707,0.00880683373344115,0.31941259578591263,0.43154199050770914,0.5485715792000505,0.7813484738104024,6.671288984321208,0.0
4932.000000546031,303.7225656409513,-304354.12339706067,60167.55759368464,-244186.56580337603,0.46203838364857397,0.5398114621016035,0.5016546314370199,0.7537685208666751,1.3361474415982553,1.060982818798768,0.559328187361748,47.82672269154117,0.011318916291072125,0.33388226278667166,0.4863597824157243,0.5823789207315802,0.7678865902706731,6.66194446023956,0.0
4933.000000546234,296.07146131920285,-304780.6103496924,58651.87087161772,-246128.73947807468,0.4624424782955536,0.5403334722152557,0.49857639804742565,0.7346754829457822,1.3215401628910044,1.032348671217521,0.5337722731700953,53.84393699501915,0.006877482511585225,0.3231690127138091,0.39287719438177277,0.5868646799452222,0.7707736066194766,6.553835335078716,0.0
4934.000000546438,301.27174441261764,-305582.45089134714,59682.048961501176,-245900.40192984598,0.4670075324101459,0.5404993262126485,0.5007774505367394,0.7450092018254111,1.3216646787787525,1.0330774962458975,0.5323000457091581,51.494016982244204,0.005552332659699905,0.3473887522302398,0.32094987203791486,0.5766554769533414,0.7769588743061373,6.62561144533143,0.0
4935.000000546642,301.9186004129722,-305280.30050032167,59810.19138507784,-245470.10911524383,0.462925312829489,0.5434329105473878,0.5015179447841419,0.7254370167684812,1.2954246575378114,1.0098011593072245,0.5082832145230826,55.39336255989555,0.005488402322477768,0.31297960993219254,0.3302487080342732,0.5699876407693303,0.7695727917099526,6.658468346963147,0.0
4936.0000005468455,300.02659977713074,-304056.5115838689,59435.385328161894,-244621.126255707,0.44545755884125526,0.5329304828974415,0.4983012222206824,0.7292617565344595,1.29684330655191,1.0181270042687858,0.5198257820481034,50.947844072375844,0.00762852846899869,0.3361476320866288,0.3795312232829267,0.5675815500174506,0.7639515423972238,6.5115358251232465,0.0
4937.000000547049,297.96726798411356,-305002.8167282217,59027.4309043627,-245975.38582385902,0.46068050513993786,0.5589421185573489,0.5007726156491494,0.7292204718956317,1.280995846295525,0.9963461780811829,0.49557356243203343,50.79634453225791,0.004549173537023556,0.3556712097265722,0.3918313855151634,0.5517753743998934,0.7709527906232232,6.595508209251641,0.0
4938.000000547253,298.92117173501606,-304386.3566478868,59216.39960594778,-245169.95704193902,0.45209140989629937,0.5445646946745626,0.5006194694904494,0.7305027518942868,1.2639878806458587,1.0096572877688534,0.509037818278404,47.3164305990384,0.006101109269016525,0.3068109092010999,0.3575592418981271,0.5334851287515718,0.7530032394377566,6.66965101115024,0.0
4939.000000547457,298.8425536899217,-304439.5420957166,59200.825340841286,-245238.7167548753,0.45843713201784286,0.5500878073556139,0.4998963332782945,0.7335480455534262,1.2917730607189526,1.0092962002889732,0.5093998670106786,50.31459648046057,0.007867908892632877,0.3229300642874938,0.36150505513991976,0.5582250151655264,0.7599886319999172,6.835910782499241,0.0
4940.00000054766,300.72979703541245,-304377.88843211485,59574.68897670081,-244803.19945541403,0.45776250522351924,0.5507593888420024,0.49856989135733837,0.7344856017768215,1.2614843529934703,0.9864789863482382,0.4879090949908998,46.34162016815289,0.008659629353433633,0.3285643893671462,0.4152181938920176,0.5269987512166487,0.7566183491194565,6.666751181052646,0.0
4941.000000547864,303.05871771408596,-304435.42799242074,60036.049062901526,-244399.3789295192,0.46395310719317406,0.5440931056343441,0.5007282744295356,0.7683761372868236,1.2628157550151045,1.016605317874772,0.5158770434452364,45.517407981200606,0.004870068451711505,0.3215530727209206,0.35876647658550087,0.4944396177282808,0.7583964501687142,6.72424614159258,0.0
4942.000000548068,298.12082248755934,-305205.54286234453,59057.85011081958,-246147.69275152497,0.4467579407218115,0.5445728895573478,0.49842005083026514,0.7214499272840751,1.2379177766568583,1.0098273440975263,0.5114072932672611,38.66374048471677,0.006390662283898268,0.3248785564836241,0.38493189239978864,0.5164678493727832,0.7677263226965021,6.639416061869198,0.0
4943.000000548272,297.68653389227154,-304671.93417256884,58971.81737230995,-245700.1168002589,0.44351618152938777,0.5368513575088549,0.4990929410556958,0.7447131818764472,1.2454092354076192,0.9978240067443049,0.49873106568860914,41.31204078638301,0.007277165565127689,0.320275163377853,0.42126175429427026,0.500696053531172,0.7779967960377618,6.652218208301022,0.0
4944.000000548475,300.6133370990596,-305473.23198434897,59551.61821831617,-245921.6137660328,0.4623467538898982,0.5382148153836255,0.5022335115126115,0.750666891117568,1.263342619100876,1.0060203907774439,0.5037868792648323,42.164555670399075,0.006732733605184841,0.37265189045241587,0.3843676164860051,0.5126757279833081,0.7730042367224543,6.787989174835314,0.0
4945.000000548679,297.2967499621379,-305377.5745191304,58894.601025161304,-246482.9734939691,0.4680565447765046,0.5428524118168427,0.5002218038819068,0.7437269681729847,1.286229849001375,1.0207154967219516,0.5204936928400448,45.613740528847934,0.009968532529893905,0.3777640807849989,0.47245282715609505,0.5425028808283904,0.7764424565956825,6.6886965406417715,0.0
4946.000000548883,302.5521877562492,-305316.3559201765,59935.705282561226,-245380.65063761527,0.4463930623819685,0.5468997729301996,0.5005431130852049,0.7131605617932637,1.2473687034580818,1.0140223525456649,0.5134792394604599,40.76316210037559,0.00310515864856883,0.33468231504554136,0.48136674925669215,0.5342081416648181,0.7455806969761856,6.649611730614623,0.0
4947.0000005490865,299.14887438884784,-304295.70352335833,59261.507589642526,-245034.1959337158,0.4656026824648256,0.541537093610879,0.501031200100263,0.7166435063910614,1.3442956096948748,1.0530724382371668,0.5520412381369038,51.843924813248556,0.005044818106397793,0.3022535485530662,0.39253763827705107,0.6276521033038134,0.7795099966850021,6.636574187603571,0.0
4948.00000054929,301.57015871742425,-304945.86682871124,59741.164950572784,-245204.70187813847,0.45180444176612955,0.5368446843400125,0.49910751445113666,0.7126683075974096,1.2499000099091582,1.000133594682629,0.5010260802314924,42.37735501434014,0.005577107978653957,0.35226714545235505,0.44010409367189385,0.5372317023117485,0.7667907327406489,6.628878120723467,0.0
4949.000000549494,300.72115107016253,-304743.64094887953,59572.97620764452,-245170.66474123503,0.4586334095525082,0.5390495211633208,0.49844997689939174,0.7224088105429747,1.290056134548271,1.0186590766842847,0.5202090997848929,50.05436174750394,0.004904029239621716,0.3482570688679443,0.3868910880437804,0.5676473240052964,0.7604925839334395,6.560692928163803,0.0
4950.000000549698,299.87409243110017,-304391.25101372413,59405.17356399353,-244986.0774497306,0.4654195468387261,0.5471903173037429,0.5012510674258125,0.7452610931911714,1.308065661577893,1.0329837185880564,0.5317326511622439,49.260971261394744,0.007397978755730804,0.35047845377579356,0.38899646503777774,0.5628045683867215,0.7726809018337448,6.6861093019384725,0.0
4951.000000549901,300.0074573101058,-304156.4046458779,59431.59319804875,-244724.81144782912,0.4581443031402612,0.53747325103806,0.4981330544680092,0.7497086312365191,1.3247170115841982,1.0437740134575466,0.5456409589895375,48.31180724709056,0.01253730353550426,0.3358541926479652,0.3593890203333419,0.5750083803476791,0.7650190962686025,6.643103023227717,0.0
4952.000000550105,300.90906456756096,-304428.7992746555,59610.20194407768,-244818.59733057785,0.4595083200159342,0.5429343204070971,0.5014849317214619,0.7506087206589154,1.3267245327528407,1.0425694082779973,0.5410844765565354,48.48125833918801,0.0074316081427197415,0.4005391176580332,0.3658206025472229,0.5761158120939254,0.7650502431234392,6.562867012699542,0.0
4953.000000550309,301.5668678893714,-303903.65505251195,59740.513036264136,-244163.14201624782,0.4609050224808109,0.5363207103843806,0.5012569620287092,0.7219914704577999,1.3155566685490783,1.039206935942731,0.5379499739140218,49.93982868003239,0.007250830244213509,0.3251989907218197,0.3686312132395585,0.5935651980912784,0.7532644944962357,6.598167309754224,0.0
4954.000000550513,303.67021291145954,-305132.9304215978,60157.18649774636,-244975.74392385143,0.45900517112549855,0.5506688342007166,0.49911319937535564,0.7170387823484479,1.3256679901780943,1.0305277326293532,0.5314145332539975,53.79560123064723,0.003952974963952627,0.33436083352234564,0.3906121134548406,0.6086292078296465,0.7687473617738014,6.603627316892151,0.0
4955.000000550716,299.30543954809724,-304678.43702240614,59292.52320817723,-245385.9138142289,0.45781419862542894,0.5374979392902486,0.49727127072159,0.7197854959066508,1.3286376479905186,1.034548141136832,0.537276870415242,51.9950696319724,0.005535149867571889,0.3309470542205842,0.3924187776981237,0.6088521520838679,0.7666997567186566,6.728328879674692,0.0
4956.00000055092,300.50195333212395,-305327.5370258908,59529.5530510542,-245797.9839748366,0.46609233871021605,0.5449427227317019,0.5026261189251942,0.7499700404197132,1.2668762348598568,1.0031349902716955,0.5005088713465013,46.02983731195201,0.005024628204216664,0.3285858647680755,0.4418196634907523,0.5169061944401436,0.7628044881244289,6.617936978378808,0.0
4957.000000551124,298.9692611397579,-305946.07706299005,59225.926135606,-246720.15092738403,0.4582183417184358,0.5486391402289801,0.49918034416682494,0.7216622565847324,1.2473343769381717,0.9838750014324564,0.4846946572656315,46.30606187428076,0.00867796034120241,0.32221415095450273,0.44977995399014603,0.5256721203534394,0.7625391206983902,6.537745317789103,0.0
4958.0000005513275,299.87112860782156,-305916.67428692896,59404.586429457,-246512.08785747195,0.45301085656358464,0.547864008996112,0.5007993910915437,0.7688511186201517,1.213299117396133,1.0013328396014265,0.5005334485098828,36.187685465136155,0.007052883360460469,0.32161596779493185,0.4472973153825211,0.4444479987759813,0.7537183531039044,6.60831491377396,0.0
4959.000000551531,297.488001102692,-304520.603151598,58932.48794999307,-245588.11520160496,0.4652910791541549,0.5372602274605551,0.4986123818788216,0.7677544621940982,1.1784908663190468,0.9730795061746065,0.47446712429578486,34.46113174258128,0.006745166366366633,0.3163490298869184,0.5029292770875001,0.4107364041249486,0.7627719063860867,6.6189962004186995,0.0
4960.000000551735,298.9125959496016,-304734.3034449802,59214.700739544,-245519.60270543618,0.4606728569552172,0.5396042025772463,0.5001771050953432,0.7230924369202206,1.1632332856246919,0.9522819339917721,0.4521048288964289,32.0416732460325,0.004528251415101256,0.3496430486022779,0.5168272034685171,0.44014084870447123,0.7663389416791149,6.58562215239003,0.0
4961.000000551939,299.42375231910245,-306116.5577150113,59315.961013822336,-246800.59670118894,0.45852073569465324,0.5496354915978205,0.49966740951072464,0.7356578059924823,1.16714818268186,0.9451682333354023,0.4455008238246777,32.109439707219835,0.008354507628959817,0.31961181949099593,0.48297609021220433,0.4314903766893776,0.7707245756835057,6.559047441065559,0.0
4962.000000552142,297.2121161186833,-306418.49820293393,58877.835028075504,-247540.66317485843,0.45896557761575085,0.5409441784439082,0.4993576417979679,0.7216572959842438,1.2149373142615278,0.9795457004137286,0.4801880586157607,41.70286937213648,0.00791436293088889,0.3197387569636266,0.4174571756813065,0.49328001827728407,0.779361076819522,6.597774015582439,0.0
4963.000000552346,300.9409499813571,-305845.4402877651,59616.51845686931,-246228.92183089582,0.45075976548847674,0.5372504809232197,0.4980630130735228,0.7182548861882125,1.1655369268402964,0.977490943471068,0.4794279303975452,31.547705313684958,0.004688788997875474,0.32355611230384623,0.4576536081429937,0.4472820406520839,0.7582120627055762,6.52496004160212,0.0
4964.00000055255,301.6790335581443,-305035.0677650538,59762.733098582146,-245272.3346664717,0.4698129362630423,0.5326649648609445,0.5004067067784106,0.7589069977790004,1.153864622149948,0.9436071212028054,0.44320041442439484,32.61843863294462,0.006111912321035083,0.33309602267776595,0.4986828743327335,0.3949576243709476,0.7615917220529829,6.536197350416543,0.0
4965.000000552754,298.90472976132185,-304580.9594850391,59213.142444606754,-245367.81704043236,0.4495143735589764,0.548349261040819,0.5002233673203362,0.7299803314219506,1.225337146139467,0.9820706593935122,0.481847292073176,38.66535565680759,0.008020451847511276,0.2915264779510467,0.4047552568384246,0.49535681471751647,0.777895164261178,6.4940638926762375,0.0
4966.000000552957,301.4115560527879,-305463.78418241534,59709.74570143375,-245754.0384809816,0.4603939259827907,0.5392880141078003,0.4979984088992429,0.7636618108694773,1.1380881877169813,0.9191495726190444,0.4211511637198015,25.322640722202916,0.009883946038038114,0.35243725031735756,0.5563367815602438,0.374426376847504,0.7754422238042071,6.523297262128537,0.0
4967.000000553161,301.6812741674031,-305239.37194508174,59763.17696414195,-245476.1949809398,0.4590769453130279,0.546628757207765,0.4985227791152127,0.7419363759061071,1.13560342292757,0.9192644335248916,0.4207416544096789,13.474774207035235,0.007513885403183284,0.3229223127802108,0.5596843726877303,0.39366704702146293,0.7765735395191427,6.565568338090458,0.0
4968.000000553365,300.93527308522994,-304688.3936556042,59615.393861553304,-245072.9997940509,0.45419437174339317,0.5470255962643815,0.5002430588986627,0.7550743505009123,1.0517574214483147,0.9032950004920222,0.40305194159335944,18.452644331955046,0.0074047176079365526,0.33513064053563113,0.6063319268618612,0.2966830709474024,0.7682750477673679,6.593309066054019,0.0
4969.0000005535685,299.52818471468436,-304451.67118184734,59336.64911173353,-245115.0220701138,0.46027130902634994,0.5489161576450623,0.4994189424443954,0.7050244966860095,1.1228883106984107,0.8730132474809291,0.37359430503653374,9.44131545247002,0.010519805763954407,0.30926226929331285,0.6929630659769195,0.41786381401240114,0.7819576406238697,6.602582508789624,0.0
4970.000000553772,302.4411208569701,-305596.3676415975,59913.70288690443,-245682.6647546931,0.46075243443354896,0.5417111394108272,0.4990949539268684,0.7586559023921509,1.199662574090592,0.840421320985453,0.34132636705858455,5.176338691840039,0.005286860654297137,0.3227082181793338,0.6510692232759271,0.4410066716984411,0.7613929172462015,6.658595909345053,0.0
4971.000000553976,304.98624226365797,-305499.4909216366,60417.89242085181,-245081.59850078478,0.45940849895859026,0.53690884015416,0.4985292282328643,0.762869639835758,1.1569407715124704,0.8540263120130109,0.35549708378014666,7.835458401324944,0.004469068622188579,0.34353125800553463,0.6465083950421819,0.3940711316767125,0.7676794734442058,6.6697087674809765,0.0
4972.00000055418,298.12962110436195,-304866.1928325328,59059.59312020743,-245806.59971232538,0.46088178386505874,0.544898586294007,0.49956061483838066,0.7684669580721781,1.1130468476969106,0.8524951186997829,0.35293450386140224,8.728605738430176,0.005501163611169159,0.3279628252037956,0.6429017585035578,0.3445798896247325,0.7610227241309442,6.58179660867296,0.0
4973.000000554383,296.70724096741634,-304120.44959621644,58777.819065555996,-245342.63053066045,0.4519724889815553,0.5388293237723423,0.4981451993463803,0.7381767603842644,1.1296233043309574,0.8249062792272126,0.3267610798808323,3.9374591356905557,0.008220173792577286,0.321460439136752,0.6618789098074813,0.391446543946693,0.7676810583391096,6.504089683246832,0.0
4974.000000554587,296.87801166072944,-303985.2097164872,58811.648805876895,-245173.5609106103,0.46340622700220546,0.5394521789031295,0.5023214462559727,0.7683160325947318,1.1462458664002977,0.836162640617391,0.33384119436141824,4.095988044573366,0.006481190959598015,0.31739351407399286,0.6595668506303654,0.3779298338055659,0.7646894943513809,6.558304058586856,0.0
4975.000000554791,297.21157854578956,-303782.89881602954,58877.728534677575,-244905.17028135195,0.4534724471074778,0.5452224962278205,0.5008994480893723,0.7451962828915999,1.088660226073329,0.8316661377301808,0.3307666896408086,2.901812096382713,0.007616248138076945,0.3663884540942117,0.6745665377238271,0.343463943181729,0.772779044235179,6.564074913284273,0.0
4976.000000554995,299.35935039835374,-304535.22271139827,59303.20296844097,-245232.0197429573,0.456704165382968,0.5523730917041263,0.5002197114077911,0.7403165790100505,1.0854566572816857,0.8583900902434685,0.35817037883567737,10.05696822116465,0.00895870433107095,0.3904603176380659,0.6810349441585919,0.3451400782716352,0.7664310962983019,6.544097429910062,0.0
4977.000000555198,299.6105565566298,-303918.7199148191,59352.967005446466,-244565.75290937265,0.4574683966998463,0.5371120555890021,0.4988652147536524,0.7307977890739181,1.0689693705150178,0.840339948510467,0.3414747337568146,5.74874423431459,0.007612515015079472,0.32808681694943165,0.6485182929034263,0.3381715814410997,0.751520770069197,6.6487301156442555,0.0
4978.000000555402,299.7730455249232,-304703.4600540749,59385.156132841395,-245318.30392123348,0.4584764134960473,0.5418803544941095,0.5003491654173651,0.7161859101737971,1.0696821068708608,0.8607107295555907,0.3603615641382256,1.513404014888844,0.00795091447640154,0.30919781969102367,0.6566720090324895,0.3534961966970638,0.7694304490449762,6.554495865432365,0.0
4979.000000555606,301.15634634574644,-304662.25216262555,59659.188559871094,-245003.06360275444,0.45893085984510407,0.5470911715546958,0.4998557938700549,0.7521667833224885,1.0659124185139213,0.8466291410189459,0.346773347148891,1.7083200473313058,0.007422004638561525,0.315923437766972,0.8033736049928654,0.3137456351914327,0.7585712001062945,6.575606290330008,0.0
4980.0000005558095,302.39787239150957,-304496.0308959177,59905.13534918808,-244590.8955467296,0.468141794495746,0.5460484227035813,0.5008075045496886,0.7535698193534355,1.0530337786260162,0.8178031331216602,0.3169956285719716,4.827821588576801,0.006862745799816391,0.3475412053342565,0.809446184031234,0.29946395927258074,0.7756851687510409,6.543763470294124,0.0
4981.000000556013,302.16493391045225,-304659.39870193694,59858.99014609715,-244800.4085558398,0.4472800772123462,0.5432146623333178,0.5010930757977401,0.766882518952066,1.0707704368698394,0.8222566297608451,0.32116355396310503,4.399775031631028,0.007271627336462738,0.31894317635635483,1.0219737211782047,0.30388791791777336,0.772332710029481,6.5531441167435105,0.0
4982.000000556217,299.04149024596063,-303684.8136529345,59240.23474944976,-244444.57890348474,0.4601277959957737,0.5425266434026454,0.5009597487067314,0.7461497448103334,1.0290607640399045,0.8444040723043558,0.34344432359762433,3.302070530073068,0.005790992287300421,0.39866913479072763,0.9977451996424573,0.2829110192295712,0.7586220326223767,6.7199953860275485,0.0
4983.000000556421,301.326717209156,-304244.3858621805,59692.93909373363,-244551.44676844688,0.4670329617834206,0.5438842017078116,0.5010285655661213,0.7364840254682257,1.0686022483116737,0.8304831359963175,0.3294545704301962,3.899891061935673,0.006057599496940315,0.3523059384757823,0.6393695428997023,0.33211822284344805,0.7787235277203761,6.643598674770644,0.0
4984.000000556624,301.3405157225898,-304096.16684598476,59695.67258457578,-244400.49426140898,0.4572129495055277,0.546724237700257,0.4996822693345017,0.7430752510811296,1.0502004562715648,0.8260304497618468,0.3263481804273451,3.4800676268008672,0.004332575856445194,0.43120186917880116,0.7664980173605509,0.3071252051904352,0.7710564197257992,6.5928968375899615,0.0
4985.000000556828,299.54931571475475,-303394.65791647043,59340.83517101123,-244053.8227454592,0.4542040146095765,0.5442797883835233,0.4993720344610764,0.7529850128284572,1.0568814788666323,0.8405089986829197,0.3411369642218433,2.3890469107086525,0.006670487062822759,0.337592358552762,0.9074551980950708,0.3038964660381751,0.7650981737519746,6.545233977229316,0.0
4986.000000557032,297.7786243503809,-305055.6246329965,58990.06052763965,-246065.56410535687,0.4605221400302759,0.5462662857168965,0.4999847334881286,0.7411446611616332,1.0603347867376929,0.8402324520781767,0.34024771859004804,5.61337069595385,0.012944249209806883,0.34042198051379896,0.8949876022448295,0.31919012557605964,0.7775446476434453,6.571455463885245,0.0
4987.000000557236,298.4314488568508,-304920.81071190257,59119.38531458364,-245801.42539731893,0.4592433677549126,0.5482534972246551,0.5006927400029803,0.7427057661613934,1.0619713199256333,0.8495682844612936,0.34887554445831337,2.496392628359132,0.0040890885369140205,0.345332642412702,0.6969504139166378,0.31926555376423993,0.7654512829399955,6.5647576486461645,0.0
4988.000000557439,302.8037627758836,-305131.72854213417,59985.54239114432,-245146.18615098984,0.4605759712702846,0.5471160813990625,0.5005060177100017,0.7385258565012771,1.0554117380314096,0.8432713245122507,0.34276530680224904,0.7613435429143193,0.006379356876181194,0.351437212191675,0.8480675415006943,0.31688588153013253,0.771382972498392,6.545551847217723,0.0
4989.000000557643,298.7915045960789,-305852.4910944062,59190.7124956287,-246661.77859877754,0.4650313674267137,0.5384214151273667,0.49959854919738117,0.7350143540637593,1.074780153645964,0.8296849229666956,0.33008637376931443,5.167819749487311,0.006523132195426285,0.3948939015783188,0.701026116976465,0.33976579958220476,0.7599043256844368,6.57968001490136,0.0
4990.000000557847,298.29752469694444,-305562.5988524081,59092.85488676591,-246469.7439656422,0.4627670075373702,0.5363019957397857,0.500645588846503,0.7463579823102524,1.0582608684033552,0.8559082038540293,0.3552626150075263,1.7047125005587498,0.004206417827395862,0.35457536174527393,0.8136476827038815,0.3119028860931028,0.7668760448745675,6.581917606908533,0.0
4991.0000005580505,297.93866298274185,-304791.95023159217,59021.764242539706,-245770.18598905246,0.4473499648767262,0.5369629181184372,0.4986163642629947,0.7367666875942529,1.0472326944517185,0.849092706204831,0.3504763419418363,1.9497367158743764,0.006541154817879581,0.34877080892750845,0.8084440813782025,0.3104660068574656,0.7494442281872384,6.732080550112592,0.0
4992.000000558254,299.9867217000808,-304865.6108759381,59427.4854656918,-245438.12541024628,0.45472420760933474,0.548080286227032,0.4994383379332002,0.7148052307453581,1.0395092648277604,0.8294105975215187,0.3299722595883185,0.541927406273545,0.006730314320062346,0.32159467555816684,0.7874513552588024,0.32470403408240234,0.7598581202238401,6.661410699845128,0.0
4993.000000558458,298.2107872129524,-304724.40927970223,59075.67215767693,-245648.7371220253,0.4604455991510772,0.5428916296777846,0.49923623339220086,0.7503905524414254,1.0811226379001764,0.8342937812260786,0.3350575478338777,5.711114119150977,0.006022832037323661,0.39568628606581463,0.6545753470151033,0.330732085458751,0.7773072897019269,6.622506480758773,0.0
4994.000000558662,300.583622075535,-305364.08596063824,59545.73166067584,-245818.3542999624,0.46147813756596,0.5374777491384819,0.5012444252316665,0.7278479215280091,1.0473555818133136,0.8586953805333615,0.357450955301695,3.6854179006852337,0.008604967688415534,0.359796370785059,0.664446750320601,0.3195076602853044,0.769156896071225,6.612964988334895,0.0
4995.000000558865,300.10745644554993,-304905.08777743066,59451.40306541391,-245453.68471201675,0.46222615898873975,0.5457544867561395,0.501736220963557,0.7143442057595655,1.0554289711970704,0.8444161425446428,0.34267992158108584,1.8054674551673302,0.008590337772505254,0.31911172567101875,0.6603304567672614,0.3410847654375049,0.760234394240145,6.608944362725623,0.0
4996.000000559069,300.42047692727255,-304816.5866285935,59513.412543775536,-245303.17408481796,0.4573317032397801,0.5443792039418245,0.4980693057926921,0.7234034921030457,1.1275850072317581,0.8340140076289736,0.3359447018362815,2.578653379031409,0.006517236272738732,0.36908550226672926,0.6530577801578293,0.4041815151287125,0.7683254087641451,6.646690835623032,0.0
4997.000000559273,298.70457503456896,-304327.863212388,59173.49171590921,-245154.3714964788,0.46441386512103655,0.5388352995363217,0.5008490008325933,0.7485513945558999,1.0521225523492461,0.8307065825175657,0.32985758168497237,2.8286341960224375,0.006893568420514299,0.3536517412238175,0.7370864987117002,0.3035711577933462,0.7634905815658151,6.585021796648618,0.0
4998.000000559477,297.1434633436191,-304146.7694982323,58864.23488681196,-245282.53461142033,0.4558224811342386,0.5478827414547558,0.5013613876827256,0.7358720242937142,1.065476780042189,0.8436841129897523,0.3423227253070267,5.771664977144869,0.005227024587155908,0.36132674748050286,0.671857429926405,0.3296047557484747,0.7560324074068338,6.521262316957433,0.0
4999.00000055968,299.87884972224344,-305069.0642989925,59406.11598520695,-245662.94831378557,0.4603209604743004,0.5495993306145301,0.5027719075472938,0.7609943268657613,1.0891105246858324,0.8241917038593762,0.3214197963120824,3.8961761913468633,0.004738260320240403,0.38598855144961464,0.7186679458373775,0.32811619782007106,0.7573487357180202,6.564209362261522,0.0
5000.000000559884,296.3730110899141,-305253.4395213928,58711.60799769639,-246541.83152369643,0.44892337673253313,0.5414720212842834,0.5007249855014294,0.7258815471441782,1.043425081752207,0.834666709091795,0.33394172359036556,2.355406621279841,0.006081064962005713,0.3621930743732932,0.8145514536871262,0.31754353460802887,0.7703831950476623,6.525937247647107,0.0
5001.000000560088,298.05495493895285,-305356.2139039738,59044.801723993354,-246311.41217998046,0.4636908195261953,0.5405211101499905,0.5014676828890613,0.7357542193205386,1.0768691053597657,0.8601641208245039,0.3586964379354426,4.101062377946234,0.009514229653834196,0.3271092215886261,0.778592982887798,0.341114886039227,0.7734679688321373,6.632850370418808,0.0
5002.0000005602915,301.7574784692441,-304972.01999146584,59778.27306577744,-245193.7469256884,0.4705982836882998,0.5430449427418687,0.5014111453685881,0.7162913843233678,1.0976352727714893,0.8253825159508399,0.3239713705822518,2.4695212294332225,0.008060423442911151,0.38948192764634126,0.807103120755092,0.3813438884481215,0.7653935372876184,6.6460369854599435,0.0
5003.000000560495,300.54895730677845,-305457.44063552003,59538.86455659277,-245918.57607892726,0.4585206931437078,0.5441266186193703,0.49985605237771014,0.7234612300427319,1.0526432388604903,0.8344602284499731,0.334604176072263,4.736778938870034,0.0054365464773839176,0.371647038763513,0.7593475331124897,0.3291820088177584,0.7554002925320624,6.652394699669429,0.0
5004.000000560699,301.57141166459604,-305095.3379686009,59741.413159891585,-245353.92480870933,0.4537393983794109,0.5423234318463415,0.5000329515592015,0.757980955577727,1.1390266723226965,0.8224905144069229,0.3224575628477214,2.5056460887441823,0.006091164954425826,0.3711215036304256,0.6858067307341497,0.38104571674496945,0.7554443420171331,6.678151176954984,0.0
5005.000000560903,302.2171917225423,-305426.5534992614,59869.34243886148,-245557.2110603999,0.46361906970883293,0.5411907921373498,0.5008185037753974,0.72567159985672,1.0499488879371732,0.809840684617638,0.30902218084224065,2.1589618661196806,0.007976902955294242,0.4011912257683201,0.7365657085215651,0.3242772880804532,0.7649174122026103,6.550652016493882,0.0
5006.000000561106,300.58748672276516,-305240.69838904357,59546.49724878521,-245694.20114025834,0.46216747628736377,0.5461969671183979,0.49933239302623234,0.7521785465042612,1.0777582249792026,0.8303319029805161,0.33099950995428373,4.453598336390752,0.008506243695428913,0.32574970364950184,0.6763769808558047,0.3255796784749414,0.7700344681430256,6.550791321201594,0.0
5007.00000056131,297.46520065203464,-304735.18884315714,58927.971171909114,-245807.217671248,0.4583296517053088,0.5424985449575512,0.5009756013537084,0.7175043061927759,1.0934246347639984,0.8506812626405076,0.34970566128679914,5.524554702819286,0.005574137284020527,0.3499799016309454,0.7342562548016855,0.3759203285712225,0.7591527800713287,6.583703959536429,0.0
5008.000000561514,301.5126689076277,-304747.4082203256,59729.77619704147,-245017.63202328412,0.466499987389569,0.5372380201501095,0.49920269347176366,0.7351596215337874,1.1049770738244433,0.8519393621062379,0.3527366686344742,6.373824798105047,0.007378479166722026,0.33751695452522795,0.7644058204394895,0.3698174522906559,0.7686807060517715,6.564257533191665,0.0
5009.000000561718,302.28938903141403,-304921.38313688664,59883.64475364169,-245037.73838324496,0.4581533264022051,0.5432330348864052,0.5013442820850192,0.7224505269295562,1.0514730556307263,0.8264644567137323,0.325120174628713,5.569385448224606,0.0052112178942176745,0.35764928841205246,0.6670130754241034,0.3290225287011701,0.7617460748680251,6.658049029074,0.0
5010.000000561921,300.37375373962567,-304999.0116459946,59504.15666225164,-245494.854983743,0.46302735188754607,0.5472297111200968,0.49861684791255756,0.7316736024665809,1.0473323514295991,0.8310635632432908,0.3324467153307332,3.2946285016176624,0.008363814617679278,0.37688948844253745,0.6558234208771908,0.31565874896301827,0.7628171232274088,6.607982663276463,0.0
5011.000000562125,303.0940054108117,-305327.3139488981,60043.039569255954,-245284.27437964216,0.45125552920994655,0.5404797568732462,0.49758218011031347,0.7200966334726839,1.061205434520474,0.826618662598641,0.32903648248832756,2.768171860851577,0.003674335518041298,0.35981891287448803,0.727135274354084,0.34110880104779007,0.7601817428828497,6.617538428586265,0.0
5012.000000562329,296.7948095906481,-303893.78872524854,58795.166443649476,-245098.62228159906,0.453452698834246,0.5325736339212379,0.4999669730086792,0.7314353386783896,1.043183887776852,0.8338015793796059,0.33383460637092666,1.0879347886562305,0.00389304241783996,0.3627947304285323,0.6949864535518273,0.3117485490984624,0.7665264533169518,6.698541195765351,0.0
5013.0000005625325,301.37130213223656,-304238.6567550837,59701.771384220825,-244536.88537086287,0.4578272124772873,0.5450829056090392,0.49943417175083915,0.7347252771368087,1.043439948739735,0.8539603924199238,0.3545262206690847,5.31053260782784,0.005742578046796283,0.3660746428658569,0.6570566833182784,0.3087146716029263,0.7518703857914106,6.6466411076637115,0.0
5014.000000562736,300.76763794375603,-303803.5569893387,59582.18527526314,-244221.37171407556,0.45771583687715856,0.5483447325172304,0.4994448460983167,0.7622127463597956,1.0652535501020601,0.8323559441916308,0.33291109809331415,0.34650589420047945,0.009517367824492723,0.319052484884598,0.6402101521359247,0.3030408037422645,0.7632261297974292,6.6487855205580075,0.0
5015.00000056294,298.78630552986397,-304572.3609170085,59189.682558602915,-245382.67835840557,0.4615653239620219,0.5572438091743175,0.5017383214534903,0.763652948659896,1.0568874987857928,0.8582510999030019,0.35651277844951157,2.895919121505043,0.004216072590296807,0.34686547933535006,0.7353335285958342,0.29323455012589683,0.7610241626825349,6.730711320054056,0.0
5016.000000563144,300.50959251780796,-305231.45027347934,59531.06637668953,-245700.3838967898,0.4581344967993317,0.5363231212851653,0.49855258709125044,0.7239958564946667,1.1330546523088962,0.8455191296689506,0.34696654257770015,4.328734995999474,0.0054757443394403945,0.3146922030083132,0.6315793230664554,0.40905879581422955,0.7747232164206999,6.717202194762279,0.0
5017.000000563347,302.4768208172941,-304772.2627260997,59920.77506283694,-244851.48766326276,0.4606085997252819,0.5441128655222265,0.500344923649719,0.7243458176381186,1.083826609773773,0.8314349474778757,0.33109002382815667,5.428770618805936,0.004566785261498311,0.33552873710290987,0.7105429361340552,0.3594807921356544,0.7817564224399227,6.694324393515281,0.0
5018.000000563551,298.6188932848922,-304292.7347423285,59156.51812819594,-245136.21661413257,0.4558061166482572,0.5472805152618356,0.49947095404978564,0.7321344187465719,1.065351799470161,0.8465314027645792,0.3470604487147935,4.546131324108103,0.00331157182461631,0.31788659890442333,0.6694072682685156,0.333217380723589,0.7580421614586221,6.768122178915828,0.0
5019.000000563755,301.0676784690412,-304226.2369174748,59641.623419239826,-244584.61349823495,0.4623611873885102,0.5367819376807557,0.5003477854750705,0.7402448610072714,1.095217303342661,0.8159963795037917,0.31564859402872114,5.602061834591573,0.004070227828087479,0.32252135402298243,0.7712876386094598,0.3549724423353897,0.7735324314575287,6.823093132007116,0.0
5020.000000563959,300.41509668387073,-305245.69762887526,59512.34671547903,-245733.35091339622,0.464856850557438,0.544187127857431,0.5018369609199717,0.7508170407306629,1.0950359906738854,0.8379029588409657,0.336065997920994,3.508077895584369,0.006706246801243272,0.3153804943475821,0.7386242928453385,0.34421894994322244,0.7723011275755098,6.702454500957209,0.0
5021.000000564162,300.3768285308141,-304373.662840717,59504.765779573994,-244868.897061143,0.45392949510055836,0.5514060770074822,0.49984869733931736,0.7635163551549846,1.0831258437891762,0.8300501577853445,0.33020146044602716,4.719924000738643,0.006578111882229995,0.3339867206809767,0.7463911535772099,0.3196094886341916,0.7772733247536046,6.682405531140741,0.0
5022.000000564366,300.71549664400857,-304918.49215703644,59571.85606363889,-245346.63609339757,0.45406391505542487,0.539130916155071,0.4980247444371598,0.734076487174212,1.0751222556176945,0.8240949659811336,0.3260702215439738,0.5650388080081108,0.007501517855431102,0.3155048703052522,0.683117885148957,0.34104576844348244,0.7628903278089645,6.9276190303818375,0.0
5023.00000056457,300.4096243725636,-304918.44184329174,59511.262648494914,-245407.17919479683,0.4610539673490506,0.542656875518924,0.502922444391208,0.7419801304737108,1.0739200298481055,0.8451027317484637,0.3421802873572557,4.94407332290639,0.0038863549663885623,0.3412939433616914,0.7938722113568876,0.3319398993743947,0.7757338821211839,6.827724063741314,0.0
5024.0000005647735,301.58091812297823,-305484.0581551953,59743.296392969816,-245740.7617622255,0.4510273691714848,0.5442926035976345,0.49898024745278025,0.7616957187529412,1.1160201012718698,0.8314568544809932,0.3324766070282129,5.884797578743964,0.007838049953025594,0.3079497077817417,0.6767580788375708,0.3543243825189286,0.7567818467879377,6.782366052269296,0.0
5025.000000564977,302.23701207943895,-305662.19072407624,59873.2688592201,-245788.92186485615,0.451393210328507,0.538010131859906,0.5016985995839173,0.7371430179258116,1.0440561334366834,0.8316759718515181,0.3299773722676008,3.518198426976644,0.003472883369223392,0.3152659240554355,0.745527664443983,0.30691311551087175,0.7692356002122906,6.88171493230341,0.0
5026.000000565181,301.0326067812872,-304139.18199323956,59634.675704346155,-244504.5062888934,0.4572792721601404,0.5384133043779578,0.4991558955216859,0.7324185299602459,1.0514889498110485,0.8271723309126384,0.32801643539095254,0.6333211151151159,0.004902975694583025,0.3297043141153549,0.6617219467115888,0.31907041985080253,0.7615777548680303,6.709169610497682,0.0
5027.000000565385,300.46261739945464,-304457.75932473503,59521.76058759536,-244935.9987371397,0.4593951753348531,0.5428562280585458,0.5008035047114537,0.7451038652559827,1.050538329972074,0.8353995593417266,0.33459605463027287,4.66530046860326,0.004753228284301557,0.345389873932641,0.6705702471240251,0.30543446471609137,0.768640185418386,6.74039532660251,0.0
5028.000000565588,300.42941962328916,-304482.8623208292,59515.18409531134,-244967.67822551786,0.45733974215864936,0.5401786216492983,0.49960883558318603,0.7270687585937026,1.0869555246347478,0.8352777334034047,0.3356688978202187,4.244171493474076,0.007289082075032806,0.39370352750920734,0.6374949449797017,0.3598867660410452,0.7788687695930143,6.8114168813303735,0.0
5029.000000565792,299.2160501270882,-305239.32024251577,59274.81512934061,-245964.50511317514,0.46377627635044405,0.5403100573579742,0.4996229848104851,0.708503249978693,1.0635316066079312,0.8183387290552073,0.3187157442447222,4.061455537293294,0.002966186013743533,0.3344360569932841,0.816985129323556,0.35502835662923826,0.7717448546422565,6.684075141013508,0.0
5030.000000565996,299.5193328856833,-305720.21887819376,59334.8955609886,-246385.32331720516,0.4638389335776847,0.5369003312706715,0.499829704962339,0.7395244529323719,1.0620599939050077,0.8304444781736962,0.3306147732113571,5.396171880524927,0.006612850533680404,0.3791747465494899,0.740015169296787,0.3225355409726358,0.7590903008869612,6.644438834596997,0.0
5031.0000005662,302.18122137167416,-304792.6390878302,59862.216698457705,-244930.42238937248,0.4660796718267388,0.5400874541672778,0.5000985841992707,0.7108342684188831,1.082865698790549,0.821890288413768,0.3217917042144973,1.1522181985100397,0.004635872869030895,0.3445363452257064,0.76111868709116,0.37203143037166586,0.7659619400670321,6.61389260140648,0.0
5032.000000566403,297.5416986595351,-304431.6653044401,58943.1254567492,-245488.53984769087,0.4586249024761835,0.5479091350243026,0.5019636964077403,0.7577877354649019,1.074527451552214,0.829597250124555,0.3276335537168147,6.434714103825984,0.008708092858015238,0.3910816420104588,0.7696129089252965,0.3167397160873122,0.779013723704491,6.603675420067834,0.0
5033.000000566607,300.1029607162833,-304566.92210656684,59450.51245970931,-245116.40964685753,0.45238379652265426,0.5401958846495054,0.49991583306775395,0.741640215599022,1.0654152438976983,0.8227827303843839,0.32286689731662993,1.5216859775445186,0.008009309638794891,0.35305880099360915,0.6904139034158734,0.3237750282986762,0.7636838155496424,6.628332019121785,0.0
5034.000000566811,302.44743281045453,-305054.88757957844,59914.95328732826,-245139.9342922502,0.4566823349960263,0.5406790006070779,0.5011391207602875,0.7460588053163626,1.0752155462276534,0.8229872072905847,0.3218480865302972,2.083298180919326,0.008965201600934909,0.3198689072262604,0.7027561125291767,0.32915674091129077,0.770517103008987,6.594262501766451,0.0
5035.0000005670145,300.23195238373785,-304069.50986518105,59476.065758866716,-244593.44410631433,0.46100330016345814,0.5421507951668926,0.5009147811406581,0.7385374421369262,1.0574373334214862,0.8211625471850996,0.3202477660444415,2.241787436989754,0.00663887398956529,0.3081295449534803,0.6468399403749125,0.31889989128456,0.7662191868028518,6.615675441012611,0.0
5036.000000567218,299.59373036026074,-304464.1006036261,59349.63372944513,-245114.46687418097,0.45466396976436574,0.5373645752484197,0.5012535666842975,0.7503020248113019,1.1125530173047729,0.8534837939518335,0.35223022726753594,6.7618212435037846,0.005281282906610079,0.3450835241741371,0.656789411517519,0.3622509924934709,0.7527641780313559,6.571164155844425,0.0
5037.000000567422,302.90349191935843,-304613.30292212823,60005.29877299606,-244608.00414913218,0.4635666089538324,0.5426786115817972,0.5022800114473371,0.7434265474379194,1.0637285505173004,0.8529132024319295,0.35063319098459234,7.417917302304456,0.0077671712096189635,0.37236621656640434,0.7843005608705101,0.32030200307938106,0.7592435573082259,6.684337172571421,0.0
5038.000000567626,299.27898880876575,-304539.03420706745,59287.28330649668,-245251.75090057077,0.4625950904909839,0.5486670557794486,0.5009813267562185,0.7341776413736731,1.0291520022574474,0.8385677311750679,0.33758640441884935,1.3553270071101098,0.007039752157397647,0.3086258745984133,0.725483590838663,0.29497436088377427,0.7537131814774245,6.58183282644627,0.0
5039.000000567829,298.4047839663407,-305005.76259838,59114.102989471874,-245891.6596089081,0.46005837870482136,0.546623741873896,0.4988666345682972,0.7451730321331578,1.056571690674712,0.824202795762661,0.32533616119436376,0.2086209080148929,0.0061631841994919815,0.3191743429222374,0.7597943676991049,0.31139865854155424,0.7562341162931792,6.651868471171568,0.0
5040.000000568033,299.59279708212006,-304647.2100090124,59349.4488466849,-245297.7611623275,0.46522985435509057,0.5432759072359881,0.5031325847602138,0.7253166053356566,1.0710305023009,0.8261030133693256,0.32297042860911174,6.111808991499483,0.006624967516745804,0.29870227581289,0.7715365022334568,0.34571389696524335,0.7683200377107706,6.593259247947444,0.0
5041.000000568237,299.19944277682094,-304370.22903035115,59271.525206836595,-245098.70382351457,0.458671643876742,0.5357340722507917,0.4994836057410403,0.7254923154492037,1.0283437141292353,0.841976687486556,0.3424930817455157,5.504541118002904,0.007194787373466336,0.3204214963346573,0.8665240999800194,0.30285139868003164,0.7668392860922708,6.627157977247933,0.0
5042.000000568441,298.6063725942822,-303773.6852047839,59154.037774548866,-244619.64743023505,0.4587883636186654,0.5412869291435847,0.49994253468093786,0.7515264850877061,1.0920587730413347,0.828490628106366,0.3285480934254281,5.622488039431496,0.005768638427489404,0.3091529308771992,0.7895099630997534,0.34053228795362855,0.7579120614257775,6.735108180929117,0.0
5043.000000568644,302.8572944790171,-304565.32804678753,59996.147042216515,-244569.18100457103,0.4375698991352204,0.5323499129762794,0.4982421872634121,0.7612230768007466,1.0644928994298866,0.8372593992780724,0.3390172120146603,3.295628432930539,0.0037446965429002023,0.35810785498747066,0.8685780996291337,0.30326982262913993,0.7595888597703659,6.620741614544173,0.0
5044.000000568848,302.02682628829876,-304074.16195015237,59831.63097279203,-244242.53097736032,0.4534318891873008,0.5341326722611868,0.49921686877710947,0.7710206223595595,1.0951693445187374,0.8475738699852111,0.34835700120810165,6.81980352660709,0.008158120912020264,0.4009447499787724,0.8746763442273282,0.3241487221591779,0.777443077528293,6.635157698588607,0.0
5045.000000569052,301.7041255468643,-304141.47026175493,59767.70383124162,-244373.76643051332,0.4574834353409809,0.5422644274009691,0.5003671936691384,0.7326556747608954,1.0794611440874426,0.834235142770883,0.33386794910174455,2.4716283251262414,0.004927934036203062,0.3641849812482362,0.8904550968825102,0.3468054693265472,0.7587962746934513,6.599592566702995,0.0
5046.0000005692555,302.00929194072194,-303702.48339233827,59828.15741176284,-243874.32598057544,0.44839045655925136,0.5418302111142985,0.5007769862688892,0.744578400342709,1.076745202664668,0.8425488724025874,0.34177188613369813,4.998452194835525,0.009500107872563777,0.3540310653104811,0.9863611136979067,0.33216680232195905,0.753612096890059,6.605115678765088,0.0
5047.000000569459,302.39030611667323,-303970.650912805,59903.636467219854,-244067.01444558514,0.46310338739441503,0.5380850768962873,0.5004766855453849,0.7461343197945567,1.059387720180034,0.8421173108379891,0.3416406252926042,3.204519614317567,0.0077335205180730495,0.32794295138464935,0.6798438733432571,0.3132534003854772,0.7480832510029423,6.602335249303607,0.0
5048.000000569663,302.6226905631291,-304055.82905986067,59949.67191584219,-244106.15714401848,0.4512395880488982,0.5363507990365646,0.49872212902425933,0.7823034419679891,1.0862607649999418,0.8469495262273734,0.3482273972031141,6.368249606033378,0.006182130946083152,0.33468627191236805,0.6896915935509744,0.3039573230319528,0.7471306460527618,6.597465952925528,0.0
5049.000000569867,301.670770045033,-304157.6784387585,59761.09609344228,-244396.5823453162,0.4477055231086231,0.5372409644720957,0.5000216038872927,0.7585331840243494,1.0842063483543027,0.8403713581833616,0.34034975429606895,3.9914671739666505,0.00599889825148933,0.3676662721916675,0.7331892477132034,0.3256731643299533,0.7728327211882782,6.593404177771703,0.0
5050.00000057007,299.70577912185286,-304888.9444333869,59371.83063240546,-245517.11380098143,0.45856746625961975,0.5438024435213005,0.4982737343138516,0.7407927783570596,1.0514404040610295,0.821478107227628,0.32320437291377646,7.4130423310013125,0.00601854953750392,0.3367728252077776,0.694117653969362,0.31064762570396987,0.7462152413872776,6.6780228219799795,0.0
5051.000000570274,298.53027124534066,-304683.03401893703,59138.96206792253,-245544.0719510145,0.4608341150459631,0.533310750829445,0.4989527659254384,0.7362874488374977,1.0614643249432145,0.815098751363375,0.31614598543793654,3.0184006745991936,0.005566388016833778,0.3195614372224534,0.6906154328389529,0.3251768761057168,0.7579874208732829,6.511907313488891,0.0
5052.000000570478,295.7640299505493,-304567.29462380195,58590.968598714375,-245976.32602508756,0.4507973612852201,0.5407734613580519,0.49722528754568257,0.733794821746967,1.0420593922610735,0.8448420786171762,0.3476167910714936,7.6767941093650665,0.0049971874749442265,0.3528498301320911,0.7343496935274206,0.3082645705141065,0.7766617397630133,6.575084723501995,0.0
5053.000000570682,297.99694167353414,-305546.411330448,59033.30927370105,-246513.10205674695,0.45266395408185955,0.5418670801664471,0.5011847879391309,0.7268447919124057,1.0335322126119024,0.8352769444669202,0.33409215652778934,7.376186308389499,0.006305043482505056,0.384283398395297,0.703055186449923,0.3066874206994967,0.776543139252463,6.523847134035812,0.0
5054.000000570885,298.8209903097515,-305521.83099698974,59196.55362689876,-246325.27737009097,0.45107555531785404,0.5399275864427207,0.49966187792378225,0.7453115725945683,1.053525114210844,0.8267327985448529,0.3270709206210707,3.5259588610345785,0.0066451362796015115,0.3685215898679024,0.6913268192761706,0.3082135416162757,0.7641197017137973,6.549097711054969,0.0
5055.000000571089,301.3848402860137,-305266.1261735279,59704.45329771441,-245561.6728758135,0.4532902616612624,0.5468063850707301,0.49893430077303674,0.7404530431072587,1.0693500248569752,0.8138842745983197,0.31494997382528295,4.4832702427731235,0.006206579224485838,0.2986774511690841,0.6640579848304232,0.3288969817497165,0.7535982473074867,6.4962083123431,0.0
5056.000000571293,299.14554086868077,-305015.91024801414,59260.84721800955,-245755.0630300046,0.45269314880333056,0.5417550946086482,0.4986850678589777,0.7262236676324481,1.0497750358218703,0.8411836789130274,0.34249861105404966,4.281972371377953,0.007253845169738238,0.32162325429530847,0.7320714902053731,0.3235513681894222,0.7739828510235487,6.504625468434426,0.0
5057.0000005714965,299.52370528748423,-304667.768779363,59335.76173547461,-245332.0070438884,0.4525713048037301,0.5389870322324946,0.498938537587229,0.7420603103296513,1.05320259509228,0.8326313452746221,0.3336928076873931,13.014079022509476,0.004639647422689297,0.31964114466721655,0.6382349458868959,0.31114228476262884,0.769057067780075,6.505284307189357,0.0
5058.0000005717,301.2170039050874,-304944.7329668929,59671.20484581098,-245273.5281210819,0.4590954478074193,0.5361526493592983,0.4994235004623556,0.7369323441420446,1.1208041415360093,0.835174993803017,0.33575149334066134,8.827331052816369,0.005321464449671506,0.34070895576548266,0.6736101349046932,0.3838717973939647,0.7697177190012123,6.61417372906628,0.0
5059.000000571904,297.77428761860676,-305171.8528408976,58989.201419399746,-246182.65142149787,0.4512835623324838,0.5419026292017843,0.5004358958674793,0.743753304440701,1.08320791087122,0.8311613555575558,0.3307254596900765,8.015224688003904,0.007317529138544868,0.36831701915105697,0.6831412755193811,0.33945460643051906,0.7591205474051819,6.613323889001009,0.0
5060.000000572108,298.7525781309228,-305412.6563232327,59183.00114784243,-246229.65517539025,0.4558580819355751,0.5382583663312643,0.49875378311620405,0.7562228870629024,1.053680454613449,0.8188299848803785,0.32007620176417445,5.933583816479151,0.006849498039141689,0.3033104739666253,0.6677502668781375,0.29745756755054664,0.7799073843629252,6.555302026738865,0.0
5061.000000572311,299.3673358920555,-305309.2534123827,59304.7848978284,-246004.46851455426,0.4619089309115698,0.5510854969145988,0.5004774657317538,0.733821140060746,1.0789048224829756,0.844750370634338,0.3442729049025842,6.745793981273956,0.003800914154626703,0.33332076177670567,0.7434520343834831,0.34508368242222964,0.7750113090282564,6.693182189217836,0.0
5062.000000572515,305.00235821652154,-305055.4350835774,60421.084997340324,-244634.35008623707,0.45234212457521084,0.5353085782690776,0.49912405460537684,0.7292403181829616,1.0960554453061704,0.8645973146039452,0.36547325999856833,8.484827191639987,0.007479511458602644,0.32274724629064216,0.8497792199930838,0.36681512712320874,0.7702381530548656,6.607604289177132,0.0
5063.000000572719,301.9080358117088,-304565.5728396727,59808.09853348604,-244757.47430618663,0.45890379597991604,0.5441354330840653,0.49960589639439423,0.7293581990369806,1.0835020139513034,0.8251484371963356,0.32554254080194134,7.466491306902031,0.006449240948787708,0.31514519336461955,0.8045608305133585,0.3541438149143228,0.7817761512234309,6.690529600251239,0.0
5064.0000005729225,301.4520347688232,-304708.49574174406,59717.76455071889,-244990.73119102517,0.4566480022618551,0.538724038863549,0.5003746555638289,0.7345268042430853,1.0242470260393333,0.8189675900136566,0.3185929344498277,2.35633403555449,0.005470755098614831,0.3348323319197217,0.9702358774667017,0.289720221796248,0.7546086916390436,6.618304887864497,0.0
5065.000000573126,298.591936422705,-304872.8596377112,59151.17796338214,-245721.68167432904,0.44856568785657736,0.5379902092592757,0.4977765711775681,0.7377904806807578,1.0498850549939025,0.8375993717957294,0.33982280061816134,1.170321400273562,0.0030023082538421647,0.3306380924978288,1.0314587938033246,0.3120945743131447,0.7658418548506694,6.696292593591764,0.0
5066.00000057333,301.11447431795773,-304469.5607368918,59650.8936949893,-244818.66704190252,0.45303327898522205,0.5384622666482803,0.5027916735399375,0.7403523549797235,1.0364494373237,0.8256861361214077,0.32289446258147025,6.848530846630376,0.004380466209030938,0.3202314352065544,1.094713582559847,0.2960970823439766,0.7861241530262184,6.6213086878818785,0.0
5067.000000573534,303.93898691928865,-304906.42135697557,60210.43073253549,-244695.99062444008,0.45132242300439174,0.5408450413186561,0.4994781650850377,0.7322750261155964,1.0349363933063955,0.8170938737386828,0.31761570865364513,3.081030174092319,0.0054291087755456,0.3480441136088069,0.9553618432946173,0.30266136719079917,0.7701156185822278,6.658239409189992,0.0
5068.000000573737,302.15442759358217,-304648.5838377611,59856.908840666176,-244791.6749970949,0.46558335424828584,0.5464596959220689,0.5027750561709948,0.7373992672042009,1.0660522866745197,0.8170718489082117,0.3142967927372169,6.84287768794579,0.00988878733140368,0.3339253026995922,1.0094169102675055,0.3286530194703188,0.7603100976446981,6.699922013833984,0.0
5069.000000573941,298.8458390036513,-304008.2547532143,59201.47616276036,-244806.77859045396,0.45605804592479426,0.547164195900474,0.49824467873288814,0.7339953722167225,1.0463109985113146,0.8324536487193991,0.33420896998651095,3.3180174800983506,0.005376771689641029,0.3302354234253003,1.0677634476483497,0.3123156262945921,0.7642564698772691,6.731557543994967,0.0
5070.000000574145,304.33662802123104,-305049.26518776454,60289.203588454984,-244760.06159930956,0.4506033471069113,0.5394942762833901,0.5003567131762394,0.7214044747265156,1.0614993325679567,0.8337557348733231,0.3333990216970837,5.57108053785904,0.004510491293116039,0.33743226526312364,1.010726166972897,0.3400948578414411,0.7707919711050195,6.650828492857144,0.0
5071.000000574349,299.0651673563126,-304114.6565908976,59244.925194157906,-244869.7313967397,0.4627208380193273,0.5440573629998116,0.4981170975526544,0.7289367296143734,1.0718993986746082,0.8289505205588764,0.33083342300622204,0.6921986728706016,0.006260560006757635,0.32217486535219936,1.11952224436687,0.34296266906023476,0.7669705351132183,6.586132226028056,0.0
5072.000000574552,300.21558176388766,-304598.0151249566,59472.82273274976,-245125.19239220687,0.4521443525647193,0.5439865456203403,0.4996949112745396,0.7381626903034082,1.0258703288747277,0.8495567379307988,0.3498618266562592,8.061773147029509,0.005999655333962759,0.3559748854358018,1.2095366120840032,0.28770763857131954,0.7678730709623416,6.612401044702942,0.0
5073.000000574756,301.8661696631406,-305081.7073909482,59799.804833280105,-245281.9025576681,0.4505856158547603,0.5389269701202153,0.5006356460936959,0.7280651094504744,1.0176294327837248,0.8189368875078118,0.31830124141411587,4.077198645774947,0.005274582601441923,0.3212882356874339,1.2227047379857658,0.28956432333325033,0.7751479588576498,6.580443742554031,0.0
5074.00000057496,301.4881351290261,-304305.77143074013,59724.9160460221,-244580.85538471804,0.4549665037104713,0.5328919231780489,0.4990710840411434,0.7474038430113676,1.0469484625905743,0.80569057954771,0.30661949550656653,6.033063496367411,0.0038106443655490057,0.3272106682439724,1.1384274717525007,0.29954461957920664,0.7765966849255275,6.686450657257481,0.0
5075.0000005751635,299.1548918131648,-304339.44365300145,59262.69964372448,-245076.74400927697,0.4532091612383556,0.5456325921836349,0.5010633488044556,0.7198240085265706,1.0812669028934252,0.8156807005728464,0.3146173517683908,1.9044273026515048,0.006077435474152264,0.3343394386108741,1.161372166813083,0.3614428943668546,0.7768340551872193,6.6629097525868275,0.0
5076.000000575367,303.8559981605523,-304238.6409017332,60193.99062736793,-244044.65027436527,0.45863095867311454,0.5349662347559909,0.5009994366886741,0.7397041742291961,1.038122642965691,0.8472092583792986,0.34620982169062453,0.31568538539211305,0.006680474324471637,0.36927390607044397,1.2773052009275263,0.2984184687364948,0.772569561543591,6.6786447337673,0.0
5077.000000575571,302.8512880730089,-303977.67051763926,59994.957170865775,-243982.71334677347,0.45510559915986604,0.5438487726930674,0.5007705470559949,0.7292402657408559,1.0195800062383897,0.8266900487393092,0.3259195016833143,6.322362108357409,0.00809054295028817,0.313598159080406,1.186200414365304,0.29033974049753386,0.7563284938751185,6.597130388178293,0.0
5078.000000575775,304.27257861862427,-303887.90426627314,60276.51537705373,-243611.3888892194,0.43339069109609873,0.5484678087166452,0.49953767144594824,0.7185302532803348,0.9873003206268951,0.8156417443102574,0.31610407286430914,3.9699038143056216,0.005566353805833556,0.32712472671972,1.2169529719375447,0.2687700673465603,0.7637033098844395,6.592211724413605,0.0
5079.000000575978,303.4394508966546,-303166.7416024194,60111.472453460876,-243055.26914895853,0.467158144562978,0.5426538756084742,0.5022605988490899,0.7590945064374868,1.1026623313196646,0.8432601992585206,0.34099960040943067,2.9145427526632446,0.006603121783471131,0.3138833279413614,1.2027381433470914,0.34356782488217785,0.7819775067964017,6.671443817315989,0.0
5080.000000576182,303.3453478588481,-303809.17175367614,60092.83060531563,-243716.34114836052,0.4475913182244451,0.5435476435470097,0.49717782368462493,0.7290719533530652,1.0556675412701608,0.8376084085864414,0.34043058490181644,3.835732805668354,0.007167355408478811,0.2915437012791442,1.202015773482189,0.32659558791709564,0.7639657230895454,6.639152452635912,0.0
5081.000000576386,300.98544902891024,-304564.96999892965,59625.33373538135,-244939.6362635483,0.4613284875657495,0.5421928184434427,0.5030994165064845,0.7574166186947222,1.0551076856249484,0.8265093737541013,0.3234099572476168,5.180472411201347,0.004760436584255711,0.30983705069943446,1.189610099312524,0.2976910669302262,0.7781003410304255,6.785602715910045,0.0
5082.00000057659,299.30689240418883,-305006.79131707456,59292.81101953027,-245713.98029754427,0.4585337140174639,0.5381764993526765,0.49857649563153944,0.7507451937290348,1.0647312700549243,0.8402138962448124,0.3416374006132729,3.7947581795695005,0.005731513091579384,0.33987806786584135,1.2826121707645393,0.3139860763258895,0.7649744738242157,6.700419051188291,0.0
5083.000000576793,299.9254181607384,-304753.4639206538,59415.34121086405,-245338.12270978975,0.45893204778002294,0.5445296689967187,0.4974528188095868,0.7290966825131893,1.0685762590935681,0.8386272016403351,0.3411743828307483,6.984084243753596,0.004600247919896843,0.33997068740743175,1.168402602272921,0.33947957658037886,0.77317936644301,6.667463409842149,0.0
5084.000000576997,300.7868545637185,-305612.50193425873,59585.99209510186,-246026.50983915688,0.4616506971201437,0.542243675127569,0.5016610511029893,0.7476146205374095,1.0564741041218033,0.8254093539095884,0.32374830280659905,9.795601275450016,0.005254004090833052,0.2952938419822231,1.206876190958216,0.30885948358439386,0.7623157264192741,6.592770484808128,0.0
5085.000000577201,301.00026654588675,-304551.2415711684,59628.269091219,-244922.9724799494,0.4517893373460309,0.5378390068360464,0.4980668366773773,0.7467593092958884,1.0949950505470376,0.8485364052370987,0.35046956855972144,5.37407738583591,0.006326693782105792,0.33769948166096575,1.26917974306796,0.3482357412511492,0.7699132333776468,6.587328792760104,0.0
5086.0000005774045,301.1893817297297,-304615.17008233257,59665.73288220106,-244949.4372001315,0.46602511528615054,0.535381714388901,0.5004282104199874,0.7552293714546945,1.0941646885344163,0.8202340727702966,0.31980586235030917,4.532018938349529,0.0064682227828019336,0.33803835926228587,1.3196249394927786,0.3389353170797218,0.7710436869879427,6.600093559158836,0.0
5087.000000577608,298.6943995626804,-304841.2311963923,59171.4759509969,-245669.7552453954,0.45959978284897485,0.5433775493939557,0.4994745417742495,0.7201604080201065,1.0804035637653135,0.8309132711933283,0.33143872941907876,4.370603642001677,0.009024283350019811,0.2933881523062462,1.3419305750632609,0.36024315574520704,0.7545478604994571,6.588787507848913,0.0
5088.000000577812,299.53543303447856,-304439.2943779337,59338.08500668508,-245101.20937124864,0.46009234470744254,0.5467940154519706,0.5005955427237099,0.7415278938948866,1.0186335064772898,0.8344771899205649,0.333881647196855,8.995541391252733,0.004429362448338774,0.288016802807997,1.2661291009105846,0.2771056125824032,0.7600610859382253,6.645493282874753,0.0
5089.000000578016,298.3211455344246,-305006.7232311228,59097.534183796415,-245909.18904732642,0.4615291712655365,0.5463820155550758,0.4998806477552363,0.7454826606965934,1.0616247811857082,0.8367346763751992,0.3368540286199629,7.934023172411455,0.007819288123267284,0.39747353178063966,1.3028372668742285,0.31614212048911483,0.7644996448065786,6.600618347771425,0.0
5090.000000578219,301.5385845175788,-305699.60548454104,59734.91008938501,-245964.69539515604,0.46323040139675664,0.5559532264832256,0.49894269442814004,0.7423680831324475,1.051294212258103,0.8208847299859765,0.32194203555783646,4.698093669158421,0.006730405356973349,0.332237500279246,1.285251410182132,0.30892612912565554,0.7682389257097633,6.590681645505811,0.0
5091.000000578423,297.3994751137695,-304869.83820677456,58914.95091738638,-245954.88728938816,0.4523782040906843,0.5469632660030133,0.5011864263605341,0.7526430750254214,1.0843014655334273,0.845945660622158,0.3447592342616239,9.759237991114334,0.006405511850973367,0.37591716736513714,1.3100784986174019,0.33165839050800594,0.774026788598464,6.544520381293757,0.0
5092.000000578627,297.01552762642416,-304829.21821064735,58838.89077180895,-245990.3274388384,0.45916742969127267,0.5451736618692937,0.500055538015567,0.7338529745351732,1.0590111711266417,0.8532973808749758,0.35324184285940874,4.28575208618237,0.011458341038338624,0.3195830837556385,1.357296550755481,0.3251581965914685,0.772848938289922,6.648644952743073,0.0
5093.000000578831,300.39146512205286,-305383.077172284,59507.66529395309,-245875.41187833092,0.46440490911407506,0.5419362498026477,0.5008702381683792,0.7270809980206256,1.066079926381672,0.8269767670226864,0.32610652885430724,6.2102599292702285,0.006015001780165703,0.32064327006269355,1.2698977197587895,0.3389989283610464,0.7723245429580903,6.600003984461111,0.0
5094.000000579034,298.58106627400247,-306319.122538724,59149.024582724596,-247170.09795599937,0.45856007504071616,0.5405475285463588,0.5002410575015674,0.7208843485136889,1.048579179218251,0.8303868646586833,0.33014580715711583,4.614881182004066,0.0061467485358148955,0.3613027616385476,1.2514063303863407,0.3276948307045622,0.7749309428733957,6.537420903240161,0.0
5095.000000579238,295.8769680168698,-304568.26673096744,58613.34167328497,-245954.92505768247,0.4503710082812491,0.5410727696677515,0.5008945518454305,0.7132461266942105,1.0493267605893344,0.8687185044603387,0.3678239526149082,3.1282071488324945,0.008391922761765811,0.3522423576566912,1.2840623010347219,0.3360806338951239,0.7707614799929052,6.526347930851244,0.0
5096.000000579442,299.2373481508353,-305063.9511993001,59279.0342760732,-245784.9169232269,0.45857590178125385,0.5369914901513857,0.5005977869277202,0.7178764577436425,1.0165263168544456,0.827539377197112,0.32694159026939185,5.4946561035905255,0.006151808993537853,0.3781248451949467,1.36434621232442,0.2986498591108031,0.7767967062379926,6.636952931748535,0.0
5097.0000005796455,298.604276504706,-304428.87283595046,59153.622538394004,-245275.25029755646,0.4552471948097092,0.5458323539376657,0.500731664122303,0.7467012053420579,1.0468746060317855,0.8242765727668371,0.3235449086445341,2.7124072041140415,0.007777899274371757,0.3397117728671537,1.4003469467019356,0.30017340068972764,0.7601505511455633,6.5887223251055005,0.0
5098.000000579849,298.8082315513513,-305127.65269487444,59194.02611193046,-245933.62658294398,0.4651942976286252,0.5458320553567493,0.4991120537072364,0.7395805358403322,1.0484750930233986,0.8269311788931659,0.32781912518592954,4.305350596652127,0.007366391234306916,0.3674678019810587,1.3222000615439964,0.30889455718306635,0.7668788271117357,6.631417567024101,0.0
5099.000000580053,299.71372232414484,-305588.3225397873,59373.40418384828,-246214.91835593898,0.45885583829021986,0.541984210171,0.4992877613763353,0.7604520394439973,1.074232709811481,0.8220898892942878,0.32280212791795254,1.6267485301799738,0.00785825928205167,0.3770219507468154,1.2361317871162323,0.3137806703674837,0.7618243958995485,6.552132173741814,0.0
5100.000000580257,299.30242404823656,-305471.4611665569,59291.92583648982,-246179.5353300671,0.45596962854211953,0.5483463154949391,0.500431702792075,0.7353652348618436,1.0376742661998257,0.8009852864212827,0.3005535836292077,6.126311102328667,0.012228511169133524,0.34331661680630265,1.257012426801464,0.30230903133798215,0.7668000196000637,6.545100878422161,0.0
5101.00000058046,299.5142280705639,-304422.60902180104,59333.88429514126,-245088.72472665977,0.46403057506880074,0.5444971997015564,0.5015811984281807,0.7368946818236601,1.0589828716376708,0.8216553059569569,0.3200741075287762,2.3470348289212546,0.010419379438885672,0.3848601316311019,1.3395958171200342,0.32208818981401066,0.7775725049328281,6.750180090091419,0.0
5102.000000580664,299.0743468323469,-304482.42373216944,59246.743651906705,-245235.68008026274,0.46455965177884373,0.5622446923709639,0.5008234119608608,0.7230473276742639,1.0340370159823582,0.8238675737081422,0.32304416174728146,3.9276334177345027,0.0056329812203724915,0.36350544664625084,1.3860492876540966,0.31098968830809426,0.7556997808845249,6.608554760910309,0.0
5103.000000580868,301.87462734207753,-304811.4814479742,59801.48030274504,-245010.00114522918,0.4577012279119259,0.5615486852071871,0.4999121086933109,0.7512983247373857,1.096610723995667,0.8363438451356066,0.3364317364422957,5.40684400665032,0.006729274358749746,0.3284685711825666,1.237396682235668,0.3453123992582814,0.7608055736051025,6.628610781532444,0.0
5104.000000581072,300.9513992459606,-305264.6842877534,59618.58846022423,-245646.0958275292,0.45444149404119294,0.538378993242274,0.4992104182502442,0.7471588890704828,1.0555047433853346,0.8348103347975209,0.33559991654727667,2.1951889802611473,0.0052858268298195885,0.30502413224131225,1.3490742982215307,0.30834585431485184,0.7282267812247872,6.562720481136154,0.0
5105.000000581275,302.30158468170157,-305311.6759547638,59886.06071667532,-245425.61523808847,0.46017922424531577,0.5542114251292025,0.5013161697510716,0.7237738031990109,1.065687945568083,0.8184175368009411,0.31710136704986946,2.511374181448472,0.008355235027515326,0.35885767526564416,1.3708153893889874,0.34191414236907214,0.7685228881889259,6.582532742873923,0.0
5106.000000581479,301.4590268355487,-305811.63012961764,59719.149681838535,-246092.48044777912,0.44405775570421335,0.53783941438679,0.4989604180463135,0.7491257119918426,1.0558084963490657,0.8389513767339065,0.339990958687593,4.2352224250482395,0.006654295104735662,0.38745269566698937,1.4134721248867854,0.30668278435722307,0.7522964762860536,6.62505560348815,0.0
5107.000000581683,298.70516639005706,-305373.35806153435,59173.60886365987,-246199.74919787448,0.4668446564624622,0.5485943877397848,0.5004139376638094,0.7437895790416871,1.0676316710363238,0.827911481917627,0.3274975442538176,5.505582444736694,0.0071664127465033605,0.3597272330556137,1.4102905404617743,0.32384209199463676,0.7682812793467143,6.5978746082309385,0.0
5108.0000005818865,301.57095886498524,-305381.65392808896,59741.323460113745,-245640.3304679752,0.46771213179381976,0.5367931800010028,0.5005157119354213,0.7464262780229705,1.0657638127178988,0.8318658718540148,0.3313501599185935,0.41021583400673634,0.00610379236730837,0.29510851857130005,1.3511995152429623,0.3193375346949283,0.7743765920880179,6.557439545366464,0.0
5109.00000058209,303.7219079881563,-305093.50624285266,60167.42731241188,-244926.07893044077,0.45695728612621256,0.5413057323851707,0.49927442122654947,0.7287677645384294,1.0290055152652693,0.8267625043181217,0.32748808309157224,3.043220605508697,0.0056013654685754125,0.3589861480279372,1.1461868482582125,0.3002377507268399,0.7645872297727823,6.637272515159793,0.0
5110.000000582294,298.4196879933038,-304389.34271463146,59117.055482971286,-245272.2872316602,0.45736347530778154,0.5323784590342502,0.49733939284612716,0.7437055860698951,1.040628620543277,0.82775729611605,0.3304179032699228,5.991660274701847,0.0068043665048775175,0.31406951058094656,1.222432764902498,0.296923034473382,0.7693912532094851,6.577192539108452,0.0
5111.000000582498,298.9797104464021,-305244.95373159554,59227.99614728921,-246016.95758430634,0.46533934270624133,0.5379690604500933,0.5001984783726979,0.7312240783602011,1.038893320101197,0.8307004125680986,0.33050193419540064,2.8180925016814844,0.005869554002891211,0.322878758007204,1.2555291077985324,0.30766924174099586,0.7767464203010626,6.538067591900983,0.0
5112.000000582701,298.0817541820852,-305164.61746328697,59050.1106644115,-246114.50679887546,0.4572735639537928,0.5383077406961467,0.5012134540740175,0.7209723690571224,1.0688135545803332,0.8391135116510012,0.3379000575769837,4.871168566274146,0.007875977222992834,0.35916085953421184,1.0968348569216968,0.34784118552321086,0.7715038487099903,6.670256594776225,0.0
5113.000000582905,300.03843772512425,-304706.4180702907,59437.730430232885,-245268.68764005782,0.46024008437246255,0.540845055743393,0.5027261351489396,0.7303226444109683,1.0387731321368534,0.8487887907522659,0.3460626556033263,1.4531789549574492,0.008005644979653816,0.39629483459278336,1.1353368359506892,0.3084504877258851,0.7779978550265607,6.675586219407512,0.0
5114.000000583109,298.87886026334274,-305004.4835050283,59208.017687062675,-245796.46581796563,0.4594037963517561,0.5435398115755294,0.4996059113876123,0.7488610782692775,1.0746541823604154,0.8133724608221811,0.3137665494345688,7.664506564404348,0.00771159042849228,0.3467627529300588,1.1269967007460573,0.32579310409113793,0.7708527485080716,6.6906002978941075,0.0
5115.000000583313,301.09322477357983,-304824.08930472797,59646.68415203849,-245177.4051526895,0.449402250601068,0.5423330858086697,0.5013967804273951,0.7281435471300277,1.0558713820601682,0.8357075272196706,0.33431074679227546,1.0077598979507478,0.007941797999334959,0.40239183521311284,1.111851098566159,0.32772783493014046,0.7614687190617531,6.635546315726572,0.0
