time_ps,temperature_K,potential_kJ_per_mol,kinetic_kJ_per_mol,total_kJ_per_mol,graphene_z_min_nm,graphene_z_max_nm,graphene_z_mean_nm,pyrene_height_above_graphene_nm,ligand_z_min_nm,ligand_z_max_nm,water_z_min_nm,water_z_max_nm,water_below_graphene,water_above_upper_wall,water_below_lower_wall,upper_wall_violation_nm,lower_wall_violation_nm
110.0,298.11826353566073,-307666.5874177357,59570.432665156724,-248096.154752579,0.4608184953207406,0.5372922519121497,0.4998989349929564,0.3106996964057877,0.7331766955572778,1.7941888561603843,0.7622110256530177,6.739309246906423,0,0,0,0.0,0.0
111.00000000000477,300.99938905341156,-308094.0575815118,60146.14343047357,-247947.91415103822,0.45676787715552614,0.5478796038134135,0.498429837921171,0.3332485843530849,0.7551023989822709,1.905637076180824,0.7565132860878965,6.7489808887245175,0,0,0,0.0,0.0
112.00000000000955,299.5787562852124,-307226.2653067135,59862.270488050504,-247363.99481866302,0.46299461750080795,0.5401665295486602,0.5016483909429131,0.3306130773591801,0.7241977490556826,1.8634606508336926,0.7729668742846485,6.7982235027277635,0,0,0,0.0,0.0
113.00000000001432,297.52745282366345,-307590.66721962113,59452.375994225265,-248138.29122539586,0.450625785247075,0.5557459231310613,0.5003893338901501,0.323683124719246,0.7414992855393514,1.9273368720431243,0.7670708928761716,6.6889530119249585,0,0,0,0.0,0.0
114.0000000000191,298.96774350317594,-308752.7079372108,59740.17700958268,-249012.5309276281,0.45718027049777454,0.5416372436315939,0.4996561600029915,0.3329120024398122,0.745822845632101,1.8606919599008087,0.7615042789639279,6.578635470738448,0,0,0,0.0,0.0
115.00000000002387,301.99242438586015,-308316.3086468028,60344.5732203971,-247971.73542640568,0.4634735768886795,0.5439946178025821,0.5021982771248178,0.3260979872312232,0.7248111795454957,1.8720645908886906,0.7762436943284294,6.6265248375058405,0,0,0,0.0,0.0
116.00000000002865,297.7152438658468,-307758.5041076564,59489.90067822425,-248268.60342943217,0.4621030531197228,0.5337430130148126,0.5007483247717882,0.3369005566940316,0.7259801374057027,1.9013197928037826,0.7749273668437544,6.711976570205493,0,0,0,0.0,0.0
117.00000000003342,302.59374806659906,-307769.5792786032,60464.73060830278,-247304.84867030042,0.45472128146696367,0.5374393592662408,0.5007978260788135,0.3171978766195934,0.7647624958360311,1.8839612967470103,0.7658782825485062,6.708735128349616,0,0,0,0.0,0.0
118.0000000000382,298.6452708582034,-308123.93539290596,59675.74004837183,-248448.19534453412,0.43881356549880146,0.5437194912358869,0.49967911448593405,0.33623260942025723,0.7457583636373055,1.877083176314768,0.7611023465351057,6.633514255105041,0,0,0,0.0,0.0
119.00000000004297,298.65796004825165,-309265.93976407265,59678.27562110857,-249587.6641429641,0.4528094702584555,0.5412796155848796,0.5002220895713068,0.34940709983402574,0.7554003949603398,1.8458754213792332,0.7755312493730759,6.682521007502004,0,0,0,0.0,0.0
120.00000000004775,302.90247308191294,-308954.9816040485,60526.42049780733,-248428.5611062412,0.4560149783524423,0.537165249762495,0.5014554588936969,0.32877247340640625,0.7751258879918872,1.777187466198275,0.7683653210503396,6.651907238486714,0,0,0,0.0,0.0
121.00000000005252,303.8809995842353,-307704.42377717746,60721.9511118205,-246982.47266535697,0.45998792677623346,0.5390500841565089,0.4975382134226609,0.3473357545790664,0.7436438462833621,1.7144854893595785,0.7636929077245869,6.643362800285445,0,0,0,0.0,0.0
122.0000000000573,302.5958380734243,-307453.1405954538,60465.148236560024,-246987.99235889377,0.4651834306180511,0.5511061189963602,0.5027085014508536,0.3290489092091414,0.7504677912964199,1.7629161323415836,0.7729455787135917,6.605197397441557,0,0,0,0.0,0.0
123.00000000006207,303.35735143857056,-307094.97044871096,60617.31496430106,-246477.6554844099,0.44190728694217873,0.5356046717983709,0.4964018777407936,0.31378757674777347,0.7223660144138542,1.7082450662620339,0.7564051426051606,6.7003447887034895,0,0,0,0.0,0.0
124.00000000006685,302.7033241130418,-307594.95570456097,60486.62625608669,-247108.32944847428,0.4588041463986814,0.5399667549534084,0.4994247848897568,0.3342226130091745,0.746717582536224,1.7907691707789795,0.7595106616998635,6.67800532157262,0,0,0,0.0,0.0
125.00000000007162,300.53604041796115,-307812.5470760539,60053.556420334586,-247758.99065571933,0.4600204777132699,0.5383528917800042,0.4976380704105344,0.3340313822938762,0.7186517758974205,1.7660479312215944,0.7733580317746931,6.692686030270181,0,0,0,0.0,0.0
126.0000000000764,297.81450480458943,-307660.39471079875,59509.73514592013,-248150.65956487862,0.4524474056642829,0.545835488409169,0.5022540023119384,0.3174060837002861,0.7665827030466268,1.741623760782724,0.7675580405213038,6.703867774981987,0,0,0,0.0,0.0
127.00000000008117,298.39294717477554,-308539.6748156026,59625.32035648447,-248914.35445911813,0.4606752045354492,0.5362873069858164,0.49897959267701864,0.3487619225221451,0.7601979045293525,1.7485353154901233,0.7619739579519322,6.655545801596858,0,0,0,0.0,0.0
128.00000000008595,300.0584087215652,-309301.52019002056,59958.11534781707,-249343.40484220348,0.4540852738740968,0.542257656430003,0.4985640610057537,0.3532852287569369,0.7298443084523498,1.750461358624797,0.7735314361978776,6.602286577831862,0,0,0,0.0,0.0
129.00000000009072,300.3301919734192,-308534.54953189986,60012.42347946949,-248522.12605243037,0.4617958413596739,0.5523087576559345,0.49983045548455846,0.34608163242084394,0.7330806535168186,1.7436792106684678,0.7794031596859838,6.575158438289819,0,0,0,0.0,0.0
130.0000000000955,300.50995212374903,-308232.3144407165,60048.34341877178,-248183.97102194474,0.4475507328735375,0.5333887546663085,0.4979688785487957,0.3266537321047692,0.7390991085771859,1.7505321440069634,0.7572651168475737,6.64749525135851,0,0,0,0.0,0.0
131.00000000010027,298.7571460711579,-308494.0997702908,59698.09511901113,-248796.00465127965,0.45926053215352525,0.5417351593034772,0.5002021126845917,0.33313845545643483,0.7710456385349183,1.78247723484313,0.7772899234975781,6.706579243586745,0,0,0,0.0,0.0
132.00000000010505,299.23648510563817,-308569.2452010191,59793.87735435169,-248775.36784666742,0.461366869476596,0.5418512757273812,0.4998832171448784,0.3384811005232793,0.7223481834712118,1.7183047465224504,0.7701736777618837,6.675858705239989,0,0,0,0.0,0.0
133.00000000010982,301.8459590964607,-307906.0118101598,60315.30630948572,-247590.70550067406,0.44871887762191753,0.5462529688598332,0.5000726734835486,0.3276389413215728,0.7419870590235575,1.7589708682355747,0.7717949404947255,6.653580736964123,0,0,0,0.0,0.0
134.0000000001146,303.13721457215,-307129.57167221466,60573.32688982787,-246556.24478238678,0.46405382774071935,0.5473319378442119,0.500422075909663,0.33132141845957463,0.7669208734882522,1.7521842085879165,0.7725315972187836,6.777844082601277,0,0,0,0.0,0.0
135.00000000011937,302.3752173118643,-307051.48063567234,60421.06346944385,-246630.4171662285,0.45900944281060063,0.5455838903203416,0.5005891679820355,0.32120035449103723,0.749560811088303,1.7134829516742034,0.7636324471004379,6.639465512682946,0,0,0,0.0,0.0
136.00000000012415,299.16926861339687,-307292.6413512989,59780.44605538476,-247512.19529591413,0.4540064203447036,0.5386195021179585,0.5012711130434981,0.3110084741848833,0.7452503323418664,1.7500939220766654,0.7660155518114617,6.718448567380314,0,0,0,0.0,0.0
137.00000000012892,302.96612117815226,-308569.36976168863,60539.138754603555,-248030.23100708507,0.4641083250181701,0.5358714500325639,0.49840755724013125,0.33226303179700706,0.7446397324978093,1.6543149918390108,0.7770086258012494,6.718515562176194,0,0,0,0.0,0.0
138.0000000001337,301.3529142778545,-308519.16409118613,60216.785364075164,-248302.37872711098,0.4590820037118526,0.5321266656723643,0.4994807221182906,0.33747065951253746,0.7700993494976816,1.6431479711149137,0.7790225272433942,6.662312067862395,0,0,0,0.0,0.0
139.00000000013847,300.7139597324276,-308317.90888786176,60089.10852109002,-248228.80036677176,0.45796458974311793,0.5366635401850068,0.4983893210424644,0.33290338109245804,0.7617307751643789,1.6896561682819176,0.7683599055253603,6.603714410156311,0,0,0,0.0,0.0
140.00000000014325,299.59426503377773,-309103.81799163576,59865.36946914335,-249238.44852249243,0.4520504483491579,0.5360665499032109,0.4979704709710203,0.35687137557350745,0.731697949434782,1.676529273925195,0.757486203824774,6.639529403968595,0,0,0,0.0,0.0
141.00000000014802,299.98006936950725,-308482.27396495175,59942.46146253862,-248539.81250241311,0.46151097344299163,0.5389405620741723,0.5004933713587872,0.3561995808484911,0.7237523105645387,1.7436643800776475,0.7582999529431533,6.655762914492016,0,0,0,0.0,0.0
142.0000000001528,297.35448800437445,-308241.47715678066,59417.813908029355,-248823.6632487513,0.4482942228010715,0.5443038434905372,0.5003835733840437,0.33105263183402533,0.7389159124055009,1.6922925702489757,0.7633846974756193,6.648028384988724,0,0,0,0.0,0.0
143.00000000015757,296.6459983749411,-308305.3707066071,59276.24246163901,-249029.1282449681,0.46226199116158373,0.5423078094641802,0.5005103258253443,0.32632105355983887,0.7202551775195509,1.6772305617547083,0.776060081660976,6.623813000909422,0,0,0,0.0,0.0
144.00000000016234,296.04027205843806,-308463.3866682723,59155.20533253859,-249308.18133573374,0.4649099648075845,0.5396151489929135,0.49945367047572947,0.32041228762100266,0.7242744857894738,1.7554260314525898,0.7627144589241688,6.734224232081672,0,0,0,0.0,0.0
145.00000000016712,297.53473123061684,-307570.58272986393,59453.83037627548,-248116.75235358847,0.4578987335977862,0.5534036412161711,0.5003386167198569,0.31957824253190636,0.740519244536026,1.655286222903598,0.7661815878855192,6.752329923024533,0,0,0,0.0,0.0
146.0000000001719,302.60779468435976,-308552.91881590895,60467.537424254144,-248085.3813916548,0.4456142676341788,0.5430427582033417,0.5018444101472486,0.32237002719217867,0.710230914980075,1.701064901662729,0.7657737256723376,6.762605350313137,0,0,0,0.0,0.0
147.00000000017667,300.9601702512458,-308707.1189222182,60138.306671376966,-248568.81225084123,0.4610551096102977,0.5345700230677295,0.4996934312433246,0.33156473385085,0.7696864277617959,1.776385080660079,0.7720111361817725,6.58892574992052,0,0,0,0.0,0.0
148.00000000018144,298.80174881599237,-308831.1605780027,59707.00770550058,-249124.1528725021,0.45546744984520515,0.5451543534577716,0.4998338426001008,0.3410832162912194,0.760309777945281,1.6691007304205279,0.7689864255694836,6.631613805172229,0,0,0,0.0,0.0
149.00000000018622,300.2846185480126,-308430.816290027,60003.31693015143,-248427.49935987557,0.47062441574305613,0.5387177866473571,0.5017719516626545,0.3329493956522106,0.7269004540449009,1.718785979283508,0.7614862827848787,6.676916481152347,0,0,0,0.0,0.0
150.000000000191,299.2319969933274,-308476.9765496766,59792.98053310689,-248683.99601656973,0.4542747314682618,0.5360520397748108,0.49842219612253813,0.330586828647635,0.7224386852050815,1.754965457365575,0.7668933408000598,6.661832830298481,0,0,0,0.0,0.0
151.00000000019577,302.8714438623127,-307335.56305614766,60520.22019322039,-246815.34286292727,0.4588152704008275,0.5387428854632166,0.5019665108337741,0.3507336870077983,0.756242016576266,1.7812118131736199,0.7749664993599694,6.772597935604011,0,0,0,0.0,0.0
152.00000000020054,302.9597271397869,-307708.11685838643,60537.86108839355,-247170.2557699929,0.4575913734537824,0.5390413024233371,0.4989229660159154,0.330193693775844,0.7345269512050798,1.6991696420432274,0.7498603981043868,6.645682902509591,0,0,0,0.0,0.0
153.00000000020532,301.96312471142505,-308196.3644613195,60338.71851608496,-247857.64594523457,0.46643264236773607,0.5477457878773766,0.5033507031965945,0.31603863244163843,0.7374102979644332,1.6622561038066532,0.7762757218125031,6.751055367848977,0,0,0,0.0,0.0
154.0000000002101,299.8334596722695,-307313.4597136006,59913.165695839256,-247400.2940177613,0.4507829287865759,0.5352805694047138,0.5004020850240645,0.3520526036346818,0.771935146354588,1.6628450930445098,0.76807822363428,6.631497856997165,0,0,0,0.0,0.0
155.00000000021487,298.42562876030036,-307428.79257429997,59631.85083927613,-247796.94173502384,0.45771293243211986,0.5534632758257692,0.5022792819005584,0.341624808754853,0.7535805192661247,1.6690695178665012,0.7676479390490929,6.650482120375276,0,0,0,0.0,0.0
156.00000000021964,302.46123566912996,-307406.17295732535,60438.25178490863,-246967.9211724167,0.4596400233132072,0.5428898120079637,0.5008358425705354,0.31699238225286386,0.7393413350360234,1.6957180966474326,0.7612282669533612,6.63667020869525,0,0,0,0.0,0.0
157.00000000022442,302.2557351993844,-307741.94674977474,60397.18837688239,-247344.75837289233,0.4682439543309176,0.5398774083095588,0.5012248789127152,0.30821538598729725,0.7414738865239965,1.724426965911288,0.7714207804948341,6.731636222636183,0,0,0,0.0,0.0
158.0000000002292,300.47143496467805,-307277.0490602874,60040.64686303689,-247236.4021972505,0.4565440789369877,0.537169565775212,0.49825161428832837,0.3422087560033021,0.758640745609588,1.7254856898354225,0.7629953688333289,6.741234124781201,0,0,0,0.0,0.0
159.00000000023397,299.3498274545798,-307900.8193962723,59816.52559027544,-248084.29380599686,0.46244128895429837,0.5387913330162934,0.4996688981081621,0.3336219443553699,0.7500302052779979,1.7121576976752966,0.7805940442277692,6.684330861281261,0,0,0,0.0,0.0
160.00000000023874,303.8772199668089,-308383.91890002415,60721.195863072135,-247662.72303695203,0.45504077241798413,0.5398013540442745,0.5011791285883542,0.33181248081136583,0.697647324507841,1.7251931861236933,0.7603042855553568,6.733384014013808,0,0,0,0.0,0.0
161.00000000024352,297.43102131650636,-308437.71459381655,59433.10690773667,-249004.60768607986,0.46628591537137165,0.5352283943089375,0.5002497251656151,0.3324982433858882,0.7434730257268303,1.7207662852321324,0.7610214255390195,6.688876089407259,0,0,0,0.0,0.0
162.0000000002483,299.3168141681021,-309601.97882537823,59809.92882650845,-249792.04999886977,0.44247644278334075,0.5447154572348025,0.4984709274009421,0.30161104201208555,0.7209287953855092,1.7336696946997776,0.7700568921819801,6.6283748948419685,0,0,0,0.0,0.0
163.00000000025307,301.38513484006745,-308900.9381727325,60223.22372450628,-248677.7144482262,0.45515201386610205,0.5377200227693504,0.4978197682181976,0.31408190038364936,0.7155294059717683,1.7705698811288002,0.7758736644405497,6.647475307118739,0,0,0,0.0,0.0
164.00000000025784,300.64298955026493,-309421.7856909316,60074.927154247154,-249346.85853668445,0.46509029529677814,0.5344839523686584,0.4989258524005998,0.3182559623454198,0.7463869760456312,1.7313401764805976,0.770235792014093,6.668088204727752,0,0,0,0.0,0.0
165.00000000026262,299.2326923935977,-308634.4587962362,59793.11948901816,-248841.33930721803,0.4600678137340184,0.5420042837459818,0.5015171648943364,0.3322529637794188,0.7201238897037927,1.8082140603880479,0.7735965794481641,6.648844183086535,0,0,0,0.0,0.0
166.0000000002674,301.90386053119687,-308882.89774781,60326.876259874734,-248556.02148793527,0.46396159078339316,0.5519504746330988,0.5031813111461997,0.33013969326185266,0.7349699027501195,1.8329038006992526,0.7729406162190369,6.773823648232991,0,0,0,0.0,0.0
167.00000000027217,298.1910880676324,-307560.0229383223,59584.98457092304,-247975.03836739925,0.47022568551107424,0.5478845242840166,0.5033568505553739,0.34254930457221167,0.7560832440354059,1.7991356415617936,0.7652506992984058,6.69202629435938,0,0,0,0.0,0.0
168.00000000027694,300.14343634019156,-308426.40777343605,59975.10569242055,-248451.30208101548,0.4583179078492914,0.5428693659392714,0.49956047723287256,0.3479864289727487,0.7419709374095262,1.8015749158766727,0.7671952504147939,6.639742517133058,0,0,0,0.0,0.0
169.00000000028172,300.2951551842717,-308349.95661689946,60005.42237640402,-248344.53424049544,0.45789347291840965,0.538526432194713,0.5021099052333314,0.31963423734529306,0.7703346590155318,1.799588541423919,0.781210628907612,6.664016408910541,0,0,0,0.0,0.0
170.0000000002865,298.74485363927965,-308392.07796098804,59695.63882707917,-248696.43913390886,0.4530129771240876,0.5330518862003881,0.49722677796075687,0.35628625948106907,0.7695043704147144,1.7935148871669568,0.7608287511394884,6.781879506355111,0,0,0,0.0,0.0
171.00000000029127,300.62230988054114,-308002.694169899,60070.79491203493,-247931.89925786405,0.46559252694260067,0.5409704907225645,0.49978855690930557,0.3387560861374388,0.7735937115029312,1.769905855744856,0.7801839054010404,6.809606897321089,0,1,0,0.009606897321089214,0.0
172.00000000029604,302.355225180814,-308319.09743703064,60417.06861222698,-247902.02882480365,0.4577957017338825,0.5524784071752578,0.5007310587699664,0.33537954343895837,0.7330435338653523,1.7221847429255774,0.7603567630367323,6.716016798467443,0,0,0,0.0,0.0
173.00000000030082,300.9379878531396,-307926.12143081473,60133.87415175517,-247792.24727905955,0.4507075017516877,0.551157865662093,0.4999725705729596,0.31671730042187934,0.7506018031122945,1.6674740357829427,0.7730274777225707,6.724519685174858,0,0,0,0.0,0.0
174.0000000003056,299.8630436265091,-307274.96224493766,59919.077205362686,-247355.885039575,0.46222136608020925,0.5419848924780357,0.49920809657393456,0.3480406957891819,0.7301826193393204,1.6770392753310794,0.771038352654931,6.674768345300215,0,0,0,0.0,0.0
175.00000000031037,301.4059789274112,-307610.79228005,60227.38882089069,-247383.4034591593,0.4567400809338206,0.5377505057252225,0.5012720320610405,0.3288741903626987,0.7174870283381196,1.6033885235871175,0.751298451232552,6.6690341996147,0,0,0,0.0,0.0
176.00000000031514,300.78921148468265,-308780.5604897593,60104.14543760589,-248676.41505215343,0.4648407746830383,0.5456932749749575,0.5025928678033957,0.3180695520216271,0.7146618631364845,1.7035122927561233,0.7753697649344355,6.643712774371139,0,0,0,0.0,0.0
177.00000000031991,295.77840447291976,-308823.5786115248,59102.878564009574,-249720.70004751522,0.46835112196798345,0.5431682653771048,0.500422644378555,0.3224117971614804,0.7467926872266144,1.7679689474385647,0.7781793232696934,6.627019913351528,0,0,0,0.0,0.0
178.0000000003247,298.7624116703177,-308734.9153038785,59699.14729882887,-249035.7680050496,0.45723391726201434,0.5395056921382047,0.49969013985044275,0.33758437427238674,0.7629425085079102,1.7338536978774883,0.7764650781661828,6.566727023616295,0,0,0,0.0,0.0
179.00000000032946,299.711453055967,-308424.39917314006,59888.78615318745,-248535.6130199526,0.4572052115025729,0.542518403491183,0.5006378523442431,0.3250265544964026,0.7457445760856247,1.7561876993496188,0.7697538390516971,6.688767940817833,0,0,0,0.0,0.0
180.00000000033424,298.81706244475794,-308812.2183551276,59710.06769746625,-249102.15065766138,0.4662998785315642,0.5373063673684486,0.5011516551617956,0.34227764105937064,0.7375314017568435,1.652856695506343,0.7815251319026861,6.705448350553127,0,0,0,0.0,0.0
181.000000000339,297.5911662721545,-308522.23568985704,59465.10730980516,-249057.12838005187,0.45572083435250654,0.5532335521289209,0.502318787523361,0.34523464623442224,0.7620648943735802,1.542731975272872,0.7778074526393404,6.706429228305282,0,0,0,0.0,0.0
182.0000000003438,301.3952000532252,-308143.10581999365,60225.234970297,-247917.87084969666,0.46132782379322923,0.5375125590204224,0.5014417527548899,0.3422095488983047,0.7415875743080385,1.5947588759580817,0.7599703549694174,6.6960276738246876,0,0,0,0.0,0.0
183.00000000034856,301.169973978627,-308136.35614974936,60180.229962713216,-247956.12618703616,0.4569073368158456,0.5388615855600962,0.49835158725368944,0.31944093858574796,0.7343740778346248,1.5369698176157272,0.7730237598856817,6.7253876761083475,0,0,0,0.0,0.0
184.00000000035334,300.61183710028814,-308398.38165827235,60068.702225583984,-248329.67943268837,0.45207445046734573,0.533463946507867,0.4983896998102216,0.34387325970111154,0.7231242236565159,1.6086278301837176,0.7627038428805739,6.676533616979654,0,0,0,0.0,0.0
185.0000000003581,302.26817612867353,-308062.0471347808,60399.6743417868,-247662.372792994,0.45115378647840443,0.5463881579830678,0.5018837237499991,0.34663053563448587,0.7495369734650996,1.6104121323733471,0.769195263474657,6.601930099985907,0,0,0,0.0,0.0
186.0000000003629,300.6311149089148,-308448.5612698118,60072.55434583689,-248376.00692397493,0.4568880989772097,0.539514837614893,0.49924726170391587,0.32677205966734,0.7336624053362559,1.5583525712284754,0.768613411231958,6.594602239362686,0,0,0,0.0,0.0
187.00000000036766,300.9507575271256,-309535.64255878376,60136.42580691147,-249399.21675187227,0.44742934005144175,0.5480724581308545,0.4993511403160558,0.3291267833020968,0.7366717997195575,1.5545540620142262,0.7726676535003181,6.702702471431984,0,0,0,0.0,0.0
188.00000000037244,296.60632484000956,-308278.1549262325,59268.31483716811,-249009.8400890644,0.4525205973132831,0.5478857584976051,0.4982377587921041,0.3112957604676294,0.7370751612975646,1.5839473039513403,0.7684288827155008,6.697604995879473,0,0,0,0.0,0.0
189.0000000003772,299.54515652980933,-308117.88250473235,59855.55653519479,-248262.32596953755,0.4656985944772196,0.5398154450649812,0.4991269466837011,0.33149080416334703,0.7269619739481006,1.5346153946526777,0.7697494424325679,6.759342814761112,0,0,0,0.0,0.0
190.000000000382,300.1635271230117,-308285.95771027356,59979.12026238008,-248306.8374478935,0.4574516615243098,0.5433198009370948,0.5014361699219193,0.3441069765904562,0.7333190933826614,1.531408222904048,0.7652174848690121,6.729657295663074,0,0,0,0.0,0.0
191.00000000038676,299.5386059299716,-308795.5355300284,59854.247584639656,-248941.28794538876,0.458127455316216,0.5438665389800583,0.5000259415905077,0.3468392256041464,0.7478946937980773,1.5463144766062047,0.7827281392542071,6.747397269601649,0,0,0,0.0,0.0
192.00000000039154,303.41689432383106,-308890.1520591518,60629.21291176335,-248260.93914738845,0.4640401505752152,0.5367276603126689,0.5006927885642904,0.3288156224832255,0.7373434744571252,1.5460973922175443,0.7571562186678555,6.774049078673016,0,0,0,0.0,0.0
193.0000000003963,299.9296119833033,-308212.99358497,59932.37899294526,-248280.61459202477,0.46144148237686844,0.5395237267635684,0.5017521153239782,0.3278103708347495,0.7507700091103544,1.5300660651415718,0.7754246884990774,6.703639984117048,0,0,0,0.0,0.0
194.0000000004011,301.1810563187512,-308856.77213934204,60182.44445231982,-248674.32768702222,0.4672273905659097,0.5327876788974394,0.49871281127682887,0.34242154893256305,0.7268085533092541,1.6166103520166857,0.7794950742238971,6.609316339304984,0,0,0,0.0,0.0
195.00000000040586,296.45355209252966,-308705.46549477335,59237.78756064742,-249467.67793412594,0.4512295709087999,0.5394805909408138,0.4994918673522192,0.34518600226544816,0.7432858311634214,1.582792611308676,0.7690560157949204,6.707408507873957,0,0,0,0.0,0.0
196.00000000041064,300.0813848954626,-309099.03402325185,59962.70648089234,-249136.3275423595,0.44635778870357035,0.5404134857585774,0.4990261726344038,0.34555504087246364,0.7252051382037843,1.5871122742640544,0.7603708997690379,6.714656762107744,0,0,0,0.0,0.0
197.0000000004154,300.66960944640044,-308814.8640200654,60080.246381293124,-248734.6176387723,0.45803303606598433,0.5377434645945662,0.5009391594933394,0.31884363335280974,0.7355061828241456,1.6867375394834219,0.7632759464315555,6.662777117952132,0,0,0,0.0,0.0
198.0000000004202,299.658819637646,-308719.2931021787,59878.268865635706,-248841.02423654302,0.4563327530103445,0.534614447210072,0.498289111657438,0.33550694183460944,0.7355379464598102,1.728063222530262,0.7706433523649466,6.633339655586894,0,0,0,0.0,0.0
199.00000000042496,300.650484430609,-309546.1473415969,60076.424792330705,-249469.72254926618,0.4534223353519691,0.5405175855560884,0.5025040658467389,0.3389925577991928,0.746384030312472,1.7852007586145824,0.7742693064994786,6.610500181115114,0,0,0,0.0,0.0
200.00000000042974,298.843741897539,-309592.38770000683,59715.39882520928,-249876.98887479753,0.45993124370088445,0.5490329771318212,0.49998263605311205,0.34761606200949396,0.7415518977376916,1.8472294354970202,0.76231835119364,6.680464749651276,0,0,0,0.0,0.0
201.0000000004345,299.64259386176957,-309490.71001399634,59875.02660708428,-249615.68340691208,0.4612426367133464,0.5374320581928806,0.4987303915140572,0.32241176060694354,0.7325890260835308,1.8227518004669072,0.7725486800582941,6.700663063392085,0,0,0,0.0,0.0
202.0000000004393,298.7482925227482,-309798.8017992154,59696.32598986376,-250102.4758093516,0.45252321320187683,0.5424625223737785,0.4994152897515145,0.3433679238482641,0.7421719875704138,1.8264164787675625,0.7565779489023914,6.721898900640454,0,0,0,0.0,0.0
203.00000000044406,302.3943112595378,-308826.9542676178,60424.87885032896,-248402.0754172888,0.4601156028320066,0.5351147309559234,0.5012027634081798,0.34494110017069957,0.7314590717189571,1.718733567996301,0.7700228355465981,6.7294680391744635,0,0,0,0.0,0.0
204.00000000044884,300.3895455584138,-308623.94657008257,60024.28360067248,-248599.66296941007,0.4492040258639328,0.5479878345533855,0.49907442671225444,0.32859368170783565,0.7431531791145751,1.7613121744018514,0.7617535792012387,6.759502212937392,0,0,0,0.0,0.0
205.0000000004536,297.97922049827173,-308060.35904905386,59542.64887962777,-248517.7101694261,0.46644804389075833,0.5495941589401752,0.5027166414665839,0.3395161314362617,0.722548955452742,1.728198457737573,0.761599918881096,6.673518181215727,0,0,0,0.0,0.0
206.00000000045839,298.03747145298894,-308424.1101059634,59554.28867161672,-248869.8214343467,0.4584200416834494,0.5474702118943271,0.49966925796056605,0.325022760683657,0.7509142398902657,1.717973781778575,0.7617229289469196,6.711476743830424,0,0,0,0.0,0.0
207.00000000046316,302.5042121961392,-308881.7637773091,60446.83941814525,-248434.92435916385,0.46361168232183303,0.5457039375195141,0.4983186481585799,0.32290902381468095,0.7480851193792297,1.7301686122044977,0.7726972244711492,6.719466255314373,0,0,0,0.0,0.0
208.00000000046794,299.8442824861063,-308360.6006799238,59915.328326519,-248445.27235340478,0.4609181549910093,0.5449106517969522,0.5030566974202637,0.32975651839666875,0.7664499697147953,1.746866097492778,0.7754150537514573,6.716373514044015,0,0,0,0.0,0.0
209.0000000004727,298.14635964575496,-308288.4542145729,59576.04687146087,-248712.40734311205,0.4621903496438957,0.5504536770432962,0.5022747786269387,0.3281444172909723,0.7836957069876913,1.7607210480156645,0.7795461362904952,6.748798926061497,0,0,0,0.0,0.0
210.00000000047748,299.40385922284247,-307366.838934442,59827.32229818223,-247539.5166362598,0.45128274312651495,0.5433956377174326,0.5004003240394866,0.32909848497957495,0.7327245080788529,1.7711068840578932,0.7461720958232121,6.7246268013685295,0,0,0,0.0,0.0
211.00000000048226,296.8491592847472,-307370.10476579424,59316.83837533535,-248053.26639045888,0.4620235023073196,0.5381882894919485,0.49971478834513844,0.37445029437470184,0.7481641781133478,1.747441456753883,0.7479135853249472,6.629694561761028,0,0,0,0.0,0.0
212.00000000048703,301.72419803669607,-308403.14146193955,60290.97583430476,-248112.1656276348,0.449186518660869,0.5376805879283904,0.4998853816260339,0.3398170644961498,0.7722049612961435,1.8896314025388792,0.760922954562048,6.7326288689448575,0,0,0,0.0,0.0
213.0000000004918,302.2067779252685,-307901.1888680537,60387.40566190679,-247513.78320614694,0.4601185200138538,0.5605864674587977,0.5015429170773404,0.33038190719140625,0.7797015868874637,1.9590700723806638,0.7695270911232637,6.681536743178427,0,0,0,0.0,0.0
214.00000000049658,302.0259995218472,-308541.42363577476,60351.282253764664,-248190.1413820101,0.4619911086571795,0.5453723905107317,0.501018883920168,0.3269455825884332,0.750973544521738,1.8694248525482955,0.7667367568343231,6.710340790929138,0,0,0,0.0,0.0
215.00000000050136,299.573746935604,-308304.11955075245,59861.2695123974,-248442.85003835504,0.4601339544018499,0.5436493580733099,0.5014921160301508,0.3332640645353664,0.7594231662994524,1.8452421822469773,0.7724673346124344,6.739586407280143,0,0,0,0.0,0.0
216.00000000050613,299.36829110017936,-308217.6299804612,59820.215023267236,-248397.41495719398,0.45501222210695946,0.5361721311293515,0.49830247521492854,0.3376033297672332,0.7484725057661183,1.8974621485066478,0.7679362005546029,6.704886564222917,0,0,0,0.0,0.0
217.0000000005109,300.06930089681225,-307662.6969375992,59960.29183839647,-247702.40509920276,0.4587528502373983,0.5419338110073042,0.5008964102861944,0.3406432619153983,0.7063615038439757,1.9065249266830406,0.7593217811342345,6.737944432373453,0,0,0,0.0,0.0
218.00000000051568,300.5476132729499,-308254.69243267644,60055.868925347444,-248198.82350732898,0.4567808363225341,0.5537248496436522,0.5009859222547856,0.33654469542940746,0.7361187859881433,1.8975382789173114,0.7760908061925744,6.739227568591701,0,0,0,0.0,0.0
219.00000000052046,301.1232388164977,-308745.39537624456,60170.891273443725,-248574.50410280083,0.46048016017868676,0.5373835815779557,0.49842378479588934,0.34143768354905035,0.7195137805415963,1.884007013771285,0.7717533525494833,6.701674834313891,0,0,0,0.0,0.0
220.00000000052523,295.30639753311925,-308647.5912069464,59008.561438680175,-249639.02976826625,0.4523683483718578,0.541248174073683,0.5014704560742921,0.33054622595464667,0.743803643843691,1.9598104377427674,0.7659809189346483,6.712786844797165,0,0,0,0.0,0.0
221.00000000053,298.56580229359713,-309033.47589322506,59659.860522170624,-249373.61537105445,0.4579892662461953,0.5315565267915119,0.49906106820622437,0.3137932670564117,0.7246004569313058,1.889635708743537,0.7632328651311919,6.661805438754712,0,0,0,0.0,0.0
222.00000000053478,297.1317514279971,-308744.46853086166,59373.306355664754,-249371.16217519692,0.4593267330276838,0.5473507380097544,0.5003230208723976,0.3303337738354958,0.7566130410953598,1.8870397525795664,0.7650117805994876,6.712441153285226,0,0,0,0.0,0.0
223.00000000053956,300.7306521258522,-309050.7390684048,60092.44401985056,-248958.2950485542,0.46232770392734857,0.5399539186530795,0.4965380210234841,0.3283689892118391,0.7404202485594329,1.8830282562965106,0.7639369216674741,6.670701532253819,0,0,0,0.0,0.0
224.00000000054433,299.43218094559376,-308737.2964641298,59832.98158674143,-248904.3148773884,0.4613004382380872,0.5475286820020047,0.5014244170752435,0.326437045807626,0.7224039156121673,1.919455753947684,0.7732946115655057,6.665989912437059,0,0,0,0.0,0.0
225.0000000005491,300.3115048090885,-308687.6481951736,60008.689382634024,-248678.95881253958,0.45525217078575575,0.542507629172146,0.49851109143565353,0.32535561878739305,0.7546970749963116,1.9732905352253418,0.7772344719426805,6.691522590459053,0,0,0,0.0,0.0
226.00000000055388,299.09056195059674,-307715.67515369784,59764.71877353014,-247950.95638016768,0.46566285150144004,0.5380896248513647,0.4998426772143239,0.3269114514777675,0.7219363645459538,1.8834038313326822,0.7660631948363328,6.660080446673223,0,0,0,0.0,0.0
227.00000000055866,298.1395366220884,-307306.8396942108,59574.68348477304,-247732.15620943776,0.4604621883763569,0.5415384748778889,0.5004656844556173,0.35525279283307964,0.7731665013704401,1.9748975159266742,0.7839082953177252,6.710109191327572,0,0,0,0.0,0.0
228.00000000056343,301.03445767851554,-308692.643257855,60153.15089504698,-248539.492362808,0.458657125185411,0.5424691687399115,0.500096478008891,0.3087010346063833,0.7306512987772926,1.9488065063901203,0.767531683529068,6.628809424906905,0,0,0,0.0,0.0
229.0000000005682,300.87289606498405,-308392.2612711182,60120.867414303444,-248271.39385681474,0.45978475824897647,0.5367104959361702,0.4970702038827071,0.3167513702630676,0.748955158099907,1.9631820946289982,0.7686432602447392,6.698089861958195,0,0,0,0.0,0.0
230.00000000057298,299.91975964972926,-309118.3165249713,59930.410285068036,-249187.90623990324,0.45935972949040593,0.5393327816483353,0.4993923361576392,0.31859363177209,0.7326872030464422,2.0017746469860853,0.7692720523533332,6.6117199718921285,0,0,0,0.0,0.0
231.00000000057776,303.3523073636004,-308666.2956042215,60616.30704977477,-248049.98855444675,0.45673452320306307,0.5395087705795634,0.4992098457521547,0.34753028206090525,0.7336023300665584,1.891359241879215,0.7711970135191102,6.6378126584653465,0,0,0,0.0,0.0
232.00000000058253,298.35366046229126,-307630.49619731493,59617.47002744752,-248013.02616986743,0.4644201517964097,0.5459511845931522,0.4996180330318761,0.32870904254745875,0.7412820451966903,1.879485492895383,0.7690663922991922,6.643124906769842,0,0,0,0.0,0.0
233.0000000005873,301.2175526406728,-308046.0661132764,60189.73720138448,-247856.32891189193,0.45871996973859175,0.5478616672227474,0.5004383358654984,0.30206302560186127,0.7611792013661818,1.8721149915308146,0.7756618986425297,6.6512565850153855,0,0,0,0.0,0.0
234.00000000059208,301.4956044547915,-308283.1492623091,60245.29792642674,-248037.85133588233,0.4540564649155807,0.5392391930317455,0.5010538956282046,0.3291985115080923,0.7716276552006711,1.8046155389426666,0.7732241131308575,6.733188556334554,0,0,0,0.0,0.0
235.00000000059686,303.1095483696109,-309211.803213255,60567.7985882877,-248644.00462496732,0.45886433333465004,0.5410927634532001,0.4999360470929365,0.337134312206289,0.7371375347222244,1.7488347558307549,0.775467616867699,6.6296733188821975,0,0,0,0.0,0.0
236.00000000060163,301.974804173634,-308788.49347158615,60341.05232351036,-248447.4411480758,0.46492106679940104,0.5417012873838356,0.5009554490399428,0.3165366289122913,0.754751479995937,1.6907122648495019,0.7598998140802777,6.64250968268891,0,0,0,0.0,0.0
237.0000000006064,300.5554265020578,-308362.48959416384,60057.43017635216,-248305.0594178117,0.45815172942075555,0.5411979735116219,0.501030851945518,0.34048192370439145,0.7130831493248064,1.657121449318531,0.7774280841431302,6.637659351468173,0,0,0,0.0,0.0
238.00000000061118,301.11005032623495,-308092.2554299729,60168.25592979912,-247923.99950017378,0.45644948753182035,0.5380300481948144,0.4991567282827884,0.33138491821149746,0.7522996805003608,1.6006475837416119,0.7650541877759913,6.585881050386277,0,0,0,0.0,0.0
239.00000000061596,301.1205218545781,-307840.23861760646,60170.348366091566,-247669.8902515149,0.46247884748736956,0.5401858045645671,0.5008895077994971,0.345176012796129,0.7350325965957012,1.6070221750158655,0.7701801296252473,6.727112000886663,0,0,0,0.0,0.0
240.00000000062073,301.419502213388,-308114.955202193,60230.09106391042,-247884.86413828257,0.4568885416862152,0.5356846532502155,0.4996813454665269,0.3566395387999171,0.7382759916442669,1.5285122399221622,0.7691658968281025,6.642037934738781,0,0,0,0.0,0.0
241.0000000006255,298.63695354564214,-308066.9343972984,59674.078070665375,-248392.85632663302,0.45624664076476273,0.5335973351039573,0.49937037303018345,0.3355538790059737,0.7549816679678543,1.5663127115478943,0.7491252073491701,6.646413965512252,0,0,0,0.0,0.0
242.00000000063028,299.8785149837385,-307772.341189106,59922.16871486345,-247850.17247424254,0.4589763351539724,0.5397210641519647,0.5009121568412092,0.33093852441390936,0.744866689981821,1.614349182104668,0.7749607563028749,6.658705065543003,0,0,0,0.0,0.0
243.00000000063505,301.02276257715425,-308523.78709761426,60150.81396258302,-248372.97313503124,0.46507773284181386,0.544214630471739,0.5034140927432893,0.3248914133107247,0.7553715893350663,1.5567440600529743,0.7773959924366789,6.690498342884524,0,0,0,0.0,0.0
244.00000000063983,298.97764098270505,-308596.7469764007,59742.154738591475,-248854.59223780927,0.4547414397495819,0.5385881814784348,0.49948165240503606,0.32520870851611583,0.7259515645790495,1.5831413880152851,0.7581224760497811,6.729165923394362,0,0,0,0.0,0.0
245.0000000006446,299.07274734652736,-309223.36288634874,59761.159032977564,-249462.20385337117,0.4614704433024439,0.5310108215630898,0.5003846574563177,0.3585298040940613,0.742979068453181,1.5964677057999808,0.7662090692961505,6.685972166748101,0,0,0,0.0,0.0
246.00000000064938,301.761680434967,-308344.79701001476,60298.46562260503,-248046.33138740974,0.45692368730634714,0.5394372253808921,0.49866692476043656,0.316043222420706,0.7558843664419541,1.62492972546314,0.7706145170178278,6.62662845337201,0,0,0,0.0,0.0
247.00000000065415,298.61377036189134,-308276.44737820094,59669.44557257481,-248607.00180562615,0.4624740896532398,0.5389394340589515,0.5023988573105219,0.34102592332285075,0.7746244681459067,1.6968862028016378,0.7740636758749311,6.6346480813507185,0,0,0,0.0,0.0
248.00000000065893,302.6258277728969,-308548.8958823574,60471.140822696456,-248077.75505966094,0.45246492417179507,0.5341731419920954,0.4986077358251583,0.35028950580081636,0.7342213307487588,1.6880988707003368,0.775770905586529,6.63269486986205,0,0,0,0.0,0.0
249.0000000006637,303.2466161123485,-308515.89657358173,60595.18766751577,-247920.70890606596,0.45947388135460265,0.5401095156435265,0.5014509782829051,0.33772842249256885,0.7481884612964809,1.7740389616090404,0.7747045358782216,6.764219081908891,0,0,0,0.0,0.0
250.00000000066848,302.97967971035587,-309110.46626405,60541.848040576486,-248568.6182234735,0.46191454359909434,0.5389068179302496,0.501674504943229,0.339225083704078,0.752723323761094,1.583553701131187,0.7706538618986958,6.710240474398169,0,0,0,0.0,0.0
251.00000000067325,299.67053210509664,-308166.3126283339,59880.60926821734,-248285.70336011657,0.46079942146434894,0.5439227768437016,0.5003354405675061,0.32842635466432046,0.7232477919218372,1.5742036270815234,0.7768402729334545,6.735488378747,0,0,0,0.0,0.0
252.00000000067803,299.19604406326243,-308197.5518261823,59785.796365407296,-248411.755460775,0.44898615759672644,0.5511175761914284,0.500693958739882,0.3464743608697447,0.7562995680374867,1.7157850230034286,0.7658208243409792,6.731447874276469,0,0,0,0.0,0.0
253.0000000006828,300.9815828138227,-308251.0469067171,60142.58536132386,-248108.46154539328,0.45811698788242516,0.5338191430320935,0.5000346039128953,0.34191301411843944,0.7487540402117077,1.762211200089713,0.7795717556398234,6.707591731943069,0,0,0,0.0,0.0
254.00000000068758,301.0850644451531,-307628.7721470548,60163.263214059676,-247465.50893299512,0.46120497704861063,0.5522084507283651,0.499191118127571,0.33807592015955246,0.7252115108839972,1.7616396146810658,0.7707676532055103,6.6757067668074015,0,0,0,0.0,0.0
255.00000000069235,298.7932194431397,-307700.6918130717,59705.30335359282,-247995.3884594789,0.46317485335711583,0.5416053180628566,0.5008145289459529,0.32373070911746604,0.7563150716764557,1.6325747229010972,0.7738608762541155,6.729275283649418,0,0,0,0.0,0.0
256.0000000006971,301.19553247585435,-307403.8046516394,60185.33709945837,-247218.46755218104,0.45936903957748587,0.5454562697628749,0.5038202464566636,0.32672546869821095,0.7488989484845856,1.6906730395723528,0.7759338686177681,6.679835612289253,0,0,0,0.0,0.0
257.0000000006735,298.0207889960596,-307743.24260730017,59550.95515838136,-248192.2874489188,0.45273808238021784,0.551831357134513,0.499189854310786,0.3642269184296283,0.7567773470835503,1.596991878408783,0.7728694650609713,6.7699766918643505,0,0,0,0.0,0.0
258.00000000064983,302.41579909845285,-308187.6903698691,60429.172582105166,-247758.51778776397,0.4512955976976558,0.5471881664055505,0.4977721523423979,0.36162388151093694,0.7319609422616695,1.6060218093754983,0.7571920032672219,6.625271338660479,0,0,0,0.0,0.0
259.0000000006262,301.8132916326442,-308102.83708515856,60308.77864851473,-247794.05843664383,0.4529423997155735,0.5323029538431019,0.49804294705655927,0.3459439180707973,0.7536592801420934,1.4893079088575725,0.7493788307754201,6.691044630448133,0,0,0,0.0,0.0
260.00000000060254,300.6802896982731,-308088.0051921173,60082.380525030174,-248005.62466708713,0.46323095423603267,0.545130376579039,0.4992264291734222,0.35572219930791926,0.7499851825170953,1.5285841318667783,0.7709776186949697,6.652793689781944,0,0,0,0.0,0.0
261.0000000005789,300.00381414294714,-308351.4493058049,59947.206178312066,-248404.24312749284,0.45172033048643057,0.5404292137751945,0.501980568053828,0.34682004215194884,0.7591687450006661,1.5013889888478253,0.7618192304212554,6.633749245888907,0,0,0,0.0,0.0
262.00000000055525,304.1586968104672,-308589.4782589888,60777.440982586384,-247812.03727640244,0.45403097527627434,0.5453697305831993,0.49901144522981933,0.3472117611803013,0.7398514463010599,1.5716105699428697,0.7666952873111175,6.631713983527227,0,0,0,0.0,0.0
263.0000000005316,301.95810024545983,-308462.8652994712,60337.71451985907,-248125.15077961213,0.4654959334905211,0.5427007827948245,0.5006868683335576,0.3433521893118835,0.7272276333486825,1.592064161633651,0.7730748547514938,6.582663425581245,0,0,0,0.0,0.0
264.00000000050795,302.9102123166265,-308027.31692180736,60527.96696314265,-247499.3499586647,0.45972867796016104,0.5345482965663821,0.5008497050691758,0.33966391963773623,0.7309166451250064,1.5014460886544398,0.7730306431290206,6.63999871340522,0,0,0,0.0,0.0
265.0000000004843,300.0305269781082,-308240.2092090831,59952.543976571666,-248287.66523251144,0.4539694141216928,0.5423113241319042,0.5009974952590776,0.3261055040861899,0.7222262260989396,1.5739876052733512,0.7694015939991115,6.801758680877327,0,1,0,0.0017586808773275564,0.0
266.00000000046066,299.3188519802761,-308785.66813587956,59810.33602515323,-248975.33211072633,0.46086118795590725,0.5348789713578728,0.49891108094458675,0.3365594165765284,0.7372105029626104,1.5883190501739683,0.7699668373679072,6.650659298893601,0,0,0,0.0,0.0
267.000000000437,295.96402912705565,-308609.7054616017,59139.97035714244,-249469.73510445928,0.4514383343609225,0.5507818731069563,0.49867414844542657,0.3469126308453606,0.7355001008919535,1.5020375116179494,0.7661577368972239,6.720319393147832,0,0,0,0.0,0.0
268.00000000041337,297.6401510191018,-309176.90672263457,59474.895514442585,-249702.01120819198,0.46208711518466217,0.5380579658954012,0.5001463413343021,0.34603470819121895,0.7669828184345384,1.5840857924949105,0.7582372297908959,6.786193520829585,0,0,0,0.0,0.0
269.0000000003897,299.7711987615674,-308346.07283554645,59900.72462851026,-248445.3482070362,0.46072367428460925,0.5421116541913165,0.5000626221432105,0.32336410922276193,0.7415585333078543,1.5306926520900532,0.7629122730184903,6.666420563409886,0,0,0,0.0,0.0
270.0000000003661,299.65511436455773,-308742.3503485271,59877.52847248303,-248864.82187604404,0.46028015646536424,0.5502148039785499,0.5014195971170985,0.32576245282939165,0.743061767561187,1.5513823218258818,0.7690115428215805,6.636989202091733,0,0,0,0.0,0.0
271.0000000003424,300.3461776870487,-308697.975130097,60015.61776842743,-248682.3573616696,0.45821324537764374,0.5481216786177772,0.4996468050992013,0.33389822935173546,0.7662933678108388,1.5596054459001145,0.7707026497643081,6.651484968037673,0,0,0,0.0,0.0
272.0000000003188,299.46881152694647,-309010.3993550828,59840.30116372433,-249170.09819135844,0.46024998337436696,0.533692188278561,0.4968513591472145,0.336230230372715,0.7297852940097673,1.5060859202868464,0.7635937852415449,6.564391191724848,0,0,0,0.0,0.0
273.00000000029513,299.73074623393205,-308331.2661359925,59892.6413445643,-248438.62479142818,0.4563372038951812,0.5402111429650455,0.4989439918417162,0.3322164490568204,0.7352058579470899,1.5444597340084805,0.7627903249669807,6.647837130633121,0,0,0,0.0,0.0
274.0000000002715,297.7478675405407,-308392.900725564,59496.419589187964,-248896.48113637604,0.465392082358442,0.5348903894598518,0.4977181640444572,0.3485970004743785,0.7411229024895561,1.528701872609087,0.7740723577559452,6.591918155314829,0,0,0,0.0,0.0
275.00000000024784,297.3032264095053,-307807.81520066503,59407.57074027022,-248400.2444603948,0.4601642522682574,0.5460823179995654,0.5014126500891831,0.3314099392124513,0.7479378411263227,1.623124946660619,0.76842775962362,6.60669825567166,0,0,0,0.0,0.0
276.0000000002242,299.66739490372316,-308230.70350940153,59879.982387995515,-248350.721121406,0.46301313273808287,0.5355693134369068,0.49928623222943397,0.3336236908580927,0.7409971347825945,1.5660222171406488,0.7597857471269105,6.663563814440884,0,0,0,0.0,0.0
277.00000000020054,298.4043155728156,-308586.93396203173,59627.59200660723,-248959.34195542452,0.46186416049766255,0.5408262364127481,0.5009317372596171,0.32566818724381363,0.7271356519709644,1.5962341597125196,0.772572866681144,6.72833949026878,0,0,0,0.0,0.0
278.0000000001769,299.7437062242374,-309177.1017508479,59895.23102900922,-249281.87072183867,0.46121513553360516,0.5419830299533253,0.49927151883156784,0.3491060828328322,0.7998439811037716,1.585608617641233,0.7696496300552611,6.651323328663983,0,0,0,0.0,0.0
279.00000000015325,300.2716179831757,-308064.40954604745,60000.719138043554,-248063.6904080039,0.4673137543768071,0.5454290053030935,0.5006139876871233,0.32296034472359525,0.7613114323740522,1.6333599135216987,0.770224449240207,6.7264701636074165,0,0,0,0.0,0.0
280.0000000001296,298.4866934566024,-307943.0599198113,59644.05287727318,-248299.00704253814,0.46807181626268535,0.5408435940837872,0.5031084003865619,0.3007283229665939,0.7448907621548546,1.5948075130014105,0.7449321172389376,6.741017959360562,0,0,0,0.0,0.0
281.00000000010596,300.4646968192922,-308188.1497090473,60039.30043685275,-248148.84927219455,0.4622769518844807,0.5390589072345549,0.49874473446217255,0.34433927056831365,0.7567465368474129,1.5765337863292954,0.775792693135946,6.806063697844607,0,1,0,0.006063697844607141,0.0
282.0000000000823,297.1947872580712,-308186.4671478374,59385.90226852963,-248800.56487930776,0.4652845795452607,0.5358884158284294,0.49938364566599047,0.33651529928470836,0.7799665463570244,1.5516983569721425,0.768767181350628,6.7420467528299355,0,0,0,0.0,0.0
283.00000000005866,299.55077574219075,-308964.7171274037,59856.67937452985,-249108.03775287385,0.4588358853965522,0.5396297725223462,0.501201397878378,0.3168888501915432,0.754683211274636,1.6178231238868177,0.7708308527307182,6.767117182473939,0,0,0,0.0,0.0
284.000000000035,301.2018645142969,-308389.36219107825,60186.602376752024,-248202.75981432624,0.4567973066175761,0.5438992715874633,0.5002062964043271,0.3366621920994647,0.769823499480923,1.566640808355782,0.7771890567290338,6.646619386543783,0,0,0,0.0,0.0
285.00000000001137,299.52798400386916,-308207.3560155784,59852.12509564433,-248355.23091993405,0.4574074013616283,0.5438525956295628,0.4993697049471905,0.3473224236567047,0.7761263156861791,1.6034055193962011,0.7697512036028797,6.654387074603932,0,0,0,0.0,0.0
285.9999999999877,301.5573674248685,-307355.6337732971,60257.63949452304,-247097.99427877401,0.4506810046310994,0.5423347370330563,0.5004209129403906,0.3318606504853828,0.7566557620522465,1.782803257279916,0.7676665427175973,6.700976927836159,0,0,0,0.0,0.0
286.9999999999641,305.82616575736506,-308241.6733618346,61110.637095579776,-247131.03626625484,0.4615495174994255,0.5373746274000553,0.4989900877710837,0.34300715354356676,0.716581375202276,1.6756610102384606,0.7606860684177263,6.633578204001793,0,0,0,0.0,0.0
287.9999999999404,298.4445850874756,-307724.9338762425,59635.638720629584,-248089.2951556129,0.44933495305274285,0.5464956289575928,0.49714218651704034,0.34128841044413294,0.7407630078660867,1.7263191835824951,0.7523668238675896,6.634682263856163,0,0,0,0.0,0.0
288.9999999999168,300.5096495112765,-308778.0352154854,60048.28295029962,-248729.75226518576,0.46466012392448075,0.545108504266866,0.4999511386113389,0.3467214530752616,0.7740736100435059,1.6543383142049208,0.7697627507761235,6.634613841871669,0,0,0,0.0,0.0
289.99999999989313,299.0163442739004,-308191.4050746048,59749.88848752295,-248441.51658708183,0.46184953346150026,0.5425163241239233,0.5000887746922427,0.33750110363514263,0.7462779523327168,1.7079327540242843,0.7727366736801917,6.636357676676091,0,0,0,0.0,0.0
290.9999999998695,299.4231621859609,-308779.006272099,59831.17944484291,-248947.82682725607,0.46218215353865943,0.5436370137899438,0.5013467211869193,0.33078988763706885,0.731253473657981,1.699699668648611,0.7741777751578995,6.605647493451933,0,0,0,0.0,0.0
291.99999999984584,297.7849940875988,-307738.525189328,59503.83827077219,-248234.68691855582,0.45855234068097595,0.5438977715626869,0.5021288839488695,0.3313095670337326,0.7661403098394342,1.626170171306029,0.7616823281116609,6.748833279367041,0,0,0,0.0,0.0
292.9999999998222,300.40990673574277,-308055.500902683,60028.352201262984,-248027.14870142002,0.4581532573631071,0.5438022891340566,0.5022546431113203,0.3341559532066777,0.7545790551681959,1.57392647542102,0.7812654950074456,6.614783907928327,0,0,0,0.0,0.0
293.99999999979855,298.6401859207616,-307775.2119903825,59674.72396864599,-248100.48802173653,0.452166662710634,0.5412326314556433,0.4997350098851153,0.35045191097438144,0.7397241069765812,1.5410661834583905,0.773570036577679,6.666700710196352,0,0,0,0.0,0.0
294.9999999997749,305.07713317855803,-308031.3037284473,60960.96429703788,-247070.33943140943,0.45936895225524577,0.5379859090271477,0.499793020774957,0.3398432420578805,0.7132488490945583,1.5458491016499067,0.756768098191988,6.638321516461808,0,0,0,0.0,0.0
295.99999999975125,298.9893573799465,-307836.6503600455,59744.49592642972,-248092.15443361577,0.4607479543422599,0.5431244182579444,0.5012684861924792,0.3405346743017035,0.7239933461947743,1.5836908979589985,0.7718575629051139,6.729527249580556,0,0,0,0.0,0.0
296.9999999997276,300.8917794020688,-308190.6377086872,60124.64071066897,-248065.99699801824,0.4626065278358089,0.5456503787388396,0.49919775611727835,0.3427693789770845,0.7156501310594212,1.5047424180470408,0.7609092809633182,6.691004384792642,0,0,0,0.0,0.0
297.99999999970396,297.5557208587222,-307689.64631429734,59458.02455483029,-248231.62175946706,0.45270022682288724,0.547827264593785,0.5004082357926094,0.3409669805890093,0.7357305195090538,1.5570626729832675,0.7642655435127579,6.756804131182861,0,0,0,0.0,0.0
298.9999999996803,300.1866740550942,-308735.17454636283,59983.74551660863,-248751.4290297542,0.4653228034893644,0.5413602202232681,0.5011674278584712,0.30884416768515877,0.7536991164366258,1.4583700532235895,0.7706793965135219,6.6062792571023365,0,0,0,0.0,0.0
299.99999999965667,297.69149970781865,-307882.05651167687,59485.156085423296,-248396.90042625356,0.466532483802629,0.5449354789116203,0.5021056118811325,0.3246070809400089,0.7565549196908421,1.5484207427189602,0.7814725481359606,6.603034870556868,0,0,0,0.0,0.0
300.999999999633,300.71560717774446,-308444.97596809315,60089.43771605162,-248355.53825204153,0.4544958597945712,0.545019687592049,0.49912835375524256,0.33997999757680997,0.7429461057361344,1.5386983886186378,0.7672336749787529,6.601689272333893,0,0,0,0.0,0.0
301.9999999996094,296.0361969820804,-308309.1989813978,59154.39104474928,-249154.8079366485,0.45572321891259104,0.545169968301046,0.499192211493735,0.3192355211939109,0.7641623166007383,1.6246584599659286,0.764337628962215,6.747395125385353,0,0,0,0.0,0.0
302.9999999995857,294.77436421535185,-307891.04672578536,58902.24975366028,-248988.79697212507,0.45652169288398614,0.539163493245244,0.4983488155960891,0.33054176479757813,0.7535455636670854,1.5409094680165225,0.7605702706459141,6.581054403527801,0,0,0,0.0,0.0
303.9999999995621,299.112364193314,-308262.51726688957,59769.07532993946,-248493.4419369501,0.4643092712532084,0.5387673552274013,0.4995284650719177,0.3285460702383426,0.7576384049190832,1.63996282803285,0.7706815980388875,6.659177041846746,0,0,0,0.0,0.0
304.99999999953843,301.0565335335068,-308296.53535269015,60157.56212506586,-248138.9732276243,0.459922497343634,0.5478874962370837,0.49945353590195474,0.3386691145085867,0.7327668431566181,1.6876022115373637,0.7596956272324409,6.718398899449909,0,0,0,0.0,0.0
305.9999999995148,303.24391136159943,-308369.9114402868,60594.64720021779,-247775.264240069,0.4580135312707081,0.5425488037752189,0.49974843179589534,0.3350388174002592,0.7530973172069899,1.665763282472538,0.7720947253691318,6.649810631115216,0,0,0,0.0,0.0
306.99999999949114,301.84759636443835,-308336.84763888177,60315.63347079634,-248021.21416808543,0.4598451411340836,0.5414264134386526,0.5022125292375896,0.3297685026260131,0.7624767555389846,1.5418709347264166,0.7802315820180059,6.641233908096304,0,0,0,0.0,0.0
307.9999999994675,303.401348131636,-309469.9363629967,60626.10644862898,-248843.8299143677,0.4587503823930392,0.5491997281185412,0.498577000771393,0.33444405238124064,0.7652466584356308,1.5628196286314004,0.7676066621375295,6.611213367544394,0,0,0,0.0,0.0
308.99999999944384,299.8873881102971,-309355.39620909793,59923.94175614552,-249431.45445295243,0.4645866707843527,0.548561616100752,0.5007176874523956,0.3448697767160528,0.7414784066425124,1.5701274958450009,0.7747155111911344,6.660618998045948,0,0,0,0.0,0.0
309.9999999994202,301.0904956198431,-308743.84407416824,60164.34847942494,-248579.4955947433,0.4633082437909285,0.5461644343129297,0.4997478718787186,0.33941058520573686,0.763299801509346,1.4781217865179404,0.7625948412831534,6.805557946818283,0,1,0,0.005557946818282922,0.0
310.99999999939655,297.1954145172573,-308477.01205271203,59386.027608388606,-249090.98444432343,0.45907229764653135,0.5398754061593358,0.500382893301096,0.34705199147772103,0.7610129655106403,1.5257312800208531,0.7688941671634719,6.702363357557829,0,0,0,0.0,0.0
311.9999999993729,301.0249491521847,-308896.5937427874,60151.25088724197,-248745.3428555454,0.45906877114011246,0.5545594769609661,0.5002030980918989,0.3357485395498273,0.7802065418332624,1.4884301811687877,0.7578834562874697,6.6670253134024335,0,0,0,0.0,0.0
312.99999999934926,297.1535177616913,-307674.65403359104,59377.65573667993,-248296.9982969111,0.46119391298449086,0.5404657628959013,0.5018250890481273,0.33532507050258586,0.7449802365341203,1.509790966035375,0.7632058168321709,6.638433775771148,0,0,0,0.0,0.0
313.9999999993256,300.5038776009158,-307478.79478950566,60047.12959862833,-247431.66519087733,0.4524499527471142,0.554831894486469,0.501847760466237,0.33416924033629125,0.7653748646332197,1.4499278764546233,0.7867907298688548,6.691633416660068,0,0,0,0.0,0.0
314.99999999930196,299.80127714808253,-308085.86752802366,59906.7349362228,-248179.13259180088,0.4557636138696042,0.5457321589408526,0.5010450711067318,0.34106905579351765,0.7397253467685658,1.5397051515001379,0.7638396657003199,6.694272080909439,0,0,0,0.0,0.0
315.9999999992783,302.8266928552195,-308557.0522918226,60511.27798074698,-248045.77431107563,0.4494137839692396,0.5439944507837797,0.5006801751630798,0.34356473390709863,0.7571759147923967,1.499970086681861,0.7709261277524568,6.750450222957305,0,0,0,0.0,0.0
316.99999999925467,303.6376828022932,-308294.0856379559,60673.33119231915,-247620.75444563676,0.4596617784357411,0.5428192264966665,0.5021004090337774,0.31892769718505043,0.7432568509484323,1.516528620326885,0.7682756835902547,6.73805867794573,0,0,0,0.0,0.0
317.999999999231,300.3502549676077,-307169.2258915501,60016.43249666353,-247152.79339488654,0.4531816713776351,0.5354734941039787,0.49955966943138574,0.3327364840449737,0.7138797164419994,1.4937295390163854,0.7723592867474665,6.792404216496202,0,0,0,0.0,0.0
318.9999999992074,300.1750236306425,-308692.43418044876,59981.41751155088,-248711.01666889788,0.44570390751754374,0.5438354208757765,0.4966555111347657,0.33458824565017875,0.7184424236866231,1.5499860573619557,0.7591271203544228,6.811012480291382,0,1,0,0.011012480291381799,0.0
319.99999999918373,300.33722630907704,-309467.2888866635,60013.82909083219,-249453.45979583132,0.45980844949497524,0.5435503360379013,0.5000828349021244,0.32233083319088596,0.7444407068826635,1.4594111766017086,0.7607509575657767,6.784564168152485,0,0,0,0.0,0.0
320.9999999991601,297.65023578778704,-308911.3630851456,59476.91066784777,-249434.4524172978,0.46372383586508725,0.5414901771197904,0.5023127195607746,0.31525551494364246,0.7540859815790117,1.5193711117680841,0.7521799842056662,6.809297955826757,0,1,0,0.00929795582675741,0.0
321.99999999913643,298.1556657050057,-307986.8843612913,59577.90642199427,-248408.97793929704,0.46358304285851126,0.5434316372654644,0.49893519922746843,0.32102776439424485,0.7358349197838301,1.5815998761358436,0.7663660320688326,6.771870424663334,0,0,0,0.0,0.0
322.9999999991128,301.76201792938264,-308551.28523614164,60298.53306123868,-248252.75217490297,0.457961598703271,0.5368257362307212,0.4996622507334152,0.3302570994484447,0.731484716119402,1.5149809986641287,0.7704503735146382,6.809359585944122,0,1,0,0.00935958594412245,0.0
323.99999999908914,303.9015376404674,-309099.3384205997,60726.05505661521,-248373.2833639845,0.45683059396861525,0.5418389171019147,0.4996699182979761,0.33563019633240826,0.7196838921106239,1.5843867142865484,0.7714125277786206,6.709604623853899,0,0,0,0.0,0.0
324.9999999990655,295.11695845431944,-307482.17066044593,58970.70744156523,-248511.4632188807,0.4560882567015838,0.5341806020693411,0.4965463262797708,0.3477243086923384,0.7659329472016196,1.5779734105397232,0.7668150300106102,6.682111044618097,0,0,0,0.0,0.0
325.99999999904185,301.0821062780185,-307884.3267166973,60162.67210872445,-247721.65460797286,0.46021587798637054,0.5418298744148498,0.5007369278304208,0.3114975053241811,0.7519057584620121,1.485368369096443,0.7786996925809349,6.818248421565215,0,1,0,0.018248421565215445,0.0
326.9999999990182,299.55721698871247,-308204.4032328953,59857.966473943525,-248346.43675895178,0.45997579329747307,0.5466863309079333,0.501519461426152,0.33482368364090087,0.7620813307199801,1.6121748239949767,0.7845113785285207,6.709172185457618,0,0,0,0.0,0.0
327.99999999899455,297.1279631444029,-308821.6786191808,59372.54937522992,-249449.12924395088,0.45984819842508085,0.5430682124963546,0.4995294367398577,0.34822865856310115,0.7530353814689441,1.5530666874812056,0.7726889931616316,6.750565926748287,0,0,0,0.0,0.0
328.9999999989709,297.74882549139073,-308830.4088859344,59496.611008344684,-249333.7978775897,0.4525716855240516,0.5423456630637347,0.4997756828985231,0.34599542577902326,0.7653661123777518,1.6274747438698896,0.7471975671453362,6.693439754698744,0,0,0,0.0,0.0
329.99999999894726,300.12518429777913,-307693.639251119,59971.45854229081,-247722.18070882818,0.46374403410053144,0.5427942354644086,0.501392861522533,0.3348160908896146,0.7517478418727865,1.6146466084428326,0.772936327936323,6.676304912824634,0,0,0,0.0,0.0
330.9999999989236,302.6325855282368,-308520.9828589298,60472.49116737063,-248048.49169155915,0.45829811001123266,0.5387429419177856,0.5008493461974853,0.33930802270228966,0.7127193350068817,1.5906577104337263,0.7527949336885422,6.6698998654771415,0,0,0,0.0,0.0
331.99999999889997,300.102239503485,-307616.51759032067,59966.87367953433,-247649.64391078634,0.4604365179493284,0.54675003930328,0.5002559667629508,0.3645487734911288,0.7467058997314933,1.5868026370418065,0.7658266883637079,6.768749474636934,0,0,0,0.0,0.0
332.9999999988763,299.2282894276228,-307780.47568499995,59792.23968184023,-247988.23600315972,0.45581830376745724,0.5499518614098413,0.5002318853511222,0.3433998028340326,0.7518383544066225,1.6886263995205546,0.7790264743805828,6.7584865967744605,0,0,0,0.0,0.0
333.9999999988527,303.47016271118775,-308264.84890713077,60639.85707976762,-247624.99182736315,0.45951022922700346,0.5351087265173753,0.5000596855461487,0.3248036666345958,0.7459227162749968,1.5897286722656752,0.785180606705568,6.640718991579803,0,0,0,0.0,0.0
334.999999998829,300.5697224318014,-307775.13470875146,60060.286810192956,-247714.8478985585,0.4566349012440334,0.5449084946899507,0.5006904668491318,0.3368793807800382,0.7242738789894076,1.681608624796592,0.7597025138245419,6.650440724731752,0,0,0,0.0,0.0
335.9999999988054,295.9740514092601,-307649.4027326959,59141.97302440653,-248507.4297082894,0.46508581024565876,0.5446706470518405,0.502491373314733,0.35369945790057267,0.7370345531084004,1.5625029690514713,0.7771530380668299,6.700548400064164,0,0,0,0.0,0.0
336.99999999878173,297.03708704641656,-308501.25390769076,59354.39037882439,-249146.86352886638,0.44562489852606735,0.5421496386632896,0.49833272298128267,0.324616650773847,0.7484873323825525,1.6869844442856614,0.7711053864803716,6.640033562787309,0,0,0,0.0,0.0
337.9999999987581,301.62942855824195,-309007.3821868808,60272.038856851555,-248735.34333002925,0.4542993230226777,0.5454803706431067,0.5007122719449764,0.3245700945602189,0.744858601703756,1.5391346887547215,0.7769387684333005,6.649148195729268,0,0,0,0.0,0.0
338.99999999873444,298.3927118358187,-308033.5706698457,59625.2733307058,-248408.29733913988,0.4692533539623942,0.5431545805364717,0.5006527801782273,0.3204220788434564,0.7642415567214975,1.6769001944073203,0.7755517489071773,6.646492597493975,0,0,0,0.0,0.0
339.9999999987108,299.1761601745974,-307966.67295332113,59781.823137344065,-248184.84981597707,0.45356499305903686,0.5377737841301906,0.49906272215728914,0.3398383097925179,0.7553991147910408,1.6835135023693262,0.7782586560073952,6.725052376084644,0,0,0,0.0,0.0
340.99999999868714,301.0266736649668,-308636.21955367224,60151.59548193854,-248484.6240717337,0.4646410058505568,0.545795356835356,0.49756316791039423,0.359940902956839,0.7415196555613548,1.6390694212259938,0.774919849973152,6.706315240722674,0,0,0,0.0,0.0
341.9999999986635,300.53475751176893,-308875.91741933627,60053.30006812042,-248822.61735121586,0.45399349153165947,0.5465254535976722,0.4981100551225616,0.3231604538693503,0.7562103466289525,1.6206712357901765,0.7426259807955393,6.784009109811265,0,0,0,0.0,0.0
342.99999999863985,303.0235350218657,-308794.2280666251,60550.61127383272,-248243.61679279234,0.46047942900839267,0.5398490426516491,0.5005685649683668,0.3335777894507197,0.7600072401160443,1.6668656341364212,0.7793967841814471,6.726747618419921,0,0,0,0.0,0.0
343.9999999986162,301.4869842872943,-307661.89998346847,60243.57543179873,-247418.32455166974,0.4627746587392303,0.540942356486088,0.5003193807509074,0.3227458170936246,0.752464351824474,1.5575057836445367,0.7731229704001312,6.693934739718117,0,0,0,0.0,0.0
344.99999999859256,302.7885223558979,-308124.5030202628,60503.6506950763,-247620.8523251865,0.45307763096903564,0.5419106122620363,0.5003319501749931,0.3405078032539194,0.7786366882526963,1.5185561298494443,0.7700267367193327,6.632305440334889,0,0,0,0.0,0.0
345.9999999985689,299.30679133099324,-308128.7766830027,59807.92604836253,-248320.85063464017,0.45932387076303005,0.5331526524705978,0.49649743905148336,0.3592302869628311,0.7657599991614648,1.5043849827942006,0.7716355160365929,6.654329552547111,0,0,0,0.0,0.0
346.99999999854526,301.165274822425,-308143.1215343736,60179.29097036569,-247963.83056400792,0.4669543814175956,0.5363740463146938,0.4986567093436766,0.32631217347496294,0.7297569474453471,1.5471189744872795,0.7701295066077525,6.765946833959319,0,0,0,0.0,0.0
347.9999999985216,301.61887841525794,-308229.7687421241,60269.93071166519,-247959.8380304589,0.45438910267269605,0.5409629067574393,0.4979406698871467,0.31911863571389487,0.7453906637490073,1.3758900660071909,0.7658882261515902,6.696823374778617,0,0,0,0.0,0.0
348.99999999849797,299.8092183647037,-307708.11171099124,59908.32176188185,-247799.7899491094,0.46426008280351017,0.5465600959196752,0.5033461954812565,0.33402461229850455,0.7442891050815792,1.4429647777011754,0.7576877095991215,6.576336160975913,0,0,0,0.0,0.0
349.9999999984743,302.91192174718896,-307661.6096261386,60528.30854408778,-247133.3010820508,0.4537139374032044,0.5524120662411001,0.4963080837148391,0.3410162857744525,0.7314688223071624,1.4939581881481416,0.7632012523073861,6.6354593509867215,0,0,0,0.0,0.0
350.9999999984507,301.727150464247,-307670.9138732441,60291.565792747875,-247379.3480804962,0.4547937445350416,0.5438230396411079,0.4986461266877719,0.3234730445484891,0.7403028085160632,1.4478199580781128,0.7647317769307973,6.613550510170256,0,0,0,0.0,0.0
351.99999999842703,301.86820146442284,-307999.26325993193,60319.75081237289,-247679.51244755904,0.45790312067227656,0.5405012650676042,0.49818928582946154,0.33485425496508336,0.7151724829479589,1.592938664422774,0.7659301224669317,6.710271870869683,0,0,0,0.0,0.0
352.9999999984034,302.08977873699246,-308005.7758992226,60364.02671093473,-247641.74918828785,0.4459885806205266,0.5438312811666997,0.4993995096799057,0.34743966868362236,0.7404477839084453,1.4976978392994988,0.7512940268424302,6.584416814442221,0,0,0,0.0,0.0
353.99999999837974,304.42820535824677,-308957.67893395433,60831.29457950387,-248126.38435445045,0.4507162372496323,0.5400358318313723,0.4974046413364835,0.3271452249748013,0.7401986880681886,1.595180895836842,0.7719186869046286,6.585306000940733,0,0,0,0.0,0.0
354.9999999983561,300.6144423040738,-308624.4561309321,60069.2228012604,-248555.23332967167,0.46072513189841735,0.5343513196083194,0.49839599071108626,0.3127126467292833,0.7300576946015305,1.3754321102307632,0.761417092845428,6.567332864490979,0,0,0,0.0,0.0
355.99999999833244,301.6395234427336,-308233.0237763631,60274.05603161213,-247958.967744751,0.4563518670187525,0.5480578611796929,0.5014815034958554,0.32800543604328225,0.7110469753720849,1.4073843820433147,0.7670653527531313,6.609875422729971,0,0,0,0.0,0.0
356.9999999983088,301.3081284926844,-307243.9651889666,60207.83620219494,-247036.12898677166,0.4531496080283839,0.5373257907923481,0.5012284046466622,0.3308021108402992,0.7381343629890758,1.4831083166721157,0.7724711683870567,6.690703892083967,0,0,0,0.0,0.0
357.99999999828515,302.5149505876629,-307111.0321210986,60448.98517943344,-246662.04694166518,0.45158201385649643,0.542550220474963,0.5017109561899042,0.3274962120789442,0.721343060956448,1.484930391554955,0.7668712846835462,6.781076899635181,0,0,0,0.0,0.0
358.9999999982615,302.9704135817228,-307945.35409662593,60539.99646903822,-247405.3576275877,0.4537129135650728,0.5419449217901651,0.4978272302980744,0.3438438040595123,0.7929799305345391,1.6159922076643287,0.7568448974118134,6.663724509330436,0,0,0,0.0,0.0
359.99999999823785,302.0462573868851,-307606.5444464539,60355.33021034024,-247251.21423611368,0.4589919631081809,0.5473820707644093,0.49824797524017284,0.3278472763563334,0.7374480561181258,1.5773691914840828,0.7781235397687283,6.717359436294942,0,0,0,0.0,0.0
360.9999999982142,298.95169599632703,-307702.1146861338,59736.970373012184,-247965.14431312162,0.4542850053150582,0.5438647328681605,0.5001837255949501,0.35502178910200366,0.7287643569202357,1.4890351483502187,0.7737146436098143,6.700958430230131,0,0,0,0.0,0.0
361.99999999819056,301.608256960538,-308805.40365158906,60267.80831686221,-248537.59533472685,0.46374364887108577,0.5462806178844,0.4998049352958391,0.34891480961048943,0.7147780487918336,1.522689858512969,0.768088879402844,6.656207978478676,0,0,0,0.0,0.0
362.9999999981669,298.79589317097805,-308679.499852607,59705.83762184687,-248973.66223076015,0.46050918983618594,0.5421792554771816,0.4988054138733403,0.3641961963660998,0.7376076632561035,1.6133315656831027,0.7671576547334205,6.650692724622132,0,0,0,0.0,0.0
363.99999999814327,298.9744443093327,-309431.6340452675,59741.5159745868,-249690.11807068068,0.4641296121420755,0.5375116673956573,0.4999791197713007,0.3247554320838957,0.730478626870525,1.6420239981176579,0.7659631357771239,6.631622582844955,0,0,0,0.0,0.0
364.9999999981196,299.4013779055213,-308912.25717692636,59826.82647768251,-249085.43069924385,0.4593347251200992,0.542879811327647,0.5014959003911031,0.3213334300030948,0.7480637958746139,1.6704868849033012,0.7611138696101714,6.692367176475685,0,0,0,0.0,0.0
365.999999998096,300.6954702242984,-308407.6717523392,60085.41392020928,-248322.25783212995,0.4497491147301389,0.5491709911933107,0.5008779986428941,0.3424805145988209,0.7246621819660195,1.5901507788550617,0.7699046873687312,6.682169650576199,0,0,0,0.0,0.0
366.9999999980723,301.4334880814908,-308678.3271372998,60232.88574077522,-248445.4413965246,0.465554581288143,0.5439642572213197,0.4998461303213393,0.32984611368119077,0.7473394459338962,1.626962778855972,0.7681709433076831,6.758478379542723,0,0,0,0.0,0.0
367.9999999980487,298.6489872118521,-307718.01366202533,59676.4826556585,-248041.53100636683,0.4662322050034824,0.541601068222854,0.5026417924587586,0.3295695650560364,0.7477292552440202,1.6629492965955208,0.7727885606955844,6.722853500160369,0,0,0,0.0,0.0
368.99999999802503,301.95696253839054,-308010.0029663462,60337.48718154857,-247672.51578479767,0.46146398838040853,0.5403355247582526,0.49895147656906874,0.3261646950012587,0.761959029651754,1.6406200849110864,0.7792246846190904,6.693722601080111,0,0,0,0.0,0.0
369.9999999980014,300.12852638290843,-308056.2786018322,59972.12636268798,-248084.15223914426,0.4494400760133619,0.530185388459528,0.4996586139013464,0.35543827129064115,0.7394480201962352,1.6608846857736594,0.7657396183490599,6.774248686199691,0,0,0,0.0,0.0
370.99999999797774,302.6384699366635,-307918.1313114483,60473.666998571985,-247444.4643128763,0.4564592901164408,0.5363098168841045,0.49824139430142533,0.35014369447237137,0.7537007019678228,1.595576811271556,0.7699334607510337,6.692912274739584,0,0,0,0.0,0.0
371.9999999979541,299.67772471323286,-308163.7178581129,59882.046505820916,-248281.67135229197,0.46364778099844983,0.5349989897688214,0.5002696907708445,0.3422027648116316,0.7323443319392495,1.5746229639584293,0.7774306351906048,6.620929827379911,0,0,0,0.0,0.0
372.99999999793044,300.97306606928976,-308243.78333560517,60140.88353282564,-248102.89980277955,0.4529300185110525,0.5450790735093172,0.5015275538711057,0.3409150576976405,0.7302269797618202,1.5744053384811778,0.7743581909754802,6.724575721227822,0,0,0,0.0,0.0
373.9999999979068,302.89014926687065,-309143.70941084344,60523.95793484508,-248619.75147599838,0.45772913361803713,0.5338368434103551,0.49841001858455836,0.324263731716973,0.7506664238754777,1.6880644174878512,0.7404855864533388,6.755179966229299,0,0,0,0.0,0.0
374.99999999788315,298.32592839084174,-308610.45336207654,59611.92856388418,-248998.52479819237,0.45541097764426475,0.5446220177830732,0.4999976504418255,0.3230687991597155,0.724096656309956,1.488589367865874,0.7713977893903774,6.72895997961248,0,0,0,0.0,0.0
375.9999999978595,299.64720512528544,-308866.4606876299,59875.94803658516,-248990.5126510447,0.4638269571618032,0.5416073583698715,0.5010435183749584,0.3450435160560307,0.7641351291931255,1.501644768515682,0.7673695401899217,6.67981022331999,0,0,0,0.0,0.0
376.99999999783586,298.69447574849937,-308238.66009108024,59685.57224237904,-248553.0878487012,0.45224555931808563,0.550335085646461,0.5005794880589612,0.3558621615680949,0.730036245277458,1.6721501857656378,0.7600096120988749,6.740028306199328,0,0,0,0.0,0.0
377.9999999978122,300.6484852754983,-308174.3063054341,60076.02531819751,-248098.2809872366,0.45660231885879554,0.5578162459311713,0.5021001440263393,0.3353322724824499,0.7171917263481138,1.665336333742875,0.7621557518410622,6.687439890047326,0,0,0,0.0,0.0
378.99999999778856,299.4375308273444,-307894.6802789415,59834.05060803122,-248060.6296709103,0.455346350116709,0.5368149984300086,0.4992969180055246,0.3221340540701854,0.7445256440684194,1.6723974940529225,0.7602990100398603,6.809532656690114,0,1,0,0.009532656690113939,0.0
379.9999999977649,300.3035209241027,-307931.878011398,60007.09403091921,-247924.78398047882,0.4673220911344407,0.5379355168721602,0.50328546973323,0.33883111839118063,0.7682942508058694,1.6510392661468458,0.7602614003741444,6.684578724624856,0,0,0,0.0,0.0
380.99999999774127,302.53343249224486,-308021.483432577,60452.678260962115,-247568.80517161486,0.4608644146359442,0.5371352931225619,0.49999997082585523,0.34409863675344377,0.74266476653069,1.7622624345912783,0.7782010529475984,6.694265719586909,0,0,0,0.0,0.0
381.9999999977176,304.5022147622319,-308006.3154116757,60846.08324814965,-247160.23216352606,0.455571238685331,0.5421817355849079,0.499464613690855,0.31976965202003244,0.7309489089909498,1.780660477383261,0.7596136384246286,6.63643346278829,0,0,0,0.0,0.0
382.999999997694,298.6535382015492,-308099.51021906827,59677.39204115571,-248422.11817791255,0.46172254528192,0.5482941083877009,0.5003573177978816,0.3353054066070319,0.7532379624436805,1.7585511541975656,0.7662073014484623,6.63347830688285,0,0,0,0.0,0.0
383.99999999767033,300.58176010760343,-307479.31099544046,60062.69219638871,-247416.61879905176,0.4512205735881927,0.5411097151152049,0.4998769507048888,0.3218846126424536,0.7066839767250865,1.7925659817721886,0.7681829637438522,6.650487821688074,0,0,0,0.0,0.0
384.9999999976467,301.15629092151954,-307511.1541569638,60177.495793989685,-247333.65836297412,0.46470793695513946,0.5409883120882375,0.5007770112086639,0.3382452894553769,0.7525611463056365,1.783587795443566,0.7675348967562341,6.645731112041773,0,0,0,0.0,0.0
385.99999999762304,297.0166722171124,-307677.2771513979,59350.3110574168,-248326.9660939811,0.4607549272025726,0.5404995267608008,0.49822347953239776,0.33165100574781337,0.7041958760580407,1.7672189998373113,0.7570445591217938,6.6451325308118365,0,0,0,0.0,0.0
386.9999999975994,299.43389717081493,-308252.4126768932,59833.32452540532,-248419.08815148787,0.4585063748538641,0.5398259620159767,0.5001576200603378,0.34874323937004725,0.7219900781482362,1.8259266745917433,0.7741774702535302,6.720405934532849,0,0,0,0.0,0.0
387.99999999757574,297.56701103570526,-308210.9039011556,59460.280574705655,-248750.62332644992,0.4609624487290489,0.5418754195451561,0.4988313922171779,0.33313234610318937,0.7331814103892498,1.8022978355533423,0.7612283580227803,6.686646982751448,0,0,0,0.0,0.0
388.9999999975521,299.21865005993624,-308665.47158116056,59790.313529121835,-248875.15805203872,0.46106512280089085,0.5410039366472206,0.4994526537061885,0.3090275707450105,0.7213909059941148,1.7827840205608787,0.7602706051340657,6.668450610686051,0,0,0,0.0,0.0
389.99999999752845,298.1596982433377,-308789.52452671574,59578.71220977233,-249210.81231694343,0.45707294856040814,0.539596062629542,0.4981915739628983,0.3241452182298588,0.7406837244580409,1.7695232016888198,0.7693265350028184,6.698325977445123,0,0,0,0.0,0.0
390.9999999975048,302.0390028715839,-309068.06569008576,60353.880602355326,-248714.18508773044,0.44806649283897126,0.5434136569258232,0.4976775021993063,0.3108083071338308,0.7336793066748619,1.8406779001547235,0.7504966434534381,6.7228254565739505,0,0,0,0.0,0.0
391.99999999748115,298.5918080635846,-308562.91810420016,59665.05703362072,-248897.86107057944,0.45805489081300266,0.5377074244185867,0.5017083783700435,0.32375810117671433,0.736939871019251,1.8747914787445144,0.7768917101460755,6.742964180185545,0,0,0,0.0,0.0
392.9999999974575,299.65259588633154,-307635.0235603396,59877.025226436264,-247757.99833390332,0.4606889006922117,0.539765644805998,0.5006577569381763,0.30925966244984804,0.7473948884954371,1.867719266349205,0.7756140128529161,6.703465144166287,0,0,0,0.0,0.0
393.99999999743386,299.28307881284735,-307453.8570089615,59803.187777889674,-247650.66923107184,0.4635644221681505,0.5431590008140175,0.500740365713901,0.3240475850565331,0.7186281095210449,1.86468248322128,0.7709987930332538,6.685606378037491,0,0,0,0.0,0.0
394.9999999974102,301.7977984682544,-308085.9921903629,60305.6827814749,-247780.309408888,0.4601245887901859,0.5379384662779714,0.5001615937999035,0.3507679526964369,0.7358702284543464,1.708828796743652,0.7683675026933301,6.677542737352731,0,0,0,0.0,0.0
395.99999999738657,300.194482387335,-307598.19278288726,59985.30578911411,-247612.88699377317,0.45723133232998947,0.5399123097414105,0.49814143775816594,0.3197826734573474,0.7448285175389646,1.7313129242842464,0.7689782346905756,6.595610450464164,0,0,0,0.0,0.0
396.9999999973629,303.3985765452585,-307782.8963674675,60625.55262613681,-247157.34374133067,0.46280938434705704,0.5344309149114297,0.5002246357555172,0.3037783871541031,0.7228422428216419,1.7488956964845492,0.7672772447670253,6.610771296376747,0,0,0,0.0,0.0
397.9999999973393,301.00305054115813,-308202.68243346503,60146.87507437446,-248055.80735909057,0.4616106772704809,0.5389768125804562,0.49996272940708403,0.33074684638925284,0.7574582875622244,1.8616761682496872,0.7611646362311344,6.64523477988709,0,0,0,0.0,0.0
398.9999999973156,300.9265025710652,-308873.88966364413,60131.579145691685,-248742.31051795246,0.4535404354704706,0.5356135852061108,0.4991870759687439,0.3305200045945482,0.7119852194804004,1.7388527293219678,0.7604412626866033,6.698070337786319,0,0,0,0.0,0.0
399.999999997292,300.27575991576214,-307782.3505846085,60001.546785143466,-247780.80379946504,0.4555268542744253,0.5380724279135585,0.5004831112801328,0.3312580381769237,0.7470685585213914,1.7292837289741207,0.7753745648327062,6.614638820210948,0,0,0,0.0,0.0
400.99999999726833,300.3279648103583,-308258.1348208678,60011.978444450244,-248246.15637641755,0.4537972829270509,0.5425135769674974,0.49942556179039654,0.34614661193269936,0.725007645290562,1.717362775036058,0.7726893193370348,6.598076020698727,0,0,0,0.0,0.0
401.9999999972447,299.6619764481885,-308876.76286720205,59878.899664190714,-248997.86320301134,0.46466220888787024,0.5427773894510199,0.5035561695375343,0.31314368067508647,0.7500283003116559,1.6642372135892174,0.7686162507552377,6.63715033295918,0,0,0,0.0,0.0
402.99999999722104,299.50465905499544,-309014.23044084664,59847.46426983707,-249166.76617100957,0.4524552860191311,0.5382771853848389,0.4987463681882871,0.33490266408521174,0.7560985770749564,1.7899422768180147,0.7696246490611475,6.614118807701047,0,0,0,0.0,0.0
403.9999999971974,297.1747177356269,-307931.8621580843,59381.89194684988,-248549.9702112344,0.4594223440503855,0.5427699524547513,0.5004775391259211,0.32914662056245214,0.7552070894544674,1.8946888341293864,0.7619303747564778,6.636853401410406,0,0,0,0.0,0.0
404.99999999717375,302.2793273179894,-308936.76233748253,60401.902588940786,-248534.85974854176,0.4590882953717969,0.5329250279485294,0.5002120033686241,0.32708931991951484,0.739717097055518,1.8744157395629895,0.759483035953356,6.691850866921854,0,0,0,0.0,0.0
405.9999999971501,301.30416805669,-308652.3523328118,60207.0448220127,-248445.3075107991,0.4600320127120372,0.545333377350282,0.49989471053142687,0.31969098202172364,0.7694990040747541,1.8190128317693777,0.7548931529049945,6.624835331844807,0,0,0,0.0,0.0
406.99999999712645,303.2913335716775,-308717.2217400344,60604.1231764253,-248113.09856360912,0.45386414059878355,0.5346396332950469,0.4988071310786474,0.31404805704955996,0.7581309363245676,1.7265384334650893,0.7682067625363143,6.691896887427955,0,0,0,0.0,0.0
407.9999999971028,297.2128466694183,-308635.0404186258,59389.51092683478,-249245.52949179104,0.4511646819353734,0.533790373535922,0.4983680657508846,0.33434803745008584,0.7671353223596226,1.7881054391789917,0.762029862539908,6.581329827865172,0,0,0,0.0,0.0
408.99999999707916,301.58159205178873,-308356.2944642105,60262.480095329156,-248093.81436888134,0.45300899080223545,0.5392392036443052,0.49810232145683386,0.3358037292181366,0.7195578845745285,1.8046062920688613,0.7675249813285614,6.6697327762829275,0,0,0,0.0,0.0
409.9999999970555,303.7967287121529,-308422.4269294916,60705.1119814315,-247717.31494806008,0.46224350561734084,0.5436778344792934,0.49957280066444765,0.34054400175923527,0.7118012575435344,1.7924699114269629,0.7604671204550959,6.64655571905557,0,0,0,0.0,0.0
410.99999999703186,299.9882231377349,-308483.4374870113,59944.090760574276,-248539.34672643704,0.4607395909250247,0.5445373088990895,0.5006592452999943,0.3309773806022185,0.7402195336841032,1.7774466260258706,0.7699748143191982,6.65731807858095,0,0,0,0.0,0.0
411.9999999970082,299.16047828394204,-308567.7339924951,59778.68955874252,-248789.0444337526,0.4620727862012606,0.5444197191737654,0.5009111416335321,0.3238787023133616,0.7417618613723794,1.7994112052667663,0.771679675313651,6.657733097465638,0,0,0,0.0,0.0
412.99999999698457,301.37283798737155,-308913.0744553022,60220.76654919999,-248692.3079061022,0.45725272330399935,0.5428357460004971,0.5031328869873165,0.3413035222511609,0.761855503948798,1.9205399121010736,0.7690452583427358,6.7106609191393325,0,0,0,0.0,0.0
413.9999999969609,301.5565547534939,-308297.3819686249,60257.47710532613,-248039.90486329875,0.4561442281202641,0.5415005769157482,0.49868668143918377,0.33460320063784404,0.7467260832111453,1.8046800865590065,0.7684363994169932,6.781433535436555,0,0,0,0.0,0.0
414.9999999969373,301.88323320217387,-308678.9322427041,60322.7544764588,-248356.1777662453,0.4624103318071814,0.5502808970983288,0.5029281032405862,0.34543127632407433,0.7477880832248713,1.8338407286398726,0.7558467207233761,6.694182381440048,0,0,0,0.0,0.0
415.99999999691363,300.874202690446,-308324.868522319,60121.12850613719,-248203.74001618184,0.4567926065345054,0.5399804684151248,0.4997400932077434,0.3103188810734063,0.7457092269465724,1.8616243745154932,0.7662391671145897,6.729935954839831,0,0,0,0.0,0.0
416.99999999689,302.29188209505384,-308718.3876703237,60404.41130307615,-248313.97636724758,0.4609447522739094,0.5385639289779469,0.49813189808388814,0.32072908829427194,0.767742833661881,1.8063899560930867,0.7626649613833791,6.697790384317486,0,0,0,0.0,0.0
417.99999999686634,301.2649557825909,-307638.67437206255,60199.20936736405,-247439.4650046985,0.46314817330008906,0.5373287928270987,0.4989021430957875,0.32161221164742415,0.7563838770096609,1.8513154116844532,0.7762350979002184,6.672863927813957,0,0,0,0.0,0.0
418.9999999968427,299.90713372876894,-308396.64160418324,59927.8873548541,-248468.75424932915,0.4617192186934256,0.5525699028318769,0.5033425878795015,0.31115131820031583,0.7488053011093854,1.8187363688592626,0.7623930082844943,6.639108693610758,0,0,0,0.0,0.0
419.99999999681904,298.54074915463605,-307771.0498839477,59654.85436686222,-248116.1955170855,0.4565629836141598,0.5519997101367125,0.5005004781274727,0.33700914974753304,0.7703301041845751,1.7079833260365191,0.774701386859773,6.673451945946148,0,0,0,0.0,0.0
420.9999999967954,302.4332823898771,-308252.7327560596,60432.66611927461,-247820.066636785,0.4663479888295612,0.5513881325581433,0.5009448875955638,0.328894249333072,0.7288922957385449,1.8083507435962112,0.7738328522216946,6.7282745125679355,0,0,0,0.0,0.0
421.99999999677175,302.2519025023864,-307874.4298421736,60396.422521695466,-247478.00732047812,0.45084141165315117,0.5467014813236162,0.5009785484910553,0.33118009438000195,0.7238945169430782,1.8119408967995412,0.7807224493988674,6.677128738554906,0,0,0,0.0,0.0
422.9999999967481,301.4591674145726,-308501.36255359044,60238.01702311967,-248263.34553047077,0.4632882144900248,0.5441391147892833,0.5002843555782954,0.3228173198922588,0.7521152756880713,1.7726559368705548,0.7487167383193132,6.797187140516243,0,0,0,0.0,0.0
423.99999999672445,300.3289306363293,-308607.61516703013,60012.17143722529,-248595.44372980483,0.46843149909803605,0.5400958658135318,0.4999941847466618,0.3244177114972001,0.7485222990747253,1.83534699791457,0.7566741225838234,6.771655944765627,0,0,0,0.0,0.0
424.9999999967008,299.32986301991235,-308391.11689837324,59812.536267390795,-248578.58063098244,0.4574616643765026,0.5497078251045076,0.50227263588446,0.33045353313648185,0.743185415136761,1.8940603323693743,0.7818785541716089,6.781908261175559,0,0,0,0.0,0.0
425.99999999667716,296.81029491908333,-308392.7872070484,59309.07244026517,-249083.71476678323,0.45779668728121603,0.546543050708145,0.4983809393718728,0.3338798466250612,0.7347642222862625,1.87467523808494,0.77869568621532,6.704606078290446,0,0,0,0.0,0.0
426.9999999966535,299.89576893657784,-308121.3020035825,59925.616425257416,-248195.68557832506,0.4572160533392932,0.5331062972225151,0.498361122096488,0.34858754810168946,0.732380664883955,1.913813729108984,0.7553903158126367,6.705119103078999,0,0,0,0.0,0.0
427.99999999662987,301.1889030555037,-307782.6630563126,60184.01239887168,-247598.6506574409,0.4566854941266163,0.550268751338816,0.5007460470894205,0.3249861149296669,0.7644206375549238,1.8549561856796615,0.7701778453059953,6.628088395658423,0,0,0,0.0,0.0
428.9999999966062,296.4278849201356,-308372.76472081896,59232.6587082696,-249140.10601254937,0.45800415431424657,0.543503663938333,0.5008556969843672,0.31882464743713956,0.7478746938148273,1.9013511499263558,0.769855241149596,6.837844789668388,0,1,0,0.03784478966838822,0.0
429.9999999965826,300.93591188842834,-309019.5390773639,60133.459329413934,-248886.07974794996,0.4607186217529824,0.5413935124861116,0.4990897548515375,0.3379453246712173,0.7363539052409465,1.914192208891638,0.7726259562946005,6.718855864700358,0,0,0,0.0,0.0
430.9999999965589,300.0515747012212,-308340.59995233594,59956.7497637569,-248383.85018857903,0.4488928282816351,0.5398720950174472,0.49945679470990617,0.3221731025028843,0.747936874379814,1.8887671356208928,0.7524103645207054,6.788979500974623,0,0,0,0.0,0.0
431.9999999965353,300.605848728442,-308153.0720939534,60067.50562025829,-248085.5664736951,0.45758723193825457,0.5338229479124728,0.49656197541300323,0.32762647865764444,0.7375084924430961,1.9236106095856833,0.7678857010879501,6.782745859849097,0,0,0,0.0,0.0
432.99999999651163,302.55100315413995,-307858.04926332505,60456.189256628364,-247401.8600066967,0.44787564629989896,0.5419836426241567,0.5004095017204545,0.3222189377532211,0.7385248360701464,1.8379452091987893,0.771203311978315,6.752062501966321,0,0,0,0.0,0.0
433.999999996488,302.1584149480202,-308227.83057881054,60377.7417002109,-247850.08887859964,0.46502596747407576,0.5434883779738637,0.4995755426726618,0.33017877408664575,0.7198037987089076,1.861941793433509,0.7693185549117576,6.735303775727253,0,0,0,0.0,0.0
434.99999999646434,301.2862469352767,-308423.090716816,60203.46379700681,-248219.6269198092,0.4576215357290945,0.5446280196277931,0.5011104872565723,0.33016497910091813,0.7499019914053804,1.8606589126625401,0.7597950481559064,6.781114773368813,0,0,0,0.0,0.0
435.9999999964407,300.9003597355547,-307721.41200295184,60126.355245605904,-247595.05675734594,0.4567118068252105,0.5408111771623725,0.5006189567657905,0.31574622449991174,0.7473721469380139,1.9169880415087999,0.7640083535901496,6.785404094990973,0,0,0,0.0,0.0
436.99999999641705,298.21426817780366,-307859.7207788746,59589.6164548464,-248270.1043240282,0.45361089847335223,0.5388634379332959,0.49734225148013084,0.343040949893948,0.7491288483629273,1.9424261947229127,0.7695244526028271,6.787769509114156,0,0,0,0.0,0.0
437.9999999963934,299.3808032804237,-308497.8691751994,59822.71522564296,-248675.15394955646,0.4544579540972391,0.5343346051489539,0.4997642095383665,0.34528447141628,0.7410842585455306,1.8933949818118556,0.7711262788149682,6.716535663366727,0,0,0,0.0,0.0
438.99999999636975,301.5131878564625,-308270.91291737324,60248.81146777387,-248022.10144959937,0.4635206619441412,0.5410916347620383,0.5012124555722949,0.3160088579615222,0.7310942854746187,1.943381858435771,0.7695350593790891,6.602363839270893,0,0,0,0.0,0.0
439.9999999963461,298.5830972779555,-307472.1720008906,59663.31643154346,-247808.85556934713,0.4608465663143839,0.5397749987923106,0.5001666861425625,0.31749119693407646,0.7490124843446653,1.9253906912905467,0.75914329438728,6.59267842802997,0,0,0,0.0,0.0
440.99999999632246,298.5646332095842,-307162.1652650223,59659.626914072796,-247502.53835094953,0.451835998316068,0.5303832638927588,0.49721192178515755,0.3480896800492033,0.7601399559328001,1.9775427361222313,0.7715611768947159,6.629729477494095,0,0,0,0.0,0.0
441.9999999962988,298.07657481001706,-307775.119110439,59562.102362295045,-248213.01674814394,0.46124222795299946,0.5416489130413034,0.501280986465985,0.32484057705896585,0.7590595831744089,1.9353135995726802,0.766284066532334,6.5905976530055135,0,0,0,0.0,0.0
442.99999999627516,299.31847539882983,-307724.27083534515,59810.26077609125,-247914.0100592539,0.46704090547563304,0.5397173277122658,0.5010267237475057,0.33016939261157807,0.7522782191980886,1.878079637140008,0.7693900008410326,6.628149156632588,0,0,0,0.0,0.0
443.9999999962515,299.63636205826424,-307388.04230420664,59873.78135888414,-247514.26094532252,0.4564379490928059,0.5375752841261257,0.5004941827487491,0.33732497548964413,0.7506630894986861,1.861776164474989,0.7480154465234214,6.703618471100469,0,0,0,0.0,0.0
444.99999999622787,300.0852243366441,-307796.7888487405,59963.47368371199,-247833.31516502853,0.461303862050229,0.5472504663155817,0.501123222699338,0.3388388874928271,0.7654780680404496,1.9178616555482186,0.7850720870747705,6.6261352427894735,0,0,0,0.0,0.0
445.9999999962042,301.54307195879784,-308459.0626502461,60254.78295333404,-248204.27969691204,0.44876375802738705,0.536903871440809,0.4974681140372777,0.3297429256601245,0.7753772887076202,1.9524319441673672,0.7805727860212768,6.678475237175903,0,0,0,0.0,0.0
446.9999999961806,299.23933289737636,-309041.5990119586,59794.446404311835,-249247.15260764674,0.45299909602657173,0.5398599827880517,0.496511620579719,0.32274669873808615,0.7695676412019825,1.931385375171633,0.7510236521122695,6.6746431794823025,0,0,0,0.0,0.0
447.99999999615693,295.58265970533967,-308097.12364181504,59063.764554829475,-249033.35908698555,0.45761175950328603,0.5381126216124681,0.49932842361278,0.33626070238040534,0.7256252831304115,1.8872785128143477,0.7702007864684453,6.779748731974934,0,0,0,0.0,0.0
448.9999999961333,298.4766551738172,-308854.2476642453,59642.04701274936,-249212.20065149595,0.45715244717133885,0.5442772229206891,0.5000628857825955,0.3432936021996742,0.7487947747287471,1.8431585067403677,0.7626371835299377,6.6742619872252575,0,0,0,0.0,0.0
449.99999999610964,299.304379572458,-308829.0327838375,59807.44412720237,-249021.58865663514,0.4493949092660441,0.5363145451286329,0.4971020894743805,0.3063660955636551,0.7385628326189169,1.904845459574311,0.7635068321183183,6.647369635975082,0,0,0,0.0,0.0
450.999999996086,302.1722174458763,-309423.59694840293,60380.4997357616,-249043.09721264133,0.458801877509015,0.5482325814769613,0.4999889420685975,0.35289418002421485,0.7575550883114985,1.9253348983712897,0.779407949416127,6.6777376448313035,0,0,0,0.0,0.0
451.99999999606234,300.64605140859317,-308861.05052681407,60075.538979310164,-248785.5115475039,0.45551021659884405,0.5333987678714873,0.49890174099203616,0.3421880707419345,0.7238253335727465,1.895822841252766,0.7713876103989605,6.604997511301406,0,0,0,0.0,0.0
452.9999999960387,301.81912876772685,-308940.0580909038,60309.945033486496,-248630.1130574173,0.45398303150840524,0.541089085547398,0.5010920912182956,0.34965288901432656,0.7568689427998265,2.0500099446113484,0.7744042536940743,6.666119445673033,0,0,0,0.0,0.0
453.99999999601505,297.16908226791014,-308845.63135355106,59380.765859349645,-249464.86549420143,0.46277546565203265,0.544138852629203,0.5001190260533279,0.35195770856639075,0.7389210251294429,1.9598802727692437,0.7753196696537668,6.696502294176348,0,0,0,0.0,0.0
454.9999999959914,297.3775638969735,-308777.8160555302,59422.42496704318,-249355.39108848703,0.46112298862560475,0.5412949935846059,0.49953057231384074,0.35607139279415106,0.7475614179129817,1.9430378493693876,0.7628104416858257,6.737159460567412,0,0,0,0.0,0.0
455.99999999596776,297.98900656890225,-308191.07082600007,59544.604346745546,-248646.46647925454,0.4537705916864265,0.5444663317709768,0.4970194355968815,0.30920308921336687,0.7411568774843901,1.8671696673705291,0.7649133782479278,6.818778046909354,0,1,0,0.018778046909353918,0.0
456.9999999959441,296.82896058472915,-308298.70929584466,59312.8022412016,-248985.90705464306,0.4512262803855105,0.5446013655869386,0.5010214372470813,0.32765244803292226,0.7747247127145718,1.9297556333082255,0.7641846029529828,6.7132688637119315,0,0,0,0.0,0.0
457.99999999592046,300.21187388305503,-308546.1422547805,59988.78098353008,-248557.36127125044,0.45597710413189496,0.554451288234495,0.5023999371593199,0.3353362117457206,0.7421273531846637,1.9313599739570364,0.7641892509289487,6.777996273887567,0,0,0,0.0,0.0
458.9999999958968,300.6394003137271,-307881.3308347687,60074.20994768973,-247807.12088707899,0.46359375021307714,0.532773252341479,0.4987286224514338,0.3308560714160572,0.7693120601252339,1.8609763399073025,0.7680264376245756,6.759537325576154,0,0,0,0.0,0.0
459.99999999587317,303.14920751089295,-308962.4104433628,60575.723336598254,-248386.68710676453,0.45939375246711656,0.54911126208113,0.5015176935080788,0.3581152634548038,0.7352687151841186,1.971268847983545,0.769794203000151,6.7185723124653975,0,0,0,0.0,0.0
460.9999999958495,295.9291403570662,-308310.16953003174,59132.99883148421,-249177.17069854753,0.45274783323166456,0.545747793638208,0.4999767299696243,0.3407368836515081,0.753329744593989,1.8967570363131045,0.765326053993336,6.777548827170584,0,0,0,0.0,0.0
461.9999999958259,297.1911987237784,-308273.2068789252,59385.185202295856,-248888.02167662935,0.4571723226932445,0.5590917714312376,0.5000162537188626,0.33369660368387,0.7467397325618643,1.8637598666754709,0.7640619955009376,6.699825938325716,0,0,0,0.0,0.0
462.9999999958022,300.9068192242796,-308206.6196843744,60127.64599020362,-248078.9736941708,0.4556616102714681,0.5367082109531776,0.497595798619004,0.32720853153149804,0.7390245789516484,1.874234204973896,0.7704866702356572,6.712537778348241,0,0,0,0.0,0.0
463.9999999957786,298.6163487198226,-308189.9219571017,59669.96078387287,-248519.9611732288,0.45235521891791475,0.5397313711904976,0.5018730033880864,0.3310756285928875,0.759222450617703,1.8739484624223302,0.7785277949477628,6.753298371202035,0,0,0,0.0,0.0
464.99999999575493,297.59242687026864,-308556.3356978311,59465.35920438614,-249090.976493445,0.4583730265205439,0.5413143290971405,0.5008440281141294,0.34125770798625943,0.7341350599439114,1.8168434829259645,0.7553560331967422,6.742410914658649,0,0,0,0.0,0.0
465.9999999957313,297.3263382559355,-307744.87207603734,59412.188983631786,-248332.68309240555,0.46353073239473197,0.5404912150477168,0.5012662607535391,0.30526810006407135,0.74503796173257,1.865304041419897,0.7717339794008566,6.745011058489112,0,0,0,0.0,0.0
466.99999999570764,296.10761336359394,-308024.9005246577,59168.66157180685,-248856.23895285084,0.46307357126449844,0.5511738340996519,0.5012212464598494,0.327518161258301,0.7557836377799916,1.8847722835708627,0.7710008558254731,6.721486299773119,0,0,0,0.0,0.0
467.999999995684,298.17738738356604,-308575.2570462711,59582.2468799545,-248993.0101663166,0.45676355881718766,0.5418478232057471,0.49887352606580915,0.327034327163484,0.7271762155211139,1.786103784822906,0.7782876568261194,6.6702691096690145,0,0,0,0.0,0.0
468.99999999566035,301.2206770526949,-308727.0582699743,60190.36152601919,-248536.69674395514,0.45458894152282703,0.5450353991336225,0.4994618969776831,0.34859844608494667,0.7401843852334338,1.8061665911319693,0.7704084105227871,6.675158118286234,0,0,0,0.0,0.0
469.9999999956367,301.17643806558056,-308382.86189899687,60181.521626135785,-248201.34027286107,0.4596977065475176,0.546062417363709,0.4992823580516053,0.3267180330536618,0.7173131002691635,1.755764301380644,0.7495100580646827,6.717896325040542,0,0,0,0.0,0.0
470.99999999561305,298.5806827997069,-307902.18961852184,59662.83396692615,-248239.3556515957,0.453599473130331,0.5417770424584152,0.4987064884110343,0.3234990316721948,0.7513331224899749,1.7831393318503217,0.7415307689641422,6.712185439300097,0,0,0,0.0,0.0
471.9999999955894,299.03607381593287,-307545.8470486873,59753.83087381361,-247792.0161748737,0.45750512609962346,0.5520804295909638,0.5021962721676381,0.3501603462945746,0.7513542916753515,1.7667587917223901,0.7749066893951415,6.658059596086203,0,0,0,0.0,0.0
472.99999999556576,299.47587736495467,-307977.25417054724,59841.71306993329,-248135.54110061395,0.465574153920846,0.5366415239906903,0.4991933509196595,0.32757859504217396,0.7255901114500682,1.6600689732491336,0.7665105907717074,6.718150863184036,0,0,0,0.0,0.0
473.9999999955421,300.1631441837738,-307712.1796155558,59979.04374289478,-247733.13587266102,0.44690928731564394,0.5399063706013623,0.49970517575589246,0.3328079944118517,0.7534787106599068,1.672689297798657,0.7639383891337026,6.656634831209562,0,0,0,0.0,0.0
474.99999999551846,302.1821783401116,-308067.21587692574,60382.490136390836,-247684.7257405349,0.4645432694906457,0.5429088897047265,0.5025260658266436,0.3216577021329905,0.739423870570689,1.6401116927804438,0.7714886624872448,6.644424974744144,0,0,0,0.0,0.0
475.9999999954948,301.87296197773566,-308306.3746265676,60320.70206518911,-247985.67256137848,0.4516380511034095,0.541403136872054,0.5012166916555292,0.33885268659429035,0.7514987312346122,1.6523903679583962,0.7619377750404617,6.675161966145396,0,0,0,0.0,0.0
476.99999999547117,296.3305218958975,-308549.1630997355,59213.20348465913,-249335.95961507637,0.4517834166585808,0.5391294348968784,0.4992485190847253,0.35811089975095173,0.7477474055459581,1.5848875997111413,0.7668709406658945,6.6817691449948455,0,0,0,0.0,0.0
477.9999999954475,297.1121528941688,-308033.6959183146,59369.39014762736,-248664.30577068726,0.4466328349560309,0.5461229612465441,0.4990144558196529,0.3360232399243717,0.7343213675325098,1.5686186262471793,0.7691639226352489,6.691015815797883,0,0,0,0.0,0.0
478.9999999954239,299.08947020732546,-308077.7180253514,59764.50061977378,-248313.21740557763,0.46031862767371146,0.5417530124104282,0.4989179107681324,0.3346247141664399,0.7715822599766797,1.6067047261303369,0.7690733663369433,6.748004420070229,0,0,0,0.0,0.0
479.99999999540023,298.6740900358701,-308709.188585605,59681.49873910852,-249027.68984649648,0.4633959332009203,0.5459747792977172,0.5019146923498424,0.3190631503259801,0.7368602999696208,1.5932470621512493,0.7610691337601629,6.71170793066814,0,0,0,0.0,0.0
480.9999999953766,297.98921831896007,-309160.10941220354,59544.646658955506,-249615.46275324805,0.45744830914330636,0.5415006806905196,0.5029414692492308,0.33441742622465276,0.756315456770098,1.5985760370235447,0.7641704676791589,6.716402866613549,0,0,0,0.0,0.0
481.99999999535294,296.3229855327871,-307743.91209462984,59211.69755742782,-248532.21453720203,0.44186068297328873,0.5369040013725268,0.4981423151042382,0.33385681851611076,0.7462667574236619,1.812298579119016,0.761669395489819,6.652560983861662,0,0,0,0.0,0.0
482.9999999953293,298.3127888750135,-308086.1952899033,59609.303006383554,-248476.89228351976,0.46057409286388973,0.5463767840064708,0.4989719421820781,0.3096098440440743,0.7260640820070021,1.9124227137132692,0.7740832470295906,6.747652322761098,0,0,0,0.0,0.0
483.99999999530564,298.26392197462667,-309565.12586096255,59599.53835002026,-249965.5875109423,0.46204293181784717,0.5476747679136906,0.4995176723308001,0.3352922403706056,0.7621917938165463,1.9490202455452277,0.7690299693286295,6.717801826308005,0,0,0,0.0,0.0
484.999999995282,297.674285933527,-308428.5028661038,59481.7164035662,-248946.7864625376,0.46504122026276823,0.5437596172333095,0.5018476516021566,0.3448636230707265,0.7659652049458163,1.8436753742947083,0.7659263830863701,6.7472785720927675,0,0,0,0.0,0.0
485.99999999525835,298.73536357215824,-308371.81739864266,59693.7425078207,-248678.07489082194,0.4489281341028555,0.5428331197991074,0.5004722528710319,0.3297911623310278,0.7513868415079639,1.8130078885475882,0.7734597872756348,6.8086436695709835,0,1,0,0.008643669570983725,0.0
486.9999999952347,299.8655493882462,-308263.24960264284,59919.577910381784,-248343.67169226106,0.45645214719333094,0.5439131472808292,0.5005629801979209,0.35844571593045427,0.7618942957433852,1.7600287041045473,0.7731014511929071,6.80368884959735,0,1,0,0.0036888495973501634,0.0
487.99999999521106,297.73169437606157,-307444.8605295117,59493.18784352381,-247951.6726859879,0.4602710804073835,0.5479237774306824,0.4982589975667791,0.32628661923472074,0.7423217533015993,1.7646831662250904,0.7647265606074285,6.777831425353327,0,0,0,0.0,0.0
488.9999999951874,300.2979265015485,-308214.6815989306,60005.9761451241,-248208.70545380653,0.45848664118282345,0.5388867233751924,0.4991477594434913,0.3359943861131224,0.7443440156733914,1.7603274279775185,0.7583817941202877,6.7830476919811,0,0,0,0.0,0.0
489.99999999516376,300.82360931044354,-307511.4216931071,60111.01886206173,-247400.4028310454,0.45647016906497484,0.5440663059162243,0.4972972556342109,0.3366334756331525,0.733843549688828,1.8571977410450575,0.7535246525966617,6.7198493338488845,0,0,0,0.0,0.0
490.9999999951401,297.9364326465913,-308531.9998289258,59534.0989477746,-248997.90088115123,0.46479703279711604,0.5292015279952018,0.4979402327126027,0.33970688099668755,0.7266714973109494,1.700722365742136,0.7641523545339153,6.800637767337317,0,1,0,0.000637767337317463,0.0
491.99999999511647,299.0636194373696,-308858.64159855153,59759.335080659424,-249099.3065178921,0.4557734989358426,0.540088543162776,0.5000728215695073,0.32112709036062614,0.734246069984346,1.7264186316942283,0.7726262724482886,6.684575228262418,0,0,0,0.0,0.0
492.9999999950928,300.5142845360469,-309435.00900208857,60049.20912780955,-249385.799874279,0.4623051691015396,0.5453892629297155,0.5003638205765281,0.3309897774654583,0.7596126385770301,1.7701418041707662,0.7778636796986135,6.63763252821947,0,0,0,0.0,0.0
493.9999999950692,298.37862236297275,-308704.68976446847,59622.457951387856,-249082.2318130806,0.46091004155906656,0.539184179238914,0.4979670000025957,0.3304344334615345,0.7535970851056946,1.7812829638575742,0.7568127776791655,6.6567406372323905,0,0,0,0.0,0.0
494.9999999950455,300.7384483085787,-308738.88962479867,60094.00186462213,-248644.88776017656,0.45353807151752523,0.5414370403352304,0.5003855085553426,0.3260805384413089,0.7339535308456622,1.759896160114744,0.757352921481905,6.622279890199039,0,0,0,0.0,0.0
495.9999999950219,298.84510416074033,-308079.4421570981,59715.67103465846,-248363.77112243965,0.46070683175597615,0.5429236338456942,0.49967693985383377,0.32250113195379093,0.7400527846593512,1.826423841398089,0.7529829136461526,6.655325292080136,0,0,0,0.0,0.0
496.99999999499823,300.0822619595462,-307588.68163258396,59962.88173713567,-247625.7998954483,0.45393338498678015,0.542117605873373,0.5005760559025497,0.3312360983408831,0.7601808672208605,1.825812025206993,0.7522326261560206,6.660033097269647,0,0,0,0.0,0.0
497.9999999949746,300.0445542442362,-307987.24881388526,59955.34692565117,-248031.9018882341,0.45686876902240525,0.5379516639786441,0.4966115384523622,0.3214604466507795,0.7469829205057765,1.8532416129714022,0.7746472419784984,6.731759036378264,0,0,0,0.0,0.0
498.99999999495094,298.5950221427806,-308177.91374498094,59665.699275682826,-248512.2144692981,0.45245089106830694,0.5418140051769011,0.4991708141210306,0.3294880563907887,0.7254810321394644,1.7214797403246642,0.7753197457950254,6.773547658423693,0,0,0,0.0,0.0
499.9999999949273,306.14427343357346,-308313.90852695005,61174.20184227157,-247139.70668467847,0.46358496778098335,0.5460403061546639,0.5009492759945818,0.3355649720242698,0.744720422629003,1.8528665444144519,0.766744807913522,6.755634236285353,0,0,0,0.0,0.0
