time_ps,temperature_K,potential_kJ_per_mol,kinetic_kJ_per_mol,total_kJ_per_mol,graphene_z_min_nm,graphene_z_max_nm,graphene_z_mean_nm,ligand_z_min_nm,ligand_z_max_nm,pyrene_z_mean_nm,pyrene_height_above_graphene_nm,water_z_min_nm,water_z_max_nm,water_below_graphene,na_z_min_nm,na_z_max_nm,k_z_min_nm,k_z_max_nm,cl_z_min_nm,cl_z_max_nm,h2po4_z_min_nm,h2po4_z_max_nm,hpo4_z_min_nm,hpo4_z_max_nm,na_below_graphene,k_below_graphene,cl_below_graphene,h2po4_atoms_below_graphene,hpo4_atoms_below_graphene,lowest_water_gap_nm,lowest_na_gap_nm,lowest_k_gap_nm,lowest_cl_gap_nm,lowest_h2po4_gap_nm,lowest_hpo4_gap_nm
0.0,300.667754700238,-1972054.3715710007,292397.22834283626,-1679657.1432281644,0.45339978792123325,0.5449977972069391,0.5014855439227689,0.7945351195172794,1.7208148035832007,0.8355445932378319,0.33405904931506303,0.7700796213937613,36.18154303190158,0,1.7730409156594806,35.418973332718,4.98377124486894,23.284348661818967,0.9332986029632622,35.67630192783702,32.09628470583584,32.34393498619613,7.7853979545611764,35.14660588817958,0,0,0,0,0,0.2250818241868222,1.2280431184525415,4.438773447662001,0.3883008057563231,31.551286908628903,7.240400157354237
1.0000000000000007,299.85448349050387,-1973745.9956416748,291606.32794231153,-1682139.6676993633,0.454128199718836,0.5365653397808021,0.49966187068033835,0.7382377190261593,1.6782483712628213,0.8358717124243797,0.3362098417440414,0.7725095758058357,36.22020615785789,0,1.82816411746537,35.45913323308701,5.019287734504047,23.247311563429378,0.9624066267029985,35.73633473564439,32.187244542245466,32.450517553856116,7.8745795697818295,35.17970761007075,0,0,0,0,0,0.23594423602503356,1.2915987776845679,4.482722394723245,0.42584128692219636,31.650679202464666,7.338014230001027
1.9999999999998905,299.5647072404508,-1973585.106622059,291324.52262388094,-1682260.583998178,0.46495299448373295,0.5392367224059536,0.4999944006944825,0.7367796339083461,1.6510744659772278,0.8307482022266581,0.33075380153217565,0.7664746958007189,36.31003122173428,0,1.7913599705916532,35.5107206878597,5.0926533839567085,23.223627432931494,0.8657517316909589,35.707313169872975,32.07655506240451,32.352143624163546,7.924799146612585,35.16492553431192,0,0,0,0,0,0.22723797339476537,1.2521232481856996,4.553416661550755,0.3265150092850053,31.537318339998556,7.385562424206632
2.9999999999997806,299.2732695306961,-1975603.3284946717,291041.10154784366,-1684562.226946828,0.4527818281140441,0.5418742467256354,0.5017512780433535,0.7447776003731708,1.7458771151620205,0.8179216125752036,0.31617033453185006,0.7664576763298482,36.27644977883074,0,1.7764560167554944,35.39657878977272,5.024852272796937,23.308603164887487,0.8698423516285796,35.65798175148069,31.99205161163593,32.26193916473278,7.945073681225189,35.147610288165254,0,0,0,0,0,0.22458342960421274,1.234581770029859,4.482978026071302,0.32796810490294415,31.450177364910296,7.4031994344995535
3.9999999999996705,299.23433904405346,-1976234.791242797,291003.2419296625,-1685231.5493131345,0.45631528250204645,0.5454635445637965,0.4998466742610408,0.7709542160989642,1.7159293198460865,0.825895104156948,0.3260484298959072,0.7459208436058464,36.14802213388259,0,1.7547951954385024,35.39776331149096,5.007067603946631,23.244050945887736,0.8666390021107606,35.699611681774066,32.0576395998186,32.325991468195184,7.916116229931978,35.1023166433373,0,0,0,0,0,0.2004572990420499,1.2093316508747058,4.461604059382834,0.3211754575469641,31.512176055254805,7.3706526853681815
5.000000000000004,299.17806941763484,-1973164.8511128575,290948.5201227927,-1682216.330990065,0.46652428220493825,0.5386845237382882,0.502907299205713,0.770998908220828,1.764442393752205,0.8366503312976155,0.3337430320919025,0.7706615535982397,36.152445957393525,0,1.8880414185127172,35.334547170083965,4.961631668957914,23.3433762156562,0.9495150327478434,35.69210136952762,32.049109791193416,32.33693365517172,7.909299976981458,35.16920007999806,0,0,0,0,0,0.2319770298599515,1.349356894774429,4.422947145219625,0.4108305090095552,31.510425267455126,7.37061545324317
6.000000000000338,300.14187002586283,-1973989.000803288,291885.80928039446,-1682103.1915228935,0.4647142658971073,0.5439908037668548,0.5018276561266521,0.7922695387274086,1.7169313110095636,0.8139729186870761,0.31214526256042396,0.7740989388912727,36.20743990575198,0,1.8072437944879578,35.404623268682144,5.036181501248748,23.288534623847397,0.8756642072088123,35.842059666454475,31.968747102972145,32.26367490596607,7.858189905563535,35.15955877749809,0,0,0,0,0,0.23010813512441786,1.263252990721103,4.4921906974818935,0.3316734034419575,31.424756299205292,7.31419910179668
7.000000000000672,299.7311160709505,-1973106.8220793344,291486.35401434184,-1681620.4680649927,0.4618156761127832,0.5534479344008325,0.503991813639279,0.7811569908942761,1.7137032387383329,0.8324267701162459,0.32843495647696686,0.7725977694802886,36.120049711467004,0,1.772663703837413,35.41034671813293,5.1294444485887,23.333874035270895,0.9253706619260633,35.87239301057048,31.980150136758134,32.306339480866626,7.8351694019747455,35.081130463018724,0,0,0,0,0,0.21914983507945607,1.2192157694365804,4.575996514187867,0.3719227275252308,31.4267022023573,7.281721467573913
8.000000000001005,302.6589987594656,-1974867.748640731,294333.69886476756,-1680534.0497759634,0.4600015320804429,0.5415210861654556,0.503068421449078,0.7688313144148318,1.7029673609933234,0.8447712672633949,0.34170284581431687,0.7724599315388088,36.10589274782808,0,1.8055636666066448,35.388271402457626,5.108701426058715,23.36851567495745,0.89498716820873,35.71775826714701,32.08346795911109,32.38798106527031,7.8501950256328215,35.099472167213094,0,0,0,0,0,0.23093884537335319,1.2640425804411892,4.56718033989326,0.35346608204327445,31.541946872945633,7.308673939467366
9.000000000000451,300.1250456797373,-1974103.5225917958,291869.4477248273,-1682234.0748669684,0.4661778235628995,0.5445754855179494,0.5013211896460605,0.750014521488545,1.6022552448732768,0.8248166811221,0.3234954914760395,0.7772147685028026,36.19701817401091,0,1.7731083295028292,35.40902753979532,5.116901527125378,23.37655987553913,0.8678336914503788,35.644394297964936,31.982155223075125,32.32213272808667,7.803778559665737,35.02971252376702,0,0,0,0,0,0.23263928298485315,1.2285328439848797,4.572326041607429,0.3232582059324294,31.437579737557176,7.259203074147788
9.999999999999897,300.4258502664535,-1974980.5224211626,292161.97802132124,-1682818.5443998412,0.452268419897917,0.5423078107517441,0.5001405584923948,0.7780491313198734,1.5915162801312306,0.8389806513916565,0.33884009289926165,0.7393385041125011,36.11620024095129,0,1.797903071040344,35.41573462486167,5.129147242458799,23.33057988490664,0.919912379672887,35.70436758367498,31.940221445403125,32.278001906007944,7.82104215210753,35.11711432041773,0,0,0,0,0,0.19703069336075707,1.2555952602886,4.586839431707055,0.3776045689211429,31.39791363465138,7.278734341355786
10.999999999999343,301.09126868113714,-1975228.6272437759,292809.0926423612,-1682419.5346014146,0.4574085070924987,0.5420875253379016,0.4998290564224568,0.7488020697010009,1.6256762940440517,0.8253303060021286,0.32550124957967186,0.7644951894574472,36.14721294290885,0,1.7781014516092526,35.398290129307156,5.075589927142417,23.40031900365085,0.8747339726712724,35.76833291718543,32.024246227866264,32.286255800537106,7.912193998958088,35.10245859826912,0,0,0,0,0,0.2224076641195456,1.236013926271351,4.533502401804515,0.3326464473333708,31.482158702528363,7.3701064736201864
11.999999999998789,299.84103643622035,-1975221.1556595154,291593.2507787634,-1683627.904880752,0.45680881114836547,0.5400238137418008,0.501156685598182,0.7551398289674618,1.6135231646618209,0.823111982481233,0.3219552968830509,0.7759727164830128,36.18016890054963,0,1.7786475580875152,35.268940846601026,5.151556624269574,23.355119430765797,0.8932269580564167,35.667527548613975,31.982053893342822,32.30031114852312,7.916175947151729,35.07507686223728,0,0,0,0,0,0.23594890274121205,1.2386237443457144,4.611532810527773,0.35320314431461597,31.44203007960102,7.376152133409928
12.999999999998234,299.4561927202304,-1976081.5110687762,291218.9930336559,-1684862.5180351203,0.4625862292363436,0.5445960668077685,0.5029517283016346,0.7297767268395727,1.6018517626914317,0.8303950101379332,0.32744328183629856,0.7685240462277081,36.244900615838276,0,1.725047170217259,35.27626294420827,5.060168030197019,23.41366388373103,0.908810105043333,35.66123860923835,32.02354920355867,32.30770627728896,7.903995725498191,34.97679414227275,0,0,0,0,0,0.22392797941993958,1.1804511034094904,4.515571963389251,0.36421403823556453,31.478953136750903,7.359399658690423
13.99999999999768,299.59498832792764,-1975855.0885454565,291353.9707636001,-1684501.1177818566,0.46542878705599744,0.5374236454374888,0.5000212336554374,0.7633273005809362,1.6305993447776146,0.8320191780641488,0.33199794440871144,0.7659221780255958,36.26497116932592,0,1.786626634164179,35.2492685412044,5.13991308629953,23.417092691194625,0.8903117672992398,35.706935975923855,32.129798980525344,32.368905416136954,7.86764366776066,34.993443688923435,0,0,0,0,0,0.22849853258810704,1.2492029887266902,4.602489440862041,0.352888121861751,31.592375335087855,7.3302200223231715
14.999999999997126,299.00747568570205,-1975917.3760214932,290782.6189457957,-1685134.7570756976,0.4580284574036755,0.5391394217882226,0.5010618604415508,0.7599580558508237,1.6331870417892667,0.8361071253180663,0.33504526487651554,0.7815375403165286,36.19776485939411,0,1.7739433471114694,35.142959867892245,5.048756557621033,23.420546446650462,0.9028911044388246,35.59127598852626,32.02697186513399,32.32575220758355,7.9179767741578075,35.0448431286228,0,0,0,0,0,0.24239811852830595,1.2348039253232468,4.50961713583281,0.363751682650602,31.487832443345766,7.378837352369585
15.999999999996572,299.3917455943584,-1973281.6684976518,291156.31866739935,-1682125.3498302526,0.45492369181874537,0.5381363673870303,0.5012365877845024,0.7534994946807725,1.6122937613203732,0.84336847482704,0.3421318870425376,0.7715068974602044,36.198209269961126,0,1.7885959291247282,35.23794144931162,5.027537355895184,23.45700361343961,0.8698962148336697,35.50826672517968,32.03360215618045,32.34869738705402,7.883093380519924,35.0228360969752,0,0,0,0,0,0.2333705300731741,1.250459561737698,4.489400988508153,0.33175984744663944,31.49546578879342,7.344957013132893
16.999999999997794,299.64613096407277,-1973254.4729639888,291403.7066093142,-1681850.7663546745,0.4664422703961453,0.5397131484296738,0.49983337454468074,0.7671708773770298,1.6087391156874027,0.8349693064890029,0.3351359319443222,0.7762797589267905,36.136473712333725,0,1.7765815766645758,35.169527293607075,4.9473239552056185,23.432517559368478,0.8694352775788676,35.43127103316681,31.982252754518584,32.28445414880727,7.8299756843148955,35.05467298763676,0,0,0,0,0,0.2365666104971167,1.236868428234902,4.407610806775945,0.32972212914919385,31.44253960608891,7.290262535885222
17.999999999999016,299.9388548808821,-1975130.7009008713,291688.3785124587,-1683442.3223884127,0.4599839705775106,0.5411676574605693,0.5030625092707274,0.7767555137418618,1.6189531666606278,0.8270681148773045,0.3240056056065771,0.7626654295669066,36.138874830534235,0,1.7755671363757806,35.1491604969807,4.966404553034053,23.433613244173557,0.887887596592405,35.5216965394153,32.04496995639522,32.346082643824275,7.785291484741023,34.9880357173397,0,0,0,0,0,0.22149777210633737,1.2343994789152113,4.425236895573484,0.34671993913183574,31.50380229893465,7.244123827280454
19.000000000000238,299.5523414907864,-1975481.2504578643,291312.4970212956,-1684168.7534365687,0.461533249812891,0.550348133093939,0.5032225755668901,0.7343626604843743,1.6525528284468933,0.8233319836611672,0.3201094080942771,0.7723326069208232,36.07726996373765,0,1.846392543355062,35.0912243502292,4.984173528004035,23.52805190926017,0.9544871613967167,35.549295796083925,32.06430828578776,32.34942137394489,7.813606485286243,35.085265632898654,0,0,0,0,0,0.22198447382688413,1.296044410261123,4.433825394910096,0.4041390283027777,31.51396015269382,7.263258352192304
20.00000000000146,299.1604376293294,-1974962.1593877561,290931.37333551457,-1684030.7860522415,0.45875135704079817,0.5476323306024655,0.5022939305238917,0.7485203652288659,1.5892864366185622,0.8268364248872538,0.32454249436336213,0.7836961648023308,36.113771447080126,0,1.8633230944825048,35.12362300930714,4.960433345450625,23.535958656197636,0.8800494031853607,35.39638926048906,32.11663273465854,32.37759846554462,7.840538717810773,35.03633748121683,0,0,0,0,0,0.23606383419986532,1.3156907638800392,4.412801014848159,0.3324170725828952,31.569000404056073,7.2929063872083075
21.000000000002682,299.28942456218044,-1974346.0993374065,291056.8121997376,-1683289.2871376688,0.4600350130029689,0.5403642147785597,0.49980756365336604,0.7348000949364542,1.5909099087084613,0.835840658612674,0.33603309495930794,0.7685575480109951,36.16225075548604,0,1.8756848279726928,35.134797236388636,4.991247893639439,23.481043590416164,0.8667790109467095,35.47006761321768,32.18296177945501,32.47159945293342,7.940843499279339,35.088145018841146,0,0,0,0,0,0.2281933332324354,1.335320613194133,4.45088367886088,0.32641479616814983,31.642597564676453,7.400479284500779
22.000000000003904,300.7236664450658,-1974344.7822093442,292451.60211243376,-1681893.1800969103,0.44817033245096816,0.5358689663958494,0.5007592388543275,0.7473140454942975,1.7099138110305994,0.832220718197456,0.33146147934312853,0.772493414410504,36.12332282875195,0,1.9528798542904013,35.03232655923313,4.964028742907146,23.450628365983988,0.9102947588840626,35.399456830270935,32.158402386538114,32.409984228033494,7.938929652977706,35.188212887663866,0,0,0,0,0,0.23662444801465465,1.417010887894552,4.428159776511297,0.3744257924882133,31.622533420142265,7.403060686581856
23.000000000005127,300.77646355235385,-1974094.516479224,292502.9469194315,-1681591.5695597925,0.4655493041486345,0.5386848833694398,0.4994764459922206,0.7523788644731546,1.6536141035933234,0.8499701131729729,0.3504936671807523,0.7715995179860844,36.04719319543733,0,2.002305523269401,35.168928829255265,4.970534914444194,23.34976583251773,0.9484172681840288,35.51078857318481,32.20515008196361,32.481093512087114,7.966961524939251,35.13351029203591,0,0,0,0,0,0.23291463461664463,1.4636206398999612,4.431850031074754,0.40973238481458907,31.666465198594167,7.428276641569811
24.00000000000635,300.04774571385013,-1973889.300375484,291794.2740641235,-1682095.0263113603,0.4620441613076105,0.5436326136822824,0.5001771891631719,0.7098828560369143,1.6842332016954327,0.8542945557219956,0.35411736655882375,0.774913813656184,36.05940717380338,0,1.9072346059025307,35.17206490623022,4.927697412033524,23.186162776650974,0.8788200141882294,35.54636642590356,32.29628584476086,32.60008531291339,7.952446077286744,35.07869339095924,0,0,0,0,0,0.2312811999739015,1.3636019922202482,4.3840647983512415,0.335187400505947,31.752653231078575,7.408813463604462
25.00000000000757,298.8153392550966,-1973257.0131694265,290595.76764932484,-1682661.2455201016,0.4596620865860932,0.5441614201515392,0.5026353822645437,0.7369151850190168,1.6345612820633342,0.8376337481892795,0.33499836592473575,0.7749258369252541,36.15462035457904,0,1.8565889357793246,35.17409907012342,4.951591565677987,23.272801203944425,0.9322964344825149,35.5062629938501,32.2532977550585,32.598621312470435,7.923167850823404,35.09035485569675,0,0,0,0,0,0.23076441677371484,1.3124275156277854,4.4074301455264475,0.38813501433097564,31.709136334906958,7.379006430671865
26.000000000008793,299.38960885725464,-1974087.6327520534,291154.2407059383,-1682933.3920461151,0.46274511648514416,0.5494145155017712,0.5012188701970596,0.7409588299905963,1.6190024930550244,0.8441068306869314,0.3428879604898718,0.7596331595030268,36.13717874494239,0,1.8317508198986197,35.158628314387784,4.937420275703346,23.259267687678587,0.8992254301164913,35.56456256855722,32.245134841210756,32.58138144815837,7.887657691104337,35.12420714413213,0,0,0,0,0,0.21021864400125556,1.2823363043968485,4.388005760201574,0.34981091461472,31.695720325708987,7.338243175602566
27.000000000010015,299.3495479926845,-1975687.13346098,291115.28180335497,-1684571.8516576248,0.457199175332323,0.540503681835399,0.5001512988484416,0.7474581257998558,1.7305741514238395,0.8637212519130515,0.36356995306460993,0.7729544954791496,36.14494272293723,0,1.8402196711006837,35.17613820108147,4.8767188742216945,23.180930114576086,0.9268610740227246,35.56729301968949,32.25893566980494,32.52297241883855,7.892498545112392,35.09460711054476,0,0,0,0,0,0.23245081364375064,1.2997159892652848,4.3362151923862955,0.38635739218732557,31.71843198796954,7.351994863276993
28.000000000011237,300.88913026559135,-1978008.0298265703,292612.51448749343,-1685395.515339077,0.4572994401139199,0.5408997003632701,0.4993614791526904,0.7632481902836208,1.6644705727930216,0.8176187311751855,0.31825725202249505,0.7704152573250775,36.03167931261862,0,1.8844481433839597,35.17670851906783,4.898862930640227,23.257308378091693,0.9039978306925764,35.553575523077484,32.299597139030766,32.59251691955518,7.944383531121886,35.022787204282395,0,0,0,0,0,0.22951555696180748,1.3435484430206897,4.357963230276957,0.3630981303293064,31.758697438667497,7.403483830758616
29.00000000001246,299.54225741951495,-1976038.339102555,291302.6903345323,-1684735.6487680227,0.45810409054632384,0.5437966643619387,0.502388654104232,0.7324898182893125,1.594134233500526,0.8419754134272467,0.33958675932301474,0.7783806202380461,36.01542309440532,0,1.8882795159916697,35.179767804596764,5.01435019896482,23.357505808584804,0.9543239483745024,35.63407932010023,32.245062087115116,32.57959709758009,7.887161314754522,35.14899851152984,0,0,0,0,0,0.23458395587610736,1.344482851629731,4.470553534602882,0.41052728401256366,31.701265422753178,7.343364650392584
30.00000000001368,299.36037168829637,-1976520.3362070099,291125.8077694682,-1685394.5284375416,0.4558533086696803,0.5360505833090095,0.5003875381114978,0.747800506347863,1.5885349141260257,0.8176656149418183,0.3172780768303205,0.7759735924227193,36.00552790524907,0,1.8731663051161824,35.11755523787372,5.0029622341430695,23.214964157731885,0.9467986033969211,35.58102760782401,32.292569983870976,32.59132310703416,7.851685879225641,35.09500915149988,0,0,0,0,0,0.2399230091137099,1.337115721807173,4.46691165083406,0.41074802008791167,31.756519400561967,7.315635295916632
31.000000000014904,299.46797134971723,-1976505.1444599852,291230.44766609254,-1685274.6967938927,0.46084994659412093,0.5492762060586092,0.5006237036984253,0.7423297698271125,1.6283570625840573,0.8298158924354169,0.3291921887369915,0.7713961038928334,36.03075584521923,0,1.8804206134828476,35.052168055096786,5.081479845081233,23.210950680032283,0.9671615432275642,35.73223059809851,32.39302738110024,32.65945776871882,7.850732324966011,35.073763084200664,0,0,0,0,0,0.22211989783422426,1.3311444074242385,4.532203639022624,0.41788533716895504,31.843751175041632,7.301456118907402
32.00000000001612,300.37102110365163,-1976034.7734838128,292108.6570549555,-1683926.1164288572,0.46407563362791215,0.5502448298479301,0.5013847753268947,0.7257271876362097,1.5817380415226694,0.8300866429511452,0.32870186762425047,0.7681028797326768,36.066522325672395,0,1.8254079485002528,35.08107614972084,5.071062059996793,23.171988633594538,0.9823847258488261,35.57431754127549,32.338571405985704,32.64080522053996,7.798942317978415,35.066864382665074,0,0,0,0,0,0.21785804988474666,1.2751631186523227,4.520817230148863,0.432139896000896,31.788326576137774,7.248697488130485
33.00000000001379,301.73600249933963,-1976639.5251409076,293436.09164213506,-1683203.4334987726,0.4447236027888273,0.542142858247928,0.5014127622128899,0.7377004998263033,1.6505843079014646,0.8363974943278603,0.3349847321149704,0.7737581725503285,36.12546518118492,0,1.762014223184945,35.05494736035237,5.099577801873124,23.19676140191143,0.9595653377957063,35.68664276856953,32.433627278961126,32.73347695639745,7.882387980908376,35.10459622159624,0,0,0,0,0,0.23161531430240057,1.219871364937017,4.557434943625196,0.41742247954777834,31.891484420713198,7.340245122660448
34.00000000001146,298.9934184088306,-1977042.8840125352,290768.94834517094,-1686273.9356673644,0.44707411733845315,0.5454668857755589,0.4998584371066561,0.7369654674204487,1.7193615771257562,0.8366492579799922,0.3367908208733361,0.7575586441470715,36.1387354616146,0,1.7000900258223535,35.07376721712512,5.094329149126295,23.163666175012935,0.932728153808636,35.63989712604831,32.49135699500505,32.77784946051952,7.794601917496978,35.082960439418684,0,0,0,0,0,0.21209175837151262,1.1546231400467946,4.5488622633507365,0.38726126803307714,31.945890109229488,7.249135031721419
35.00000000000913,300.630956041562,-1975177.9064024128,292361.44191201555,-1682816.4644903974,0.44691746841987534,0.5417416822603114,0.5030763908269211,0.7588367371402569,1.6173806554118784,0.8412140391247404,0.3381376482978192,0.7742830227321598,36.106531914474886,0,1.7500292445712375,35.11560816458828,5.116735564245772,23.153156195942174,0.8865103866361359,35.59521248298677,32.49737471917746,32.72036116339973,7.923208304304666,35.08645011274939,0,0,0,0,0,0.23254134047184838,1.2082875623109262,4.574993881985461,0.3447687043758245,31.955633036917146,7.381466622044354
36.0000000000068,299.32854365092004,-1976996.640903417,291094.85523210117,-1685901.7856713159,0.4652728303066658,0.5452820656993945,0.5009085716744842,0.7332908893068115,1.6282605864258528,0.8357286490591938,0.33482007738470954,0.7790023526036922,36.08163402649086,0,1.7996918279522447,35.08131647664413,5.1045959685798294,23.193200722221547,0.8793793801475509,35.697342744531625,32.46421611621531,32.72562998157582,7.868907731643759,35.05881966390626,0,0,0,0,0,0.2337202869042977,1.25440976225285,4.559313902880435,0.3340973144481564,31.91893405051592,7.323625665944364
37.00000000000447,300.25721869750646,-1977368.5382516123,291997.9850337114,-1685370.553217901,0.4515252145812778,0.5373455780176553,0.5014119023469422,0.7736014088400998,1.6290254680702798,0.8269034386818717,0.32549153633492944,0.7596035858506092,36.08224715297513,0,1.8310005156437512,34.989368144912646,5.123139625416769,23.206425030674723,0.9493893671250895,35.76626959845973,32.51229651426968,32.80053846797455,7.9202859603456375,35.02867103777717,0,0,0,0,0,0.2222580078329539,1.293654937626096,4.585794047399114,0.4120437891074342,31.97495093625202,7.382940382327982
38.00000000000214,300.36720558081186,-1975750.1072086133,292104.946486444,-1683645.1607221693,0.4619679333197757,0.5491817172619413,0.501612044040699,0.7374237839189473,1.6122863688477125,0.8172835921832509,0.3156715481425518,0.778893754724054,36.043045389795566,0,1.854456013198753,35.08308282449275,5.145475868618946,23.165889224675652,0.9322159504897165,35.81463681587951,32.52972506066021,32.78825837868931,7.928098223069455,35.05999419380578,0,0,0,0,0,0.22971203746211266,1.3052742959368118,4.596294151357005,0.3830342332277752,31.98054334339827,7.3789165058075135
38.99999999999981,299.67702078419836,-1974746.9795011692,291433.7467371547,-1683313.2327640145,0.4553245588808543,0.5335153387919371,0.499903196988139,0.7590316046002039,1.6230327550762134,0.8505208032790156,0.35061760629087657,0.7702699176398529,36.13069958536863,0,1.8841065679992326,35.07700159492083,5.162966959756133,23.1425572541538,0.9184192139423892,35.687013675194635,32.488875896733504,32.740922080424184,7.951392759895782,34.97241689762109,0,0,0,0,0,0.23675457884791573,1.3505912292072955,4.629451620964196,0.3849038751504521,31.955360557941567,7.417877421103845
39.99999999999748,300.22742104178377,-1975809.6910775863,291969.0070278953,-1683840.684049691,0.4582298281526507,0.5469415457016797,0.5033045573702247,0.7607210351705351,1.5993724460028886,0.8453341525684379,0.3420295951982132,0.7682569843256228,36.159306685824504,0,1.888018387128378,35.192796730626696,5.080801693232544,23.11320828120091,0.908901632118003,35.68717899541065,32.50404523679322,32.779226810669684,7.9902504652191055,35.02274323636473,0,0,0,0,0,0.2213154386239431,1.3410768414266983,4.533860147530865,0.36196008641632327,31.95710369109154,7.443308919517426
40.99999999999515,299.5261342635342,-1977613.9511561282,291287.0106813363,-1686326.940474792,0.453624839997846,0.556378461080909,0.5004749381985459,0.7514860395831011,1.602465024666473,0.821633469468285,0.32115853126973903,0.7701418908612085,36.11099890555454,0,1.856036491277493,35.137725856992844,5.099359272669361,23.158763840199907,0.9111022935023029,35.71310208462876,32.48373973793014,32.77086503214878,7.980524075532173,35.06743359828647,0,0,0,0,0,0.2137634297802995,1.2996580301965839,4.542980811588452,0.3547238324213938,31.927361276849226,7.424145614451264
41.999999999992816,301.37702683768515,-1976148.2937640026,293086.99039376556,-1683061.3033702371,0.44827670201300407,0.5552226266721476,0.5026017255187925,0.7287961298273471,1.585388953372611,0.8422268298661197,0.3396251043473273,0.7713407773709529,36.016537529995105,0,1.880340108998249,35.1165300565325,5.197752338567554,23.08499383078359,0.9035567600793772,35.628631587337374,32.46341804392432,32.73813632219217,7.991135818493532,35.0924870283136,0,0,0,0,0,0.21611815069880524,1.3251174823261014,4.642529711895406,0.34833413340722963,31.908195417252173,7.435913191821385
42.999999999990486,301.8682044477152,-1976059.7801451273,293564.6570858258,-1682495.1230593016,0.4523041644116468,0.5422993781336469,0.5027579677647446,0.7202312358621077,1.644668870692822,0.8350645361543643,0.3323065683896197,0.7752387085720844,36.03266441885444,0,1.919029970566747,35.056730842078764,5.135757606524436,23.178291651673447,0.9427620332392319,35.6917146300072,32.50165098382331,32.732374337898364,8.014926771059038,35.038312924558795,0,0,0,0,0,0.2329393304384375,1.3767305924331001,4.593458228390789,0.400462655105585,31.959351605689662,7.472627392925391
43.999999999988155,300.77181437717917,-1978129.8547119014,292498.42563002184,-1685631.4290818796,0.45850009518225043,0.5419086793064822,0.4989298145629709,0.7489062295593261,1.6336078648959336,0.8241318597524279,0.32520204518945695,0.7674453088179121,36.12969753074947,0,1.9267616629853812,35.07981428198593,5.0620800110934425,23.30599592602038,0.8989184139482305,35.75306177267805,32.37827598585267,32.70359095651486,8.018504857367617,34.97339973325654,0,0,0,0,0,0.22553662951142983,1.384852983678899,4.52017133178696,0.35700973464174823,31.836367306546187,7.4765961780611345
44.999999999985825,299.9731202431701,-1975589.0147226304,291721.7013307675,-1683867.313391863,0.46356414170373306,0.5314249550973855,0.49939752238765966,0.7573769603561686,1.672964586455727,0.8461081640017802,0.3467106416141206,0.7708786927626807,36.09100702899485,0,1.9606388227548308,35.059311322454334,5.074260525679932,23.38317809224344,0.9006464495770228,35.567627875549306,32.425322493741305,32.727505655826064,7.962788036204934,34.896369999283294,0,0,0,0,0,0.2394537376652952,1.4292138676574453,4.542835570582547,0.36922149447963726,31.89389753864392,7.431363081107548
45.999999999983494,300.35788181516006,-1975358.4095721208,292095.87919142586,-1683262.530380695,0.46524103349455537,0.5464827633137332,0.5035582194976801,0.7449730812372888,1.6314136063032514,0.8721689254044191,0.36861070590673906,0.7667264649414687,36.23305603304618,0,1.9120735818094339,35.07841655267896,4.973340195268378,23.343682224238535,0.9171521121590005,35.64219868401017,32.43097908042273,32.74218284348132,7.985912681586079,34.89170087942372,0,0,0,0,0,0.22024370162773543,1.3655908184957006,4.4268574319546445,0.37066934884526725,31.884496317108997,7.439429918272346
46.99999999998116,300.0423235592593,-1976085.694736734,291789.00105779263,-1684296.6936789413,0.45747873098847686,0.5361533250203303,0.5010442317793796,0.7617864465618043,1.6202326900650963,0.8391849317083874,0.33814069992900775,0.7579634868102199,36.13835717791039,0,1.9274319902636492,35.04045449975561,5.033292938678585,23.32429611177497,0.8774831797873732,35.676747091797154,32.45023248707753,32.75970388975378,7.949980178249831,34.97310022872023,0,0,0,0,0,0.22181016178988955,1.391278665243319,4.497139613658255,0.3413298547670429,31.9140791620572,7.413826853229501
47.99999999997883,300.16656962652553,-1976805.385844987,291909.82946434186,-1684895.556380645,0.46203898246102604,0.543571747219044,0.5027929478321809,0.7759890684230406,1.6937204091144693,0.8414984388556624,0.3387054910234816,0.7578499540873658,36.076555682184676,0,1.935840084856416,34.988267699998346,5.117817931078871,23.340093443982184,0.8892529068663935,35.67697889322719,32.436088711634596,32.76058447015089,7.932950747966714,34.945233703043414,0,0,0,0,0,0.21427820686832177,1.392268337637372,4.574246183859827,0.34568115964734947,31.892516964415552,7.38937900074767
48.9999999999765,299.4207048160667,-1976731.2409018315,291184.48130216845,-1685546.759599663,0.4563838990284079,0.5386907143107766,0.4999812330304594,0.7683985141109044,1.6174099886754831,0.8337999749240619,0.3338187418936025,0.7691139433770617,36.10710250637658,0,1.9061654730105415,34.9944125703679,5.004778621486793,23.307957848074807,0.8727783286375601,35.62291049112952,32.42155807629439,32.72541859348644,7.9175733981338325,35.00799730733684,0,0,0,0,0,0.2304232290662851,1.3674747586997649,4.466087907176016,0.33408761432678347,31.882867361983614,7.378882683823056
49.99999999997417,300.62042836122856,-1975926.903876353,292351.2038186309,-1683575.7000577222,0.4567802907816776,0.5380268887424791,0.5005999906146426,0.7631134689687258,1.6869110856656775,0.8287833919998887,0.32818340138524615,0.7704530988767118,36.090672007165495,0,1.909201423211485,34.973148549088165,5.024328803193242,23.326753418270982,0.912293316336466,35.64147159142067,32.490207540699885,32.805017409685206,7.982018772849543,35.10650919491388,0,0,0,0,0,0.2324262101342327,1.3711745344690058,4.486301914450763,0.374266427593987,31.952180651957406,7.443991884107064
50.99999999997184,301.72220764657084,-1974797.7256826386,293422.6762470621,-1681375.0494355764,0.4636936403068326,0.5423369233350694,0.5006826242399548,0.7478889760354197,1.7077109249199758,0.8150129818883961,0.3143303576484413,0.7652327471957854,36.0858942076685,0,1.9371298363079212,35.006153089501865,5.063070576221975,23.406143143598545,0.8862448041755382,35.71149762428797,32.490067120750325,32.74914164630533,8.031543681539986,35.11601783068727,0,0,0,0,0,0.22289582386071594,1.3947929129728518,4.520733652886905,0.34390788084046875,31.947730197415254,7.489206758204917
51.99999999996951,299.73572883401147,-1976013.4845836572,291490.8398932329,-1684522.6446904242,0.45949767118800455,0.5564127637900294,0.5014028345228033,0.7438772302468147,1.6993897762477026,0.8390269878032575,0.33762415328045414,0.7816933197859317,36.048401027736816,0,1.9672979072482608,34.91533202226168,5.0347160864482206,23.441200980218298,0.879726939915261,35.650976151096415,32.52464546923159,32.786313061900046,7.965371861363437,35.11739979583581,0,0,0,0,0,0.22528055599590235,1.4108851434582315,4.478303322658191,0.3233141761252316,31.968232705441558,7.408959097573407
52.99999999996718,300.1142436184936,-1977968.2006889246,291858.9427979814,-1686109.2578909432,0.4595550402879818,0.5438800657071354,0.5016735548172062,0.7634330676083323,1.6274880642918639,0.8132021432548038,0.31152858843759756,0.7679243630250756,35.9453498414876,0,1.8593085186108205,34.859557388089115,5.096099482605581,23.34405811972198,0.9301864352736402,35.65693535856701,32.55536055375126,32.78156850769233,8.005641146788534,35.09343333723837,0,0,0,0,0,0.22404429731794018,1.315428452903685,4.552219416898446,0.38630636956650477,32.01148048804412,7.461761081081399
53.99999999996485,299.4978636925858,-1975720.3770987205,291259.5177544768,-1684460.8593442438,0.45732118288944346,0.5439036529693215,0.5002533168043011,0.7374209287065785,1.6591226099521172,0.8573806452595515,0.3571273284552504,0.7678941982955125,36.05030138257666,0,1.893712840891201,34.84894191809844,5.0628544419038235,23.3722758151319,0.8822025603107924,35.68229132820272,32.48857482434178,32.808822006606874,8.103859890919132,34.968123342009335,0,0,0,0,0,0.223990545326191,1.3498091879218794,4.518950788934502,0.33829890734147083,31.944671171372462,7.559956237949811
54.99999999996252,298.9642112942258,-1975546.8236389458,290740.5446363433,-1684806.2790026024,0.45862304360827455,0.5503814103040066,0.5010563956588734,0.7291646631993214,1.6188346925577157,0.8185717604819721,0.3175153648230987,0.7713166701644525,36.0683446023412,0,1.9399679166042887,34.825155599422715,5.167256525564923,23.351687868892157,0.9438505607419501,35.704681110800436,32.52776176606142,32.87083347386283,8.033862876005628,34.91373572628663,0,0,0,0,0,0.22093525986044593,1.3895865063002821,4.616875115260917,0.3934691504379435,31.97738035575741,7.4834814657016215
55.99999999996019,300.45295907110363,-1977630.9989214987,292188.34113881376,-1685442.657782685,0.4550217784086712,0.5377101772658008,0.5027064449629922,0.7474002361033847,1.6697793029952446,0.8425478423364998,0.3398413973735076,0.767623211884704,36.171053048373096,0,1.8989228275295922,34.83441092438949,5.219542688738073,23.355375813977105,0.9044220340451963,35.63011982505458,32.52224371927838,32.86609118326055,8.065317608072064,34.85258543056915,0,0,0,0,0,0.2299130346189031,1.3612126502637913,4.6818325114722725,0.36671185677939544,31.984533542012578,7.527607430806263
56.99999999995786,300.06694715758465,-1976413.7612699382,291812.9473300138,-1684600.8139399244,0.46831882855814033,0.5461067617443218,0.5035308110105162,0.7567061311926757,1.6942151154065996,0.8457027835888621,0.34217197257834586,0.7620206452414822,36.01572591152615,0,1.9052935032741907,34.79724222669154,5.173841374713007,23.401342182328378,0.9017930453561185,35.67269758319719,32.56803587286606,32.853152061750166,8.089491708706618,34.82596776308969,0,0,0,0,0,0.21591388349716034,1.3591867415298688,4.627734612968685,0.35568628361179666,32.02192911112174,7.543384946962296
57.99999999995553,300.28427499400067,-1976993.8821135908,292024.2970874001,-1684969.5850261906,0.45737111490953675,0.5537358181554914,0.5021487054610541,0.7603301073688336,1.6917311230283012,0.8408136444710474,0.3386649390099934,0.7775964749393991,36.0908192745178,0,1.8709145173045378,34.87632543965856,5.258395144201952,23.34710691060637,0.8870834405763564,35.527223070929494,32.51454244378783,32.78324622206969,8.139104744107605,34.84456857091641,0,0,0,0,0,0.22386065678390765,1.3171786991490464,4.70465932604646,0.3333476224208649,31.96080662563234,7.585368925952114
58.9999999999532,299.86673893635304,-1978710.7616421022,291618.24627523014,-1687092.515366872,0.4591569982437642,0.5521086988598158,0.5006059604867615,0.7519769631172761,1.6724809806097127,0.8372848216133888,0.33667886112662726,0.7744444191483222,36.227013931777606,0,1.8545815075367642,34.9085810649745,5.236243799096137,23.338122403987484,0.8933993001694605,35.54168724786135,32.5550490494104,32.80261124814581,8.108446684492804,34.807035268660684,0,0,0,0,0,0.22233572028850634,1.3024728086769484,4.684135100236321,0.3412906013096446,32.00294035055058,7.556337985632989
59.999999999950866,299.0957890272053,-1976707.2498028316,290868.5030350522,-1685838.7467677793,0.45332606716206403,0.5469982906633764,0.5016614876832988,0.7415800445699947,1.7206079103393002,0.8511324995204701,0.34947101183717133,0.7716135193550198,36.235122903976816,0,1.9284201055964196,34.881124241196176,5.319409925472854,23.29991575845372,0.9226221755636317,35.49147167973365,32.61102327770635,32.89964805992713,8.079274851168407,34.82247372404095,0,0,0,0,0,0.2246152286916434,1.3814218149330433,4.772411634809478,0.37562388490025533,32.06402498704298,7.53227656050503
60.999999999948535,299.22374077814527,-1975634.5545476004,290992.9351923142,-1684641.6193552862,0.4555980899542975,0.5410620508250079,0.5007249776657434,0.8092223700579915,1.6901626241367538,0.844738940346877,0.3440139626811336,0.768823193425276,36.05230741908622,0,1.8855422261371153,34.86263537042237,5.3584340097277305,23.32512416890671,0.8779532156013481,35.436193259419724,32.60977437316353,32.895635767938074,8.060693677969503,34.84936524484821,0,0,0,0,0,0.22776114260026814,1.3444801753121074,4.817371958902722,0.3368911647763402,32.06871232233853,7.519631627144495
61.999999999946205,300.8919005337943,-1977705.9475030787,292615.2085533906,-1685090.7389496882,0.4663624125565051,0.5411472740352075,0.5032303399415696,0.76585683366579,1.6916309822337148,0.8616325822381294,0.3584022422965598,0.781945320881066,35.9729887747086,0,1.8351304364646435,34.83368760231593,5.366033667713246,23.307901310443086,0.8834019818272765,35.35530378210058,32.62815907087935,32.93136727325873,8.110918958690398,34.77571228931049,0,0,0,0,0,0.2407980468458586,1.293983162429436,4.824886393678039,0.342254707792069,32.08701179684414,7.569771684655191
62.999999999943874,300.2916611353883,-1975398.764378246,292031.4800567613,-1683367.2843214846,0.4706113843459683,0.5430569948737496,0.5030266423972092,0.7202458801032936,1.7075112496108389,0.8515303716656409,0.34850372926843176,0.7789627493277269,35.99552069477204,0,1.8228753551400754,34.80396909137869,5.474404879568603,23.344087947815865,0.917765680295068,35.39834176842237,32.61907676344106,32.91585181213614,8.119238377082638,34.786024940267566,0,0,0,0,0,0.23590575445397732,1.2798183602663258,4.931347884694853,0.3747086854213184,32.076019768567306,7.576181382208889
63.999999999941544,300.163068204277,-1975069.9161569625,291906.42435639555,-1683163.491800567,0.4558600297040485,0.5509549842604438,0.4987191959026557,0.7692914910717601,1.623700273580842,0.8193754274060561,0.3206562315034004,0.7317369819597683,35.96710103118153,0,1.7719142165451505,34.777186698139644,5.4833772779500976,23.292506971589944,0.902872227675191,35.448162624921395,32.56617945371136,32.837947584182814,8.045616679369544,34.836084391199165,0,0,0,0,0,0.18078199769932457,1.2209592322847067,4.932422293689654,0.3519172434147473,32.015224469450914,7.494661695109101
64.99999999994631,300.23131560788335,-1973681.6480470188,291972.7944654083,-1681708.8535816106,0.45742019506836673,0.5394049042156794,0.4977934438754628,0.7276078661857852,1.691979616920058,0.8394040652952772,0.3416106214198144,0.7752932123532883,36.01122778425088,0,1.8078603861459985,34.74885349908163,5.433464036535387,23.2935414607374,0.8693163096363588,35.415597580965596,32.56770126136723,32.9161475707225,8.143062388137778,34.72661995586361,0,0,0,0,0,0.23588830813760886,1.268455481930319,4.894059132319708,0.3299114054206793,32.028296357151554,7.603657483922099
65.99999999995109,299.28127880938655,-1973951.767330844,291048.89051374875,-1682902.876817095,0.4649264675388647,0.5380650447330471,0.5020085320375308,0.7136541971778083,1.603714853423046,0.8278370486213543,0.3258285165838235,0.7849208576676308,35.950599412221806,0,1.7612469860980546,34.72889637583074,5.550337174355363,23.409251939509815,0.8928316937393976,35.40215894338701,32.65144367581337,32.91793083380762,8.047974792024277,34.679449281857046,0,0,0,0,0,0.2468558129345837,1.2231819413650076,5.012272129622316,0.3547666490063506,32.11337863108032,7.50990974729123
66.99999999995586,301.6870546055633,-1974821.5996061452,293388.49016758485,-1681433.1094385604,0.45650733709505165,0.5394513415024402,0.5008308160080939,0.752352699876897,1.6769196834740026,0.8438933941900275,0.34306257818193364,0.7701889190440045,35.905077945931,0,1.7619542443502496,34.76665157892211,5.479139906438306,23.44285463973125,0.9658647019573525,35.445338149072995,32.51124992496614,32.78670889248005,8.052050387689249,34.65490795635071,0,0,0,0,0,0.23073757754156432,1.2225029028478094,4.9396885649358655,0.4264133604549123,31.971798583463695,7.512599046186809
67.99999999996064,300.353757903911,-1973562.550363794,292091.8687174049,-1681470.681646389,0.4660089406339827,0.5385225387035901,0.5004398152759705,0.7449389269591187,1.7347921495769896,0.8495596563841963,0.3491198411082258,0.7718140965200977,35.95823788222549,0,1.7569442236186816,34.72443145400439,5.457245979880099,23.417787125953737,0.8941891496145544,35.468265129024104,32.46868534344571,32.716143400724945,8.069376740717217,34.64580100615643,0,0,0,0,0,0.23329155781650757,1.2184216849150915,4.918723441176509,0.3556666109109643,31.930162804742125,7.530854202013627
68.99999999996541,300.78427305847913,-1975072.9908731133,292510.5416079542,-1682562.4492651592,0.4604183950245364,0.539565162460816,0.5014136200732713,0.7499488667807332,1.644017930613896,0.8334409911562322,0.3320273710829609,0.7785955582886723,35.94747950137315,0,1.7066697206278185,34.75161865091832,5.424451861274868,23.44040177295153,0.9217796307531122,35.44774374745566,32.48153061827702,32.76767431674301,8.023500184751015,34.64031027720773,0,0,0,0,0,0.23903039582785635,1.1671045581670025,4.884886698814052,0.3822144682922962,31.941965455816202,7.483935022290199
69.99999999997019,300.51188241166096,-1977236.2167332545,292245.6436635918,-1684990.5730696628,0.46382919195129735,0.5453165743218762,0.5041631907367023,0.7780323778532683,1.6281095394097918,0.8352457233549937,0.33108253261829135,0.785058909305064,35.95137576697539,0,1.7126920503068472,34.864251294332576,5.345422296643399,23.446889374488308,0.9569326873655406,35.38484483553157,32.56606978489424,32.83497994709776,8.02747232623831,34.60286391726231,0,0,0,0,0,0.23974233498318775,1.167375475984971,4.800105722321523,0.4116161130436644,32.020753210572366,7.482155751916435
70.99999999997496,299.9001896172102,-1975917.7316104732,291650.7768217084,-1684266.954788765,0.46047981504391533,0.5470738823967913,0.5000550568135254,0.7654305305984277,1.668067704909876,0.8582342893545561,0.3581792325410308,0.760839245384247,36.01449428209105,0,1.7523301849625952,34.83974219038441,5.400951562126977,23.43058562181062,0.944274987804615,35.47865087976572,32.3897279651369,32.71677485851211,8.022727997298567,34.63337158871127,0,0,0,0,0,0.21376536298745563,1.2052563025658038,4.853877679730186,0.3972011054078237,31.842654082740108,7.475654114901776
71.99999999997974,300.87356203094953,-1975510.258743275,292597.3744913073,-1682912.8842519675,0.4578860071158255,0.5471801149564777,0.5021306049229268,0.7458976243816018,1.6263279317210184,0.8478598518025307,0.3457292468796038,0.7712472593694599,36.06627576805488,0,1.8054183850165018,34.90233104178651,5.324075812195709,23.397416706541378,0.9186172093358742,35.424816627954556,32.4817809233045,32.81112426791526,7.871876701344519,34.54972986661983,0,0,0,0,0,0.22406714441298226,1.258238270060024,4.776895697239231,0.37143709437939654,31.93460080834802,7.3246965863880416
72.99999999998451,301.32121315058737,-1975564.593070086,293032.71198460506,-1682531.881085481,0.4513859231858719,0.5403723917188703,0.5004735123325403,0.7381209046261077,1.6287843482251283,0.8324453194074009,0.3319718070748605,0.7700917110313115,36.026226816686574,0,1.7586673916423017,34.80887471937933,5.307073079059897,23.53881455319123,0.9084394490517074,35.37408809705198,32.48736584772206,32.81037439331044,7.941991508582589,34.65706102396882,0,0,0,0,0,0.22971931931244116,1.2182949999234314,4.766700687341027,0.36806705733283707,31.94699345600319,7.401619116863719
73.99999999998929,299.3865750035671,-1974860.2659742683,291151.2903050537,-1683708.9756692145,0.4556706129916357,0.5529102419830441,0.5022510955841921,0.7481502567910976,1.6475193499378324,0.8362438020521538,0.33399270646796164,0.7582345007556528,35.96243805476706,0,1.818231503055916,34.742525027190936,5.335757011182849,23.522913870996206,0.9351789533119437,35.384656085390816,32.48462620935527,32.78567277846025,8.030660974105729,34.65013696884739,0,0,0,0,0,0.20532425877260874,1.265321261072872,4.782846769199805,0.3822687113288996,31.931715967372227,7.477750732122685
74.99999999999406,300.3813687181248,-1975068.5142116137,292118.7200355865,-1682949.7941760272,0.4656347685777664,0.5407451058415056,0.5034293414138017,0.7811559479288448,1.6241480337720073,0.8578170359641646,0.3543876945503629,0.7781611164959292,35.948588382822095,0,1.7146159506789287,34.72150477804712,5.412136559605463,23.54496010544318,0.8754491396887438,35.32862320039692,32.52274437587073,32.81334918758637,8.014527794133556,34.59310955716043,0,0,0,0,0,0.23741601065442364,1.173870844837423,4.871391453763957,0.33470403384723824,31.981999270029224,7.473782688292051
75.99999999999883,298.90256333401067,-1975749.4757252373,290680.5924385499,-1685068.8832866873,0.46262953828575526,0.537018163097807,0.5008828877753602,0.7354811017592855,1.5709932478243367,0.849064983099348,0.3481820953239878,0.7645586287447053,35.92648726717374,0,1.6588708480271457,34.8154505875907,5.4873043606045115,23.529170662695293,0.8787603674375486,35.33226309845645,32.518502929517695,32.76999601473949,7.992999892060936,34.591023553983405,0,0,0,0,0,0.22754046564689823,1.1218526849293387,4.9502861975067045,0.34174220433974156,31.98148476641989,7.455981728963129
77.00000000000361,300.13874730766935,-1975507.1825443506,291882.7724594172,-1683624.4100849335,0.4651972603290435,0.5465462914442156,0.5017893274773239,0.7893090482271905,1.556738912414886,0.8532557390772235,0.35146641159989966,0.7732675842142207,35.97406856265491,0,1.6390384061487353,34.7764291789731,5.627710147111031,23.49965743966277,0.9211472207514255,35.25131774909255,32.49736053846709,32.7736071853127,8.039320554923677,34.60391625059789,0,0,0,0,0,0.22672129277000508,1.0924921147045197,5.081163855666816,0.3746009293072099,31.950814247022876,7.492774263479461
78.00000000000838,300.12753296730983,-1975297.5352976173,291871.86659409717,-1683425.6687035202,0.4576929582410778,0.5415609093108529,0.5038380992983986,0.7478287965047423,1.6655062989652336,0.841495909455052,0.3376578101566534,0.7667896426618537,36.06190044662111,0,1.6433864508492348,34.78104532160842,5.6643524943060655,23.43926301909994,0.9061958465371713,35.22596707195538,32.465235604042505,32.73705619054482,8.06060968859255,34.58239854796227,0,0,0,0,0,0.2252287333510008,1.101825541538382,5.122791584995213,0.36463493722631846,31.923674694731652,7.519048779281697
79.00000000001316,300.55645451970787,-1975852.6638678648,292288.9897180009,-1683563.674149864,0.45513374062215517,0.5475020197090021,0.5002610791213794,0.7805718295805146,1.7132771255842965,0.8201733471400369,0.31991226801865746,0.7706200815575173,36.06091369500558,0,1.6374851032355302,34.889286106265345,5.694032709215296,23.489766582357845,0.8747777313378375,35.314331805181496,32.46397933205992,32.759646097210634,8.058678198057692,34.57794168448794,0,0,0,0,0,0.22311806184851513,1.089983083526528,5.146530689506294,0.3272757116288354,31.91647731235092,7.5111761783486894
80.00000000001793,300.2545369340516,-1976904.9183712192,291995.3770380451,-1684909.541333174,0.45587401096485713,0.5481992935769697,0.4994358231056256,0.7878030337764113,1.6511529265201972,0.8311933614354906,0.331757538329865,0.7570361561247441,35.97076127296543,0,1.733641599969932,34.92376357805611,5.819454356942217,23.451233135979578,0.8966586766946296,35.39486900651423,32.50754001749647,32.786138100694075,7.982014396954611,34.615614594092676,0,0,0,0,0,0.20883686254777434,1.1854423063929622,5.271255063365247,0.3484593831176599,31.959340723919496,7.433815103377642
81.00000000002271,299.7595792918441,-1975887.4536590949,291514.0342918871,-1684373.4193672077,0.45462095091269905,0.5380777058979946,0.49780015242594766,0.754922482032546,1.6995489803104178,0.8428058902828217,0.34500573785687405,0.759018188035792,35.9876380073988,0,1.723698470942976,34.89393090019337,5.772795535316263,23.452099622987475,0.8803467951450301,35.32100011527882,32.43195284714568,32.75021502863092,8.05717200447404,34.661505760643536,0,0,0,0,0,0.22094048213779738,1.1856207650449813,5.234717829418268,0.3422690892470355,31.893875141247687,7.519094298576046
82.00000000002748,299.31765118180056,-1975893.8041616715,291084.2623842465,-1684809.541777425,0.4616983787864246,0.5461323623901624,0.5025997683132661,0.7252220636983502,1.6530971435006148,0.8217418663480323,0.3191420980347661,0.7635346536834406,35.922010531257456,0,1.6735581203727747,34.87908813636625,5.8288181770862195,23.439661584442945,0.8492248649614532,35.35373734261893,32.504280850385726,32.81762100611411,7.994260887306758,34.65132652542138,0,0,0,0,0,0.21740229129327826,1.1274257579826124,5.282685814696057,0.30309250257129083,31.958148487995565,7.448128524916596
83.00000000003226,299.57973188222076,-1974473.3700338677,291339.13397991005,-1683134.2360539576,0.4520319672385511,0.5478837497403805,0.4994931780815345,0.7359861569064652,1.6418451871663855,0.833953470230505,0.33446029214897055,0.7648004944074209,35.93533155297928,0,1.6671500884475243,34.80153178776163,5.863193108853487,23.431781250893323,0.9034323724055546,35.28592957167848,32.496015341122416,32.74094959283718,8.035721097391871,34.56600683794056,0,0,0,0,0,0.21691674466704047,1.1192663387071438,5.315309359113106,0.3555486226651742,31.948131591382037,7.487837347651491
84.00000000003703,300.86870194496464,-1974868.7757264413,292592.64809265203,-1682276.1276337893,0.4614582608976949,0.5368750966218787,0.5017366174910696,0.7494786671705107,1.7503871146441554,0.8358951532089989,0.3341585357179293,0.7680369755906753,35.90709355555879,0,1.6572586904727054,34.79284876940551,5.859189528914783,23.50385346460331,0.9013823739511562,35.263509482679865,32.61277433703094,32.871003054253606,8.020507316739781,34.54483880352177,0,0,0,0,0,0.23116187896879659,1.1203835938508266,5.322314432292904,0.36450727732927746,32.075899240409065,7.483632220117903
85.00000000004181,300.44742182508224,-1972549.786976017,292182.95620689477,-1680366.8307691223,0.4555714162650144,0.5470428510742922,0.501094104274787,0.7340693912700793,1.6657621132155143,0.818155554312064,0.31706145003727704,0.7668687154291689,35.957409505557166,0,1.649342861450016,34.79544039077706,5.829031873445167,23.434657361430766,0.8711017644805334,35.31764123686867,32.663687034491886,32.91605301345135,8.000344876584933,34.54581700802544,0,0,0,0,0,0.21982586435487672,1.102300010375724,5.281989022370875,0.32405891340624127,32.11664418341759,7.453302025510641
86.00000000004658,300.6970844701856,-1976600.4470307007,292425.75133310223,-1684174.6956975986,0.4591475061005448,0.5395411433233122,0.5027936045066473,0.7603457252015247,1.699406357283456,0.8393669073484405,0.3365733028417932,0.7688273521414164,36.01554884394481,0,1.5981064497773652,34.759622764678625,5.815699162129718,23.48946785708476,0.9002861606670294,35.34790419479183,32.631729291889854,32.87877696908046,7.998498724514434,34.58651789349932,0,0,0,0,0,0.22928620881810424,1.058565306454053,5.276158018806406,0.3607450173437172,32.09218814856654,7.458957581191122
87.00000000005136,299.933326373866,-1973789.0484787486,291683.0020791595,-1682106.0463995892,0.4617190690984887,0.5408251774605493,0.499743072558182,0.7236639821670243,1.6063147622766287,0.8417318307753137,0.34198875821713165,0.7727159046301502,36.19975876699334,0,1.5967290810122243,34.718157869155505,5.866213773441881,23.377934372294874,1.0351739821214032,35.28697166891061,32.68686242033283,32.9810902774222,7.9460117933558365,34.563706801410376,0,0,0,0,0,0.2318907271696009,1.055903903551675,5.325388595981332,0.49434880466085396,32.14603724287228,7.405186615895287
88.00000000005613,300.58878235933,-1973806.2984059006,292320.4283094563,-1681485.8700964442,0.45818296980044604,0.5470873384935295,0.5019500192559857,0.7499580712112373,1.6449440988590762,0.8059682004911597,0.304018181235174,0.7765411053770475,36.02444843207999,0,1.5784987529917451,34.774218517946,5.866763722911898,23.44623466897417,1.1382648328904814,35.292703552215585,32.60189758315556,32.90658088940745,7.93350954706402,34.602088244811966,0,0,0,0,0,0.22945376688351793,1.0314114144982156,5.3196763844183685,0.5911774943969519,32.054810244662036,7.38642220857049
89.00000000006091,300.57183666780264,-1973636.2867370248,292303.94874635886,-1681332.3379906658,0.4508183656051341,0.5558799047387577,0.5006890080463529,0.722310934224371,1.5238383923846879,0.8427555860702566,0.3420665780239037,0.7747787317459753,36.06596229921172,0,1.537777764350281,34.72774347589245,5.8758785779249365,23.42638319713467,1.100440883105362,35.308801210900356,32.74047493687482,32.97928841847795,7.948842062620784,34.54886632780659,0,0,0,0,0,0.21889882700721763,0.9818978596115233,5.319998673186179,0.5445609783666043,32.18459503213606,7.392962157882026
90.00000000006568,300.7653251897511,-1974688.6830296554,292492.11494193337,-1682196.568087722,0.45044370143680723,0.5442438023116063,0.5010283112062793,0.7055652201513869,1.5812467581219725,0.8179979953250562,0.3169696841187769,0.7586075821277305,35.85211061745292,0,1.5425130182965097,34.72967919605454,5.930213589341079,23.451847529567203,1.1646979622940599,35.34231266065086,32.681236472580935,32.9674857677478,7.9868295412898505,34.51142971963418,0,0,0,0,0,0.2143637798161242,0.9982692159849034,5.385969787029473,0.6204541599824536,32.13699267026933,7.442585738978244
91.00000000007046,301.143966998218,-1975496.4913625754,292860.3413765932,-1682636.149985982,0.4499797220144763,0.5418917764914024,0.49945466870974503,0.7486662222000127,1.618143280219563,0.823592879590414,0.324138210880669,0.7679413846839953,35.939018718673935,0,1.4875378080013313,34.86919676891205,5.802953208244389,23.422127444920477,1.1754389117137336,35.355638704348735,32.73650055329358,33.058972997569754,7.922984300192056,34.57906293401635,0,0,0,0,0,0.2260496081925929,0.9456460315099289,5.261061431752987,0.6335471352223312,32.19460877680218,7.381092523700653
92.00000000007523,300.8277687970963,-1976305.4768082872,292552.8409008367,-1683752.6359074505,0.4573040222094349,0.5436065101633201,0.5016774398628479,0.7620212161651789,1.565661936094095,0.8448058223501761,0.34312838248732824,0.7640565475263443,35.87288163612186,0,1.5211595507669333,34.76393124890639,5.859260131175276,23.454080660583074,1.185548531996739,35.46359156921392,32.69705138450911,33.000101868489196,7.883966126972652,34.64722528376126,0,0,0,0,0,0.22045003736302426,0.9775530406036133,5.315653621011956,0.6419420218334189,32.15344487434579,7.340359616809332
93.00000000008001,299.92216275883504,-1979110.4963212088,291672.1455438566,-1687438.3507773522,0.4601908153684713,0.5415013731535971,0.5022014462403176,0.7549667946182119,1.5870850194866266,0.8654443427349949,0.36324289649467734,0.7678660346740998,35.86429521082334,0,1.5951404850607656,34.89430065890667,5.847167883238498,23.39599789448252,1.110913323206809,35.46439097632276,32.593446403098824,32.8819138033914,7.921195567174344,34.62302737238056,0,0,0,0,0,0.2263646615205026,1.0536391119071684,5.305666510084901,0.5694119500532118,32.05194502994523,7.379694194020747
94.00000000008478,299.75401303816886,-1977061.8535592854,291508.6211502334,-1685553.232409052,0.46121282756176285,0.5444089068699896,0.5004510211090248,0.7751443434669896,1.5622481436721252,0.8437093922788965,0.3432583711698717,0.7627567263661632,35.93971693568676,0,1.663373004872243,34.87274862688071,5.931731488071719,23.398730227128567,1.088203490375701,35.457649015578895,32.62670799183559,32.87661621601626,7.86081605334633,34.591921751633095,0,0,0,0,0,0.21834781949617366,1.1189640980022535,5.38732258120173,0.5437945835057114,32.0822990849656,7.31640714647634
95.00000000008956,299.3335560602938,-1975859.1984201781,291099.7297641562,-1684759.4686560219,0.4543608467456526,0.5409282874981596,0.49950114783121335,0.7593736722669022,1.5403789668533818,0.8276836542720392,0.3281825064408258,0.7747337121951317,35.875374709741266,0,1.5831779510541821,34.85749556377857,5.996885613515758,23.410266679711086,1.136701418700369,35.56091766746795,32.64755826835517,32.899714537918044,7.869076327405288,34.624736636739854,0,0,0,0,0,0.23380542469697208,1.0422496635560226,5.455957326017598,0.5957731312022094,32.10662998085701,7.328148039907129
96.00000000009433,300.2884771810753,-1976912.9884470664,292028.38368409825,-1684884.6047629681,0.45644479480019795,0.5409025110722965,0.5031790647553956,0.8034978814390215,1.5865665395818276,0.8378193646438251,0.33464029988842947,0.7839909000314442,35.90065349381385,0,1.5986689079285252,34.86519691574824,5.980856483252971,23.356121684115124,1.1138548687721688,35.427391612474366,32.637063316565445,32.87488217658387,7.860238029248592,34.62480249334715,0,0,0,0,0,0.24308838895914775,1.0577663968562288,5.439953972180675,0.5729523576998723,32.09616080549315,7.319335518176295
97.0000000000991,298.37328260322874,-1976571.1278701723,290165.87073568493,-1686405.2571344874,0.4472324414304225,0.5361326896817744,0.49973366665749397,0.7497368517566465,1.599642121702967,0.8253078232718146,0.32557415661432065,0.7519653918157054,35.87336373869101,0,1.556187696443974,34.94633097770916,5.910640415923879,23.35817402356139,1.0914829711253429,35.34725983913398,32.607532920810115,32.81155259703701,7.867323440177145,34.6597410552622,0,0,0,0,0,0.21583270213393102,1.0200550067621996,5.374507726242105,0.5553502814435685,32.071400231128344,7.331190750495371
98.00000000010388,298.79108640548014,-1975944.2296255156,290572.1819275558,-1685372.04769796,0.45523498787319383,0.5422775886932314,0.4989172409832077,0.7474085736489315,1.513573297376582,0.8290728719070257,0.330155630923818,0.761226755167927,35.876975874949125,0,1.4677006481152546,34.90577296883707,5.853394458225541,23.332851550638836,0.9572438477397673,35.37004704784033,32.63574754539718,32.91838772241681,7.925924322783384,34.599321163063564,0,0,0,0,0,0.21894916647469564,0.9254230594220232,5.311116869532309,0.41496625904653595,32.09346995670395,7.383646734090153
99.00000000010866,299.92783452877507,-1977680.3922024257,291677.66129931866,-1686002.7309031072,0.455491774183999,0.5386735575789796,0.5025475139167515,0.7624329433830637,1.4976076102323397,0.8036373513981755,0.30108983748142404,0.7740952808700179,35.84167692009589,0,1.373222766175246,34.92243200142807,5.936121233902071,23.274947584951178,1.0385394906534664,35.258732336074786,32.63796195259138,32.87825144752662,7.975832197113675,34.576204877433156,0,0,0,0,0,0.23542172329103828,0.8345492085962665,5.397447676323091,0.4998659330744868,32.0992883950124,7.437158639534696
100.00000000011343,299.6444100932854,-1976972.067124229,291402.03307485394,-1685570.034049375,0.4625252762938352,0.5492560273209681,0.5009719235262272,0.7283078701420038,1.4606117913244692,0.8343476838542692,0.33337576032804195,0.7562066690404716,35.83349553792243,0,1.4569309558615053,34.9257334888722,5.991770435834766,23.258203412340677,0.8840795046837275,35.298669065753984,32.5732632520494,32.85795729332517,7.898965651586408,34.60418232789516,0,0,0,0,0,0.2069506417195035,0.9076749285405372,5.442514408513798,0.3348234773627594,32.024007224728436,7.34970962426544
101.0000000001182,300.4874689124674,-1974621.275974363,292221.90171126486,-1682399.3742630982,0.45983444174346744,0.5392949736626935,0.4992430138251574,0.74975968595019,1.450135812642519,0.8504628420859073,0.3512198282607499,0.7669778636381412,35.83893742511327,0,1.4942997051420193,34.942016710231265,5.989090446231113,23.24346409471076,0.9117085101863882,35.10138876591225,32.66971086194462,32.947368564041845,7.872361944506906,34.58867031192142,0,0,0,0,0,0.22768288997544772,0.9550047314793257,5.44979547256842,0.3724135365236947,32.13041588828193,7.333066970844213
102.00000000012298,300.4094063189787,-1973460.5148241483,292145.9864007052,-1681314.528423443,0.4486284495817263,0.5418903871514895,0.5013248152252696,0.7619770562723271,1.502820511929496,0.8454881334938107,0.3441633182685411,0.7591914762203018,35.88427776424419,0,1.4942723255235961,34.989271215957615,5.942330277321126,23.236027218692954,0.8520150061060532,35.090571553062546,32.755103749366526,33.04526319178842,7.86066209924752,34.519601271122156,0,0,0,0,0,0.2173010890688123,0.9523819383721066,5.400439890169636,0.31012461895456367,32.213213362215036,7.31877171209603
103.00000000012776,299.6105840051076,-1975060.4759967066,291369.1374474571,-1683691.3385492496,0.45791568197531074,0.541261332582188,0.5010136164887478,0.7384988316295349,1.4790864626789535,0.8318125238940799,0.33079890740533213,0.7699459259687287,35.85369719511755,0,1.4239150139620156,34.932614595338464,5.974062739430991,23.27002863720344,0.8932608238693289,35.126294496421224,32.74932028660578,33.0148750188481,7.900549985012027,34.471792685535775,0,0,0,0,0,0.22868459338654068,0.8826536813798276,5.432801406848803,0.3519994912871409,32.20805895402359,7.359288652429839
104.00000000013253,300.3858245590834,-1976699.2338624448,292123.05330886197,-1684576.1805535827,0.45693516645982835,0.53829615693384,0.4997481246018755,0.7461203756176236,1.5121750562860736,0.8266614339570603,0.32691330935518476,0.7655957609025492,35.91750483405292,0,1.4360892316841287,35.03831461076753,5.98758860165303,23.253791485790515,0.9270065806815833,35.153504487086934,32.751757723161006,33.00269937952771,7.864133283550622,34.45881209269072,0,0,0,0,0,0.22729960396870919,0.8977930747502887,5.44929244471919,0.38871042374774323,32.21346156622717,7.325837126616782
105.0000000001373,301.0337203055835,-1977239.6942514144,292753.12726115726,-1684486.5669902572,0.45215809509447236,0.5497293155508594,0.5031861667645742,0.7515836961220437,1.5488536668577702,0.8311824334302247,0.3279962666656505,0.7751384527184992,35.96358301230475,0,1.436805153349999,35.10052300949178,5.9856329760403995,23.21900786244123,0.9347317255791552,35.11670688022112,32.829899060584495,33.10576555213726,7.887407607136055,34.39114078852151,0,0,0,0,0,0.22540913716763988,0.8870758377991397,5.43590366048954,0.3850024100282958,32.28016974503363,7.3376782915851955
106.00000000014208,299.20830176594075,-1975479.2585155033,290977.92086401867,-1684501.3376514846,0.4587102908398144,0.5390252761950585,0.5019052897084301,0.7722895825988303,1.5039780431759997,0.8380030401014456,0.3360977503930155,0.779639264233932,35.89492187967085,0,1.3591967607184134,35.120127676416814,6.026338506411612,23.28352575676979,0.9362278788958704,35.101536134985224,32.913064344230406,33.20641357114664,7.8905645253467895,34.386422577703456,0,0,0,0,0,0.24061398803887357,0.820171484523355,5.487313230216554,0.397202602700812,32.374039068035344,7.351539249151731
107.00000000014685,299.805730921278,-1975360.8134876564,291558.91641948145,-1683801.897068175,0.462798645597303,0.5474488950941598,0.501685078210328,0.7774436119053831,1.4506805083855836,0.8285068354956768,0.3268217572853488,0.7577757172793667,35.81217505430129,0,1.4159151375289234,35.0579265906199,5.977116511360819,23.173510434217064,0.9464378398809825,35.090168028627005,33.095094784589264,33.364532103108104,7.845449753235556,34.2897222741702,0,0,0,0,0,0.21032682218520682,0.8684662424347636,5.429667616266659,0.3989889447868227,32.5476458894951,7.298000858141396
108.00000000015163,299.59788878862474,-1975574.1582812816,291356.7914407611,-1684217.3668405204,0.4579931427721524,0.5433913882938715,0.5013812358624976,0.7523528488711495,1.3640968798185802,0.8334975510043514,0.3321163151418538,0.763277247441601,35.88610346397104,0,1.4545068970437693,35.045976260156294,5.990532270435779,23.172988142123756,0.9948556618500994,35.0768421849765,33.09947811426298,33.38879866647477,7.741059246377606,34.39972172634384,0,0,0,0,0,0.2198858591477295,0.9111155087498979,5.447140882141907,0.451464273556228,32.55608672596911,7.197667858083735
109.0000000001564,300.9751520598779,-1975439.0348703638,292696.17006356793,-1682742.864806796,0.4632351943190942,0.5428924361591285,0.5014878373815179,0.7387057851279728,1.4452778779589899,0.8366763160703317,0.33518847868881374,0.7704010784283479,35.86052763671904,0,1.414084732418324,35.07809883524578,5.955144816900344,23.268496554223532,1.1014988201242346,35.145913002264365,33.09337258363843,33.39462163182225,7.716197730233247,34.48855868018882,0,0,0,0,0,0.2275086422692194,0.8711922962591956,5.412252380741215,0.5586063839651061,32.5504801474793,7.173305294074119
110.00000000016118,302.14173285353786,-1974989.9419678599,293830.6614926346,-1681159.2804752253,0.4627147013986409,0.5469541350359961,0.49986001453840334,0.7565370510909819,1.5172986137986264,0.8197328326759703,0.31987281813756696,0.7598591396255361,35.771809432410464,0,1.488774367199138,35.05584199204236,5.9595915746927375,23.166001002003213,1.0687282343195719,35.167572300150596,33.14484464049849,33.431229525386414,7.740681903585298,34.51054252511915,0,0,0,0,0,0.21290500458953998,0.9418202321631419,5.412637439656741,0.5217740992835758,32.597890505462495,7.1937277685493015
111.00000000016595,300.53505737322996,-1974635.5427660942,292268.18114698934,-1682367.3616191049,0.459348876251247,0.5432818930934324,0.5001870269658119,0.7574153488440611,1.54481400217586,0.8172737738777203,0.3170867469119084,0.7791891586273314,35.90371602849348,0,1.49748858941226,35.02596659546533,5.998965766936621,23.197015541635736,1.1154751035620443,35.161576194215115,33.18188640582275,33.47553164867276,7.712918818832264,34.61919130099409,0,0,0,0,0,0.23590726553389896,0.9542066963188276,5.4556838738431885,0.5721932104686118,32.638604512729316,7.169636925738832
112.00000000017073,300.02695183690486,-1976813.0908897333,291774.0521683922,-1685039.0387213412,0.4643686171262793,0.5385589086806242,0.49977158337478433,0.7522470408593929,1.4730049624996582,0.828195623313438,0.32842403993865366,0.7674683491957914,35.88844102040184,0,1.4343453752587791,34.99604423663573,6.018475687835917,23.19830326683706,1.0755727004875197,35.03620120785337,33.20375761493642,33.51581144554302,7.767491550029732,34.73449854043349,0,0,0,0,0,0.22890944051516726,0.895786466578155,5.4799167791552925,0.5370137918068956,32.665198706255794,7.2289326413491075
113.0000000001755,300.1100476798153,-1976382.1353536993,291854.8622778037,-1684527.2730758956,0.4597599210660845,0.5422624543279433,0.5022262667655383,0.7363642743356404,1.4119037252713564,0.841336811368534,0.3391105446029957,0.7680194756273249,35.836743562079846,0,1.455073506002872,34.970252336036424,6.0199993181200995,23.13020347370778,1.020863697581973,35.08302785570356,33.18727970762666,33.50646276719908,7.7950852931343775,34.70219707579588,0,0,0,0,0,0.22575702129938158,0.9128110516749288,5.477736863792156,0.47860124325402964,32.64501725329872,7.252822838806434
114.00000000018028,300.1615853239367,-1976699.6274103932,291904.98226593295,-1684794.6451444603,0.45725680536175073,0.5295931714187573,0.49963907679069525,0.7576863648211081,1.5052824307620778,0.8294605431122382,0.3298214663215429,0.7489972210991382,35.96824411708667,0,1.4847470960803122,34.921290637795266,6.057791397178107,23.164095926095115,1.105619339989813,35.00505758533615,33.2035595440407,33.49458924830219,7.7545019966535165,34.738227472698526,0,0,0,0,0,0.21940404968038096,0.9551539246615549,5.52819822575935,0.5760261685710558,32.67396637262194,7.224908825234759
115.00000000018505,300.13477056601926,-1977479.6288244687,291878.90510677244,-1685600.7237176963,0.4673367704536804,0.540333906074574,0.5016567844900146,0.7766316870395649,1.450878862960348,0.8285226454501609,0.32686586096014625,0.7744027890554337,35.87166781977044,0,1.4843538517671142,34.91098989887894,6.014975311310565,23.221635679877195,1.0558751053179023,35.12077072583452,33.164370221206696,33.48626149445511,7.777883165588506,34.69502288781641,0,0,0,0,0,0.2340688829808597,0.9440199456925402,5.474641405235991,0.5155411992433283,32.62403631513212,7.237549259513932
116.00000000018983,300.6293101005317,-1979294.6612643115,292359.84124620503,-1686934.8200181066,0.4619344052195826,0.5460658473113025,0.5002016411074459,0.7478631788707619,1.5262620250689185,0.8344097069016827,0.3342080657942368,0.768229040696788,35.81781223095061,0,1.5058332730465516,35.04455460920599,6.023653411826601,23.24172874499459,1.1039547846808189,35.04410757662572,33.11906831522046,33.41369441452116,7.858160832213358,34.67883277664177,0,0,0,0,0,0.2221631933854855,0.9597674257352491,5.477587564515298,0.5578889373695164,32.573002467909156,7.312094984902055
117.0000000001946,300.8103465975489,-1977041.2663090602,292535.8979371179,-1684505.3683719423,0.46513730569674006,0.5484450515000066,0.5018459103341598,0.7140471227940708,1.5995436207595333,0.8298688258412861,0.32802291550712626,0.7776613540937163,35.84594374813469,0,1.4309117842877126,35.03205046661168,6.073499139229995,23.31093714190814,1.077657156917219,35.009348562800255,33.115400760804846,33.44283444817222,7.7884644568650145,34.714208919436714,0,0,0,0,0,0.22921630259370973,0.882466732787706,5.525054087729988,0.5292121054172125,32.56695570930484,7.2400194053650075
118.00000000019938,301.0422169747813,-1975717.687825691,292761.3902108243,-1682956.2976148666,0.4620641478061969,0.5346703634718839,0.4986532963197662,0.7353602559864045,1.6953039542930313,0.8250192596988293,0.3263659633790631,0.767350276966777,35.81324648695386,0,1.3904992853976985,34.959459788604704,6.027043887284364,23.398461944277813,1.0515084927854161,34.98768169961892,33.15451729691915,33.45160814143321,7.7377549030340305,34.64665253381085,0,0,0,0,0,0.23267991349489314,0.8558289219258146,5.49237352381248,0.5168381293135322,32.61984693344727,7.203084539562147
119.00000000020415,299.32211804137313,-1975884.441332966,291088.6063730448,-1684795.8349599214,0.45359952411902604,0.553258720228031,0.49906832678365337,0.7512477327602962,1.4598211319968915,0.8132804265880791,0.3142120998044257,0.7600055130731462,35.782431401248346,0,1.343405981603114,34.933228185519965,6.021151067299229,23.34998876429421,1.0860555116602733,34.953431949778974,33.205106442495094,33.46052566557108,7.704536158202373,34.61188481095377,0,0,0,0,0,0.2067467928451152,0.7901472613750831,5.4678923470711975,0.5327967914322422,32.651847722267064,7.151277437974342
120.00000000020893,299.3059123464841,-1978838.456114959,291072.84645135433,-1687765.6096636048,0.4588763526624966,0.5356612536823544,0.4983785418140158,0.7124527142772004,1.5239270053852643,0.824361138116104,0.3259825963020882,0.7649956488248115,35.816177336895876,0,1.396101332897274,34.936745485426286,6.054115101461605,23.458289850111555,1.047343399090769,34.945858675198224,33.19392436266892,33.42607299216354,7.718467788701304,34.59374409077202,0,0,0,0,0,0.22933439514245713,0.8604400792149196,5.51845384777925,0.5116821454084146,32.65826310898657,7.182806535018949
121.0000000002137,300.7272750994855,-1978870.4845739529,292455.111502895,-1686415.3730710577,0.45725030705352676,0.5376855649276795,0.5011723500343629,0.7494747704172453,1.5616784552619336,0.8720848408478141,0.37091249081345123,0.7550256978393568,35.74282119156925,0,1.401009848799653,34.938469830228314,6.064348604097233,23.428876580477805,0.9874149617198009,34.873800308229534,33.19543851184504,33.40790872153684,7.707986674836192,34.66596415991546,0,0,0,0,0,0.2173401329116773,0.8633242838719735,5.526663039169554,0.4497293967921214,32.65775294691736,7.170301109908513
122.00000000021848,298.8068336318596,-1977060.1164896376,290587.49599191913,-1686472.6204977185,0.4622085296978504,0.5384265411926226,0.500142180698392,0.7508035024486581,1.6487950725430736,0.8410713726976458,0.34092919199925376,0.7642011042047318,35.82517965781119,0,1.2911370688275845,34.99100699622204,6.083394901659524,23.47461736943285,0.913523559302051,34.96474857985197,33.17132185848111,33.3917296140329,7.745907095562615,34.69043617650391,0,0,0,0,0,0.2257745630121092,0.7527105276349619,5.544968360466902,0.3750970181094284,32.63289531728849,7.207480554369992
123.00000000022325,299.14027287050163,-1976260.8367367573,290911.76325262646,-1685349.073484131,0.4598908973268472,0.5492521209644021,0.5004004891307317,0.7391635278610265,1.682435092434531,0.8475850401469414,0.3471845510162097,0.7754147810690721,35.81393940646353,0,1.2556252964836148,34.90930625920015,6.054732537599207,23.520220834212353,0.9554137006705338,34.9476182465653,33.099302066189466,33.38352192650683,7.784874277837417,34.59847240321599,0,0,0,0,0,0.22616266010467,0.7063731755192126,5.505480416634805,0.40616157970613165,32.55004994522506,7.235622156873015
124.00000000022803,298.5514905983792,-1976814.5581839867,290339.17672888155,-1686475.3814551053,0.446229695189831,0.5355210873475029,0.49908589594593994,0.7350058778136752,1.6061226027617082,0.8620472702473487,0.3629613743014088,0.7540557944618382,35.78733352916868,0,1.2753578499757747,34.954766412131335,5.982159594034984,23.48994664048709,0.9808747045632877,34.959644345527465,33.170260284497886,33.42062522764877,7.779475371617281,34.635732150726426,0,0,0,0,0,0.2185347071143353,0.7398367626282718,5.446638506687481,0.4453536172157848,32.63473919715038,7.243954284269778
125.0000000002328,299.64010090784745,-1977421.7426610626,291397.84242301725,-1686023.9002380455,0.46576637465278914,0.5491656064604346,0.5024283771338504,0.7600974440952857,1.6661274518265934,0.8426561953045526,0.34022781817070225,0.7770824447090326,35.80148669854299,0,1.2596787505756168,35.016861221373716,5.925094624396607,23.532548117970805,0.9143883840698344,35.00789370537598,33.15806092796424,33.373172968104655,7.776064368667367,34.66332134566062,0,0,0,0,0,0.2279168382485981,0.7105131441151823,5.375929017936173,0.3652227776093998,32.60889532150381,7.2268987622069325
126.00000000023758,299.30307903304805,-1975777.1578854024,291070.09107442154,-1684707.066810981,0.45847166793519367,0.5358098402988816,0.5001964546226584,0.7436312435158582,1.548467310732061,0.8397554701015215,0.33955901547886314,0.7644212738038494,35.772705630715166,0,1.2516772760336552,35.09596786335021,5.825606431396309,23.50493359128251,0.8795063399688425,35.11001501695148,33.22212581818212,33.46622526481906,7.703313702182669,34.64331951694646,0,0,0,0,0,0.22861143350496782,0.7158674357347736,5.289796591097428,0.34369649966996096,32.68631597788324,7.167503861883787
127.00000000024235,299.8011180613153,-1974457.1939127222,291554.4304463542,-1682902.763466368,0.4538246881028405,0.5473120598316665,0.5019668346132395,0.7862620413818924,1.6536480614105997,0.8342618637383448,0.3322950291251052,0.7736625934506822,35.861473056124126,0,1.2591289724929204,35.14433267873022,5.839378564167646,23.480073206398174,1.0195627874791384,34.999178138365096,33.22304943858995,33.475384743953214,7.63609616862621,34.55138044948848,0,0,0,0,0,0.2263505336190157,0.7118169126612539,5.292066504335979,0.4722507276474719,32.675737378758285,7.088784108794544
128.00000000024713,299.7315815676573,-1974158.1354661733,291486.8067065403,-1682671.328759633,0.4604435122753179,0.5482002170225861,0.5020838415324337,0.7742115825789515,1.6555046059091918,0.8340391889144426,0.33195534738200894,0.7574219418016952,35.80128012306443,0,1.1961113016411584,35.219678706808054,5.800384983673786,23.37970168444943,0.9539672200812879,35.051808274697066,33.24133288170643,33.477345777772484,7.698290377188929,34.59419642468756,0,0,0,0,0,0.20922172477910905,0.6479110846185723,5.2521847666512,0.4057670030587017,32.693132664683844,7.150090160166343
129.0000000002519,300.22540374484623,-1974726.5065686554,291967.04522113665,-1682759.4613475187,0.463641467802578,0.5510689687209567,0.5002081934966658,0.7435958235674267,1.7035398778189617,0.840814479673816,0.34060628617715016,0.7858828688740385,35.87525559793082,0,1.2083286688036736,35.27669010233342,5.852686315282661,23.321280128703734,1.0930368565204596,35.08516516375016,33.23795329732843,33.470385313272914,7.683119391637142,34.62701129522668,0,0,0,0,0,0.2348139001530818,0.657259700082717,5.301617346561704,0.5419678877995029,32.686884328607476,7.132050422916185
130.00000000025668,300.05604427328535,-1975819.2842528634,291802.34435347165,-1684016.9398993917,0.4545850541873433,0.5378471732432129,0.49987567314259723,0.7570474699186898,1.7328298885024438,0.800102428241948,0.30022675509935076,0.7584262425547177,35.87103570274422,0,1.2093971242338206,35.223919370313126,5.72242675622519,23.262863314994405,1.1079938957016182,35.029750287758816,33.25815792512526,33.52571841293252,7.670489265271506,34.64490656625037,0,0,0,0,0,0.22057906931150484,0.6715499509906078,5.184579582981977,0.5701467224584054,32.720310751882046,7.132642092028293
131.00000000026145,299.106539296162,-1976572.9342512116,290878.95759427163,-1685693.9766569398,0.45941700867416113,0.5438923449590778,0.49954231128142745,0.7232806544386605,1.720837940947586,0.8179604604056561,0.3184181491242286,0.7694996059369417,36.01833611125028,0,1.153094477907004,35.18392259396808,5.669867997862829,23.210579815199367,1.092989680667883,35.01447646735798,33.21087029408034,33.45485619009929,7.604123319405417,34.5897601710989,0,0,0,0,0,0.22560726097786388,0.6092021329479262,5.125975652903751,0.5490973357088051,32.66697794912126,7.060230974446339
132.00000000026623,299.7380983594678,-1976919.6503314115,291493.144239692,-1685426.5060917195,0.460145753823034,0.5360226756040891,0.5004813172867364,0.7573951310747091,1.7789760701342754,0.8475545423820512,0.3470732250953148,0.7565963599325691,35.92573956590468,0,1.1065011499857569,35.3159800365969,5.583500807230784,23.298069297484886,1.019828038955037,35.06580085153928,33.251268160986456,33.487379645729106,7.553317104328972,34.5146534658802,0,0,0,0,0,0.22057368432848,0.5704784743816678,5.047478131626695,0.4838053633509478,32.71524548538237,7.017294428724883
133.000000000271,297.73281583064187,-1974654.9358829372,289543.0214070737,-1685111.9144758633,0.45854695120131783,0.5429300459416382,0.5006312938150722,0.7350090123290944,1.7311637836400742,0.8143349647446718,0.3137036709295996,0.7738610180801508,35.97701421304009,0,1.1763526209530135,35.21709536877103,5.470398612809106,23.243213202571212,1.073179532157429,35.124528625299604,33.16521016534966,33.405980186730744,7.528418682569836,34.50146652740182,0,0,0,0,0,0.23093097213851266,0.6334225750113753,4.927468566867468,0.5302494862157907,32.622280119408025,6.985488636628197
134.00000000027578,298.74681237182006,-1975339.8969946988,290529.1257483434,-1684810.7712463555,0.46124021980603747,0.5349497865627058,0.5015405394569463,0.7385975134415248,1.7278829186318063,0.8331971482055499,0.3316566087486036,0.7738339288785495,35.937899177276904,0,1.1591494280981678,35.25442678344996,5.493917048063103,23.25657946262578,1.0701586289553155,35.09267490913351,33.138205669005515,33.39958716462206,7.5840235829591265,34.472451348944674,0,0,0,0,0,0.23888414231584376,0.624199641535462,4.958967261500398,0.5352088423926098,32.60325588244281,7.049073796396421
135.00000000028055,300.599879150746,-1976117.6118483841,292331.2198592744,-1683786.3919891098,0.4482691347352876,0.5386414510606625,0.5004641872981475,0.7702302156205416,1.7175030617629412,0.8552513442047616,0.3547871569066141,0.7752977667785417,36.04718265366728,0,1.192522566631915,35.178374730387816,5.430774453838467,23.360788709150626,1.0382230961740575,35.07142837708284,33.0986620848563,33.37154978941169,7.609281171194901,34.44186105188544,0,0,0,0,0,0.23665631571787915,0.6538811155712525,4.892133002777804,0.499581645113395,32.56002063379564,7.070639720134238
136.00000000028533,300.7464033014659,-1975377.8039648533,292473.7135417063,-1682904.090423147,0.4611592085810594,0.5432902351523836,0.5003165609092415,0.7416953088608871,1.825998484302854,0.8363427314769163,0.3360261705676748,0.7509112866495471,36.012035824355166,0,1.2571491409595552,35.13679333969162,5.333006431305748,23.37092422355269,1.0678794028775123,34.90953186909337,33.113561669484056,33.40060507497202,7.51947089507,34.50174185932815,0,0,0,0,0,0.20762105149716348,0.7138589058071716,4.789716196153364,0.5245891677251286,32.57027143433167,6.976180659917617
137.0000000002901,300.23730258847405,-1975433.0491730496,291978.6167609605,-1683454.432412089,0.4649129975130286,0.5562516145187608,0.5016560171018472,0.7393676013061559,1.8094770259637514,0.8186986030889698,0.31704258598712265,0.7704341462001789,35.95682635596768,0,1.216833326108226,35.06424536988777,5.4260866762158315,23.332333170441643,0.9956058759012887,34.850699097014626,33.111370378733085,33.37546647534646,7.48997398423808,34.472214562266345,0,0,0,0,0,0.2141825316814181,0.6605817115894652,4.869835061697071,0.43935426138252787,32.55511876421433,6.9337223697193195
138.00000000029488,299.4249198478012,-1975833.1150252633,291188.58039020596,-1684644.5346350572,0.46056125295645467,0.5567010543672115,0.500907961630947,0.74549228860824,1.7247983600796886,0.8437559363539627,0.34284797472301576,0.7735108737099424,36.00157358340641,0,1.2285758845017831,35.029782487101784,5.499449746124927,23.24313689842944,1.0910674901416435,34.92936463079377,33.14127515077155,33.38072661087432,7.501313981232229,34.40796350087567,0,0,0,0,0,0.21680981934273091,0.6718748301345716,4.942748691757716,0.534366435774432,32.58457409640434,6.944612926865018
139.00000000029965,300.3321484101617,-1977389.7462201938,292070.8536401996,-1685318.8925799942,0.46664553018538335,0.54242401573216,0.5006169865669037,0.7602899579996105,1.8002233454466494,0.8207624902019848,0.3201455036350811,0.7741389528882081,35.94580235609283,0,1.187082822955702,35.092634013349425,5.474344972338912,23.225454264811916,1.1465975486128386,34.796614985164126,33.12937529514501,33.37519876325922,7.679800626460384,34.459656582742866,0,0,0,0,0,0.23171493715604807,0.644658807223542,4.931920956606752,0.6041735328806785,32.58695127941285,7.137376610728224
140.00000000030442,299.37566980002555,-1976889.6390171722,291140.6850730652,-1685748.953944107,0.46561602267425606,0.5424014039649165,0.4997197264323615,0.7339494058597609,1.6947140502714486,0.8210770648011819,0.3213573383688204,0.7770695290117828,35.947705821586055,0,1.1755375890567197,35.03804277754966,5.542004007040717,23.20790485230366,1.1029304393496933,34.83484004433001,33.14309938300312,33.37049411568887,7.649496044012139,34.4792522840408,0,0,0,0,0,0.2346681250468663,0.6331361850918031,4.9996026030758,0.5605290353847767,32.6006979790382,7.107094640047222
141.0000000003092,300.1143518277617,-1976175.7640512064,291859.04803071613,-1684316.7160204903,0.45191423703271294,0.5406331461348168,0.4984945519889461,0.7808370386843109,1.6673426926458816,0.8500666340282704,0.35157208203932433,0.7652343488844984,36.018023097154924,0,1.185172166021328,35.00918967761839,5.464573736710236,23.166447829670687,1.1176477445453958,34.780183634723016,33.09131489622871,33.319160227084495,7.636325493683472,34.4995818834841,0,0,0,0,0,0.22460120274968154,0.6445390198865111,4.923940590575419,0.577014598410579,32.550681750093894,7.095692347548655
142.00000000031397,300.78641759240907,-1975878.8648755848,292512.62715177255,-1683366.2377238122,0.4705494932956266,0.5440359360327935,0.5010015203425813,0.7497699660509447,1.6548869928449186,0.8205177606108048,0.31951624026822356,0.7769291667789631,35.86951260630963,0,1.1433631374183317,35.045666046052816,5.511051817692021,22.93154728104699,1.1258665244689308,34.73103797191703,33.06165521700734,33.307664333978096,7.683878038456754,34.49045972659391,0,0,0,0,0,0.23289323074616952,0.5993272013855382,4.967015881659227,0.5818305884361372,32.51761928097455,7.139842102423961
143.00000000031875,301.45243038008954,-1977220.285622757,293160.3197962758,-1684059.965826481,0.4662719086919813,0.5388141920617402,0.498766284425494,0.7247867261526917,1.6476601542147087,0.8183189650925664,0.31955268066707243,0.7715893391863721,35.85936048111381,0,1.1008456399517073,35.113732215244625,5.436395492597995,22.99163728117651,1.0963375957722477,34.75404451349573,33.01316089839567,33.21961428921054,7.688581011222498,34.51576232406726,0,0,0,0,0,0.23277514712463188,0.5620314478899671,4.897581300536255,0.5575234037105075,32.474346706333925,7.1497668191607575
144.00000000032352,299.88784972450355,-1976527.9417861588,291638.7763648285,-1684889.1654213304,0.45284675569363486,0.5390139976528001,0.4988147288283837,0.7432266413210025,1.714446649308437,0.8159957201083774,0.3171809912799937,0.7627064999785738,35.955813527506905,0,1.0921121662522033,35.03576956691444,5.4833356444256225,22.964974050943397,1.1288429668985618,34.75350562726056,33.05237423478934,33.285400297429995,7.654517946528415,34.46605386392491,0,0,0,0,0,0.22369250232577365,0.5530981685994032,4.944321646772822,0.5898289692457617,32.51336023713654,7.115503948875615
145.0000000003283,300.52272783079457,-1976942.080366969,292256.1907556737,-1684685.8896112954,0.45467863450757573,0.5435708972172844,0.4999548470612134,0.7606692170307596,1.683865210568829,0.8131935895367519,0.3132387424755385,0.7625963369197901,36.04976055450811,0,1.0570940498150883,35.04455724493903,5.571411461382496,23.042984009180074,1.145675055850632,34.76011203765114,32.97105734327408,33.199052528603715,7.629498571383287,34.44367250493454,0,0,0,0,0,0.21902543970250576,0.5135231525978039,5.027840564165212,0.6021041586333475,32.4274864460568,7.085927674166003
146.00000000033307,299.7272472285404,-1976139.5318087377,291482.59159293177,-1684656.940215806,0.4588735911279658,0.5497356696433919,0.5016937746080191,0.7675576657039116,1.7729069135867386,0.82457218189418,0.3228784072861609,0.7693130447649623,36.06636679910184,0,1.104298114812401,34.98742412483887,5.636108619651225,23.026090637500214,1.1542253676862764,34.77893359301481,33.06878152196725,33.35475108516232,7.622267211692453,34.473293847572506,0,0,0,0,0,0.21957737512157038,0.554562445169009,5.086372950007833,0.6044896980428844,32.51904585232386,7.072531542049061
147.00000000033785,301.1229936609928,-1975122.4202321135,292839.9449570308,-1682282.4752750825,0.46665322428318,0.5392500713290804,0.5028087449266632,0.757953143682478,1.7670917520458216,0.852540557353032,0.34973181242636886,0.7823716109131489,36.00071838870042,0,1.1509201290549882,35.00350043574372,5.663860131522384,22.98743902759969,1.151961960920456,34.86531224827422,33.09909874343316,33.371687277587625,7.561073855605692,34.50845448950054,0,0,0,0,0,0.24312153958406846,0.6116700577259078,5.124610060193303,0.6127118895913757,32.55984867210408,7.021823784276611
148.00000000034262,301.0209438293824,-1976410.0440290049,292740.7022299699,-1683669.341799035,0.45181194281396775,0.5350780070414398,0.4988785997172665,0.7740914156276228,1.749265961487442,0.8398273810915895,0.340948781374323,0.755936390118551,35.92184992583839,0,1.198386450177182,34.968122764102304,5.640996380447405,23.00783299422028,1.1273755565952577,34.7915071780435,33.12671153370388,33.38667834813498,7.553869442103448,34.545769693914735,0,0,0,0,0,0.22085838307711114,0.6633084431357421,5.105918373405965,0.5922975495538179,32.59163352666244,7.018791435062008
149.0000000003474,299.6296547220252,-1975497.794487156,291387.6835824584,-1684110.1109046976,0.4542668928693523,0.5334408604918064,0.498692000670175,0.7437621173066944,1.80618789909267,0.8329761163867697,0.3342841157165947,0.7623309468339081,36.01548016946131,0,1.187924138305421,35.062953848344506,5.556499403121791,23.031057346888584,1.0851909845256777,34.90388455770494,33.15251958273791,33.4162332846488,7.533797719116517,34.55413971001758,0,0,0,0,0,0.22889008634210173,0.6544832778136147,5.023058542629984,0.5517501240338714,32.6190787222461,7.000356858624711
150.00000000035217,300.1654745336086,-1976100.4186216854,291908.76449435856,-1684191.6541273268,0.4600021153518723,0.5416367199272543,0.49950726080884417,0.7506360289890983,1.789070137988202,0.8374064027784583,0.3378991419696142,0.7671256259785135,36.001840546695576,0,1.2065621425387487,35.0332408510354,5.4670243420622135,22.997903424686456,1.0950641385041333,34.90157134264757,33.058163611561724,33.30416564900224,7.564888877199053,34.58953325276525,0,0,0,0,0,0.22548890605125926,0.6649254226114945,4.925387622134959,0.553427418576879,32.51652689163447,7.0232521572717985
151.00000000035695,301.63195594168656,-1975829.9671228975,293334.90711336274,-1682495.0600095347,0.4605246902767055,0.5417939383567183,0.5009151802208073,0.7490895122753276,1.8321737172184749,0.8389209604703465,0.3380057802495392,0.7786251755486804,35.96151905304748,0,1.181677696758039,35.002036759879445,5.439474581587345,22.949581988416355,1.0082092097541757,34.84199001769184,33.05350071608606,33.301191791860674,7.557016203517691,34.50316741908625,0,0,0,0,0,0.23683123719196209,0.6398837584013206,4.897680643230627,0.4664152713974574,32.511706777729344,7.015222265160972
152.00000000036172,298.7760439688529,-1975817.7162003107,290557.5532661561,-1685260.1629341547,0.4546283306103991,0.5400631828321938,0.4994087873237736,0.7629753018558763,1.8399348888753515,0.8211589690696544,0.32175018174588077,0.7475635947829411,35.95163775968996,0,1.145291844430055,35.0496583256471,5.422690154769896,22.974707880445862,1.0513595845069048,34.822133077212015,33.07353962700416,33.3244996586501,7.586345666334733,34.409631739083466,0,0,0,0,0,0.2075004119507473,0.6052286615978613,4.882626971937702,0.511296401674711,32.53347644417197,7.046282483502539
153.0000000003665,299.055331961491,-1976951.999623157,290829.1588297066,-1686122.8407934504,0.45736966256197986,0.5445565106671735,0.5010590787325976,0.7699600946620722,1.7940086676714841,0.8426073717036743,0.3415482929710767,0.7645319134204067,35.8397660009922,0,1.1869562350839296,34.94304632134654,5.398967382235462,22.999430220013608,0.9698488209543825,34.8064889929027,33.23537698609118,33.47957876105386,7.5327979496961746,34.481677223789404,0,0,0,0,0,0.21997540275323324,0.6423997244167561,4.854410871568288,0.42529231028720904,32.69082047542401,6.988241439029001
154.00000000037127,300.3848637877502,-1977493.1284276508,292122.11896565254,-1685371.0094619982,0.46200886103025285,0.5499778998771097,0.5015434187588906,0.7516339492145954,1.82749050274532,0.8338916249057787,0.3323482061468881,0.7546462653957313,35.95401131261383,0,1.1362880188123903,34.94795866215395,5.401825993715207,22.97841833558885,0.9132554551483159,34.81467084860833,33.1852958162782,33.42692642543943,7.5070297876214624,34.465145097207,0,0,0,0,0,0.20466836551862166,0.5863101189352806,4.851848093838097,0.3632775552712062,32.63531791640109,6.957051887744353
155.00000000037605,299.844040646009,-1976132.0891844034,291596.1723511695,-1684535.916833234,0.460791580357081,0.5339975595582445,0.5006249771876453,0.7517681597475665,1.8120314748070285,0.8294806465225424,0.32885566933489707,0.7747497426311405,35.88674453531388,0,1.1710796104202164,34.94193691083029,5.368763573799086,22.944061852632387,0.9527706175188513,34.898725765562176,33.280061046544574,33.5273105768739,7.478807188056649,34.44116847173336,0,0,0,0,0,0.24075218307289603,0.6370820508619719,4.8347660142408415,0.4187730579606068,32.74606348698633,6.944809628498405
156.00000000038082,299.89243345465206,-1974966.7013440132,291643.2340094211,-1683323.4673345922,0.4645551292895247,0.5373585538694563,0.5000433962688394,0.7633942871188779,1.6297773817496832,0.824067926031128,0.32402452976228857,0.772623124313695,35.92390733703115,0,1.1429267873012474,34.8735394423683,5.393643375700876,22.91371274290435,0.9438714703611097,34.89300668326848,33.33069089954279,33.56723917112822,7.47912157309792,34.39225299976812,0,0,0,0,0,0.23526457044423865,0.6055682334317911,4.856284821831419,0.40651291649165344,32.793332345673335,6.941763019228464
157.0000000003856,301.69781421183797,-1976321.7012162767,293398.9538072788,-1682922.747408998,0.4590540466003108,0.5391236190120345,0.4980901428438152,0.7394869836232569,1.619103050943524,0.8549532372342392,0.356863094390424,0.7699237494887508,35.930603385484886,0,1.1356103772379988,34.93886160594667,5.46701400340153,22.765883860483086,0.897483505921782,34.91784796357683,33.30669112166015,33.546924144111614,7.490426951462993,34.40961771467539,0,0,0,0,0,0.23080013047671621,0.5964867582259643,4.927890384389496,0.3583598869097475,32.76756750264812,6.9513033324509585
158.00000000039037,300.83845268823205,-1976434.5954787917,292563.23090810276,-1683871.364570689,0.4645760371395975,0.5414965812042616,0.5015604418459255,0.7414445282426771,1.6363365243360732,0.8568927010967569,0.35533225925083134,0.7620444412259229,35.94712266070576,0,1.1665856673537878,34.973759306120826,5.4144731989989054,22.78666240978049,0.8485584668015402,34.96531180222121,33.33928329578845,33.62077250479251,7.4730325106862665,34.36333421505742,0,0,0,0,0,0.22054786002166127,0.6250890861495262,4.872976617794643,0.30706188559727865,32.797786714584184,6.9315359294820045
159.00000000039515,300.2044990691558,-1976044.2082985304,291946.71557442285,-1684097.4927241076,0.45320613374136176,0.5459899556898922,0.498727164961991,0.7374711438480226,1.6709643231915834,0.8349817099043475,0.3362545449423565,0.7681807601210995,35.83499259188329,0,1.1744626336529045,34.86201310001377,5.555842318585725,22.806801478972602,0.9543562125638747,34.947184824183296,33.30976934187839,33.61738071752097,7.462480661081301,34.38406479167338,0,0,0,0,0,0.2221908044312073,0.6284726779630123,5.009852362895833,0.40836625687398254,32.7637793861885,6.916490705391409
160.00000000039992,301.31724476533043,-1976325.8622276448,293028.8527584926,-1683297.0094691522,0.44675587245006376,0.5489993402738378,0.5011309299688792,0.7469133631051079,1.7056578112593446,0.8238418390726111,0.3227109091037319,0.7632586882462506,35.89595159935436,0,1.2189700293729473,34.82247672538574,5.52374997512446,22.89902517894268,0.9074499765155313,35.123231509465086,33.29211807492017,33.566205069358716,7.532286262126718,34.329613084035856,0,0,0,0,0,0.21425934797241286,0.6699706890991095,4.974750634850622,0.3584506362416935,32.74311873464633,6.98328692185288
161.0000000004047,300.07057623908025,-1975601.3092111386,291816.47658565943,-1683784.8326254792,0.4621348943161674,0.5450071299614336,0.5004204347187468,0.7323213324707298,1.5098059018885923,0.8312781026251708,0.330857667906424,0.7704966633772246,35.925235608758584,0,1.2408932685198462,34.82201956251345,5.528527434906707,22.896503801627432,0.9135411694727615,35.04957575505616,33.26475188560141,33.556391446660086,7.533011475767417,34.431696769390214,0,0,0,0,0,0.22548953341579092,0.6958861385584125,4.983520304945273,0.3685340395113279,32.71974475563998,6.988004345805983
162.00000000040947,299.0976515273771,-1975807.358288914,290870.31430306984,-1684937.0439858441,0.4671216469390842,0.5420165675379925,0.5020828592385839,0.7218091035896848,1.6448126251549873,0.843318751698606,0.34123589246002217,0.7703639611181927,35.8240034565722,0,1.199059975916831,34.76725518655212,5.570955550280544,22.760485175718998,0.8949188691020593,35.031542776337346,33.283854351376135,33.51096373992496,7.491443817515062,34.40356310676293,0,0,0,0,0,0.22834739358020018,0.6570434083788385,5.0289389827425515,0.35290230156406677,32.74183778383814,6.949427249977069
163.00000000041425,298.9235450061556,-1977967.7269104533,290700.9969637618,-1687266.7299466915,0.46356696123607244,0.5435429919233474,0.4985045754915065,0.770085008511213,1.7239896579889518,0.8121330016755306,0.3136284261840241,0.7729087405669159,35.78567927222443,0,1.152916022614395,34.74048523603193,5.59007932293766,22.89512096146757,0.9025824337008821,35.055860815039296,33.194525105040725,33.46548223672323,7.446578230181288,34.419276794943045,0,0,0,0,0,0.2293657486435685,0.6093730306910476,5.0465363310143125,0.35903944177753466,32.65098211311738,6.9030352382579405
164.00000000041902,298.59646095137737,-1976298.8889133781,290382.9100736407,-1685915.9788397374,0.46184580407565967,0.5419268085121254,0.5007540506219774,0.742451222400712,1.5913181263069887,0.8224814007712045,0.32172735014922704,0.7769963453796329,35.84322485612279,0,1.1853681926756963,34.73280769641224,5.5294589150765745,22.935065699493464,0.907934236732423,35.08639259591257,33.22331908577411,33.478881984730265,7.472649338908013,34.450344147758535,0,0,0,0,0,0.23506953686750753,0.6434413841635709,4.98753210656445,0.36600742822029764,32.681392277261985,6.930722530395888
165.0000000004238,300.6445406934676,-1975096.6816203147,292374.65288826125,-1682722.0287320535,0.4531898572495616,0.5356736197789707,0.49968119388700327,0.7635028067732144,1.7098218585043696,0.8454155488160024,0.3457343549289992,0.7768250735931601,35.84899805653879,0,1.2191188977424972,34.78029913081059,5.527377271384054,22.911827059019924,0.8983345999283596,35.02371666437722,33.28018691802413,33.52041631064137,7.426006597444442,34.45881487710653,0,0,0,0,0,0.24115145381418945,0.6834452779635265,4.991703651605084,0.36266098014938897,32.74451329824516,6.890332977665471
166.00000000042857,300.2332406578862,-1974721.863103252,291974.6665626867,-1682747.1965405652,0.45551454639876443,0.5463249639029546,0.5011892047609506,0.7426355537894427,1.6674548416783515,0.8375151000493887,0.33632589528843804,0.7719579802635934,35.711936661039886,0,1.0840736192273432,34.8309956611763,5.559637420395873,22.863043119843923,0.9576100631001516,35.11296856027027,33.200951756033874,33.480155880436484,7.499862335228485,34.466519480072634,0,0,0,0,0,0.22563301636063882,0.5377486553243886,5.013312456492919,0.411285099197197,32.65462679213092,6.953537371325531
167.00000000043335,301.8404264389056,-1976204.4107061885,293537.64317210263,-1682666.767534086,0.45375391458146863,0.5353797461185774,0.5008838864452567,0.7655483563311121,1.6367224591155995,0.8526508500949578,0.35176696364970106,0.763595875475763,35.800445957041774,0,1.1050787804665667,34.78799248294581,5.507003765933515,22.791220718679085,0.8615971648987255,35.05440778806155,33.09518845213432,33.369109684164755,7.505413743313156,34.41882379291451,0,0,0,0,0,0.2282161293571856,0.5696990343479893,4.9716240198149375,0.3262174187801481,32.559808706015744,6.970033997194578
168.00000000043812,300.2949858429123,-1973760.6686947867,292034.7133109093,-1681725.9553838775,0.4559243576880423,0.5442812143048172,0.5002755807953834,0.7507289629915286,1.7608564499951278,0.8156652380012239,0.31538965720584056,0.7567195055579532,35.804227319950996,0,1.1910426376066745,34.715185134981084,5.552562363734779,22.897325376904618,0.9010114890879919,34.96990845217658,33.20826559267687,33.48284042722753,7.516093137621155,34.4698722952308,0,0,0,0,0,0.21243829125313596,0.6467614233018573,5.008281149429962,0.35673027478317465,32.66398437837205,6.971811923316338
169.0000000004429,299.19367037887025,-1975894.0531776585,290963.6919453556,-1684930.3612323029,0.45676795070129605,0.5338556519889988,0.5012542753199023,0.7513314087754779,1.7452078143505219,0.8192913690456158,0.31803709372571354,0.7700096868518553,35.85537523707137,0,1.1807837543379551,34.64741745819674,5.46692221468988,22.944540909367674,0.8757730392719854,34.98240105855689,33.16318439647512,33.46795018280716,7.7193491506749865,34.45035447492785,0,0,0,0,0,0.23615403486285658,0.6469281023489564,4.933066562700882,0.3419173872829866,32.629328744486116,7.185493498685988
170.00000000044767,301.0214884062573,-1976184.6134493463,292741.23182706285,-1683443.3816222835,0.45357176527591203,0.5422722822211092,0.49992179393332414,0.7215014190604112,1.6160513368933707,0.8024817976075251,0.302560003674201,0.7621088023189997,35.836633239505545,0,1.1926369547134836,34.58871990169348,5.462139765102322,22.9483328400633,0.918245086786925,35.01458806506781,33.15000156064984,33.46863348082661,7.716135644218511,34.482623069040415,0,0,0,0,0,0.21983652009789045,0.6503646724923744,4.919867482881212,0.3759728045658157,32.607729278428735,7.173863361997402
171.00000000045245,300.0514138120396,-1977831.5018122531,291797.8412632232,-1686033.66054903,0.4505161659865278,0.533812437013653,0.4980667292757624,0.7375693866473605,1.7433294325820032,0.8075626545168868,0.3094959252411244,0.7659589408717302,35.73647512788955,0,1.2617561202442182,34.53614520200301,5.505964957298048,22.94378618920308,0.9349623101032734,35.01382393783206,33.28949958309988,33.51956809740068,7.721518226605184,34.47246229802431,0,0,0,0,0,0.23214650385807722,0.7279436832305652,4.972152520284395,0.40114987308962036,32.75568714608623,7.187705789591531
172.00000000045722,301.0435783873665,-1977709.1008555368,292762.71417476895,-1684946.3866807679,0.4498036898726525,0.5438796637445922,0.5017626775621595,0.7265272931162272,1.7576465850664995,0.8169803980654902,0.31521772050333063,0.7654365781809513,35.69366364191529,0,1.2129654368021185,34.51815448957251,5.519210380273037,22.951566080081022,0.9409512942459619,35.06698913998781,33.18194482135425,33.45358726863367,7.65567378081208,34.491549657387225,0,0,0,0,0,0.22155691443635916,0.6690857730575264,4.975330716528445,0.39707163050136973,32.63806515760966,7.111794117067488
173.000000000462,298.93603456250867,-1977093.6676268391,290713.14296746114,-1686380.524659378,0.45081625819897386,0.5419692167158061,0.5021210574747268,0.7901359428120571,1.8019429853976234,0.831292787395645,0.32917172992091825,0.7706379963008145,35.81354765835749,0,1.2112201217882976,34.546957979984825,5.536997335880489,23.04685165264476,0.8989987933866366,35.0840325689079,33.22338622313896,33.51290961132895,7.649819969326487,34.516074534264135,0,0,0,0,0,0.22866877958500842,0.6692509050724915,4.995028119164683,0.35702957667083046,32.68141700642315,7.1078507526106804
174.00000000046677,298.55818040031045,-1978799.3897099122,290345.68251313106,-1688453.7071967812,0.45511492778419504,0.5472224635702005,0.5006840400452878,0.7397907436046598,1.944397859992275,0.8475508042346004,0.3468667641893126,0.7621586994257203,35.80368518006071,0,1.2919947699434005,34.54309122307811,5.578821771287501,23.10881960613912,0.960843391634727,35.01420015835902,33.23616775523317,33.42575724307051,7.631035807496195,34.55395731734211,0,0,0,0,0,0.2149362358555198,0.7447723063731999,5.0315993077173005,0.41362092806452644,32.68894529166297,7.0838133439259945
175.00000000047154,299.99633575537274,-1977869.7444978617,291744.27824936446,-1686125.4662484974,0.4479940977395964,0.5530033259713072,0.499834163846056,0.7446990960719528,1.875693655258921,0.8384460568029682,0.33861189295691224,0.7730696379216351,35.75403275040753,0,1.214057857350607,34.46253617753658,5.513592809471682,23.043678829181317,1.0543168515043888,35.06286381008147,33.100747119327025,33.33331972836692,7.630448396585248,34.55814187159308,0,0,0,0,0,0.2200663119503279,0.6610545313792997,4.9605894835003745,0.5013135255330816,32.54774379335572,7.0774450706139405
176.00000000047632,300.6264430152196,-1977591.3840713352,292357.05302636576,-1685234.3310449694,0.4526254164058532,0.5369491986845034,0.49962307499630426,0.7337278751200138,1.7605015386975396,0.825403454791696,0.3257803797953917,0.7536071152612944,35.664612570258214,0,1.2336416131448846,34.458426089395516,5.45423708027765,23.085274684433728,1.0502149223382595,34.96828271468087,33.15650487454042,33.420640317934954,7.571552184611292,34.55325220842644,0,0,0,0,0,0.216657916576791,0.6966924144603812,4.917287881593147,0.5132657236537561,32.61955567585591,7.034602985926789
177.0000000004811,298.1888753251957,-1975483.6100575142,289986.53598448465,-1685497.0740730294,0.457662534157107,0.5366960895539794,0.5015551105944472,0.7897365770814577,1.9192052640184407,0.8371883734960242,0.3356332629015769,0.7731276361507078,35.67280947124989,0,1.203026661268705,34.50383131801311,5.418618642885814,23.07905722612199,1.1124751125041783,34.99107061316653,33.098619980434705,33.3643121123913,7.587839903027259,34.575100760413534,0,0,0,0,0,0.23643154659672838,0.6663305717147257,4.881922553331835,0.5757790229501989,32.56192389088073,7.05114381347328
178.00000000048587,299.9586369383836,-1975984.9519522488,291707.6164210603,-1684277.3355311886,0.46202451091086527,0.5401222688468145,0.5003984954117578,0.7546768893143208,1.8344094307074528,0.8403549794706761,0.3399564840589182,0.7541248506030058,35.65110747205517,0,1.2964044177363476,34.5076057504636,5.4400146995449035,23.023169189014993,1.1299477780813583,34.92674990977213,33.044081401104904,33.322837129654715,7.598381191393614,34.630743026918026,0,0,0,0,0,0.21400258175619136,0.7562821488895332,4.899892430698089,0.5898255092345438,32.50395913225809,7.058258922546799
179.00000000049064,298.36350163543835,-1977304.1221309267,290156.3588148763,-1687147.7633160504,0.4608697898132876,0.5518879685114406,0.500282884031569,0.7557745773917048,1.800537393131851,0.8268642394014005,0.32658135536983157,0.7812832204635978,35.68274020780905,0,1.3139002294410116,34.52497104178391,5.46150393054134,22.895683031360704,1.1114475042050564,35.00857108695425,33.04742303944636,33.27901379014486,7.598708611114201,34.58470267880932,0,0,0,0,0,0.22939525195215715,0.762012260929571,4.9096159620299,0.5595595356936158,32.49553507093492,7.046820642602761
180.00000000049542,299.4859555598558,-1977037.3801179342,291247.93718106794,-1685789.4429368663,0.45766355435132766,0.5486561722373042,0.5023312912918771,0.7428323798234686,1.7634030240159042,0.83928970727392,0.3369584159820429,0.7561107861851996,35.91268477821109,0,1.2925289988083035,34.482484193005234,5.374633884281948,22.90255599871017,1.1517441019769787,35.02283010303421,33.18983458047287,33.4254497079213,7.639427353059659,34.621590999307045,0,0,0,0,0,0.20745461394789533,0.7438728265709993,4.825977712044644,0.6030879297396745,32.64117840823557,7.090771180822355
181.0000000005002,300.0722407092122,-1978240.2888188027,291818.09527088806,-1686422.1935479147,0.4566763017452822,0.5408973906112262,0.500231985854706,0.7636741872929473,1.8374606500514545,0.8246058790721624,0.32437389321745647,0.773732913875735,35.833217445653645,0,1.2849796169351428,34.46712013838862,5.593031761475757,22.96849405912556,1.1558693194492484,35.10249529009354,33.247569541428334,33.487054268833276,7.598505425091453,34.5780265906879,0,0,0,0,0,0.23283552326450874,0.7440822263239166,5.052134370864531,0.6149719288380222,32.706672150817106,7.057608034480227
182.00000000050497,298.94171074301704,-1976276.1363550648,290718.66301216924,-1685557.4733428955,0.45771466636262126,0.5375196392982518,0.5018629713790378,0.7598606885506758,1.7997929148456837,0.8336158226411288,0.331752851262091,0.7577039434642305,35.86998927155264,0,1.3229946466331803,34.55314607595636,5.5326835229573135,22.984923029959873,1.1562655823836856,35.03943637540382,33.309670691220504,33.60077231706157,7.5602112173766045,34.6336955458778,0,0,0,0,0,0.22018430416597878,0.7854750073349286,4.995163883659062,0.6187459430854338,32.77215105192225,7.022691578078353
183.00000000050974,298.74144323232827,-1976380.9034751318,290523.90429881506,-1685856.999176317,0.45191450781583953,0.5393542101212176,0.501535369510189,0.7639560186796386,1.92747245387541,0.8399116330377758,0.3383762635275869,0.757934616300969,35.71258993104357,0,1.293080662377795,34.560019537199366,5.484246326617807,23.052800134504707,1.178369648434109,35.02515559617996,33.228497011655094,33.46748283690931,7.564581325376686,34.63244959536473,0,0,0,0,0,0.21858040617975139,0.7537264522565774,4.9448921164965896,0.6390154383128914,32.689142801533876,7.025227115255468
184.00000000051452,299.7067457482192,-1977308.824765142,291462.6540508138,-1685846.1707143283,0.45934633267802827,0.5488985411547951,0.4998171880785959,0.7585021603472715,1.9343813985433371,0.807833262779647,0.3080160747010511,0.7614166793463295,35.76069614353378,0,1.2305381884087545,34.562355524332304,5.51949483817981,23.02304891946096,1.2013260283612848,35.01694717100429,33.223839588370424,33.452648753536266,7.563314237424919,34.622074287149445,0,0,0,0,0,0.21251813819153442,0.6816396472539594,4.970596297025015,0.6524274872064897,32.674941047215626,7.014415696270124
185.0000000005193,300.6293046007121,-1977142.9045423158,292359.83589767,-1684783.0686446456,0.45116592259652766,0.5410671689701161,0.5015033871857558,0.7353181473809354,1.826090036910898,0.8224998823248666,0.32099649513911077,0.7712949509854653,35.629651883238694,0,1.2992784389143246,34.56137867772907,5.532998965712416,22.896800564540968,1.1500535089807036,35.03416702287154,33.22295152299944,33.46080909898194,7.659054803302766,34.69016850647358,0,0,0,0,0,0.2302277820153492,0.7582112699442085,4.9919317967423,0.6089863400105875,32.68188435402932,7.11798763433265
186.00000000052407,301.3173327018325,-1976146.2937985621,293028.9382761082,-1683117.355522454,0.457198580109905,0.5451404211947306,0.5011119748510502,0.7485055572890111,1.8900907522501527,0.8290646871681349,0.32795271231708467,0.7707747162982548,35.629440904941134,0,1.2688482031941692,34.58171312097147,5.580411403503554,22.809849517571877,1.1274868292345444,34.99680813504858,33.12382737804205,33.418553615873634,7.598525670109808,34.57883878790224,0,0,0,0,0,0.22563429510352417,0.7237077819994386,5.035270982308823,0.5823464080398137,32.57868695684732,7.0533852489150775
187.00000000052884,299.0144032062424,-1976050.6292796955,290789.3559096823,-1685261.273370013,0.45918010525021113,0.546831663425257,0.5024050122907121,0.7294251505018234,1.8493253460102217,0.8261521834678469,0.3237471711771348,0.7700583214708336,35.63894179564437,0,1.2458604709871661,34.53565165942382,5.569148173932909,22.827421850687642,1.1106708228525868,35.0807465875306,33.16963466684524,33.415404459800925,7.542687985299345,34.59785778865256,0,0,0,0,0,0.22322665804557662,0.6990288075619091,5.022316510507652,0.5638391594273298,32.62280300341998,6.995856321874088
188.00000000053362,301.27720894354525,-1974952.532641437,292989.9182098374,-1681962.6144315996,0.44796790672819853,0.5453584426362443,0.49884130132811444,0.7590851266090528,1.8047406909392851,0.8431384247957145,0.3442971234676001,0.7602661111268372,35.657781508703124,0,1.2882486709894918,34.5685396802329,5.598904163383374,22.8707531571431,1.0850989761623415,35.09074980560956,33.17453685808664,33.46575214460472,7.55022192141699,34.578826543805945,0,0,0,0,0,0.21490766849059284,0.7428902283532475,5.053545720747129,0.5397405335260972,32.6291784154504,7.004863478780746
189.0000000005384,301.00175845975934,-1976267.7163085006,292722.04459603736,-1683545.6717124633,0.4622692538941471,0.5407670952557844,0.4982237638833627,0.7432932677516,1.8192397365439477,0.8153999102525469,0.3171761463691842,0.7581015074544037,35.73807334995081,0,1.2609629938782838,34.54270018617319,5.625133850874846,22.793936593424235,1.1877684261268584,34.955372979784784,33.2488234552776,33.48269628874385,7.486489307188802,34.64558106915251,0,0,0,0,0,0.21733441219861938,0.7201958986224994,5.084366755619062,0.647001330871074,32.708056360021814,6.945722211933018
190.00000000054317,299.9486028506989,-1975547.8129170425,291697.8583429754,-1683849.9545740671,0.4581484920986574,0.5461060909784781,0.5007948911250507,0.7314329192736682,1.9506724243070508,0.8371175014755474,0.3363226103504967,0.777109887158085,35.66575041878582,0,1.256874426586279,34.566052589559604,5.569084262555101,22.761093643419997,1.2222530811262098,34.9539866570492,33.16612892926776,33.37982480407936,7.46569766493996,34.59742148565806,0,0,0,0,0,0.23100379617960698,0.710768335607801,5.022978171576623,0.6761469901477317,32.62002283828928,6.9195915739614815
191.00000000054794,298.1698097509561,-1975736.663915556,289967.9948507007,-1685768.6690648552,0.46052698310357343,0.5419139177557764,0.4991090702737123,0.7305797677242012,1.8036294186766764,0.8346445709424284,0.33553550066871607,0.7589990658854937,35.69078351425992,0,1.313381874060326,34.540037249538386,5.4208366957762735,22.77878363958297,1.2163942386120183,35.00685832281715,33.217646778203004,33.436649627971974,7.499330023385493,34.51259893829513,0,0,0,0,0,0.21708514812971735,0.7714679563045497,4.878922778020497,0.674480320856242,32.675732860447226,6.957416105629717
192.00000000055272,299.6331849924102,-1977674.8934174702,291391.1167450099,-1686283.7766724601,0.4617430128419482,0.5377575787243909,0.5022048272706395,0.7325073686383767,1.7952009217993279,0.8367930498292682,0.33458822255862863,0.7769231135609118,35.77695284549122,0,1.3737296171417306,34.57066111182678,5.51960303597825,22.672996789100694,1.1810674079020913,35.01407744620076,33.18507516182217,33.38946807492562,7.502870393152094,34.452338116493706,0,0,0,0,0,0.23916553483652092,0.8359720384173397,4.981845457253859,0.6433098291777004,32.64731758309778,6.965112814427703
193.0000000005575,299.31662071268465,-1975885.7020816542,291083.26026044483,-1684802.4418212094,0.4601672431083408,0.5431741961416936,0.500075601659636,0.7218520102603838,1.8010460797589225,0.8218985894968514,0.3218229878372153,0.7705782934593959,35.72691962049964,0,1.3638906495407994,34.59796439201523,5.575976345824218,22.68943624418924,1.212203549380014,35.033169365941205,33.152608197084646,33.387125050795476,7.523217736165389,34.46731857168959,0,0,0,0,0,0.22740409731770228,0.8207164533991058,5.032802149682524,0.6690293532383205,32.609434000942954,6.980043540023695
194.00000000056227,301.0168683119128,-1976397.933517959,292736.73881855136,-1683661.1946994076,0.4447762342781869,0.5394649142568415,0.5005402467017542,0.7404686806059895,1.6359789932371527,0.8620158831066616,0.3614756364049073,0.7767579527220159,35.69862476455478,0,1.2814884740835026,34.59827163100272,5.634818489534119,22.742790950100755,1.168502385012161,35.105684343597204,33.137814770530895,33.35168316054944,7.534894814263879,34.48167208306961,0,0,0,0,0,0.23729303846517436,0.7420235598266611,5.095353575277278,0.6290374707553195,32.598349856274055,6.9954299000070375
195.00000000056704,299.60753736556256,-1976907.6629478112,291366.1746124181,-1685541.4883353931,0.4447501802920346,0.543182703267961,0.49890354779804946,0.7021743904194402,1.6791510438861819,0.8332852793891813,0.3343817315911318,0.7722257325067505,35.722087798478334,0,1.2595980241671336,34.55468810704855,5.605820733014127,22.771818291614366,1.1115639728436975,35.020368098484596,33.12391579005771,33.386410495656605,7.608644846634334,34.58512529267276,0,0,0,0,0,0.2290430292387895,0.7164153208991726,5.062638029746166,0.5683812695757364,32.58073308678975,7.065462143366373
196.00000000057182,298.52017830528314,-1976198.439425245,290308.7257491166,-1685889.7136761283,0.4572866799921482,0.5381409916864008,0.49882914422544783,0.7551094380040304,1.7023687809841341,0.8219353004895444,0.3231061562640966,0.7685517401608912,35.80943658838879,0,1.2616051232922043,34.53926829503419,5.666065871903825,22.742336039002936,1.1104728294969313,35.057840801912334,33.22295109931474,33.46543869074779,7.600049160121941,34.52238928893189,0,0,0,0,0,0.2304107484744904,0.7234641316058035,5.127924880217424,0.5723318378105304,32.68481010762834,7.06190816843554
197.0000000005766,299.93613973673973,-1975554.6160136536,291685.7380543139,-1683868.8779593396,0.4586056751739932,0.542010421944024,0.5019683447156522,0.7504320565293625,1.691793872374621,0.8418011792204145,0.3398328345047623,0.7703948474266236,35.87334462962232,0,1.2628057441935425,34.59728102880774,5.71031675323745,22.742300860395062,1.1270633514949182,35.066513438129135,33.17869878200088,33.386592834085185,7.528519618509355,34.50750629360641,0,0,0,0,0,0.22838442548259952,0.7207953222495185,5.168306331293426,0.5850529295508942,32.63668836005685,6.986509196565331
198.00000000058137,300.2742132537352,-1975785.7431061156,292014.5121173794,-1683771.2309887363,0.4605366109250566,0.5442689545779436,0.502051175263488,0.7298721194304312,1.8178470829129871,0.8223222634360092,0.32027108817252126,0.7868972352739574,35.93402469044729,0,1.256024989842473,34.60849351189847,5.629617133165745,22.7163991625701,1.1808754197834683,35.13754935543591,33.124264191742384,33.37590339684351,7.558473650716621,34.551197747831395,0,0,0,0,0,0.24262828069601383,0.7117560352645294,5.085348178587801,0.6366064652055248,32.57999523716444,7.014204696138678
199.00000000058614,300.8856839422826,-1976218.5191399008,292609.1629628696,-1683609.356177031,0.4562508371070626,0.54052570734083,0.4984938629143038,0.7272707515766808,1.7442415190032143,0.8365237774984384,0.3380299145841346,0.7723896112890696,35.9423028006399,0,1.2042341265340892,34.51798639851735,5.730603852633166,22.594381060443936,1.0954048671938348,35.18045297181936,33.15201331111234,33.41431280827305,7.562525842037076,34.574695464437426,0,0,0,0,0,0.23186390394823952,0.6637084191932592,5.190078145292336,0.5548791598530047,32.61148760377151,7.0220001346962455
200.00000000059092,300.8907032144597,-1975403.7389074527,292614.0441689516,-1682789.6947385012,0.4556951571676571,0.5424725232036653,0.5004419193575517,0.76512785971582,1.7458310258754972,0.8310345094050686,0.33059259004751695,0.7659856415614374,35.83996756122417,0,1.2014888632338607,34.60349314569973,5.727658391913053,22.6147439544727,1.1423019337223828,35.193709594228324,33.19078403011193,33.42876824125623,7.610271478757628,34.54832057353606,0,0,0,0,0,0.2235131183577721,0.6590163400301954,5.185185868709388,0.5998294105187174,32.648311506908264,7.067798955553963
