time_ps,temperature_K,potential_kJ_per_mol,kinetic_kJ_per_mol,total_kJ_per_mol,graphene_z_min_nm,graphene_z_max_nm,graphene_z_mean_nm,ligand_z_min_nm,ligand_z_max_nm,pyrene_z_mean_nm,pyrene_height_above_graphene_nm,water_z_min_nm,water_z_max_nm,water_below_graphene,na_z_min_nm,na_z_max_nm,k_z_min_nm,k_z_max_nm,cl_z_min_nm,cl_z_max_nm,h2po4_z_min_nm,h2po4_z_max_nm,hpo4_z_min_nm,hpo4_z_max_nm,na_below_graphene,k_below_graphene,cl_below_graphene,h2po4_atoms_below_graphene,hpo4_atoms_below_graphene,lowest_water_gap_nm,lowest_na_gap_nm,lowest_k_gap_nm,lowest_cl_gap_nm,lowest_h2po4_gap_nm,lowest_hpo4_gap_nm
200.00000000059092,300.8907032144597,-1975403.7379269898,292614.0441689516,-1682789.6937580383,0.4556951571676571,0.5424725232036653,0.5004419193575517,0.76512785971582,1.7458310258754972,0.8310345094050686,0.33059259004751695,0.7659856415614374,35.83996756122417,0,1.2014888632338607,34.60349314569973,5.727658391913053,22.6147439544727,1.1423019337223828,35.193709594228324,33.19078403011193,33.42876824125623,7.610271478757628,34.54832057353606,0,0,0,0,0,0.2235131183577721,0.6590163400301954,5.185185868709388,0.5998294105187174,32.648311506908264,7.067798955553963
201.0000000005957,299.5348968493472,-1974915.7774127722,291295.5322329985,-1683620.2451797738,0.4586751248544605,0.5441965640544275,0.4997001642492482,0.7613410694944047,1.8698530533612185,0.8414307098296608,0.34173054558041266,0.7646805398694045,35.82410445172832,0,1.2357891964643386,34.630863296891896,5.703571501698363,22.53464846921443,1.222725770626738,35.080014894938245,33.13815919887611,33.35175593616282,7.664970279234375,34.51725278664276,0,0,0,0,0,0.22048397581497703,0.6915926324099111,5.1593749376439355,0.6785292065723105,32.59396263482168,7.120773715179947
202.00000000060047,299.94009623836615,-1979710.274807062,291689.5857236812,-1688020.6890833809,0.46742683190288625,0.5419700342241214,0.4994805043562792,0.7376545855057266,1.6989552536574166,0.8219950311512403,0.32251452679496107,0.7734147329344467,35.875696534136864,0,1.2754567972945052,34.6142143617094,5.697820417804849,22.579346903353155,1.1791973795515425,35.139553681089694,33.16161469459905,33.40852927623166,7.679990592607751,34.47908608997943,0,0,0,0,0,0.23144469871032536,0.7334867630703839,5.155850383580727,0.6372273453274211,32.61964466037493,7.13802055838363
203.00000000060524,299.37955707486844,-1977190.2563948445,291144.4654198836,-1686045.790974961,0.4546332697876396,0.5419356695474624,0.49936994387601935,0.7290090748400218,1.7472613461942998,0.8305716138712844,0.33120166999526507,0.7730484232420256,35.851574597676006,0,1.2764944166339376,34.63349096493306,5.743278392494965,22.63637183752806,1.1198610001213711,34.93217753636577,33.11004202412306,33.337597843053345,7.687525575375091,34.46522341301511,0,0,0,0,0,0.2311127536945632,0.7345587470864752,5.201342722947502,0.5779253305739087,32.5681063545756,7.145589905827628
204.00000000061002,299.4964981269579,-1977665.9817295857,291258.18975172803,-1686407.7919778577,0.45899198400994745,0.5411385180702171,0.5004650069297151,0.7565146484115068,1.7517827338955492,0.8537100307657415,0.3532450238360264,0.7808106295909312,35.92522034202287,0,1.2569232236998715,34.60409193566349,5.755685707136045,22.72782436922165,1.1724132329763304,34.94124099995895,33.28123191236671,33.53666479417143,7.6089402455664015,34.5168448143599,0,0,0,0,0,0.2396721115207141,0.7157847056296545,5.214547189065828,0.6312747149061133,32.74009339429649,7.067801727496184
205.0000000006148,299.4234125154584,-1977359.0146444216,291187.1145203468,-1686171.900124075,0.4541017139594343,0.5421831510612289,0.5002050634355998,0.740843727112793,1.754830242522451,0.8229828786093811,0.32277781517378135,0.7803074271220272,35.87936733388324,0,1.2508811442149224,34.6472532387794,5.769847308506861,22.712128908047873,1.2349076925245406,34.90931088480636,33.341294600837955,33.59009869941269,7.565368366227446,34.490050382798586,0,0,0,0,0,0.23812427606079822,0.7086979931536934,5.227664157445632,0.6927245414633116,32.799111449776724,7.023185215166217
206.00000000061956,298.4189987633,-1976545.6035092399,290210.32937245705,-1686335.2741367829,0.45990949650168833,0.5479803426614502,0.4999207544290778,0.7220754871407244,1.7474999074754578,0.8209095759420011,0.3209888215129233,0.754848596423118,35.90203142259236,0,1.3429781715135185,34.71017217926192,5.766601200960437,22.756139596166733,1.2168286546425584,34.99844648880952,33.22362068647834,33.41977879705735,7.583613073326205,34.47601509479432,0,0,0,0,0,0.20686825376166773,0.7949978288520683,5.218620858298987,0.6688483119811082,32.675640343816895,7.035632730664755
207.00000000062434,299.8928890557874,-1977180.257635992,291643.6770782474,-1685536.5805577445,0.4583436259066927,0.5390981966619028,0.5014416061730445,0.745786485293668,1.6871851616725184,0.8655481004670931,0.3641064942940486,0.7686132330528004,35.6968556867497,0,1.2685687157668788,34.77169691715471,5.747045057751919,22.757661302982967,1.2463874392617704,34.9927902434597,33.289207666534125,33.57289809109295,7.611248793424167,34.43106020549561,0,0,0,0,0,0.22951503639089754,0.729470519104976,5.207946861090016,0.7072892425998676,32.75010946987222,7.072150596762264
208.00000000062911,300.3959335889915,-1975090.3466571085,292132.88426771987,-1682957.4623893886,0.4633683270867695,0.540642968344728,0.5006164058114932,0.7468248321267552,1.8338056295399419,0.8383100198620713,0.3376936140505781,0.7707821410065527,35.73935233214496,0,1.2716206371762109,34.849968929786314,5.756892276425759,22.772009707314055,1.199761441456527,35.08286485178428,33.3241700502287,33.547765487460765,7.620163091730333,34.399819941793,0,0,0,0,0,0.2301391726618247,0.7309776688314829,5.216249308081031,0.6591184731117989,32.783527081883975,7.079520123385605
209.0000000006339,300.27965856421633,-1977281.0460883044,292019.80764264695,-1685261.2384456573,0.45961039862171527,0.541010697947323,0.5004463609507988,0.7472872903680656,1.838328017075388,0.8366675750432295,0.3362212140924308,0.7620150981451492,35.781241307277924,0,1.3093710229096267,34.76262724048627,5.7505770235902745,22.711943051395593,1.2215499003892099,35.10584227957207,33.287413753420424,33.48448279264608,7.588739663720176,34.47116526792479,0,0,0,0,0,0.2210044001978262,0.7683603249623037,5.209566325642951,0.6805392024418868,32.7464030554731,7.047728965772853
210.00000000063866,300.8405937673898,-1975677.4946227558,292565.31309218,-1683112.1815305757,0.4532419304238715,0.5471473471181163,0.5008783557505145,0.7434206536915786,1.7833388916316277,0.8326322544456197,0.3317538986951052,0.7616159358859411,35.752787075070614,0,1.2322137485575952,34.73775764582069,5.819808653421717,22.589705952620676,1.1697644493991426,35.242904117331534,33.24583973619974,33.48035700096989,7.549596414806835,34.432565667310314,0,0,0,0,0,0.21446858876782482,0.685066401439479,5.2726613063036005,0.6226171022810263,32.69869238908163,7.002449067688719
211.00000000064344,300.0952303830958,-1975643.3701505475,291840.4525633445,-1683802.917587203,0.4505419393443324,0.5400911218960118,0.5028392939965276,0.7572816702092933,1.763093255734308,0.8395410488421658,0.33670175484563825,0.7614720752249973,35.78672069691973,0,1.197261093066477,34.70906645615253,5.746823546878019,22.60147245201574,1.184190802232969,35.298629217354915,33.25806401582909,33.49137051782293,7.6022515740171315,34.46816034201538,0,0,0,0,0,0.22138095332898544,0.6571699711704653,5.2067324249820075,0.6440996803369572,32.71797289393308,7.06216045212112
212.0000000006482,300.65724210237454,-1975475.0783851258,292387.0049170451,-1683088.0734680807,0.45733116269093355,0.5327569528165146,0.49934616414459027,0.748171668699058,1.817192642692607,0.8220156990333045,0.32266953488871425,0.7660217172272574,35.88287440569604,0,1.1779449267750195,34.717086493694865,5.766009263534556,22.515940151581248,1.1389477726915054,35.2042090643223,33.36371671621464,33.577959660649185,7.5819691886187925,34.50512713001122,0,0,0,0,0,0.23326476441074284,0.6451879739585049,5.233252310718042,0.6061908198749908,32.83095976339813,7.049212235802278
213.000000000653,301.6812050016217,-1976582.6987851374,293382.8014698357,-1683199.8973153017,0.45918059124424415,0.547703451684515,0.5015821589357864,0.7365688229844434,1.7743299355120854,0.8472470686725915,0.3456649097368051,0.7783757724450737,35.77312924363417,0,1.2115379525473013,34.62332575081916,5.774829402457403,22.58304339240209,1.1961019796722248,35.14843012990292,33.338722275889154,33.57783199126703,7.6415114709066,34.5018372759215,0,0,0,0,0,0.23067232076055877,0.6638345008627864,5.227125950772888,0.6483985279877098,32.79101882420464,7.093808019222085
214.00000000065776,300.63515369341786,-1976675.1069278456,292365.52409824607,-1684309.5828295995,0.44725005548886987,0.5366870055891297,0.49915229932703453,0.7775707988860123,1.799881509800553,0.8283895668985071,0.32923726757147254,0.7525940758235166,35.82844802569821,0,1.227121408531037,34.66846923129282,5.819587988716137,22.57398320415092,1.2005948094964722,35.24212557065448,33.28523758605263,33.53634591543647,7.63074204339917,34.574850355105355,0,0,0,0,0,0.21590707023438682,0.6904344029419072,5.282900983127007,0.6639078039073425,32.7485505804635,7.09405503781004
215.00000000066254,300.4075419639984,-1975947.0908862762,292144.17332889966,-1683802.9175573764,0.4617455176033962,0.5426689759747525,0.5003148955923795,0.7432342840545338,1.7223518291203739,0.8352026657726889,0.33488777018030935,0.772590270460829,35.87328365759603,0,1.2090466492926062,34.660104163006054,5.858013180248044,22.595445057271718,1.18776022816595,35.14739454304663,33.21013209226413,33.44492664046578,7.633578361691129,34.5180444828095,0,0,0,0,0,0.22992129448607646,0.6663776733178537,5.315344204273291,0.6450912521911976,32.66746311628938,7.090909385716376
216.0000000006673,300.55980081614916,-1975376.918528635,292292.24396721576,-1683084.6745614193,0.46690059840657216,0.5426610797037146,0.5005727203843695,0.763015986844072,1.816652721975327,0.8288116159539091,0.32823889556953956,0.7745402510359463,35.8866924147363,0,1.2103478857204792,34.64050855832613,5.861594450626072,22.678440069436334,1.1766237080547466,35.15428850679962,33.24063268316479,33.502094411214415,7.619567807569005,34.46181318347726,0,0,0,0,0,0.23187917133223168,0.6676868060167647,5.318933370922357,0.633962628351032,32.69797160346108,7.076906727865291
217.0000000006721,300.4517165313715,-1975412.1046859287,292187.13277786353,-1683224.971908065,0.4479012735096184,0.5427700055124678,0.5014179582268505,0.7517065091598987,1.7861222771985688,0.8294782744334566,0.32806031620660603,0.7609559315832041,35.83978725521439,0,1.2497418405264327,34.63644290981483,5.820778295765393,22.696420338962298,1.2503920729519233,35.0855327667723,33.22509257921638,33.51307441481049,7.660489791539447,34.52191328264405,0,0,0,0,0,0.21818592607073628,0.7069718350139649,5.2780082902529255,0.7076220674394555,32.682322573703914,7.11771978602698
218.00000000067686,300.09958028956595,-1975812.6711707711,291844.68281609204,-1683967.9883546792,0.46731270212998854,0.5413516659680067,0.4996361820566237,0.7414346137151728,1.8330289827706707,0.8331485617817891,0.3335123797251654,0.7839022154932316,35.73613554667406,0,1.1492119476918639,34.68803614158037,5.884867839513646,22.60668436445968,1.241325171274486,35.06846777626038,33.2290146028933,33.502317094887985,7.626801170741203,34.57846974479628,0,0,0,0,0,0.24255054952522492,0.6078602817238572,5.343516173545639,0.6999735053064793,32.68766293692529,7.085449504773196
219.00000000068164,298.78967989464815,-1975382.406156458,290570.81410589063,-1684811.5920505673,0.4621519795834885,0.5497695443914221,0.5007375080274907,0.7605485788754542,1.8438149351273054,0.8612915266071595,0.36055401857966873,0.7585905233006578,35.77226273831502,0,1.174054276155065,34.65678560838728,5.903219529243657,22.67396943607048,1.2234672429192557,35.09193494124173,33.254802443765755,33.54641139907744,7.555895598695329,34.604823329159615,0,0,0,0,0,0.20882097890923568,0.6242847317636429,5.353449984852235,0.6736976985278336,32.70503289937433,7.006126054303907
220.0000000006864,300.14773661867724,-1977856.7754542567,291891.5144997003,-1685965.2609545565,0.4615222725431103,0.5419061160784251,0.5001797531745524,0.7724283368208475,1.784783697790731,0.8305933015242388,0.3304135483496864,0.7732062510265774,35.773834004003675,0,1.1869183439763304,34.696971104079125,5.948576701286129,22.730471448978903,1.210184674587337,35.06680882998546,33.19387516173248,33.493564706153734,7.5264159817273395,34.56930623390912,0,0,0,0,0,0.23130013494815227,0.6450122278979054,5.406670585207704,0.6682785585089119,32.651969045654056,6.984509865648914
221.0000000006912,301.0632710339136,-1975192.1200433671,292781.86513186066,-1682410.2549115065,0.45678784383728743,0.5384014462986677,0.5008143213450478,0.7385347818450665,1.751987604686983,0.8367630260786963,0.3359487047336486,0.7528150799258047,35.6961187508407,0,1.227254609905204,34.68879735993815,5.887302561333172,22.72652748513792,1.206763955327931,35.13767693691983,33.274410311409376,33.55715738485662,7.562152733659133,34.58510952518607,0,0,0,0,0,0.21441363362713695,0.6888531636065363,5.348901115034504,0.6683625090292633,32.736008865110705,7.023751287360465
222.00000000069596,300.5887102607368,-1975736.651940912,292320.3581940931,-1683416.2937468188,0.4615995350445683,0.543077403206162,0.5006671551388212,0.7247780573171416,1.7093332470995968,0.8222780072125926,0.3216108520737714,0.7748907609893418,35.71879738340181,0,1.2365558973616793,34.656007886196335,5.84536743898226,22.758428701682988,1.2091008442764521,35.164700997027126,33.276035838058135,33.51136817978099,7.509433808499395,34.512623128152825,0,0,0,0,0,0.2318133577831798,0.6934784941555172,5.302290035776098,0.6660234410702901,32.73295843485197,6.966356405293233
223.00000000070074,299.9922564388595,-1977747.3661036454,291740.3111434033,-1686007.054960242,0.45676768971794157,0.5408747491781654,0.5005780066818143,0.7199652776232582,1.7508087494558033,0.8199049491939652,0.3193269425121509,0.768910071363738,35.67904968452865,0,1.2251211374365825,34.675391885946794,5.800616608130696,22.689274238550524,1.2264046312546597,35.14014309680101,33.27679061243295,33.47148006089924,7.412731087315258,34.5915165726808,0,0,0,0,0,0.22803532218557265,0.6842463882584171,5.25974185895253,0.6855298820764943,32.73591586325478,6.871856338137093
224.0000000007055,300.55713083259985,-1977434.8164232112,292289.6474274228,-1685145.1689957883,0.458574283395369,0.5425382917986283,0.5013654943952107,0.7347205711472817,1.6199074799721647,0.8339152583009379,0.3325497639057272,0.7660827348268135,35.661583064021265,0,1.2648745695305452,34.64462440901525,5.882884684561134,22.745544633202513,1.2219877199537716,35.18326121788152,33.24092332237649,33.47645929158254,7.407693901551724,34.60651155464177,0,0,0,0,0,0.2235444430281852,0.7223362777319169,5.3403463927625054,0.6794494281551433,32.69838503057786,6.865155609753096
225.0000000007103,299.7419348991796,-1977476.6216226146,291496.87524696044,-1685979.7463756541,0.45748488822801026,0.5436273005114973,0.5002919010527658,0.7440451672218185,1.6020509834385308,0.814235986552845,0.31394408550007924,0.7553542438667549,35.64832301707227,0,1.2539997576264703,34.58822633491493,5.894181325119874,22.747156529790175,1.1199460812990587,35.061032432731054,33.25899862679415,33.473794044275564,7.426099158458442,34.64836605593712,0,0,0,0,0,0.21172694335525755,0.710372457114973,5.3505540246083765,0.5763187807875614,32.71537132628266,6.882471857946944
226.00000000071506,300.38975369428107,-1977576.8217467405,292126.8743645742,-1685449.9473821663,0.4599834238101881,0.5535292267453684,0.5006838072803131,0.7546985626216935,1.7272562426451756,0.8146480071034536,0.3139641998231405,0.7627682849807247,35.665288034628134,0,1.2634198622529635,34.629236729778086,5.7945363197967765,22.81389930268955,1.1974467818872085,35.126692103852406,33.28829128405408,33.50743707423533,7.422297679534793,34.64140583040694,0,0,0,0,0,0.20923905823535627,0.7098906355075951,5.241007093051408,0.6439175551418401,32.734762057308714,6.868768452789425
227.00000000071984,299.34427305146386,-1978138.9469362684,291110.1519609676,-1687028.7949753008,0.4646630876476206,0.5363187838752732,0.5013979384767573,0.7714797277488865,1.7280622846923857,0.8439641005640501,0.34256616208729285,0.7736583148806186,35.71632634754167,0,1.2613089622780862,34.5992148546311,5.844881895218471,22.853887904957787,1.1636311510541404,35.034575443971676,33.214541217361784,33.42552874843727,7.418467866564555,34.58366056463194,0,0,0,0,0,0.23733953100534544,0.724990178402813,5.308563111343197,0.6273123671788672,32.67822243348651,6.882149082689281
228.0000000007246,299.7614755580895,-1977029.774270054,291515.87839716836,-1685513.8958728856,0.46261024109010274,0.5501214947071702,0.5002181070916173,0.7203095349586821,1.7642585345027655,0.8329123604390288,0.33269425334741154,0.7622180611657252,35.70568046694743,0,1.2589461504547685,34.601075841706006,5.763686668951797,22.913692613066274,1.1205708841763968,34.93639601307268,33.16192740031374,33.418378258386156,7.377762601893224,34.57047819968545,0,0,0,0,0,0.212096566458555,0.7088246557475983,5.213565174244627,0.5704493894692266,32.61180590560657,6.827641107186054
229.0000000007294,297.3013487916535,-1975123.6231810115,289123.4228157739,-1686000.2003652377,0.457142993055637,0.5368186627844551,0.5010275437974787,0.7093282608909632,1.7601757998202512,0.8245572226727165,0.32352967887523776,0.7678440000654057,35.72850848234498,0,1.169926584108694,34.651967843133775,5.784157572482783,22.887231061477053,1.0823494496253154,34.95384932711755,33.32788616807727,33.58038191733942,7.35273505749112,34.54008898908447,0,0,0,0,0,0.23102533728095054,0.633107921324239,5.247338909698328,0.5455307868408603,32.791067505292816,6.815916394706665
230.00000000073416,299.31683615607454,-1976413.1711979508,291083.4697775915,-1685329.7014203593,0.4608458591119933,0.5444133971161085,0.5006678120334621,0.7685191176122883,1.616877242032281,0.8176420948630561,0.31697428282959395,0.7601906980145774,35.70884752418283,0,1.2189227481599794,34.69482973909362,5.790865994871957,22.86971783953129,1.0878562544835866,35.09100563470531,33.20958287278489,33.4261652182056,7.349241734738841,34.55302542189338,0,0,0,0,0,0.21577730089846892,0.6745093510438709,5.246452597755849,0.5434428573674781,32.66516947566878,6.804828337622732
231.00000000073894,298.9155829510216,-1972691.1015926227,290693.2539224256,-1681997.847670197,0.46255079159201906,0.5380114453855551,0.5003644181942631,0.7358749924231347,1.6268506922543011,0.8480425153372119,0.3476780971429487,0.7633370072068644,35.63292285484101,0,1.2148379790496087,34.601639710500706,5.8132381096710795,22.93832641663579,1.0535224127504463,35.04379098585139,33.16896065152105,33.36652186409742,7.373422695373954,34.54547879277401,0,0,0,0,0,0.22532556182130925,0.6768265336640535,5.275226664285524,0.5155109673648912,32.63094920613549,6.8354112499883986
232.0000000007437,300.9807311012179,-1973633.8702996,292701.59564113355,-1680932.2746584665,0.45821335195912516,0.5426246608167835,0.5010039144402144,0.7217855847307177,1.7014742698978935,0.8447566608206432,0.34375274638042874,0.7746019929912862,35.70158840848029,0,1.1764151361434578,34.64464195368484,5.822571611412528,22.883246617426778,0.9950932181176908,35.05116307299053,33.136055309504826,33.37688865765821,7.415253173069067,34.618055835697305,0,0,0,0,0,0.23197733217450267,0.6337904753266743,5.279946950595744,0.4524685573009073,32.59343064868804,6.872628512252284
233.00000000074849,300.46894890292424,-1974934.6384962685,292203.8911352232,-1682730.7473610453,0.4548043780856865,0.540390121981627,0.501016912226249,0.7346165879510611,1.6494690063834643,0.8306795220060366,0.32966260977978756,0.7726820329934707,35.69639507079455,0,1.1335653821400165,34.71015962832067,5.930316266960588,22.85685097079545,1.0430993481362592,35.01948414951096,33.07665600064888,33.308607379879845,7.391365685281812,34.651778158953334,0,0,0,0,0,0.23229191101184377,0.5931752601583895,5.389926144978961,0.5027092261546322,32.53626587866725,6.850975563300185
234.00000000075326,299.4293367212916,-1975045.2184296213,291192.87576789886,-1683852.3426617226,0.4512581972019367,0.5469183856523347,0.49978744722880747,0.7314181906539722,1.5723994366294747,0.8342444632094369,0.33445701598062944,0.770170596978442,35.73444841146784,0,1.218275907073067,34.744075940058224,5.844261600696679,22.68064846978214,0.9856193543662135,35.0278836434029,33.076869200094904,33.290974720497275,7.406956453543529,34.603818990167156,0,0,0,0,0,0.22325221132610729,0.6713575214207324,5.297343215044345,0.43870096871387876,32.52995081444257,6.860038067891194
235.00000000075804,299.6973696621301,-1977840.9551653825,291453.5358745468,-1686387.4192908357,0.45812622910997103,0.5361313091837134,0.4988916398723406,0.7361546729418269,1.6151329875422746,0.8268252910029212,0.32793365113058065,0.7693329805771949,35.71246876520945,0,1.1501396109812383,34.69084226192689,5.883775251643552,22.61687680299663,1.008448243161246,35.079539704780814,33.111225691612105,33.30652905673924,7.388128798806267,34.7007700683173,0,0,0,0,0,0.23320167139348147,0.6140083017975249,5.347643942459839,0.4723169339775326,32.57509438242839,6.851997489622554
236.0000000007628,298.8264269676091,-1976938.7087908909,290606.5503699746,-1686332.1584209162,0.46335181315476137,0.5460186850822719,0.5022934774931156,0.7525357104047918,1.6619804437617098,0.8470959140025536,0.344802436509438,0.7807609714364769,35.75960882632276,0,1.2336551283155153,34.72105105555676,5.876542990340997,22.602980509081362,0.919849058151776,35.02666574217278,33.11221265725828,33.32227939678967,7.439116890217576,34.653170750983236,0,0,0,0,0,0.23474228635420502,0.6876364432332434,5.3305243052587254,0.37383037306950406,32.56619397217601,6.8930982051353045
237.00000000076759,301.12002648742305,-1977426.316902686,292837.05940208107,-1684589.2575006047,0.4555870380645235,0.5386948473377879,0.49920376416246126,0.7002992846792022,1.5626957968235828,0.8428503858281301,0.34364662166566884,0.7744859380983034,35.742834319262556,0,1.2225848770558407,34.70544230865676,5.832691778193549,22.48509854568823,0.9028284579634316,35.00568356202325,33.15698364750358,33.3625614429161,7.401836944356326,34.60036688520688,0,0,0,0,0,0.2357910907605154,0.6838900297180528,5.293996930855761,0.36413361062564364,32.61828880016579,6.863142097018538
238.00000000077236,300.23500086003656,-1975826.4235538617,291976.3783466144,-1683850.0452072471,0.45616101495519334,0.546847167740558,0.5018464943233902,0.7362735625310606,1.6811233809551727,0.8376590382088545,0.3358125438854642,0.778542260821494,35.6547672794627,0,1.1744690772834083,34.70457912335655,5.830636849056091,22.43135552449388,0.9578543748230377,34.97068661174956,33.15410117656768,33.342583134426434,7.349072393986006,34.63646095943045,0,0,0,0,0,0.23169509308093605,0.6276219095428504,5.283789681315533,0.41100720708247973,32.60725400882712,6.802225226245448
239.00000000077713,300.8721317235792,-1977070.0202964991,292595.9835276797,-1684474.0367688194,0.46266402542844887,0.5503215020877299,0.5014547763637933,0.7194850960539414,1.6071845982664996,0.8418876965643988,0.34043292020060545,0.764291712789622,35.718274274853684,0,1.2286652043010573,34.69399371770271,5.799224540254258,22.424178886435456,0.9126932399236427,34.90828318334897,33.181256205550824,33.3669505776291,7.33109610681241,34.60094118001288,0,0,0,0,0,0.21397021070189215,0.6783437022133274,5.248903038166528,0.3623717378359128,32.6309347034631,6.78077460472468
240.0000000007819,299.3881382793007,-1975587.766627431,291152.8105794579,-1684434.9560479731,0.4646902951466425,0.5459897016077955,0.5024664076172266,0.7611633052375204,1.7718585959011897,0.8316161676649059,0.32914976004767926,0.7709872970883591,35.724581563964534,0,1.2465609776734752,34.69803058735965,5.748794292452089,22.471196442139842,0.8883340879534183,34.86979010220011,33.239711793310484,33.453571125573745,7.260058545112628,34.540781141126445,0,0,0,0,0,0.22499759548056364,0.7005712760656797,5.202804590844294,0.3423443863456228,32.69372209170269,6.714068843504832
241.00000000078668,300.38640129035156,-1976525.7847157754,292123.6141758711,-1684402.1705399044,0.45788645438538444,0.5360253250537799,0.5000365109564293,0.73414302360412,1.7050109316698112,0.840395452092665,0.34035894113623566,0.7656563664754561,35.67185495543799,0,1.2177739862876642,34.725763860321536,5.758135170577432,22.383853225164785,0.9395533577639856,34.8483463794833,33.22043080526964,33.458014213720844,7.285060032588845,34.58717117843685,0,0,0,0,0,0.22963104142167623,0.6817486612338843,5.2221098455236525,0.40352803271020576,32.684405480215865,6.749034707535065
242.00000000079146,299.8903963671754,-1975787.4688331075,291641.2529565055,-1684146.215876602,0.46303048194666685,0.5417492706901292,0.49954297615227095,0.7657052703195113,1.6435672580888578,0.82824730731206,0.32870433115978903,0.7650729586420191,35.6237760487449,0,1.2290569090686496,34.7155496250933,5.767162700635389,22.426400409775795,0.88028834660693,34.92584655620669,33.18462634572188,33.41730910793041,7.286077256450511,34.61982886614146,0,0,0,0,0,0.22332368795188984,0.6873076383785204,5.2254134299452595,0.33853907591680077,32.64287707503175,6.744327985760382
243.00000000079623,300.5145930806252,-1975812.3288107738,292248.2797696581,-1683564.0490411157,0.461731848614205,0.5444633916622306,0.5011263943771863,0.7473912050293112,1.6170088657628803,0.8377770993860059,0.33665070500881955,0.766698883376459,35.621222222996266,0,1.2132316125127112,34.72734900969385,5.746129031255335,22.385391791737106,0.9079540620840696,34.930470177906386,33.21741521342409,33.494418210372544,7.2811106776225785,34.60938950196072,0,0,0,0,0,0.2222354917142284,0.6687682208504806,5.201665639593104,0.363490670421839,32.672951821761856,6.736647285960348
244.000000000801,300.6362345762154,-1977282.3808181584,292366.57524899044,-1684915.805569168,0.44995025368157116,0.5389674092346741,0.4981680006973453,0.7589429095493951,1.6332105181507988,0.8110821944327237,0.3129141937353784,0.7726293707296801,35.680953589726016,0,1.2441635391644912,34.67603506718933,5.786861833680518,22.25098956191522,0.9441600863857307,34.90012679446255,33.2801110191773,33.55782992093509,7.343216078202744,34.66981110713732,0,0,0,0,0,0.23366196149500595,0.7051961299298171,5.247894424445844,0.40519267715105656,32.741143609942625,6.80424866896807
245.00000000080578,300.876768211365,-1977545.2979721874,292600.492478695,-1684944.8054934924,0.45385885549830607,0.5400389637353129,0.4991347139039127,0.7300445961554956,1.5656840775502583,0.7982316048331958,0.2990968909292831,0.7721041639282653,35.64865386059955,0,1.241103742148578,34.72684671990328,5.920197099648753,22.208992382149262,0.9161412455608389,34.833309617576646,33.30531426926666,33.58032490414632,7.247256463249187,34.6337320157042,0,0,0,0,0,0.2320652001929524,0.7010647784132651,5.38015813591344,0.37610228182552596,32.76527530553135,6.707217499513874
246.00000000081056,302.0314470748876,-1977154.4481752478,293723.40936632955,-1683431.038808918,0.4636026409344689,0.5399311070165096,0.5025895784909009,0.7459677898386001,1.559689857953531,0.8101115177926721,0.3075219393017712,0.7608200730599304,35.62953722069926,0,1.250427629970325,34.688212178515755,5.804220168514153,22.258505848206482,1.0195762378387805,34.875667318793944,33.242262852370175,33.51093391561028,7.213379329027141,34.6134450817639,0,0,0,0,0,0.2208889660434208,0.7104965229538154,5.264289061497643,0.4796451308222709,32.70233174535367,6.673448222010632
247.00000000081533,301.9498773794489,-1975795.1245545112,293644.0834243547,-1682151.0411301565,0.4556536614158202,0.543923468449087,0.5011747184315286,0.7417882027710831,1.6048240977175787,0.8180751620869309,0.31690044365540226,0.7597597871763733,35.66931512764515,0,1.2821881366664414,34.67375728285083,5.798473965480298,22.281024154560214,0.9110731911248688,34.87907741297971,33.21505520009805,33.50281037933678,7.181090415856239,34.58616406400165,0,0,0,0,0,0.21583631872728626,0.7382646682173544,5.254550497031211,0.36714972267578183,32.67113173164896,6.637166947407152
248.0000000008201,300.18712354614047,-1975277.6251149587,291929.8180032957,-1683347.807111663,0.4558375004759947,0.5392208246422658,0.49977127008823335,0.7527258848665328,1.6449876693600203,0.832645254317598,0.3328739842293646,0.764044642506559,35.64894220056715,0,1.2907678516816006,34.708154027300225,5.731579444990956,22.33045972409839,0.9882729199989129,34.94376482451912,33.17685529868925,33.48599394171322,7.212762397106175,34.616152478445656,0,0,0,0,0,0.22482381786429317,0.7515470270393347,5.19235862034869,0.44905209535664703,32.63763447404698,6.673541572463909
249.00000000082488,301.8007388589703,-1975428.421315305,293499.04728614114,-1681929.3740291637,0.4537554510835591,0.5489129536287916,0.5033575381369539,0.7339211967042232,1.5763693346958512,0.8411676614666529,0.33781012332969895,0.769710765529438,35.660156882539866,0,1.279659461170887,34.626639353131736,5.849188375813537,22.21648319182384,1.088914652843389,34.96143884760568,33.22013059862459,33.53141994136297,7.269891425316459,34.61306110509042,0,0,0,0,0,0.2207978119006464,0.7307465075420954,5.300275422184745,0.5400016992145975,32.6712176449958,6.720978471687667
250.00000000082966,301.294301359001,-1975548.510181401,293006.54046089965,-1682541.9697205012,0.4600524006165342,0.539648367810039,0.49914087910740434,0.738257905637095,1.6477480232210464,0.8396721490142041,0.3405312699067997,0.7674416381219684,35.690642786151955,0,1.2658664147925087,34.69860370019626,5.900106661369762,22.20698872183209,1.0924958453051765,34.986031049929295,33.1939061496214,33.483809622750925,7.24202938836018,34.59515931104556,0,0,0,0,0,0.22779327031192942,0.7262180469824697,5.360458293559723,0.5528474774951375,32.65425778181136,6.702381020550141
251.00000000083443,301.5817123843371,-1977696.0902504511,293286.04561530915,-1684410.044635142,0.4631853507011927,0.5322890899279367,0.502229419553454,0.730881690872177,1.5390581153879932,0.8456665784055426,0.3434371588520886,0.7605956291013083,35.72478851130319,0,1.2120491486205793,34.719356043509435,5.777269894605926,22.25407074965196,0.9324071537840481,34.992159306267354,33.26612053708996,33.529365741970835,7.243298912423718,34.64685834346375,0,0,0,0,0,0.22830653917337163,0.6797600586926427,5.244980804677989,0.4001180638561115,32.733831447162025,6.7110098224957815
252.0000000008392,299.7075888338954,-1976222.6703175455,291463.47394556843,-1684759.1963719772,0.45312406093294477,0.5429980692551966,0.4962605992650541,0.7544352115759096,1.6543092430250201,0.8380970038839942,0.3418364046189401,0.7678853829464662,35.786212531516554,0,1.2157243168632377,34.68114180496514,5.869970616856875,22.254510998789243,0.8747443221435169,34.82632870179853,33.34882934496625,33.57371719261914,7.250991469438006,34.586315780505856,0,0,0,0,0,0.22488731369126969,0.6727262476080411,5.326972547601679,0.3317462528883204,32.80583127571105,6.70799340018281
253.00000000084398,299.52004220221227,-1979197.8592585213,291281.08619552903,-1687916.7730629924,0.4623362055428908,0.5378678625353626,0.5014525186416385,0.7598519170438376,1.5816125341906329,0.8191686550419525,0.31771613640031393,0.770757656024589,35.63487561654773,0,1.20877909605711,34.68531787969728,5.864368813400475,22.37302525460302,0.9251414343101558,34.822370276006154,33.35232730076348,33.564386551213374,7.2300983331376045,34.63735009292668,0,0,0,0,0,0.23288979348922645,0.6709112335217475,5.326500950865112,0.38727357177479327,32.81445943822811,6.692230470602242
254.00000000084876,298.03111680069645,-1977489.266850531,289833.1169543761,-1687656.149896155,0.4554544378374392,0.5402510037926209,0.5013362477844007,0.7355873913792035,1.5135337943953608,0.8186635640884256,0.3173273163040249,0.7649138884029565,35.68881220365512,0,1.2038425693914512,34.76487685737811,5.854598525215806,22.41594616534377,0.9418150094038191,34.82849904362723,33.3792929429095,33.60378817051378,7.294751055367193,34.607853653176335,0,0,0,0,0,0.22466288461033557,0.6635915655988303,5.314347521423185,0.4015640056111982,32.83904193911688,6.754500051574572
255.00000000085353,299.579319792283,-1977863.8049181066,291338.7332254103,-1686525.0716926963,0.4528659742859107,0.5510859112348818,0.49922438592793567,0.7288832989211418,1.6109976452419623,0.8547592995887849,0.35553491366084927,0.773932379535264,35.725322644111365,0,1.1910304971101513,34.6737383814484,5.817326536011909,22.39416449400767,0.9044444969274537,35.07235667677935,33.36774000676968,33.67103153315355,7.362945361152896,34.630879458108666,0,0,0,0,0,0.22284646830038213,0.6399445858752695,5.266240624777027,0.35335858569257184,32.8166540955348,6.811859449918014
256.0000000008583,299.6105035710318,-1977993.287000429,291369.0592258971,-1686624.2277745318,0.4660622616755141,0.5457507371680168,0.5016626414336892,0.7320133095372192,1.5828597085557092,0.8247096421907293,0.32304700075704007,0.7809531673462999,35.62300955993061,0,1.2152145140575854,34.63514463380193,5.866444168301051,22.40021182468655,1.0327081988220321,35.01488446217945,33.45662981757266,33.706739747426695,7.35339148222711,34.635005813863245,0,0,0,0,0,0.23520243017828313,0.6694637768895686,5.320693431133034,0.4869574616540153,32.91087908040465,6.807640745059093
257.00000000083463,298.9737282686807,-1978081.761406593,290749.7998255325,-1687331.9615810607,0.44987131054033735,0.5365693698633631,0.4997753126690394,0.7119197403682609,1.5621547266489664,0.8531329290572367,0.3533576163881973,0.7737532371516789,35.62901852225673,0,1.1851445700528842,34.66235296291774,5.796852547660144,22.35971283375349,1.0192563450574408,35.036321055145095,33.42739376062366,33.709507775224154,7.406192947338596,34.593796785615496,0,0,0,0,0,0.23718386728831575,0.6485752001895211,5.260283177796781,0.48268697519407766,32.890824390760294,6.869623577475233
258.000000000811,300.70027857359054,-1977340.8951363862,292428.8575756841,-1684912.037560702,0.46074910647658385,0.5460939606399151,0.5008357277151231,0.7287550630074664,1.5613670362280818,0.8136509090817513,0.3128151813666282,0.7679533548431543,35.59213356519297,0,1.1394124171196438,34.64232754627517,5.825451106755224,22.31221663085472,0.9959713930157852,34.997599340670945,33.28686576207667,33.57906374560861,7.387453771184354,34.592276239423086,0,0,0,0,0,0.2218593942032392,0.5933184564797287,5.279357146115309,0.4498774323758701,32.74077180143676,6.841359810544439
259.00000000078734,299.9015376664739,-1977219.0592563637,291652.0877899191,-1685566.9714664444,0.46433447278686746,0.5446445558075972,0.500782942069473,0.7392525207535199,1.5629974413351917,0.8243264195210722,0.32354347745159917,0.7683629990436418,35.63017806153516,0,1.1361332078256794,34.71866362112269,5.787946276016868,22.393573526156842,0.9095471433769093,35.05439334608943,33.244498124698566,33.53649455208267,7.389807209812626,34.60739481058357,0,0,0,0,0,0.22371844323604462,0.5914886520180822,5.243301720209271,0.36490258756931215,32.69985356889097,6.845162654005029
260.0000000007637,299.10333127338527,-1977528.4727732837,290875.83781520085,-1686652.6349580828,0.4560351126123954,0.534292318690996,0.49857873752587223,0.7162389963964451,1.5389780487660865,0.8414679892598855,0.3428892517340133,0.7802227487420392,35.65494869197846,0,1.2084267407077753,34.7205862309072,5.7801213420460815,22.324849905400896,0.8893052659247935,35.02682033413657,33.098986005901,33.394614343065655,7.379616091402795,34.577890327066825,0,0,0,0,0,0.2459304300510432,0.6741344220167793,5.2458290233550855,0.3550129472337975,32.56469368721,6.845323772711799
261.00000000074004,298.3494974024809,-1977222.129530657,290142.7397990762,-1687079.3897315809,0.46973982718556195,0.5410996165826392,0.5013055111041538,0.743159675577262,1.5970894747019848,0.8580396359526352,0.35673412484848144,0.7737872439218503,35.5847364980109,0,1.2426686748371978,34.74143862170172,5.92821386028551,22.26226096054853,0.9085508441023737,34.96434946232432,33.20696070740087,33.427651816542266,7.350490113799683,34.54941537171206,0,0,0,0,0,0.2326876273392111,0.7015690582545586,5.387114243702871,0.3674512275197346,32.665861090818225,6.809390497217044
262.0000000007164,300.56543567754,-1979050.821868509,292297.7238293793,-1686753.0980391297,0.45642818625751236,0.5395269999758995,0.49707956819345017,0.7185424867460739,1.637233148865052,0.8236797133151664,0.32660014512171626,0.7673162144079884,35.65340031222774,0,1.2284565853687504,34.73727053688799,5.888217063253677,22.29913201099629,0.90472124630812,35.04248597906337,33.27389364682085,33.50918227033617,7.374711811788956,34.51203062626007,0,0,0,0,0,0.22778921443208888,0.6889295853928509,5.348690063277777,0.36519424633222053,32.734366646844954,6.835184811813056
263.00000000069275,299.7930923325766,-1976721.669952672,291546.6254828955,-1685175.0444697766,0.4551537226414002,0.5375803523838716,0.49707466477718737,0.7272070658410696,1.5720031226600044,0.8286300009688775,0.33155533619169014,0.7518227118655083,35.638218893043245,0,1.2178744118582818,34.782783720100866,5.770036343202776,22.311954151378814,0.926639346602359,34.935759931490054,33.15764167408315,33.45596240508087,7.382135442314894,34.546978697489465,0,0,0,0,0,0.21424235948163672,0.6802940594744102,5.232455990818904,0.38905899421848744,32.62006132169928,6.844555089931022
264.0000000006691,301.1293554491191,-1976898.5482549593,292846.13175021484,-1684052.4165047444,0.4624264855630986,0.554755630943981,0.500507270450733,0.716072465237886,1.5761098418371837,0.8323955672926417,0.3318882968419088,0.7707282924300207,35.63372780824707,0,1.2350403871011721,34.720857228551836,5.758537294854779,22.292876606402956,1.0007326351813752,34.979141112712824,33.11940773293902,33.387133691713984,7.404262548108721,34.50929053537823,0,0,0,0,0,0.21597266148603977,0.6802847561571912,5.2037816639107985,0.4459770042373943,32.56465210199504,6.8495069171647405
265.00000000064546,300.26415468421135,-1976388.7341413982,292004.7302308822,-1684384.003910516,0.44538619618570463,0.5478586599511974,0.49891621964367766,0.7493785271120501,1.6395766014762252,0.8414690931741063,0.3425528735304287,0.7676391289828928,35.70951105287995,0,1.1978788654037267,34.80999166093682,5.759863837866742,22.24254404716632,1.082309424332145,34.95793549570193,33.10442533889511,33.37247875596077,7.404978016913859,34.5553538668953,0,0,0,0,0,0.21978046903169535,0.6500202054525293,5.212005177915545,0.5344507643809475,32.556566678943916,6.857119356962661
266.0000000006218,300.85332103260265,-1977566.9444958866,292577.6902660354,-1684989.254229851,0.4576814047919253,0.541534488338467,0.5009936770550671,0.7699051452413816,1.6389573448816073,0.8388510163944878,0.33785733933942064,0.7800722915639273,35.720501918468926,0,1.176925788984632,34.765230237694595,5.8613698300854935,22.26031856821342,1.1593777704861097,34.97359591213717,33.013646814480694,33.26054252990912,7.432149741941004,34.499944944075196,0,0,0,0,0,0.23853780322546037,0.6353913006461651,5.3198353417470265,0.6178432821476427,32.47211232614222,6.890615253602537
267.00000000059816,298.89381388059275,-1976979.107133925,290672.0836580475,-1686307.0234758775,0.4586268976319463,0.541489740265984,0.49945270145850956,0.7263361724012034,1.5869529200789163,0.8191852019570067,0.31973250049849716,0.7430435831518611,35.626179920680784,0,1.2153788363262876,34.74805059531292,5.8138312586744405,22.242796502209956,1.0991175962933397,35.04300773122043,32.952656699301656,33.23643452541327,7.489138100880734,34.47811462814735,0,0,0,0,0,0.2015538428858772,0.6738890960603037,5.2723415184084566,0.5576278560273558,32.41116695903567,6.94764836061475
268.0000000005745,301.16687460714127,-1977172.1353404522,292882.6188614662,-1684289.516478986,0.4555405269888251,0.5560007756099634,0.5018423676108555,0.7458970988890368,1.6637311435903364,0.8265139378626267,0.3246715702517712,0.7691472708188654,35.599913732599134,0,1.2145650113206035,34.79487929536748,5.85736398355192,22.129803636906388,1.099440287031264,34.971847492536135,33.010120607914615,33.30366771754973,7.553889818550282,34.47193312988793,0,0,0,0,0,0.21314649520890194,0.65856423571064,5.301363207941957,0.5434395114213006,32.45411983230465,6.997889042940319
269.00000000055087,299.40945261318484,-1974681.658262059,291173.5386158179,-1683508.1196462412,0.45371187507304445,0.5429911495410362,0.5011868884577799,0.777147848130614,1.6588920774219886,0.8275219629162562,0.3263350744584763,0.7765683203008784,35.67367021724385,0,1.2567307165625827,34.725132665567855,5.920548355537363,22.18329497260919,1.0724710350094018,34.99217555793922,33.1104658758542,33.35312669881867,7.451137808557206,34.39599312089189,0,0,0,0,0,0.2335771707598422,0.7137395670215465,5.377557205996327,0.5294798854683656,32.567474726313165,6.90814665901617
270.0000000005272,300.9746846646623,-1976613.947007414,292695.7155250833,-1683918.2314823307,0.45333169620719627,0.5376642487563625,0.50119164691604,0.7301099873918795,1.6271844624065608,0.8024309034271513,0.3012392565111113,0.7761865332077198,35.62998427025241,0,1.258890780895829,34.74198444068713,5.903905472827127,22.112506617651405,1.1337073377397715,34.8832431685247,33.03914474972544,33.28492668637875,7.479344616443484,34.33341763664828,0,0,0,0,0,0.23852228445135726,0.7212265321394664,5.366241224070764,0.596043088983409,32.50148050096907,6.9416803676871215
271.0000000005036,300.9004430429569,-1976005.1896419264,292623.5160820936,-1683381.6735598329,0.45341239851083337,0.5496044964132327,0.5024001563156875,0.7263350939242796,1.6313817588345998,0.8191788902034953,0.31677873388780786,0.752458418785892,35.550983894957255,0,1.2541616394826534,34.70284977287133,5.889716152442276,22.11968329818518,1.1916149068225899,34.80773032159118,32.974954921674225,33.21948590006221,7.4544171772756975,34.31678360467524,0,0,0,0,0,0.2028539223726593,0.7045571430694206,5.340111656029043,0.6420104104093571,32.425350425260994,6.904812680862465
272.00000000047993,301.4333141774577,-1978572.0815296322,293141.7294267446,-1685430.3521028876,0.46447359030757696,0.5469329813467878,0.5012907712223952,0.7684666735427079,1.6916068931807295,0.8464907993624813,0.3452000281400861,0.7690919033819034,35.581956841061924,0,1.2543551344114263,34.77900723935326,5.969931400984208,22.12671940787402,1.2534563293872072,34.88006766689409,33.09016130354445,33.329249434491885,7.493146813576928,34.523899692503846,0,0,0,0,0,0.22215892203511556,0.7074221530646385,5.422998419637421,0.7065233480404194,32.54322832219766,6.94621383223014
273.0000000004563,300.05396702194946,-1975739.7892097346,291800.32424149197,-1683939.4649682427,0.452330448498814,0.543862614858952,0.500184223476419,0.7590717053390952,1.6372138412156243,0.8539169877719847,0.35373276429556566,0.7730249362833845,35.6467216230231,0,1.221499797185561,34.827054914788505,6.000982140657754,22.192800374235503,1.2401427170804231,34.812903730375524,33.051191625717706,33.34584358904294,7.372342239218682,34.47551657942586,0,0,0,0,0,0.2291623214244325,0.677637182326609,5.457119525798802,0.6962801022214711,32.507329010858754,6.82847962435973
274.00000000043264,300.9801532945358,-1974304.1409385763,292701.03372829215,-1681603.107210284,0.45429956607292743,0.5383104367460252,0.49911641897567444,0.7578088392015889,1.6647640694442725,0.8268082871870899,0.32769186821141544,0.7686039450229174,35.664248880170874,0,1.2352648996860094,34.852695441200474,5.922681620197139,22.108616613467575,1.221719815618144,34.826983148746194,33.02408892834734,33.30502821311029,7.43780886137975,34.494990872801594,0,0,0,0,0,0.2302935082768922,0.6969544629399842,5.384371183451114,0.6834093788721187,32.485778491601316,6.899498424633725
275.000000000409,299.7455361788402,-1973485.265711777,291500.37746552157,-1681984.8882462555,0.4638307235879102,0.546534963225727,0.5009266917339131,0.7559240751260354,1.647833186527187,0.8272280367923119,0.3263013450583988,0.7576719643953416,35.724748955992936,0,1.233526165564168,34.727492381482705,5.923138632610971,22.176419704558384,1.1686524809279604,34.75232583119691,32.99319677688186,33.26895085006072,7.434239122707979,34.471721182225394,0,0,0,0,0,0.21113700116961454,0.686991202338441,5.376603669385244,0.6221175177022333,32.446661813656135,6.887704159482252
276.00000000038534,300.189071649918,-1975251.4002625346,291931.712520204,-1683319.6877423306,0.4628421757420975,0.5439739869027376,0.4985155407502582,0.7601771210237285,1.641531299248559,0.8299744855697663,0.33145894481950805,0.7685294120428532,35.61080707054657,0,1.201177407733045,34.779496063592205,5.90548880808025,22.253048809044913,1.2701796616733247,34.79659299268033,32.97289001619288,33.25969347617419,7.404929745812346,34.48394935323415,0,0,0,0,0,0.22455542514011562,0.6572034208303075,5.361514821177512,0.7262056747705872,32.42891602929014,6.860955758909609
277.0000000003617,300.0509089283879,-1976409.5013941787,291797.3502675043,-1684612.1511266744,0.4614158828840278,0.5572552926416954,0.5002983839197308,0.7211230415972061,1.6475822685472608,0.8298910182133924,0.3295926342936616,0.7703787838849578,35.67096573683375,0,1.2270829451126204,34.684286954395134,5.845568382460911,22.242738170256473,1.1967630028680851,34.7496381832089,33.03490700711586,33.315112846040876,7.405799697194965,34.391045605773,0,0,0,0,0,0.21312349124326246,0.669827652470925,5.288313089819216,0.6395077102263897,32.47765171447416,6.8485444045532695
278.00000000033805,299.51664445868744,-1975442.2086459287,291277.78191439563,-1684164.426731533,0.462201524720931,0.5358731920290722,0.5013727418749666,0.7183287092297008,1.6547133942171794,0.8278011893827018,0.32642844750773514,0.7573824603165678,35.69102036771807,0,1.2731194648373094,34.65145699959771,5.901021557133824,22.243845829245288,1.2012418865566943,34.838075229282936,33.06686806708396,33.31744899816522,7.463418806074358,34.39148799249642,0,0,0,0,0,0.2215092682874955,0.7372462728082372,5.365148365104751,0.665368694527622,32.53099487505489,6.927545614045286
279.0000000003144,300.31896008811475,-1975148.5417500436,292058.02809189004,-1683090.5136581536,0.4564669568712061,0.5362122513788625,0.4987974353660109,0.7514314344616473,1.598240763373198,0.8246620337665671,0.3258645984005562,0.7583585068545506,35.63537738008097,0,1.2646422977199805,34.66693329119619,5.94000850441536,22.233422193240642,1.1636502162640383,34.72503536177487,33.02805621333101,33.295214017823355,7.5062570220840925,34.38091602442324,0,0,0,0,0,0.22214625547568811,0.728430046341118,5.403796253036497,0.6274379648851758,32.49184396195215,6.97004477070523
280.00000000029075,301.331473315432,-1976617.2203251421,293042.68992110144,-1683574.5304040406,0.46544777273090876,0.5458270314941678,0.5020794417502781,0.7229721263175009,1.6498770935260278,0.8390325210892914,0.3369530793390133,0.7764240644886407,35.63014112146493,0,1.2374115224221516,34.69174027245549,5.819109808011724,22.23260197772612,1.1653112881093755,34.68944489602063,32.99616385295644,33.271547278668095,7.449339158590732,34.41103784203776,0,0,0,0,0,0.23059703299447287,0.6915844909279838,5.273282776517556,0.6194842566152077,32.45033682146227,6.903512127096564
281.0000000002671,297.7440436820629,-1976821.908816021,289553.9404118038,-1687267.9684042172,0.4556538015408593,0.5457346020945053,0.5003576799409359,0.7616653508880784,1.577388347423991,0.8288522822215507,0.3284946022806148,0.7456175657496327,35.649666278116854,0,1.194433037493809,34.71471575624594,5.917102178176805,22.213045023750297,1.1160478189990783,34.68046984969902,32.979444663704044,33.30559264878366,7.497832797929114,34.392428733391625,0,0,0,0,0,0.19988296365512737,0.6486984353993037,5.371367576082299,0.570313216904573,32.43371006160954,6.952098195834608
282.00000000024346,300.01699436243985,-1976214.9155214094,291764.36859611236,-1684450.546925297,0.45222799183282003,0.5453965749795531,0.4988617208442096,0.7284305219367688,1.5526872696929832,0.8149279555567115,0.3160662347125019,0.765821308380568,35.71227222695549,0,1.1372718144581029,34.60083494536343,5.948184657570167,22.239346201471335,1.1651612015798136,34.60207455071196,33.04368786620728,33.290202299227815,7.51338488718271,34.4314766110961,0,0,0,0,0,0.22042473340101498,0.5918752394785498,5.402788082590614,0.6197646266002605,32.49829129122772,6.967988312203157
283.0000000002198,300.2419609383917,-1977004.3214488402,291983.1469727417,-1685021.1744760985,0.45994803648358795,0.5385288439746638,0.5023279524558557,0.7574148387083923,1.6165770271080968,0.8297903384203246,0.32746238596446886,0.7561484741873077,35.76685028438851,0,1.2079900923815394,34.592071312578085,5.940022793296933,22.216608726524385,1.1266136314971904,34.6613703089414,32.8444555898642,33.174133516537964,7.4974127787970914,34.42955096023559,0,0,0,0,0,0.21761963021264386,0.6694612484068756,5.401493949322269,0.5880847875225266,32.305926745889536,6.958883934822428
284.00000000019617,299.5515552221136,-1977412.6788503677,291311.73238066805,-1686100.9464696995,0.4727506133437611,0.5507306729938115,0.5033988313198378,0.7513610754089268,1.6340546264630191,0.8204983238923699,0.3170994925725321,0.773280434735669,35.721430985885036,0,1.0829851792907945,34.59442796946405,5.84261087605265,22.268943816520203,1.1535557410610267,34.58618505420304,32.943535422940386,33.23632347298343,7.470514366084949,34.446825633678145,0,0,0,0,0,0.22254976174185748,0.532254506296983,5.291880203058838,0.6028250680672151,32.39280474994658,6.919783693091137
285.0000000001725,300.03527249939634,-1977063.136570029,291782.1439528036,-1685280.9926172253,0.46730393708461904,0.5470200261651987,0.5007316986034902,0.7414611116122867,1.6201469152768766,0.8287400332075195,0.32800833460402934,0.7752218100654682,35.513126871215604,0,1.0971225451488822,34.56423775748817,5.903503699540707,22.30597520568233,1.0961694960231299,34.64025803069916,32.943975028117165,33.231260945636905,7.503220824188887,34.48009014669526,0,0,0,0,0,0.22820178390026946,0.5501025189836835,5.356483673375508,0.5491494698579311,32.396955001951966,6.956200798023688
286.0000000001489,300.13204821766067,-1977200.3834647797,291876.2576425792,-1685324.1258222004,0.4529130384488358,0.5471471292036174,0.50000191559899,0.7618217652649033,1.5802604452257114,0.8270168349486364,0.32701491934964644,0.7668257701974373,35.59822096819573,0,1.0840472253003917,34.54473259162387,5.779544605012674,22.428227147106725,1.0794075049478877,34.73019626306291,32.918991164073866,33.19091973314926,7.509836742760527,34.43279380943204,0,0,0,0,0,0.21967864099381984,0.5369000960967742,5.232397475809057,0.5322603757442703,32.37184403487025,6.962689613556909
287.0000000001252,299.9493661595238,-1975892.9882893711,291698.60065531614,-1684194.387634055,0.46342020904362924,0.5390414465538127,0.5010886120094508,0.7450746384769307,1.6618599317098912,0.827027917396753,0.3259393053873022,0.7677861035982136,35.56559871924344,0,1.0719092240859958,34.58028853668566,5.719985594142756,22.390304426156916,1.0552065401783002,34.67706198840153,32.99891695849885,33.27590000622581,7.494070561869272,34.463742978492064,0,0,0,0,0,0.22874465704440095,0.5328677775321831,5.180944147588943,0.5161650936244875,32.45987551194504,6.955029115315459
288.0000000001016,300.0792020063948,-1975969.0925782844,291824.8650823162,-1684144.2274959683,0.4529520804912357,0.5425142440538693,0.4998425393588428,0.7621413656764275,1.7425634429675227,0.8264751910589037,0.32663265170006084,0.7667885583879936,35.681340408748724,0,1.065868907236517,34.5941191546616,5.503494855904428,22.471063396393333,0.9592966642439862,34.57612057227004,32.91860914319233,33.22574526590711,7.486777035533521,34.40358367984716,0,0,0,0,0,0.22427431433412437,0.5233546631826478,4.960980611850559,0.4167824201901169,32.37609489913846,6.944262791479652
289.00000000007793,301.3352178456655,-1977566.2149770185,293046.33144981414,-1684519.8835272044,0.46238240791172447,0.5395380687531866,0.501208992323608,0.7247877528639783,1.7294073021940566,0.8559264387389758,0.35471744641536773,0.7553804877866597,35.683746818446934,0,1.0822190107696068,34.58661459370899,5.605022540484455,22.61745081519689,0.9938041480507165,34.52598664055802,32.928600662000605,33.17868564078651,7.494990321589899,34.43978142386928,0,0,0,0,0,0.21584241903347312,0.5426809420164203,5.065484471731269,0.45426607929752993,32.38906259324742,6.955452252836713
290.0000000000543,299.85733830194596,-1975736.072720483,291609.1042259005,-1684126.9684945825,0.45728367203633646,0.5390934398056668,0.4987249268163434,0.7304879181545694,1.7025576910297122,0.8309877371097268,0.33226281029338345,0.7567693999397527,35.686921973620315,0,1.0406937619541352,34.6174318075322,5.612827517691713,22.606041103969403,0.9184851809423566,34.47766841235563,32.89971648725577,33.2396790696298,7.558263859402523,34.44957306104379,0,0,0,0,0,0.21767596013408586,0.5016003221484684,5.073734077886046,0.37939174113668983,32.360623047450105,7.019170419596856
291.00000000003064,300.2706195756519,-1977416.410160169,292011.0172912975,-1685405.3928688716,0.46451742043478594,0.5459886580945419,0.5026023423480837,0.7559672195921951,1.7714660432638034,0.8398789523687128,0.33727661002062914,0.7620257843519589,35.72493755080877,0,1.0467068670503643,34.64081603723861,5.611081631740287,22.628491502797317,0.9116294792741613,34.52780170560146,32.90056461115648,33.19764669113266,7.488082384985368,34.47598954464269,0,0,0,0,0,0.216037126257417,0.5007182089558224,5.065092973645745,0.3656408211796194,32.35457595306194,6.9420937268908265
292.000000000007,300.0098085208964,-1975347.1949952357,291757.3804169087,-1683589.814578327,0.44722717619965113,0.5384098799165242,0.499129881788236,0.7508424901453594,1.5947132695817707,0.8244395082846812,0.3253096264964452,0.7560092982324882,35.66585902265595,0,1.039239091655535,34.59804509680214,5.609618390769214,22.67929393116617,0.8669825761681103,34.56231983783135,32.947058349795725,33.25075933689001,7.505367040151597,34.505367192790196,0,0,0,0,0,0.21759941831596397,0.5008292117390107,5.071208510852689,0.328572696251586,32.4086484698792,6.966957160235073
292.99999999998334,302.0526506508163,-1975163.9204030633,293744.0296913747,-1681419.8907116887,0.46254851728217794,0.5368788909868027,0.5025116531383074,0.7767635928429399,1.747935732577961,0.8391928244866158,0.33668117134830844,0.7642342837892553,35.63263919027918,0,1.0188401640307791,34.617059485872915,5.642996915194331,22.761927350639894,0.9026887086968465,34.59549693669169,32.92401721070337,33.209199250475876,7.522878378464057,34.527962949057155,0,0,0,0,0,0.22735539280245254,0.4819612730439764,5.106118024207529,0.3658098177100437,32.38713831971656,6.985999487477255
293.9999999999597,299.2767416293904,-1975019.6751068793,291044.4781388445,-1683975.1969680348,0.4616122435634207,0.5438010268407734,0.5015402572762244,0.748022955973008,1.7610620667100427,0.8241674807032185,0.3226272234269941,0.7721294547127098,35.62450977561309,0,1.081875652014432,34.67238431723035,5.537836080632479,22.706074331839034,0.8816078220773029,34.588159166157425,32.94724409538321,33.223055572017415,7.483651521830488,34.51514863350758,0,0,0,0,0,0.2283284278719364,0.5380746251736586,4.9940350537917055,0.33780679523652957,32.40344306854244,6.939850494989715
294.99999999993605,300.47477235221567,-1975641.0728287958,292209.5543977633,-1683431.5184310325,0.4607943232190115,0.538085181322943,0.5013193721978416,0.7358338968744249,1.6743148203683127,0.8382380437403004,0.3369186715424588,0.7710403767845138,35.65413081786676,0,1.066924747087313,34.72537112753605,5.500853391570786,22.744737782436843,0.916189496338844,34.591385590654056,32.927534589867264,33.22948834033587,7.516648632092142,34.4519446720368,0,0,0,0,0,0.23295519546157073,0.5288395657643701,4.962768210247843,0.3781043150159009,32.38944940854432,6.978563450769199
295.9999999999124,299.05842494643235,-1977248.4248495102,290832.1667353101,-1686416.2581142,0.455628746432573,0.5428756389314096,0.4994851486721779,0.7311357168140606,1.5693381584141939,0.8224585803794738,0.3229734317072959,0.7547847753165557,35.67163143322534,0,1.029839080532625,34.705009394871674,5.391640860662704,22.722047494891882,0.914487960399156,34.65125748793696,32.862887121992685,33.208683683423885,7.585005097064666,34.44933509300233,0,0,0,0,0,0.2119091363851462,0.4869634416012154,4.848765221731295,0.3716123214677465,32.32001148306128,7.042129458133257
296.99999999988876,298.2322633596111,-1977047.3793442808,290028.7305358058,-1687018.6488084751,0.45409548915158293,0.5434993463556221,0.5009499624907435,0.7345411019525141,1.5322459293371011,0.8184075816785421,0.3174576191877986,0.7626066563766472,35.64907533064371,0,1.0931287332072301,34.739290069924664,5.302634711532682,22.736225796233896,0.9571450946313004,34.71917360221461,32.87547657253785,33.20430177050969,7.56205924732032,34.43649970372462,0,0,0,0,0,0.21910731002102501,0.549629386851608,4.75913536517706,0.41364574827567824,32.331977226182225,7.018559900964698
297.9999999998651,298.1488596023178,-1976788.8827676363,289947.62098187226,-1686841.261785764,0.46229948500257123,0.5384635944757319,0.501629532476379,0.7443390621318349,1.6130385319295915,0.8376240543970545,0.33599452192067547,0.7742728278010738,35.5726870909034,0,1.0867378353158834,34.69419794631858,5.27640072894846,22.694806258267192,0.9328248083230903,34.5754460024699,33.03359042016689,33.340564067809964,7.520294574159735,34.48373874831873,0,0,0,0,0,0.23580923332534187,0.5482742408401515,4.737937134472728,0.39436121384735845,32.49512682569116,6.981830979684003
298.99999999984146,300.7025938929487,-1977479.3803599253,292431.10920710274,-1685048.2711528225,0.4625803061754876,0.5445828131480983,0.5015611763197412,0.714683123147581,1.4714977139254906,0.8244323557736538,0.32287117945391264,0.774040015649252,35.602577848047645,0,1.121145815423363,34.67912956551345,5.316252096719538,22.72265240305492,0.9742518634716646,34.49043527402671,33.06321306932736,33.373659542919995,7.545626639435923,34.530629514715656,0,0,0,0,0,0.22945720250115365,0.5765630022752646,4.771669283571439,0.4296690503235663,32.518630256179264,7.001043826287825
299.9999999998178,301.0173305539846,-1977044.2902628742,292737.18834564066,-1684307.1019172336,0.45734696733139124,0.5425423798139413,0.49991379522644,0.7311141374811267,1.5629425257338152,0.8345879465635172,0.3346741513370772,0.7726239201343894,35.607662067314294,0,1.1204328752669497,34.740083296419925,5.2821257854861585,22.707485250990185,0.951642858497241,34.54224203469175,33.16041662689986,33.448915457352996,7.518964304666326,34.444764620730666,0,0,0,0,0,0.23008154032044814,0.5778904954530084,4.739583405672217,0.4091004786832997,32.61787424708592,6.976421924852385
300.99999999979417,299.55821069581464,-1974438.4368540272,291318.2047809606,-1683120.2320730668,0.4574227807798108,0.5426917402507065,0.5007862777161505,0.7482022388180596,1.561496662967496,0.8370983445281509,0.33631206681200043,0.7613516315227775,35.534605659290605,0,1.1273402554009522,34.734386224635614,5.351296465597791,22.695113045261394,0.9011073512832386,34.564556410274974,33.19432005607371,33.43041048391615,7.557111711902003,34.49564507493187,0,0,0,0,0,0.21865989127207097,0.5846485151502456,4.8086047253470845,0.35841561103253206,32.651628315823004,7.0144199716512965
301.9999999997705,300.66219649150156,-1974967.7957168259,292391.82302482764,-1682575.9726919984,0.45789796739015065,0.5452493192639487,0.5004675179522983,0.7239893736294225,1.5017095934787958,0.8348600953847938,0.3343925774324955,0.7557493225050411,35.582835678003505,0,1.0816636727971236,34.785048793636804,5.373079767927518,22.751188168054554,0.9085946916289362,34.5660806599376,33.24163972386259,33.49092428399831,7.476995125316989,34.46309171241933,0,0,0,0,0,0.21050000324109241,0.5364143535331749,4.827830448663569,0.36334537236498754,32.696390404598645,6.931745806053041
302.9999999997469,300.71907892190467,-1973752.620430991,292447.1407791637,-1681305.4796518274,0.44593890360293376,0.5407246864433555,0.5013549955021974,0.7570746200470424,1.5791372330552065,0.8368334593488882,0.3354784638466908,0.770831213926999,35.54098509123649,0,0.9580968387182462,34.712560414563654,5.403598328421994,22.73144457213425,1.0711862177983171,34.550581771778525,33.21379693813094,33.514661847008256,7.507170393078042,34.51708707235866,0,0,0,0,0,0.23010652748364357,0.4173721522748908,4.862873641978639,0.5304615313549617,32.673072251687586,6.966445706634686
303.99999999972323,299.96021035392306,-1975887.2665767185,291709.14655635273,-1684178.1200203658,0.4637589778327742,0.5474666489647166,0.5026917092000558,0.7374598668322374,1.5714633237347133,0.8472120912687463,0.3445203820686905,0.7672255405250201,35.70232054685158,0,0.8846546664207064,34.674869444639015,5.3437644516628495,22.72796200021753,1.057760866517885,34.616225024314645,33.29633069392003,33.59344248410048,7.556207214845362,34.456297443900326,0,0,0,0,0,0.21975889156030348,0.3371880174559898,4.796297802698133,0.5102942175531684,32.74886404495531,7.008740565880645
304.9999999996996,300.5608063320282,-1979419.2506948374,292293.2218241741,-1687126.0288706634,0.4568418019859921,0.5392826348903128,0.4998501753455069,0.7581852154488873,1.5866277747090862,0.8515459837206225,0.3516958083751156,0.770997157352185,35.74183146073517,0,1.0417443373478577,34.7135561868356,5.404082079889477,22.687815330738545,1.1904011643393098,34.590731001468384,33.24162815207933,33.5203173954186,7.632530466743717,34.56146154542813,0,0,0,0,0,0.23171452246187219,0.5024617024575448,4.864799444999164,0.651118529448997,32.702345517189016,7.093247831853404
305.99999999967594,301.29280955150284,-1978579.3339821883,293005.0896888402,-1685574.244293348,0.4600085843751027,0.5359393432845732,0.4990680264988211,0.7439899718156973,1.670258702214415,0.8454484330520919,0.34638040655327085,0.7768163054049269,35.590489990159085,0,1.0099767375691258,34.634661346033,5.299372367972239,22.761935270833078,1.1158203987723345,34.5730578230648,33.2983464752549,33.48471226790912,7.5969066257451985,34.50291204253517,0,0,0,0,0,0.2408769621203537,0.4740373942845526,4.763433024687666,0.5798810554877614,32.76240713197033,7.060967282460625
306.9999999996523,299.79333856668757,-1979162.925561726,291546.86494379694,-1687616.060617929,0.4619417568390798,0.5394064502641687,0.5024429991520062,0.7487876540839125,1.6735249153268406,0.8650022961269754,0.36255929697496925,0.7644950914799082,35.65875222184056,0,1.0157826989619352,34.63189658111784,5.409182065701373,22.82184411149121,1.1720015808331468,34.585024396366634,33.28273732809785,33.5735635838887,7.56910454276013,34.47518174557314,0,0,0,0,0,0.22508864121573957,0.4763762486977665,4.869775615437204,0.6325951305689781,32.743330877833685,7.029698092495961
307.99999999962864,300.3902544948046,-1978808.7087797113,292127.3613894804,-1686681.3473902307,0.45902412863545083,0.5409706663350065,0.5004882629179467,0.7412317132352833,1.6474092632861286,0.831829094601017,0.33134083168307027,0.777776935404372,35.70327558902591,0,0.9924529947035055,34.640466740714714,5.33143318404592,22.739419837394266,1.1936460708529701,34.61179648134038,33.16874538845957,33.47413070842231,7.5639032570729015,34.41147836296443,0,0,0,0,0,0.23680626906936553,0.451482328368499,4.790462517710914,0.6526754045179637,32.62777472212456,7.022932590737895
308.999999999605,299.85892654360237,-1978582.0055908486,291610.648779485,-1686971.3568113637,0.4638636321886711,0.5362290428958456,0.5015673801652353,0.7448508686103756,1.658700692321899,0.8375278444227994,0.3359604642575641,0.7798650829939677,35.64753598600066,0,0.9301014330008535,34.65567561606474,5.374243057765597,22.749115748626252,1.286239404196575,34.61948192646514,33.18263044432524,33.47587521012406,7.586080234879233,34.41059561813802,0,0,0,0,0,0.24363604009812212,0.39387239010500785,4.838014014869751,0.7500103613007294,32.646401401429394,7.049851191983388
309.99999999958135,301.20979645793506,-1979218.5917170122,292924.3600525692,-1686294.231664443,0.44367286773877823,0.5346534219653529,0.4979676180340184,0.7146334745540805,1.536515074066699,0.8329255222093808,0.33495790417536236,0.7692944050825936,35.61748383150302,0,0.9806248376839211,34.60908888419007,5.33570707510242,22.759559653900997,1.2689621817477637,34.572331542164534,33.168059340643026,33.446106486732106,7.573032492172885,34.427110390143525,0,0,0,0,0,0.2346409831172407,0.44597141571856813,4.801053653137067,0.7343087597824107,32.633405918677674,7.038379070207532
310.9999999995577,300.623212533455,-1977778.7336194552,292353.91140609083,-1685424.8222133643,0.46032652985502365,0.543120351840221,0.5009990753725231,0.7312604201844752,1.6650871145674255,0.8266883477234341,0.32568927235091105,0.7790467773981542,35.625627581140066,0,0.9927063989178766,34.662661889473895,5.276192586846463,22.72562330130006,1.1748042593237429,34.53646697330771,33.20877167762791,33.524674874786115,7.594554884103498,34.39429886585364,0,0,0,0,0,0.2359264255579332,0.4495860470776556,4.733072235006242,0.6316839074835219,32.665651325787685,7.051434532263277
311.99999999953405,298.91154083456604,-1976275.207059376,290689.32299325295,-1685585.884066123,0.4550107241785515,0.5422935688005044,0.5035162438376919,0.7229346216377337,1.7138672723399857,0.8447526371293841,0.3412363932916922,0.781168142743228,35.6040674876474,0,0.9847117696491656,34.70598146511395,5.1356684704532825,22.74587554635849,1.231434445580783,34.54974365719681,33.26084724392808,33.51698730421887,7.58219837036529,34.45803621721211,0,0,0,0,0,0.2388745739427236,0.44241820084866124,4.593374901652778,0.6891408767802787,32.71855367512758,7.039904801564786
312.9999999995104,300.43622827496955,-1978860.825366512,292172.07055994024,-1686688.7548065716,0.44427293513954713,0.5413859225938538,0.49895133396928876,0.7235938101665251,1.6512743907773206,0.8774695447729832,0.37851821080369447,0.7686899712180519,35.59424037759277,0,1.0097274092759676,34.69211057336656,5.211035426111522,22.870387810575707,1.1719254052939387,34.60164411572987,33.215414203617115,33.51573966993078,7.529802405849296,34.43699586484615,0,0,0,0,0,0.22730404862419817,0.46834148668211384,4.669649503517668,0.630539482700085,32.67402828102326,6.988416483255442
313.99999999948676,300.1721271689907,-1978340.0162332915,291915.23413440643,-1686424.7820988852,0.45940868538387836,0.5376541765293172,0.5013109758260946,0.7452230429486373,1.6871830009693305,0.8639356766507094,0.36262470082461473,0.7585461503678559,35.57709966173758,0,0.9907237215268365,34.670045944590925,5.221464523857264,22.84092070151229,1.1842865010304386,34.61024833224619,33.19735568436249,33.521480936236,7.5411414556128165,34.49586465242206,0,0,0,0,0,0.22089197383853865,0.4530695449975193,4.683810347327947,0.6466323245011214,32.65970150783318,7.003487279083499
314.9999999994631,299.82366334776003,-1978383.1431127898,291576.35557522345,-1686806.7875375664,0.45617430182671104,0.5335627969212098,0.4977052941609002,0.7436634883773201,1.7453842441651748,0.8521948900349003,0.35448959587400014,0.7756228255428859,35.667438779753354,0,0.9142153374181374,34.677000342232304,5.217314153862716,22.78123220079192,1.2344235323646933,34.49810635868448,33.287327010885576,33.5874071539115,7.584396188219202,34.46397307347104,0,0,0,0,0,0.24206002862167608,0.38065254049692765,4.683751356941507,0.7008607354434835,32.75376421396437,7.050833391297992
315.99999999943947,299.397057765267,-1977506.929844439,291161.4847153904,-1686345.4451290485,0.45339798087865457,0.5454388506395293,0.5011269989977594,0.7455681693802472,1.6699672603902087,0.8104895223981864,0.309362523400427,0.7652883274678306,35.603539984106874,0,0.981098654601364,34.68533371016733,5.242122394125062,22.864699509372656,1.1432473040647757,34.64125845560096,33.1965187657799,33.515096478442615,7.580431435390521,34.510358511161826,0,0,0,0,0,0.21984947682830125,0.4356598039618347,4.696683543485532,0.5978084534252464,32.65107991514037,7.0349925847509915
316.9999999994158,300.2579649200696,-1975787.381864868,291998.7107297855,-1683788.6711350826,0.4652746400767489,0.5353937169954657,0.5012992761012289,0.7423871595065545,1.6486460126492979,0.842854433348069,0.34155515724684005,0.7586973255210174,35.61012255403048,0,0.9348180023075905,34.74363510450098,5.2409380627048705,22.942740751240024,1.014737821205193,34.598623172891735,33.26363732861839,33.57468508888513,7.586900189198133,34.4893210124668,0,0,0,0,0,0.22330360852555176,0.3994242853121248,4.705544345709405,0.4793441042097273,32.72824361162292,7.051506472202667
317.9999999993922,298.0621979033674,-1975566.64725231,289863.34310311585,-1685703.3041491942,0.45809063390466104,0.5410158189103633,0.5004536812170644,0.7502609255064776,1.6472614718897365,0.8286826445920836,0.3282289633750193,0.7625038554387125,35.580721834164706,0,1.0168283881985403,34.70399140243268,5.16238658094089,22.923184908708066,0.9879284017149459,34.61677928546879,33.257820818910204,33.539520694228486,7.591588060358458,34.47064751803589,0,0,0,0,0,0.22148803652834914,0.47581256928817695,4.621370762030526,0.44691258280458257,32.71680499999984,7.050572241448094
318.9999999993685,299.7821771801164,-1975662.7422031872,291536.01057565515,-1684126.731627532,0.46775920392258374,0.538617384495172,0.500646520690559,0.7556755263029373,1.6782768577027447,0.8399914904853829,0.33934496979482387,0.7719459623169787,35.65377020134005,0,0.9550241851656147,34.676033812866194,5.091838575174023,22.98885608335678,0.979410019810075,34.61528829677013,33.26915750242738,33.57502859841122,7.5990358115418175,34.528886635762774,0,0,0,0,0,0.2333285778218066,0.41640680067044267,4.553221190678851,0.440792635314903,32.73054011793221,7.0604184270466455
319.9999999993449,299.8511755045461,-1976228.131388627,291603.11094976636,-1684625.0204388606,0.4535978575110624,0.540418728910641,0.4994119332551221,0.7112795224438484,1.6687409367328527,0.8336257134772911,0.33421378022216897,0.7499843702574438,35.576961946850474,0,0.8741267232607335,34.669943217485184,5.0675136566611485,23.032056999598893,0.87659526816641,34.59222226146494,33.29308888034848,33.541486199585165,7.607887952672883,34.5157983141288,0,0,0,0,0,0.20956564134680278,0.33370799435009246,4.5270949277505075,0.33617653925576896,32.75267015143784,7.067469223762242
320.99999999932123,300.60603336465095,-1976951.3306376562,292337.2047880215,-1684614.1258496346,0.45310897434634967,0.5487269497490637,0.5003352089478011,0.7383186649650586,1.5364883168985717,0.8378544907529343,0.33751928180513313,0.7602629870696642,35.6764842457668,0,0.9276089455278829,34.72739253736006,4.9868815003094085,22.93228738463297,0.8320220385391881,34.61969685423293,33.30746519234725,33.56140243229822,7.608664479478527,34.47193431430662,0,0,0,0,0,0.21153603732060056,0.3788819957788192,4.438154550560345,0.28329508879012444,32.758738242598184,7.0599375297294635
321.9999999992976,300.11267905952906,-1976845.23961927,291857.42127564433,-1684987.8183436256,0.4599548296889895,0.5395572289578805,0.5011512299863594,0.7264537347988682,1.5078925564562624,0.846611963892872,0.34546073390651255,0.7691702618861438,35.662740542889196,0,0.9513750140865445,34.70813028293773,4.989944795016456,22.913340772833976,0.9080178147625446,34.5515973456383,33.26604950846695,33.57937567339718,7.536499250267113,34.54772129689519,0,0,0,0,0,0.2296130329282633,0.41181778512866396,4.450387566058575,0.3684605858046641,32.72649227950907,6.996942021309232
322.99999999927394,299.6410852692928,-1977400.5104455613,291398.799707441,-1686001.7107381201,0.4602382473731178,0.5363002328893138,0.4978591452753654,0.7240345001956126,1.5817469022176063,0.8307819808772181,0.3329228356018527,0.7801057207223909,35.613730008113976,0,0.9558044582385401,34.62017592031907,5.020381617382796,22.833284506204592,0.9783097028325294,34.58429841797613,33.321744351588904,33.5996424651496,7.538076197758059,34.47317345976239,0,0,0,0,0,0.2438054878330771,0.41950422534922627,4.484081384493482,0.44200946994321555,32.78544411869959,7.001775964868745
323.9999999992503,301.0303833670803,-1976129.2322482094,292749.88211246993,-1683379.3501357394,0.45755034923083127,0.5498579847234062,0.501014249728907,0.7277448025806823,1.5513135150491921,0.8309507882116425,0.3299365384827355,0.7734160914380652,35.63297210449866,0,0.8951129220535607,34.58770368248261,4.929279175991425,22.899984991862084,0.8946355935318664,34.586772173202746,33.35634323499772,33.6626610088457,7.607053437165931,34.47678483425614,0,0,0,0,0,0.22355810671465903,0.34525493733015455,4.379421191268019,0.3447776088084602,32.80648525027432,7.057195452442524
324.99999999922665,301.04497951088774,-1975517.3304907717,292764.0767573132,-1682753.2537334585,0.4603713745824043,0.5419722283377091,0.5005568108182644,0.7445938402010182,1.5807880400905336,0.8446929890639205,0.3441361782456561,0.775158118637381,35.592290761898425,0,0.882160631122014,34.609896125859564,5.01071672001477,22.99049886293278,0.9620822587313924,34.63227613280685,33.34640667094584,33.66216796002266,7.673688664051895,34.49652279311442,0,0,0,0,0,0.23318589029967196,0.34018840278430496,4.468744491677061,0.42011003039368333,32.80443444260813,7.131716435714186
325.999999999203,299.9264792563004,-1975124.5378366932,291676.34330658737,-1683448.194530106,0.46534648574466747,0.5429293839308471,0.4997451011509483,0.7434164814539219,1.616617708663803,0.8279071511211282,0.32816204997017995,0.7584190552458292,35.55599012550317,0,0.9022672891100614,34.63663299758832,4.9209573786823455,23.055537985119074,0.9045030073628233,34.66146362894517,33.348425950812896,33.670320438624,7.648546144688055,34.52721971308938,0,0,0,0,0,0.2154896713149821,0.35933790517921427,4.378027994751498,0.3615736234319762,32.80549656688205,7.105616760757208
326.99999999917935,299.8830265801901,-1976585.616155956,291634.085891683,-1684951.5302642728,0.4591525343610465,0.5395818601857059,0.49948997963379227,0.6959561023569423,1.5971581672930064,0.8374249152349393,0.33793493560114707,0.7580334176775061,35.623650010685594,0,0.9160762993993472,34.626393423639,5.00085853025783,23.08244982218497,0.8733676027188819,34.60943638141771,33.2383601040043,33.54199178144992,7.614947368086803,34.538409341320005,0,0,0,0,0,0.21845155749180023,0.37649443921364134,4.461276670072124,0.33378574253317606,32.698778243818595,7.075365507901097
327.9999999991557,299.63159663504615,-1975204.1236231998,291389.5720789006,-1683814.551544299,0.46438236390087884,0.5341111744354663,0.5023272540023404,0.7569373803528343,1.7070369393893294,0.8261194463581313,0.32379219235579093,0.7633128850887196,35.573713121977676,0,0.9901720460437744,34.62381352422883,5.0146529790953025,23.11344993706507,0.911848034547214,34.733747625815,33.22525882192042,33.53926475714369,7.614996678743324,34.483879145191906,0,0,0,0,0,0.22920171065325334,0.4560608716083081,4.480541804659836,0.3777368601117477,32.691147647484954,7.080885504307858
328.99999999913206,300.0716930133749,-1975145.623597473,291817.56264062657,-1683328.0609568465,0.4622884710134978,0.5418725453213966,0.5001521173944344,0.7383579628492088,1.7208795026856727,0.817981484756859,0.3178293673624245,0.7768657819667956,35.70652021728918,0,0.969167935026185,34.634154327551926,5.021499075228675,23.129240024542494,0.912196905338142,34.84141112436123,33.30757433405404,33.62246393154845,7.55104051919092,34.490751192041216,0,0,0,0,0,0.23499323664539895,0.4272953897047884,4.479626529907279,0.3703243600167454,32.76570178873264,7.009167973869523
329.9999999991084,301.66518011281494,-1975876.8856332079,293367.2173807594,-1682509.6682524486,0.4581978233369153,0.5395690601296792,0.5001020448315401,0.7427958676864712,1.6979765800542879,0.8461860529958047,0.34608400816426466,0.769278372842388,35.70661141452864,0,0.9795364070333048,34.64563057307407,5.010081876588799,23.153883985656535,0.8568156073760544,34.741823585399175,33.342423279445484,33.65042938546844,7.529585752221244,34.55017236228127,0,0,0,0,0,0.22970931271270878,0.4399673469036256,4.47051281645912,0.31724654724637524,32.802854219315805,6.990016692091565
330.99999999908476,300.5620856849182,-1977561.315749947,292294.46598565555,-1685266.8497642914,0.465956458535838,0.5336259999003676,0.5013257148829251,0.7359085735520021,1.7289121110629022,0.8411943241319599,0.33986860924903484,0.7750487622826423,35.64789419415058,0,0.9182434703952875,34.63424563765534,5.035680609966207,23.30173737757184,0.931715666987576,34.73223170382556,33.328787084877604,33.621720896103966,7.566332880147449,34.547544650991995,0,0,0,0,0,0.24142276238227467,0.3846174704949199,4.502054610065839,0.3980896670872084,32.79516108497724,7.032706880247082
331.9999999990611,301.469222862819,-1976631.4794582687,293176.65036491957,-1683454.8290933492,0.4654210054977934,0.5433881414275703,0.5003428040352461,0.7481861182779843,1.7159455468287526,0.8379757784373449,0.33763297440209883,0.7615499870503264,35.58931449862769,0,0.8825121761568404,34.59989408285844,5.150707844148883,23.254812017645193,0.9414249276962625,34.637402549571675,33.397707099433546,33.64187412648391,7.634913119869353,34.56222594849373,0,0,0,0,0,0.2181618456227561,0.3391240347292701,4.607319702721313,0.3980367862686922,32.854318958005976,7.091524978441782
332.99999999903747,299.233787937231,-1974746.1218801402,291002.7059822425,-1683743.4158978977,0.4531245523386366,0.5384210568305807,0.4995318682995996,0.7527939482143697,1.7587402915116108,0.8471528583461898,0.3476209900465902,0.7579569761180194,35.60194655408554,0,0.9201101242948528,34.5320700035401,5.197342221398557,23.161070932636164,0.886323665373645,34.659474055983935,33.38842331861099,33.64924666132285,7.66472300438641,34.63057480954967,0,0,0,0,0,0.21953591928743865,0.3816890674642721,4.6589211645679764,0.3479026085430643,32.85000226178041,7.126301947555829
333.9999999990138,299.41666392391835,-1974871.7339964546,291180.5515636257,-1683691.182432829,0.4516409722755155,0.5433951476426779,0.501634004576653,0.7527391260231822,1.7445106024554349,0.8213740033438348,0.31973999876718184,0.770574994220615,35.56038223359252,0,1.0085068843029985,34.5572653271409,5.12840065937813,23.2389704171091,0.9077976781751467,34.58755481301387,33.38696502932896,33.682435769094695,7.70546098388742,34.60233875317999,0,0,0,0,0,0.2271798465779371,0.4651117366603206,4.585005511735452,0.36440253053246874,32.843569881686285,7.162065836244742
334.9999999989902,300.6333622065069,-1976313.8888138086,292363.7818901137,-1683950.1069236947,0.4469466688627275,0.5490446961949438,0.49837408800782634,0.7320867152391908,1.6841276355060337,0.8134258169647574,0.315051728956931,0.775478439030616,35.617889861974646,0,0.959085949229622,34.57209444656195,5.130916386039516,23.22084910873724,0.850548261767913,34.66899125152469,33.39962570584203,33.69091333644599,7.598384809203338,34.534225231408,0,0,0,0,0,0.2264337428356722,0.4100412530346782,4.581871689844572,0.3015035655729692,32.85058100964709,7.049340113008395
335.99999999896653,300.8175134888711,-1978490.6591779925,292542.8676873677,-1685947.7914906247,0.4577788599586228,0.545536631066339,0.4995978036633416,0.7288572751018481,1.738446377466829,0.8167653628452303,0.31716755918188866,0.7689658115143096,35.596089453423474,0,1.0617798812320451,34.51746787628545,5.084595824691149,23.27120120459898,0.9372823506045016,34.68076362735118,33.36577491855269,33.62988960551297,7.639171115527175,34.54984704732519,0,0,0,0,0,0.22342918044797067,0.5162432501657062,4.53905919362481,0.3917457195381626,32.82023828748635,7.093634484460836
336.9999999989429,301.0515528515694,-1978070.1621307991,292770.4692838353,-1685299.6928469639,0.465716833867579,0.5407995216935291,0.501365222126676,0.7552618790902148,1.7828936950548666,0.8427880982322667,0.34142287610559074,0.7593590492791771,35.610319579369616,0,0.9847704774487779,34.55257892231623,5.067993022461081,23.258532277888264,0.8755106193516076,34.641491876121904,33.38746292410053,33.62355162465201,7.727728065541626,34.5163749940391,0,0,0,0,0,0.218559527585648,0.4439709557552488,4.527193500767552,0.3347110976580785,32.846663402407,7.186928543848097
337.99999999891924,300.19084784078603,-1976437.0128855668,291933.4398530447,-1684503.573032522,0.458931125349769,0.5526429442798384,0.5019094863204814,0.7274207382633007,1.7505899299069938,0.8247774120762474,0.32286792575576606,0.7767232639290725,35.61776702828632,0,1.0351322693504166,34.53019394112238,5.1635628636328335,23.22909559526809,0.8726756203264916,34.69895199243794,33.369332101425584,33.63534827951105,7.709354095580096,34.54368591630962,0,0,0,0,0,0.22408031964923414,0.4824893250705782,4.610919919352995,0.3200326760466532,32.816689157145746,7.156711151300257
338.9999999988956,300.6882495852235,-1977314.5791948438,292417.1594710377,-1684897.419723806,0.46441616814518216,0.5366737281506029,0.499480144083754,0.7315466153996404,1.7461877899066334,0.8299008260293712,0.3304206819456172,0.769545923745051,35.71489677570872,0,1.0050896038891537,34.65004243194039,5.210772855769193,23.199917139289454,0.9107365912392673,34.707375503277376,33.37635060988248,33.65478960072329,7.749205645231328,34.613843183746326,0,0,0,0,0,0.23287219559444816,0.4684158757385508,4.6740991276185895,0.37406286308866443,32.839676881731876,7.2125319170807245
339.99999999887194,300.1609259625098,-1977388.462055657,291904.3410416889,-1685484.1210139683,0.46068940338895725,0.5409641072186577,0.5014066293501573,0.7364418870769125,1.7395844107164358,0.8341946887815341,0.3327880594313768,0.7866069132752536,35.58677691297004,0,1.0582276914045643,34.59787460581754,5.272935899577501,23.284403947090993,0.8804192040866639,34.66336441434263,33.4644010744297,33.7176698601495,7.764906421842211,34.6056358036011,0,0,0,0,0,0.24564280605659583,0.5172635841859066,4.731971792358843,0.3394550968680061,32.923436967211046,7.223942314623553
340.9999999988483,298.3567415734574,-1977405.3327080198,290149.7847032339,-1687255.5480047858,0.45873632273633813,0.5339907469247058,0.49993478465843344,0.7475065750292753,1.6888944055167485,0.8425277558162907,0.34259297115785725,0.7716542236454416,35.65511111032117,0,1.0186969836318482,34.64013322430833,5.285188579909963,23.270617404380744,0.8999172380782001,34.73201153396758,33.421276531895955,33.66783053739704,7.729130660634382,34.5979400166766,0,0,0,0,0,0.23766347672073573,0.4847062367071424,4.751197832985257,0.3659264911534943,32.88728578497125,7.195139913709676
341.99999999882465,301.17683322626624,-1979150.896832157,292892.3035469196,-1686258.5932852374,0.4469820800277877,0.5393256365408661,0.499954150751666,0.7448548237769472,1.6844303533197706,0.8339755641200236,0.3340214133683576,0.7651717213613773,35.66866717078776,0,1.0047760317070953,34.65296941064263,5.234371677376984,23.32354795097831,0.877940744258094,34.813899175146105,33.480989442731016,33.70024474568031,7.700101179684822,34.50881317446124,0,0,0,0,0,0.22584608482051127,0.4654503951662292,4.695046040836118,0.3386151077172279,32.94166380619015,7.160775543143956
342.999999998801,300.26300656309525,-1978816.4167869724,292003.61369135673,-1686812.8030956157,0.4600949380417978,0.5480025622571212,0.5003103902464406,0.7531804883153406,1.6565411526051577,0.8242443020866184,0.3239339118401777,0.7732060956249605,35.55546347680729,0,0.9629447214402731,34.62103743904453,5.182533577879028,23.284477889289803,0.8970094463011238,34.85790872086102,33.506031513124555,33.77064885493038,7.722200217121568,34.59653340810996,0,0,0,0,0,0.22520353336783927,0.4149421591831519,4.634531015621906,0.3490068840440026,32.95802895086743,7.174197654864447
343.99999999877735,299.8383598471646,-1978849.5947675183,291590.6478151629,-1687258.9469523556,0.4561866802994141,0.5367957897206006,0.5006313869527241,0.7452097924221999,1.5973618747951441,0.8382822829438599,0.33765089599113574,0.7651885522913009,35.56530099382928,0,1.0734518853567767,34.50417671941531,5.188926793020585,23.293091600430273,0.8838270855952888,34.812608704683385,33.45588532277702,33.694908644014504,7.6864632252602405,34.56167444047378,0,0,0,0,0,0.2283927625707003,0.5366560956361761,4.652131003299984,0.3470312958746882,32.91908953305642,7.14966743553964
344.9999999987537,299.00805521353624,-1977659.8354783915,290783.1825324451,-1686876.6529459464,0.45849913228191774,0.5399963851538753,0.5017674555902877,0.7647324935302997,1.635819933214389,0.8217935217131198,0.32002606612283213,0.766160339832691,35.55538766923223,0,1.0747668147063152,34.57132867127109,5.29265812660752,23.338388094094768,0.9228263344508782,34.763137193174316,33.379090262775264,33.62468956621217,7.689321645444593,34.58138285679638,0,0,0,0,0,0.22616395467881578,0.5347704295524399,4.752661741453645,0.382829949297003,32.83909387762139,7.149325260290718
345.99999999873006,299.24682897246845,-1977569.482285194,291015.3882951894,-1686554.0939900046,0.45658509155666227,0.5340204987383252,0.4999221188367892,0.7310951820761336,1.6614770158919683,0.8381104736530346,0.3381883548162454,0.7816528622890688,35.659336215271594,0,1.052819112851214,34.59644648072043,5.412887428995489,23.436349278157422,0.9139358987322903,34.82075367638447,33.3840223705912,33.676123958686105,7.75889149636383,34.607014187197365,0,0,0,0,0,0.24763236355074358,0.5187986141128889,4.878866930257164,0.37991539999396506,32.85000187185287,7.224870997625505
346.9999999987064,299.44644962378703,-1976647.057852693,291209.51794245985,-1685437.539910233,0.46638726899481453,0.542555584253904,0.5009863875305047,0.7145777657871193,1.6175718679092306,0.8485197240199708,0.34753333648946605,0.7772632443480507,35.609394794118316,0,1.059986482293576,34.614207779005056,5.394031555299222,23.425164504185148,0.9209731803349915,34.833807788959575,33.416041005861075,33.70338431901977,7.732015867860881,34.66962279271149,0,0,0,0,0,0.23470766009414668,0.517430898039672,4.851475971045318,0.3784175960810875,32.87348542160717,7.1894602836069765
347.99999999868277,298.14524202883325,-1977665.4854251035,289944.10291768453,-1687721.382507419,0.4560541681276069,0.5438549919712035,0.498210643258866,0.756193880920554,1.601240274548572,0.8284916430212192,0.33028099976235326,0.7761709995803123,35.67471087996637,0,1.0968944596242487,34.654159580460274,5.419054728182601,23.439684475538,0.8965215189047306,34.75776306226152,33.42821604180165,33.68017918527528,7.754904413609069,34.6644571477982,0,0,0,0,0,0.23231600760910887,0.5530394676530452,4.875199736211398,0.3526665269335272,32.884361049830446,7.211049421637865
348.9999999986591,300.0888162951677,-1976323.3893058784,291834.2149089795,-1684489.174396899,0.4619144266051065,0.5394290513973985,0.49886874437920103,0.7690374017823576,1.6222483458949206,0.8362151942356089,0.3373464498564078,0.7702042529966668,35.65800727547628,0,1.0985435682566198,34.6560773947503,5.307408167040165,23.542925997627833,0.9892633455592366,34.775899276127575,33.42632038644797,33.7112038679785,7.778819922148976,34.697193159796946,0,0,0,0,0,0.23077520159926834,0.5591145168592213,4.767979115642767,0.44983429416183807,32.88689133505057,7.239390870751578
349.9999999986355,299.4168162437258,-1976658.681276638,291180.6996935426,-1685477.9815830954,0.46199414814497164,0.5554753276357154,0.4998701456304161,0.7452959258844221,1.661527443710586,0.8347724751037294,0.33490232947331333,0.7676846525930667,35.72145024780468,0,1.1433910361252568,34.631322186755256,5.286375904570789,23.535851016909874,0.9240054630282337,34.78271029862486,33.379085465481936,33.623878789880735,7.779339950903079,34.69111434221077,0,0,0,0,0,0.21220932495735134,0.5879157084895414,4.730900576935074,0.36853013539251833,32.82361013784622,7.223864623267364
350.9999999986118,300.7557577653428,-1976299.13978301,292482.81069052755,-1683816.3290924823,0.4586142127335311,0.5399982284043476,0.5014552493897293,0.7425961351054697,1.6013477605053872,0.8288982693123339,0.3274430199226046,0.7670583021740001,35.65643510982932,0,1.0671162219699433,34.596229210011444,5.381013982226307,23.6155952264009,0.9018987271308729,34.833722664034894,33.394676382651085,33.694894245761816,7.849234020690631,34.745816683914995,0,0,0,0,0,0.22706007376965243,0.5271179935655956,4.841015753821959,0.3619004987265253,32.854678154246734,7.309235792286283
351.9999999985882,300.5581335745946,-1976842.9200319499,292290.6225867986,-1684552.2974451513,0.456238614567928,0.5415897757163943,0.5014041966760281,0.7353019783415626,1.6115597436918518,0.8108868900514332,0.3094826933754051,0.7806628400909243,35.60991776652577,0,0.9773850363014533,34.59375213176895,5.4182923925110344,23.62498713508444,0.8516191089795431,34.78849885323626,33.405432408099045,33.71882717494617,7.808911527326629,34.76859866667735,0,0,0,0,0,0.23907306437453002,0.435795260585059,4.87670261679464,0.31002933326314874,32.86384263238265,7.267321751610234
352.99999999856453,301.6274511062423,-1976541.0155043192,293330.5261933025,-1683210.4893110166,0.461951687931335,0.5323007844252992,0.4978097042794755,0.7460891996504717,1.655869291360414,0.8337417876970954,0.3359320834176199,0.7733390701590981,35.606671773376775,0,0.9693170476603594,34.595572019267024,5.3573594545477725,23.588257400156124,0.9389186642074332,34.79854228709431,33.408088585443785,33.718191894281745,7.802874664501097,34.77875408513762,0,0,0,0,0,0.24103828573379893,0.43701626323506026,4.825058670122473,0.40661787978213404,32.87578780101849,7.270573880075798
353.9999999985409,300.42426988219194,-1976083.7069290616,292160.44110899663,-1683923.265820065,0.46259278288989525,0.5463792680009472,0.5010578709234472,0.7591417513290359,1.6889730487496273,0.8328574906046728,0.3317996196812256,0.7709205788498918,35.479411916355815,0,0.920355797084071,34.64828083947148,5.3274381708822744,23.526943004988695,0.950099908044109,34.83184833979712,33.46538740663448,33.72457535864186,7.821104519113571,34.828407821639075,0,0,0,0,0,0.2245413108489447,0.37397652908312384,4.781058902881327,0.4037206400431619,32.91900813863353,7.274725251112624
354.99999999851724,299.16128203241175,-1976147.1765848026,290932.1945114372,-1685214.9820733652,0.46926052221152936,0.5371213994332571,0.5015036379590699,0.7493575219541565,1.625071839508724,0.8245826119343724,0.3230789739753025,0.7671890395250074,35.547501104490436,0,1.022775906488512,34.609210201288136,5.293774465732923,23.497222131351066,0.9391066752046058,34.744627327856165,33.432320264802286,33.69205621338756,7.801870062922944,34.74351844286093,0,0,0,0,0,0.2300676400917503,0.4856545070552549,4.756653066299666,0.4019852757713487,32.895198865369025,7.264748663489687
355.9999999984936,300.1198206037861,-1976841.1323781721,291864.36637605564,-1684976.7660021165,0.44854283938030637,0.536741383038847,0.497888062048562,0.7338269519900695,1.5889833948424759,0.8268739608813409,0.3289858988327789,0.7772499597846991,35.588153792475325,0,1.0547016654122991,34.53693250646029,5.305212093448517,23.457512893284104,0.8795288929331813,34.82806709523231,33.308004451975194,33.53846898954396,7.894502999806782,34.761243221897644,0,0,0,0,0,0.24050857674585213,0.5179602823734522,4.76847071040967,0.34278750989433426,32.77126306893635,7.357761616767935
356.99999999846995,300.4290613486156,-1978080.3463572897,292165.1007756223,-1685915.2455816674,0.4636144237958817,0.5457661906604176,0.5005611872637452,0.7269932453247776,1.6759486473523655,0.8332856366084511,0.3327244493447059,0.7619740210898129,35.54543868771316,0,1.0561965450328312,34.61467623416377,5.265725945385412,23.37755673518825,0.8486170426143786,34.762602809522434,33.33424755337272,33.55882752454454,7.79540791564709,34.78935565766545,0,0,0,0,0,0.2162078304293953,0.5104303543724136,4.719959754724995,0.302850851953961,32.788481362712304,7.249641724986672
357.9999999984463,300.4313332816534,-1978271.9883471243,292167.3102141565,-1686104.6781329678,0.447862057712195,0.5441488177598472,0.5023521544030592,0.7570248368809169,1.6437958740026666,0.8514495193040933,0.34909736490103405,0.7724199174505308,35.61545522922836,0,1.043738390493365,34.58159712903125,5.245285124819937,23.384218254069157,0.8646444574413037,34.737580065440454,33.28597364520817,33.5186043532932,7.838979533495319,34.73511109293584,0,0,0,0,0,0.2282710996906836,0.4995895727335178,4.701136307060089,0.32049563968145645,32.741824827448326,7.294830715735472
358.99999999842265,299.6455662311227,-1979431.782341171,291403.1574105831,-1688028.624930588,0.45448465830324736,0.5423203034989745,0.500639435938196,0.7086529882191837,1.7279459716346466,0.8253074638072246,0.3246680278690286,0.7666229752071594,35.54425701711591,0,1.0004390905625016,34.573151036788175,5.297710040546953,23.324658796445704,0.9005611658830102,34.551445179710086,33.23358285105974,33.47734671254511,7.852074988518105,34.68470206935308,0,0,0,0,0,0.22430267170818485,0.45811878706352704,4.755389737047978,0.35824086238403563,32.69126254756076,7.30975468501913
359.999999998399,300.2588168321153,-1978978.171237018,291999.539208121,-1686978.6320288968,0.4527065765659213,0.5379419146048807,0.4987511992446794,0.7210775451168665,1.5503308686068822,0.8516580245111536,0.35290682526647416,0.7763592310622602,35.48119873764472,0,1.1025302821304983,34.55431231615853,5.195174382184064,23.340079385115303,0.9185907750839659,34.51323882162035,33.40045114265598,33.638204374587644,7.832600872795581,34.72358268692642,0,0,0,0,0,0.2384173164573795,0.5645883675256176,4.657232467579183,0.3806488604790852,32.8625092280511,7.2946589581907
360.99999999837536,300.5576193176082,-1977781.7633255832,292290.1224755791,-1685491.640850004,0.45468591561035243,0.5399052718086832,0.4973769985247578,0.7063447012383914,1.6108673506558233,0.8112516757841882,0.3138746772594304,0.7618121565308327,35.58819086557446,0,1.0352465985328463,34.51305841341815,5.245362399458713,23.305408981487005,0.8817215920743173,34.51470681386752,33.41332616480297,33.65627914242657,7.868950096027291,34.616375347825084,0,0,0,0,0,0.22190688472214948,0.4953413267241631,4.70545712765003,0.34181632026563413,32.87342089299428,7.329044824218608
361.9999999983517,300.2202260127812,-1977591.287709944,291962.0099139537,-1685629.2777959902,0.46276861606370767,0.5521457671818384,0.5002759246645889,0.7378264591843511,1.5944349456761024,0.823824583901412,0.3235486592368231,0.7708912243681052,35.58012566134926,0,1.0128091094347198,34.507064325336046,5.182404154503132,23.221177619662797,0.9386690804674158,34.53830446456084,33.42482665108946,33.656338041995014,7.8743025965159035,34.61179576858808,0,0,0,0,0,0.2187454571862668,0.4606633422528814,4.630258387321294,0.38652331328557743,32.87268088390762,7.322156829334065
362.99999999832806,299.55451673133774,-1976905.603485968,291314.61242708244,-1685590.9910588856,0.45502771006639353,0.5374016132427926,0.5007590014711617,0.726187508328012,1.5952914521972588,0.8352679829676574,0.33450898149649566,0.7648751264772393,35.58821310524581,0,1.0468007532352885,34.54248679934756,5.222070430506477,23.271302928647145,1.065318764539981,34.53946160639771,33.44205716999954,33.68299789439442,7.900692165552655,34.64429186052848,0,0,0,0,0,0.22747351323444676,0.509399139992496,4.684668817263685,0.5279171512971885,32.90465555675675,7.363290552309863
363.9999999983044,300.2627188909863,-1976949.3233546503,292003.3339323004,-1684945.98942235,0.4531152002302523,0.5434014570537808,0.5000851908816009,0.7320490572074627,1.5546634628665181,0.8325466252044387,0.3324614343228378,0.7515133991984264,35.47316973337024,0,1.0462679261358687,34.5187527826651,5.210181240484321,23.292747018808655,1.1615731303895203,34.49931234452379,33.51681082723917,33.76255858635329,7.930058205383375,34.7656604671123,0,0,0,0,0,0.20811194214464557,0.5028664690820879,4.66677978343054,0.6181716733357394,32.97340937018539,7.386656748329594
364.99999999828077,299.25702309171726,-1979116.6272650957,291025.302002819,-1688091.3252622767,0.4643209279727647,0.5441599781478068,0.5016070522627311,0.7461124402353008,1.5333189443492863,0.8266672077269975,0.3250601554642665,0.7773996075270126,35.41530961339225,0,1.0714073803084752,34.66417795455743,5.32472088881577,23.369583231324384,1.115148588642949,34.52206818154437,33.57245202226227,33.8133609330813,7.911295266580865,34.89557281401443,0,0,0,0,0,0.23323962937920584,0.5272474021606683,4.780560910667964,0.5709886104951423,33.028292044114465,7.367135288433058
365.9999999982571,299.94225580293624,-1977737.516704876,291691.685884689,-1686045.830820187,0.452109232601555,0.5345181320742629,0.498503987350643,0.7455460177595921,1.5438060143820778,0.8237037107576117,0.32519972340696873,0.744301746338782,35.551825330933525,0,1.0311031031472346,34.681542057881984,5.219126678723676,23.342775299456736,1.0905667245298503,34.48947386154896,33.56256111672988,33.77022209392385,8.008085463440722,34.810052063223,0,0,0,0,0,0.20978361426451908,0.4965849710729717,4.684608546649413,0.5560485924555874,33.02804298465562,7.473567331366459
366.9999999982335,300.81704357088705,-1976251.2200134546,292542.410695509,-1683708.8093179455,0.45157801173361456,0.5414568622569558,0.49927836958780775,0.7451232890573998,1.505984224960443,0.8406952404413367,0.34141687085352895,0.7756357840914188,35.50954088617851,0,1.076183171422013,34.60663405656794,5.30267347083722,23.381826636314358,1.0399673130599734,34.55124750542814,33.659945449123484,33.90156744585374,7.980331663858266,34.853257300213045,0,0,0,0,0,0.23417892183446298,0.5347263091650571,4.7612166085802645,0.4985104508030176,33.118488586866526,7.43887480160131
367.99999999820983,300.8953658427894,-1976953.333100833,292618.5785414577,-1684334.7545593753,0.45578153458357384,0.5412765962702046,0.5009214588159943,0.7299009100889498,1.5388321071301725,0.8193432057216925,0.31842174690569824,0.7662185312898186,35.51514740064533,0,1.0707813002006858,34.53069832471704,5.25166655947118,23.351851748766535,1.0625126873861248,34.449379611250095,33.609773502556095,33.83728574174995,8.032801575909808,34.841051339530964,0,0,0,0,0,0.22494193501961401,0.5295047039304812,4.710389963200975,0.5212360911159202,33.06849690628589,7.491524979639603
368.9999999981862,301.00257582972995,-1977903.5039684512,292722.83948245336,-1685180.6644859978,0.45801989338196947,0.5411026903346965,0.4994559340268319,0.7447183144874356,1.5435347595292814,0.8272351038042605,0.32777916977742855,0.7669583311107129,35.4894934502575,0,1.0170000508062955,34.611683664123575,5.290634738771374,23.459955284383796,1.1351730777052866,34.44946457172921,33.65491245992939,33.89231594473608,8.009803347882524,34.872756788829804,0,0,0,0,0,0.2258556407760164,0.47589736047159903,4.749532048436677,0.5940703873705901,33.113809769594695,7.468700657547828
369.99999999816254,300.4908194115013,-1977806.8989946991,292225.1600474707,-1685581.7389472285,0.456034654813243,0.5350903747151694,0.49821485452950537,0.7309413214334928,1.482427409072578,0.824596980895377,0.32638212636587166,0.7616718052083584,35.47416737031676,0,1.0443088009406605,34.6420696817795,5.233538847624203,23.46875617945301,1.0297021828738422,34.581651916663986,33.60808840796483,33.86193897519752,7.981194436811499,34.802966703951995,0,0,0,0,0,0.22658143049318902,0.5092184262254911,4.698448472909034,0.4946118081586728,33.07299803324966,7.44610406209633
370.9999999981389,300.2499693012424,-1979063.3295763545,291990.9350479992,-1687072.3945283552,0.457409211356417,0.5493537876487018,0.5019118310312294,0.7340930341603258,1.511315783005621,0.8415917051464754,0.339679874115246,0.7760584324794855,35.5069928142579,0,0.9826268991986087,34.68754913425107,5.33358877484477,23.457576712423148,0.9348327019611196,34.563130101276556,33.571169898716335,33.813122227138365,7.997826132706134,34.817926953202914,0,0,0,0,0,0.22670464483078367,0.4332731115499069,4.7842349871960685,0.38547891431241776,33.021816111067636,7.448472345057432
371.99999999811524,299.48269770506005,-1977364.9008700922,291244.76894071716,-1686120.131929375,0.4482663414315491,0.5423635442375971,0.49932780619786626,0.739269626806573,1.4953848642032241,0.8034867678021623,0.30415896160429606,0.7717857105921677,35.47108701833781,0,0.9238726264719102,34.700601459714335,5.261774091652661,23.453298071671497,0.888789637612863,34.56348000969183,33.46207974210711,33.71621590809855,7.994144514822217,34.78494118104902,0,0,0,0,0,0.22942216635457058,0.381509082234313,4.719410547415064,0.34642609337526586,32.91971619786951,7.45178097058462
372.9999999980916,299.50207798500617,-1978420.0958013646,291263.6161235366,-1687156.479677828,0.4604377118656655,0.5386833481427624,0.5009614998892415,0.7458729545337395,1.4898983535769332,0.816014003031185,0.31505250314194344,0.7694963017651908,35.562916115638274,0,1.0011784522669025,34.678295962965365,5.2764678153362485,23.432255739270545,0.924026672567579,34.57839589052765,33.49218354666155,33.744491104372315,7.982061844723233,34.88693667032226,0,0,0,0,0,0.23081295362242837,0.4624951041241401,4.737784467193486,0.38534332442481656,32.95350019851879,7.443378496580471
373.99999999806795,300.4346211642409,-1977330.8616629764,292170.5076563188,-1685160.3540066576,0.43800188182810906,0.5414339911104069,0.5012775376749941,0.743500983289481,1.514127700971379,0.8538380313034724,0.3525604936284783,0.7552094316607576,35.61775276275796,0,0.9662696409546196,34.72567858678394,5.3228855229549765,23.465202117047568,0.9837460270263065,34.61033870439462,33.45280279451106,33.65562819754069,7.898927514270497,34.86665061185556,0,0,0,0,0,0.2137754405503507,0.42483564984421274,4.78145153184457,0.4423120359158996,32.91136880340065,7.35749352316009
374.9999999980443,300.89671144064283,-1976539.4506255537,292619.88712568954,-1683919.5634998642,0.46342223484811873,0.5376442705368609,0.49946126080783726,0.7411115497432839,1.50419359531476,0.8426513711947607,0.3431901103869235,0.7691274255731306,35.57290552775521,0,0.912219891003641,34.588214629325336,5.434027907485472,23.486310679055265,1.0511797048361586,34.60495751635697,33.37215796539031,33.574077484442796,7.8629284420080126,34.80589944981318,0,0,0,0,0,0.2314831550362697,0.37457562046678006,4.896383636948611,0.5135354342992977,32.83451369485345,7.325284171471152
375.99999999802066,301.8685365964298,-1977076.9885963425,293564.98009806115,-1683512.0084982812,0.46112732606143947,0.5410815939362488,0.5018568178273778,0.7401698134528587,1.4639926866970505,0.8263114780969596,0.3244546602695818,0.7809527311797613,35.52503436690574,0,0.8856415268985991,34.55309634694822,5.3249135194041095,23.491994193028063,0.9801413690396057,34.516348303156974,33.32282311508726,33.5318462585293,7.84580324403159,34.764284222723745,0,0,0,0,0,0.2398711372435125,0.3445599329623503,4.783831925467861,0.4390597751033569,32.78174152115101,7.304721650095341
376.999999997997,300.8491035410715,-1978539.0765593536,292573.58878586337,-1685965.4877734901,0.4537981051932798,0.5421434650346648,0.5019420939652666,0.7324296528452336,1.542778797233563,0.8041465135770389,0.30220441961177236,0.7732388462839044,35.54925994418454,0,0.8866154698060145,34.53843146442205,5.3204874422916575,23.417135674217633,0.9052784503274673,34.53615362411222,33.27958157125693,33.496236039103906,7.884992225129139,34.73824648489807,0,0,0,0,0,0.23109538124923956,0.34447200477134965,4.778343977256993,0.3631349852928025,32.737438106222264,7.3428487600944745
377.99999999797336,300.82211738935774,-1978354.2386958525,292547.344947469,-1685806.8937483835,0.4492002378357536,0.5452876799960968,0.49865516045566255,0.7412265432044398,1.443766896428322,0.832696753856903,0.33404159340124046,0.7518674690579314,35.52916812026115,0,0.9671420482726893,34.54277044040758,5.3930869606228065,23.492133390003744,0.9356611804204853,34.45285994589858,33.27053591758454,33.494862745553746,7.879010664187747,34.73808007663263,0,0,0,0,0,0.2065797890618346,0.4218543682765925,4.84779928062671,0.39037350042438845,32.725248237588445,7.33372298419165
378.9999999979497,300.3333613902804,-1977839.5798762478,292072.03325463843,-1685767.5466216095,0.4486017629775807,0.5435945539079743,0.4998924594475642,0.7682289900291721,1.4633789960061279,0.837613214064588,0.3377207546170238,0.7599901595396723,35.46502017255784,0,1.029929534807902,34.46978439050025,5.4444064948964535,23.42124617716337,0.9206991957013102,34.38003569774122,33.13425785432736,33.45559404398307,7.87779017540862,34.75351982369034,0,0,0,0,0,0.21639560563169802,0.48633498089992777,4.900811940988479,0.3771046417933359,32.590663300419386,7.334195621500646
379.99999999792607,300.5352872196717,-1976972.6606810503,292268.4046710003,-1684704.25601005,0.45443369558955293,0.5379658207222553,0.49946656096199765,0.7107890619264641,1.3985047494302272,0.8076122362552132,0.3081456752932155,0.7709051000602667,35.504404918390605,0,0.9865725299391812,34.55382330963005,5.494832188685692,23.509461667557616,0.902303195607356,34.39505628887821,33.11682505142226,33.43656816282032,7.897914070054156,34.80401506599344,0,0,0,0,0,0.2329392793380114,0.4486067092169259,4.956866367963436,0.36433737488510065,32.578859230700004,7.359948249331901
380.9999999979024,299.28510799011923,-1977026.155704312,291052.6143644629,-1685973.5413398491,0.46010772531943545,0.542133391715267,0.5016425232796139,0.756099481973818,1.5198226624493287,0.8266222204130219,0.324979697133408,0.7545485345075829,35.54074525733341,0,1.018014424139567,34.555646784056535,5.480825941285364,23.543502020185883,0.935593833183411,34.379201263004234,33.219184645907404,33.52744907180863,7.861699313425007,34.79660122102575,0,0,0,0,0,0.21241514279231588,0.4758810324243,4.938692549570097,0.3934604414681441,32.677051254192136,7.3195659217097395
381.9999999978788,299.9542420025222,-1977852.2935954817,291703.3423775537,-1686148.951217928,0.4612901024215219,0.5401655118713027,0.499466501152799,0.7526641470336116,1.4704986466883234,0.8289214635047013,0.3294549623519023,0.7725802229294327,35.49915007084746,0,0.9596947082393008,34.58097796818305,5.392265667013589,23.572146944618765,0.8923767260920092,34.42655128600995,33.20004014361223,33.504827780721826,7.902042640168617,34.81712893277677,0,0,0,0,0,0.23241471105813005,0.4195291963679981,4.852100155142287,0.35221121422070656,32.65987463174093,7.361877128297314
382.9999999978551,299.97064089541607,-1978368.447671935,291719.2901829139,-1686649.157489021,0.45663206058319794,0.5359645663078769,0.5002637396198468,0.7424265480208181,1.495723626611305,0.829271554542302,0.3290078149224551,0.7706522533557099,35.46291701362938,0,0.9670589018734823,34.537032284269,5.444383569398923,23.6300038981517,0.8886007758880003,34.470921425492406,33.193697060769864,33.52057130878916,7.879128110062339,34.7742509845948,0,0,0,0,0,0.23468768704783294,0.4310943355656054,4.908419003091046,0.3526362095801234,32.65773249446199,7.3431635437544625
383.9999999978315,300.282528203267,-1978229.3917189687,292022.59834597865,-1686206.79337299,0.46074162682721553,0.5520873842389236,0.5011218090959699,0.7232650147636157,1.537305266689735,0.8167143600598391,0.3155925509638692,0.7657466759107283,35.46286814785796,0,0.9388309996639101,34.61315475113065,5.446507648585339,23.65160129624371,0.8918722354721806,34.43022611293509,33.241727159131756,33.552624626154056,7.825559384250937,34.77790902944702,0,0,0,0,0,0.21365929167180475,0.3867436154249866,4.894420264346415,0.3397848512332571,32.68963977489283,7.273472000012013
384.99999999780783,301.1304795909223,-1978795.3774365783,292847.224970031,-1685948.1524665472,0.46369316328307697,0.5429030227884635,0.5023120673757502,0.7428624396120753,1.4555937076586232,0.8527182945817029,0.3504062272059527,0.7694774773201036,35.44245255697888,0,0.96619588440586,34.640179861922434,5.483901169644426,23.62417039978871,0.8747752446305537,34.42902316436965,33.31426126880899,33.58653550822794,7.8570663229737505,34.84336546425732,0,0,0,0,0,0.22657445453164016,0.42329286161739654,4.9409981468559625,0.3318722218420902,32.771358246020526,7.314163300185287
385.9999999977842,298.7304554702134,-1978766.626720827,290513.21877920796,-1688253.4079416192,0.4462403882928023,0.5440046298443226,0.4976162121469464,0.7521544969699221,1.513167034076755,0.8621130746479728,0.3644968625010264,0.766851394935987,35.453712968527725,0,0.9737469485784493,34.69615165831851,5.494652346298551,23.61360880298122,0.9385996499662776,34.45014780674171,33.33580403019394,33.63548041066156,7.857436476541935,34.897548113351945,0,0,0,0,0,0.22284676509166434,0.4297423187341267,4.950647716454228,0.394595020121955,32.79179940034962,7.313431846697612
386.99999999776054,297.34361763062066,-1978386.86921167,289164.5289575735,-1689222.3402540965,0.4596995725281128,0.5415768389545033,0.5031155132486329,0.7537664867587202,1.4257565133256165,0.8528838061571316,0.34976829290849865,0.7762173137590818,35.43666936557531,0,1.0003708368764528,34.72551753221916,5.59227321541292,23.60033961963879,0.8500273381806593,34.486612229172806,33.365694807826,33.67261918454864,7.885748680832975,34.89372678816957,0,0,0,0,0,0.2346404748045785,0.4587939979219495,5.050696376458417,0.3084504992261561,32.8241179688715,7.344171841878472
387.9999999977369,299.18619206336575,-1978925.4445587508,290956.419337329,-1687969.0252214218,0.4519495574101615,0.5442671593716017,0.49996274178838374,0.722950010680167,1.3865808681152778,0.8184292944439342,0.31846655265555046,0.7691100989785795,35.41548093771769,0,1.0048505294583059,34.73280157241311,5.603905959541677,23.57930947677579,0.9214951110157976,34.41851350230422,33.36187426164054,33.65982767864671,7.855613649438872,34.90246783630607,0,0,0,0,0,0.22484293960697777,0.46058337008670414,5.059638800170076,0.37722795164419587,32.81760710226894,7.311346490067271
388.99999999771325,299.591872282106,-1979677.0354389548,291350.9404314564,-1688326.0950074985,0.46224090459241407,0.5437460717285081,0.5005169860160833,0.7435731716428737,1.4461520015196658,0.8425623576167418,0.3420453716006585,0.7709570266166317,35.41200215435606,0,0.9836115382301518,34.71751071701351,5.612844396349928,23.638857213191642,0.9198003357764346,34.459139662146754,33.28299244730874,33.58506064091455,7.8476903050791265,34.94693273151813,0,0,0,0,0,0.2272109548881236,0.4398654665016437,5.06909832462142,0.3760542640479265,32.73924637558024,7.303944233350618
389.9999999976896,299.4160877841134,-1978620.6213822067,291179.9912718103,-1687440.6301103963,0.45000535106531303,0.5440062242854675,0.5015564026740542,0.7162962094767549,1.3739337745952174,0.8310945479738274,0.3295381452997732,0.7739131474892604,35.35533902875297,0,0.9810999182398525,34.76660320628207,5.664272312372969,23.624657260044444,0.8964802659565994,34.371165981167906,33.204633751313054,33.49100446724495,7.76999316636288,34.8890240356576,0,0,0,0,0,0.2299069232037929,0.437093693954385,5.120266088087501,0.35247404167113183,32.660627527027586,7.225986942077412
390.99999999766595,300.5384473181903,-1978292.4914941676,292271.4778440749,-1686021.0136500928,0.46724442976441516,0.5416316830961314,0.5015617093369902,0.7431447907756983,1.4342185357146136,0.8473287909955712,0.34576708165858105,0.767113120201186,35.45518176277085,0,0.9888657979114694,34.77613511231664,5.543914728577526,23.760703297721136,0.9517527511918509,34.38058772374359,33.189555001939084,33.44500123360535,7.646496116935836,34.887852577823764,0,0,0,0,0,0.22548143710505464,0.44723411481533804,5.002283045481395,0.41012106809571947,32.647923318842956,7.104864433839705
391.9999999976423,302.3463722178022,-1978778.1107932888,294029.6718021385,-1684748.4389911504,0.4496976187945507,0.5391364437481627,0.4977049206949574,0.7320363792884059,1.5283942033082951,0.8264795544301704,0.328774633735213,0.7615774761903236,35.4562421609059,0,0.9978302249043676,34.68705089402556,5.517557149089101,23.696491293214358,0.8940374870839902,34.29302859061272,33.27039613781551,33.50074135794296,7.690151128573071,34.796252008171564,0,0,0,0,0,0.22244103244216085,0.45869378115620485,4.978420705340938,0.3549010433358275,32.73125969406735,7.151014684824908
392.99999999761866,301.4835890001613,-1977861.319357913,293190.6213301302,-1684670.6980277828,0.46040993853436407,0.5423923790423895,0.502141834599512,0.7208502009986137,1.5199993165594563,0.840254549619358,0.33811271501984597,0.7688242450303466,35.4513922624389,0,0.9981470380581801,34.758418853404265,5.452579806015976,23.71170768224897,0.858194713968687,34.2924769069906,33.31812792875837,33.62361681915422,7.704030851115647,34.87246603635367,0,0,0,0,0,0.22643186598795717,0.4557546590157906,4.910187426973586,0.3158023349262975,32.77573554971598,7.161638472073257
393.999999997595,301.25975295492754,-1977686.073876325,292972.9423864908,-1684713.1314898343,0.45743601745368156,0.540473993922431,0.4997989563729482,0.7371258276384527,1.5908546344829384,0.8247558270945599,0.32495687072161167,0.7526013340014268,35.43150186626758,0,0.9929603160388485,34.69853487151647,5.501658436733035,23.77376300891217,0.888942289927563,34.32379056876215,33.422695480752765,33.716403419359835,7.636241619428247,34.94630753213852,0,0,0,0,0,0.2121273400789958,0.4524863221164175,4.961184442810604,0.34846829600513196,32.88222148683033,7.095767625505816
394.99999999757136,300.8060083266919,-1978612.554747194,292531.6789999204,-1686080.8757472737,0.46330122456922584,0.5303164495897743,0.49889904480862096,0.73688775238246,1.5670456204352057,0.8391869501571204,0.34028790534849945,0.7613264034191936,35.40688208682582,0,0.9387751399894757,34.71661896125511,5.578156595294871,23.819405543531616,0.894728346006481,34.31929831373395,33.37135827090185,33.661734244199124,7.511404673751869,34.8521448197838,0,0,0,0,0,0.23100995382941925,0.4084586903997014,5.047840145705097,0.3644118964167067,32.841041821312075,6.981088224162095
395.9999999975477,298.36276401447446,-1979554.956488043,290155.6414837956,-1689399.3150042475,0.45828200697232546,0.5443424426444228,0.4976405235458327,0.7435644315523677,1.6520990184961235,0.8267770240890343,0.3291365005432016,0.7552567669669572,35.53124946880081,0,0.9404507082548239,34.668511583863165,5.659268884177408,23.833519302678667,0.9225050066093949,34.38908298663324,33.44735035145919,33.72108612262741,7.510308503942994,34.79873511430753,0,0,0,0,0,0.21091432432253443,0.39610826561040113,5.114926441532985,0.37816256396497216,32.90300790881477,6.965966061298571
396.99999999752407,300.0826191526822,-1980908.6570304632,291828.1882324966,-1689080.4687979666,0.45945373722798477,0.5370921655938261,0.4993027022004013,0.7504199707284895,1.6540163888614288,0.8393730510623135,0.34007034886191223,0.7528134097966088,35.47903288758823,0,0.9115188529175118,34.6066830891084,5.635335308795291,23.812187286327728,0.9070656222961997,34.28070781868723,33.3542137194367,33.65279919028296,7.510522953988463,34.88187291986799,0,0,0,0,0,0.2157212442027827,0.37442668732368567,5.098243143201465,0.3699734567023736,32.817121553842874,6.973430788394637
397.9999999975004,300.155602434246,-1980351.076642014,291899.16394875164,-1688451.9126932626,0.46189579647174694,0.5450999018832468,0.49864755057654037,0.725333612172328,1.6178028368547022,0.8334726226545053,0.3348250720779649,0.7619565483215354,35.492127795153124,0,0.9830733506658409,34.580973038709544,5.522124492112084,23.84625045256712,0.9159436493023918,34.33341079944671,33.40602483418005,33.69066306365028,7.561667727830624,34.838061392951204,0,0,0,0,0,0.2168566464382886,0.43797344878259414,4.9770245902288375,0.37084374741914505,32.860924932296804,7.016567825947377
398.9999999974768,299.36064043698735,-1977894.665661294,291126.0691256368,-1686768.5965356573,0.4545477744219184,0.5343351509664744,0.4992759982802254,0.7556094335526335,1.513316738862426,0.832067390140469,0.33279139186024365,0.7749262316003733,35.47323120354895,0,0.9744765626855427,34.58636631281945,5.455979068542632,23.865467398838803,0.8384417209882322,34.36867617803847,33.3123146127341,33.617174906646824,7.53180774078659,34.79339674452581,0,0,0,0,0,0.2405910806338989,0.4401414117190683,4.921643917576158,0.3041065700217578,32.77797946176762,6.9974725898201156
399.99999999745313,299.38824924612584,-1978737.846121747,291152.9184938971,-1687584.9276278499,0.4568013623538283,0.5343173316560303,0.500216188649226,0.7409926635485018,1.6181486741784674,0.8462466975293256,0.34603050888009956,0.7738639898147337,35.58501523083396,0,0.9689103714489722,34.579248543218796,5.445786991423322,23.86778401758545,0.8298479040543523,34.36472398396654,33.451357133577744,33.70807292367698,7.58906059398646,34.74947318165397,0,0,0,0,0,0.23954665815870335,0.43459303979294184,4.911469659767292,0.2955305723983219,32.91703980192172,7.05474326233043
400.9999999974295,299.0809396078121,-1979038.1282318123,290854.062081524,-1688184.0661502883,0.459268818589444,0.5415798978107582,0.4968481427055619,0.7531989707472926,1.7829453469646168,0.8603291959030104,0.3634810531974485,0.7678278456322918,35.64727794365444,0,0.9876693567808799,34.57625929669325,5.404990415745715,23.869460914711098,0.9036217720500321,34.417857901336134,33.33514127112744,33.639420687901634,7.5546997149056665,34.73756048087323,0,0,0,0,0,0.22624794782153357,0.44608945897012164,4.863410517934957,0.3620418742392739,32.793561373316685,7.013119817094909
401.99999999740584,298.47678544230797,-1979748.1416130401,290266.5265020559,-1689481.6151109843,0.46544412616889197,0.5426129390296257,0.5019953659191039,0.7381598935902741,1.7104828733484787,0.8628561831779445,0.36086081725884067,0.778457225426799,35.46518264024019,0,1.0608063760984852,34.67553092740661,5.470892044447382,23.89312011205024,0.8847090637800747,34.39913162889317,33.36783466195618,33.669967748517294,7.4604689269227435,34.67634710354184,0,0,0,0,0,0.23584428639717325,0.5181934370688595,4.928279105417756,0.34209612475044904,32.82522172292656,6.917855987893118
402.9999999973822,300.3771098085756,-1980159.080777932,292114.5782766899,-1688044.502501242,0.4617755311727212,0.5334941067224133,0.49896592530761774,0.7502567298956349,1.7103840650069486,0.8508553175280616,0.3518893922204439,0.7693714193580519,35.429632112642935,0,1.0534032015963675,34.641713808050895,5.388135010671153,23.88322636265142,0.9154017408748523,34.41324155965401,33.34250666028478,33.658311946684535,7.474406882444612,34.766543274864944,0,0,0,0,0,0.2358773126356386,0.5199090948739542,4.85464090394874,0.381907634152439,32.80901255356237,6.9409127757221984
403.99999999735854,298.31677164220196,-1978664.4163370691,290110.9142326449,-1688553.5021044242,0.45894080963941164,0.5382585624339171,0.49973442406782587,0.7527561267799285,1.6138447247554133,0.8254251376339065,0.3256907135660806,0.7671486654930568,35.48790636042099,0,1.0176911126449255,34.658024982143615,5.463900284624174,23.900579531535094,0.847486381772879,34.352422399774696,33.25772995058708,33.58040782613466,7.449932206250892,34.720299877028424,0,0,0,0,0,0.2288901030591397,0.4794325502110084,4.925641722190257,0.30922781933896193,32.71947138815316,6.911673643816975
404.9999999973349,299.1853572591893,-1979463.593596153,290955.60749627324,-1688507.9860998797,0.4455554367000909,0.5413105782530625,0.49955887829659534,0.707913358425678,1.588927798801965,0.8552631072014465,0.35570422890485115,0.7633872320075508,35.48315419733198,0,1.0312045222464796,34.59475309115879,5.377106582649674,23.84806718271699,0.8632601350801661,34.35755249936483,33.32814349622976,33.62858280821405,7.4229693045372045,34.665734081198025,0,0,0,0,0,0.22207665375448826,0.4898939439934171,4.835796004396611,0.3219495568271036,32.786832917976696,6.881658726284142
405.99999999731125,299.2886201773273,-1978430.5205639638,291056.0299412549,-1687374.490622709,0.45807759895867584,0.5406636186263061,0.4981301344783616,0.7225282196625445,1.6158271153566268,0.8296224539194271,0.33149231944106555,0.7743322231010277,35.48762124518473,0,1.0574286442543865,34.57813871640826,5.4202448555831495,23.888336632364172,0.9899939579786317,34.367410335082695,33.38544603941568,33.610164092533296,7.484732643270707,34.60262965900847,0,0,0,0,0,0.2336686044747216,0.5167650256280805,4.879581236956843,0.4493303393523256,32.84478242078938,6.944069024644401
406.9999999972876,298.9671536229647,-1978351.903760355,290743.4060298739,-1687608.497730481,0.46251106806082376,0.5388703582001533,0.500036338890502,0.7435541667938512,1.6189293620170648,0.8327784282900135,0.33274208939951144,0.7720928893169745,35.43750255776865,0,1.1297549885171883,34.64771160270038,5.398266688511775,23.872059862592494,1.016356519037057,34.390816972782545,33.35884363637069,33.5807296087296,7.409090080026004,34.62216291650088,0,0,0,0,0,0.23322253111682123,0.590884630317035,4.859396330311622,0.47748616083690365,32.819973278170536,6.870219721825851
407.99999999726396,300.3565906394431,-1978478.2912611663,292094.6235323302,-1686383.6677288362,0.4649714896352184,0.5459579311657405,0.4985143806411325,0.7318229766732607,1.6057621854213338,0.8316232553439723,0.3331088747028398,0.7726245190088523,35.512387387003514,0,1.1245330021621065,34.61852830418002,5.479989916482836,23.994410383819343,0.9252535547271261,34.35037445611647,33.289640225686185,33.47947781630734,7.459091969761914,34.67828207334105,0,0,0,0,0,0.22666658784311178,0.578575070996366,4.9340319853170955,0.3792956235613856,32.74368229452045,6.913134038596174
408.9999999972403,301.5259058303727,-1977775.8541753963,293231.7741430696,-1684544.0800323267,0.460903700223664,0.5437276863803566,0.5020631196475523,0.7086967668517161,1.6004805823121817,0.8356074401676281,0.33354432052007577,0.7665158091095456,35.62141942007963,0,1.0748414795861532,34.669908083069686,5.50651956776494,23.930950259959488,0.9754991800527844,34.46172581805797,33.27642699258365,33.54374974576433,7.460431996583154,34.64831142238759,0,0,0,0,0,0.22278812272918902,0.5311137932057965,4.962791881384583,0.43177149367242773,32.732699306203294,6.916704310202797
409.99999999721666,300.5849660517105,-1976807.952511076,292316.71697775216,-1684491.2355333236,0.4538763798299028,0.5398608324443286,0.4991111227957044,0.7518098452594657,1.6888212288025244,0.834385373374765,0.33527425057906063,0.7639989220535766,35.539435354321995,0,1.1095438443259233,34.67680046451687,5.440539117629186,23.966470239957857,1.0016133022320695,34.56800985090274,33.35333719515717,33.58513649140167,7.4176593526527625,34.74320892733499,0,0,0,0,0,0.22413808960924797,0.5696830118815948,4.900678285184857,0.46175246978774087,32.81347636271284,6.877798520208434
410.999999997193,299.6899799216231,-1977457.332486257,291446.349405068,-1686010.983081189,0.45980921359738536,0.5392744147495989,0.5030942075913217,0.7823084545766514,1.5939800350257904,0.825240304400628,0.3221460968093063,0.7612663723653839,35.55632284315118,0,1.0898153904948815,34.724800652343106,5.4049850458714985,23.972639846242032,0.9400656403326195,34.60633494670327,33.36035090076132,33.607170096974656,7.438765031674027,34.759157825510215,0,0,0,0,0,0.22199195761578494,0.5505409757452826,4.8657106311219,0.4007912255830206,32.82107648601172,6.899490616924428
411.99999999716937,300.8816769783483,-1978471.4899179116,292605.266219271,-1685866.2236986407,0.45664932363150346,0.539869412380444,0.49930865835593025,0.7606505100923528,1.5264794823171202,0.8235894573486685,0.32428079899273826,0.7595949594388323,35.571650263483434,0,1.1250669614675246,34.65944297086597,5.369446432193257,24.04075044393317,0.8867229859979235,34.533256711815326,33.311423524025145,33.55171829208916,7.418723765650569,34.75820445630529,0,0,0,0,0,0.21972554705838832,0.5851975490870807,4.829577019812813,0.3468535736174796,32.771554111644704,6.878854353270125
412.9999999971457,301.6863461218311,-1979238.6906816289,293387.8011722524,-1685850.8895093766,0.4553548722705405,0.5400921361214106,0.5001784129976858,0.7380601526832695,1.4711923627100172,0.8181143661344101,0.3179359531367243,0.7709503617625248,35.49197779461039,0,1.1287686032715243,34.69369180859741,5.360447785143549,23.933212359947404,0.864417185764867,34.50862948213438,33.30222374592279,33.596118751068616,7.397973076907496,34.69882354035997,0,0,0,0,0,0.23085822564111425,0.5886764671501137,4.820355649022138,0.32432504964345643,32.76213160980138,6.857880940786085
413.9999999971221,300.04004641272826,-1978702.4185404703,291786.78654917376,-1686915.6319912965,0.4601879180186601,0.5463716017402547,0.49693756903724534,0.720178234243873,1.4617352536798238,0.8663462390684732,0.36940867003122785,0.7662484115016452,35.506167212640776,0,1.0693941483851859,34.67297461370458,5.279899115958811,24.01359288172057,0.9015613997038638,34.561336891938765,33.28768566858548,33.569004490594494,7.407608502249803,34.653474987038976,0,0,0,0,0,0.21987680976139057,0.5230225466449312,4.733527514218556,0.35518979796360917,32.74131406684523,6.861236900509549
414.9999999970984,298.79380614038115,-1976580.9515759014,290574.8268501804,-1686006.1247257208,0.4464483423732801,0.542351604829818,0.4977507136989476,0.7421639719119835,1.4710805885243303,0.8269192035130798,0.3291684898141322,0.7817259865886346,35.587952150354226,0,1.095477928057579,34.61329058123761,5.329951802461416,24.117393256977323,0.9149845511213002,34.61391866449458,33.38296246847267,33.601077847299834,7.436464713330267,34.538854417788116,0,0,0,0,0,0.23937438175881653,0.553126323227761,4.787600197631598,0.37263294629148214,32.84061086364285,6.894113108500449
415.9999999970748,300.9789558755514,-1978526.0889412872,292699.86924694444,-1685826.219694343,0.4609724677979887,0.5432042058231232,0.4993499137959487,0.7518045830951521,1.4106699216544458,0.827376034728636,0.3280261209326873,0.7549685176625478,35.65975428835384,0,1.0860281826527576,34.74862530814778,5.399002752076029,24.08357318506188,0.9124740195388874,34.63897046147281,33.37038155644166,33.58895701768893,7.4656935343006054,34.526596278545355,0,0,0,0,0,0.21176431183942457,0.5428239768296343,4.855798546252906,0.3692698137157642,32.827177350618534,6.922489328477482
416.99999999705113,299.4796844560451,-1976967.4022971988,291241.8385777284,-1685725.5637194703,0.4563763691604401,0.5412317658220349,0.49959580722557456,0.7404447219737702,1.5019965555933794,0.8338650794782148,0.3342692722526402,0.764875040293008,35.595344311080254,0,1.1159671490975636,34.60640180807252,5.369547788443928,24.081921738087203,0.9041379915624557,34.64061518326014,33.32941318462804,33.605640353802286,7.512971441860127,34.59542503317152,0,0,0,0,0,0.2236432744709731,0.5747353832755286,4.828316022621893,0.36290622574042075,32.788181418806005,6.9717396760380925
417.9999999970275,300.57400935119944,-1980024.2237886414,292306.06166533125,-1687718.1621233101,0.46219936094558567,0.5377164703204222,0.49996047675204636,0.7383750044898338,1.423852951550618,0.8225974686566093,0.32263699190456296,0.7679497073540387,35.622554729457754,0,1.0722618680012737,34.65373760487887,5.459501389516902,24.071499365579882,0.9294179923179673,34.55410968227636,33.31446035021651,33.61341639735326,7.468092673640939,34.60369358010189,0,0,0,0,0,0.23023323703361642,0.5345453976808514,4.9217849191964795,0.39170152199754504,32.77674387989609,6.930376203320517
418.99999999700384,300.31471596193995,-1979461.1790310852,292053.9007097187,-1687407.2783213665,0.458339669211564,0.5402229914211656,0.49936587653258757,0.7460442952710871,1.478566500210336,0.8491737551341231,0.3498078786015355,0.7760056828579005,35.65611018513516,0,1.0884029918654248,34.68765508758884,5.460155092566403,24.087799740930052,0.9438715768093076,34.58033063254874,33.283462565553535,33.56042793436529,7.3921376578781235,34.726726009154106,0,0,0,0,0,0.23578269143673491,0.5481800004442592,4.919932101145237,0.40364858538814197,32.74323957413237,6.851914666456958
419.9999999969802,299.72988397390446,-1978440.6000916213,291485.1558088287,-1686955.4442827925,0.46076136605389983,0.5397846957789021,0.5008963785745016,0.7471449843236231,1.4920392648292378,0.8266129882006656,0.325716609626164,0.771936924166349,35.49390828704847,0,1.0549728987490319,34.705360194603685,5.4059693751844975,23.998104656778878,0.8723629496840726,34.46964156851641,33.176517166236266,33.480343349080044,7.357207222344222,34.71358380144136,0,0,0,0,0,0.23215222838744687,0.5151882029701298,4.866184679405595,0.3325782539051705,32.63673247045736,6.81742252656532
420.99999999695655,299.60005110197795,-1978433.6657233238,291358.8942749407,-1687074.771448383,0.4620978579173767,0.5397221151571525,0.49834397935395647,0.7213385312429796,1.4957819616101844,0.8327250362844824,0.3343810569305259,0.775615003607891,35.53661604528122,0,1.0447433752596744,34.68129251740754,5.452930869386357,24.07161725926983,0.8978176956293691,34.556291382035624,33.15637804338178,33.41731150898545,7.3398419642346795,34.712319670841225,0,0,0,0,0,0.23589288845073852,0.5050212601025219,4.9132087542292044,0.35809558047221657,32.616655928224624,6.800119849077527
421.9999999969329,300.3198419411521,-1977689.5181110352,292058.8856876245,-1685630.6324234107,0.4538434167559511,0.5376137424137362,0.5009458965500598,0.7470810470084057,1.5902797408279064,0.8137879083851676,0.31284201183510774,0.7784738905361408,35.436795489877795,0,0.9513724461579651,34.65600235713097,5.422152890035953,24.124920476824855,0.9236559390799481,34.531792169689425,33.16810606781856,33.415468369416544,7.360822628649117,34.676451016813985,0,0,0,0,0,0.24086014812240464,0.41375870374422896,4.884539147622217,0.386042196666212,32.63049232540483,6.823208886235381
422.99999999690925,300.80554377158273,-1977953.435894426,292531.2272234189,-1685422.208671007,0.46237639239168393,0.5344818870278494,0.49981732097706116,0.7608572460397234,1.5292334044137412,0.8340278475821968,0.33421052660513567,0.7747780036187422,35.44698435865723,0,0.9725000118690676,34.693847435956684,5.387008342248407,24.066988160221044,0.8541358471293883,34.52763676552803,33.24038164295973,33.4522239066747,7.289800496989642,34.73802119749706,0,0,0,0,0,0.24029611659089278,0.43801812484121827,4.852526455220557,0.3196539601015389,32.70589975593188,6.755318609961792
423.9999999968856,300.3322002582909,-1977003.128016401,292070.90406213223,-1684932.2239542687,0.45967795901341857,0.5351434607087739,0.5004280665094298,0.7521641697563126,1.5170927769758364,0.8383158878312021,0.3378878213217723,0.7757664749946382,35.52066448088942,0,1.0082454157356224,34.64342441067197,5.388303968798979,24.07627789996252,0.8960728176897232,34.50677798659984,33.17265893261094,33.458684623464364,7.241680588736344,34.71375038771623,0,0,0,0,0,0.2406230142858643,0.4731019550268485,4.853160508090205,0.3609293569809493,32.63751547190217,6.70653712802757
424.99999999686196,298.77757712732716,-1976760.6208790392,290559.0442517423,-1686201.5766272969,0.45631334429781045,0.5402974874463471,0.5002467919956344,0.7288595857801088,1.6214430107330262,0.8414072078040357,0.3411604158084013,0.7632972801552285,35.475110975520124,0,1.039627467812526,34.61957158975891,5.452765966876434,24.11020427142941,0.9440545999251344,34.59702656482534,33.18852625426004,33.42060516462402,7.271536741019119,34.69457854294944,0,0,0,0,0,0.22299979270888137,0.4993299803661788,4.912468479430087,0.4037571124787873,32.648228766813695,6.731239253572772
425.9999999968383,300.249653735742,-1977092.6441758685,291990.62816282036,-1685102.0160130481,0.4633446661802416,0.5420383095556858,0.49871135171267694,0.729902662255725,1.5279287181541186,0.8334395621909044,0.3347282104782275,0.7509424514975134,35.61055545668751,0,1.0490758620243472,34.67875970816442,5.438557049982556,24.073962259430914,0.8931966900393089,34.5445074512113,33.20640824473378,33.51050847297654,7.301294975438509,34.730233906976764,0,0,0,0,0,0.2089041419418276,0.5070375524686614,4.89651874042687,0.35115838048362313,32.664369935178094,6.759256665882823
426.99999999681467,300.4637387472902,-1976643.8075973764,292198.8242963527,-1684444.9833010237,0.45909718205923067,0.5336249301927598,0.5001779208198641,0.7329232457286494,1.481256040704075,0.8317656916446741,0.33158777082480995,0.7716951839450479,35.49945426904445,0,1.013813330574198,34.60790871204085,5.441885372217705,24.107682755661756,0.9258908584853351,34.50642855448723,33.15527014057233,33.460741441739856,7.284646097083893,34.77506196386378,0,0,0,0,0,0.23807025375228807,0.4801884003814383,4.908260442024945,0.39226592829257534,32.62164521037957,6.7510211668911335
427.999999996791,299.83161220685844,-1975762.1033923328,291584.0857835099,-1684178.0176088228,0.4557748130989957,0.5383185420585477,0.4997738460622945,0.7574475009622379,1.5479189192156242,0.8304459373104156,0.3306720912481211,0.7723821679887841,35.461023271622594,0,0.9765355386881218,34.67313183576266,5.4067869689612,24.030455658606456,0.857631637038633,34.607523838152815,33.12545272386137,33.43570015743961,7.309554266079914,34.85345390974925,0,0,0,0,0,0.23406362593023644,0.43821699662957414,4.868468426902652,0.3193130949800853,32.587134181802824,6.771235724021366
428.9999999967674,300.88723066564484,-1976415.5025661923,292610.6671402118,-1683804.8354259804,0.4461439433231833,0.5395250616614966,0.4995370956510958,0.7526565014199562,1.556781319882166,0.8327018976263425,0.3331648019752467,0.7687138362209129,35.47605227635586,0,1.0123321925050828,34.75143837925769,5.397218438084707,24.04734705399909,0.9198052926689178,34.60956928373264,33.16401582512799,33.4668290836147,7.2789929122128285,34.91822555385454,0,0,0,0,0,0.22918877455941633,0.47280713084358617,4.85769337642321,0.38028023100742114,32.6244907634665,6.739467850551332
429.9999999967437,298.8784189568252,-1976415.097551383,290657.1122054397,-1685757.9853459434,0.45294627082662986,0.5403204867308506,0.5013567060406461,0.7445903132776639,1.5219174262983053,0.8497217155105663,0.3483650094699202,0.7721882908979563,35.41738793980153,0,1.0382863370851485,34.743921195800795,5.491752547540493,24.007600993331877,0.8739303663065492,34.50886181503182,33.12568411793916,33.41875834449204,7.32188516278951,34.96115411788401,0,0,0,0,0,0.23186780416710562,0.49796585035429786,4.951432060809642,0.33360987957569854,32.58536363120831,6.781564676058659
430.9999999967201,299.94849693643954,-1977007.4581489675,291697.7553421202,-1685309.7028068472,0.4547738534833732,0.5492585171775808,0.49951483444646794,0.7167307041333517,1.6253881781062134,0.8403615163765952,0.34084668193012724,0.7711153759364713,35.46715735890609,0,1.0465253239182637,34.84069986287864,5.417129890406237,24.007132143785554,0.9172235683118797,34.52000236842582,33.128426830435274,33.45115041574786,7.287344166914352,35.01899468207921,0,0,0,0,0,0.2218568587588905,0.4972668067406829,4.867871373228656,0.3679650511342989,32.579168313257696,6.738085649736771
431.99999999669643,300.2094400054455,-1978001.999380812,291951.52059941785,-1686050.4787813942,0.4582994432687979,0.5376659008936178,0.49842295582874757,0.733130469178155,1.61010123690499,0.8276794270407488,0.32925647121200124,0.7740054261703548,35.44524675925584,0,1.0008106687283806,34.81561155520319,5.465179986055162,24.026706889445137,0.848259211753172,34.64024154777087,33.102670800618625,33.39653678962293,7.332055316679558,35.037931264571625,0,0,0,0,0,0.23633952527673707,0.4631447678347629,4.927514085161544,0.3105933108595542,32.56500489972501,6.79438941578594
432.9999999966728,301.3031971126459,-1979807.5277863778,293015.1915173203,-1686792.3362690576,0.4639203503067679,0.5431856973744082,0.5009784401890561,0.7578812483096087,1.602661349951175,0.8298640337366909,0.3288855935476348,0.7579268673095729,35.476327675996345,0,0.9935977450454968,34.79050615519816,5.468702422916337,24.05075961412126,0.8457929600839718,34.67700755040312,33.11271815283408,33.423186431769636,7.331557284119335,34.99698457050124,0,0,0,0,0,0.21474116993516468,0.45041204767108856,4.925516725541929,0.3026072627095635,32.569532455459665,6.788371586744927
433.99999999664914,300.1644784640871,-1976539.4226342738,291907.795823915,-1684631.6268103588,0.45584873013927174,0.5426216502289325,0.5002584883296649,0.7367122342915682,1.5341554945637101,0.8155039588858769,0.315245470556212,0.7620835140735291,35.48103906433562,0,1.0691128917669568,34.82247750977854,5.394997691497302,24.08127424540305,0.8725866975700676,34.63879286411566,33.07523453586623,33.396036996615294,7.304408435094686,35.03860594093942,0,0,0,0,0,0.21946186384459665,0.5264912415380243,4.85237604126837,0.3299650473411351,32.5326128856373,6.761786784865754
434.9999999966255,301.1552142594633,-1977443.1538030505,292871.2792572378,-1684571.8745458126,0.46249403418330015,0.5408586566046552,0.5010923266976093,0.7476302092495697,1.4963873755928319,0.8316609774637307,0.3305686507661214,0.7804634282509628,35.49880634200187,0,1.0543929583037368,34.759810489022925,5.368384561630194,24.11692983375781,0.9132056826662306,34.65650144985125,33.012995300958664,33.31874642414937,7.312884105321871,35.01080489717572,0,0,0,0,0,0.23960477164630767,0.5135343016990817,4.827525905025539,0.37234702606157544,32.47213664435401,6.772025448717216
435.99999999660184,300.30945421603076,-1976820.7662408873,292048.78369967674,-1684771.9825412105,0.4506767600630841,0.5551631168529774,0.501427683688093,0.722701316342,1.4688790472496045,0.8182234961943784,0.3167958125062854,0.7651341625904191,35.4535568347095,0,1.0195343304103126,34.75318778230212,5.393442878613868,24.18018032390779,0.8852785038076298,34.636122352789585,33.02587119205335,33.32065126450658,7.298043158960553,34.928235678315446,0,0,0,0,0,0.20997104573744174,0.46437121355733524,4.838279761760891,0.3301153869546525,32.47070807520038,6.742880042107576
436.9999999965782,300.06951272391285,-1976460.3863436952,291815.4423248104,-1684644.9440188848,0.4618004560224334,0.5383912355734473,0.4979187208709747,0.7251846189175557,1.4827407226015907,0.8320355540466768,0.3341168331757021,0.7657846580201397,35.48416791670195,0,0.9926369400786026,34.76442104059822,5.3936989158441975,24.20286687497503,0.9001451425884763,34.683126104842245,32.989349735484666,33.2670831326389,7.278322042483964,34.961335184394784,0,0,0,0,0,0.22739342244669247,0.45424570450515533,4.85530768027075,0.3617539070150291,32.450958499911216,6.739930806910516
437.99999999655455,299.13065524438065,-1977367.0841585323,290902.4101804162,-1686464.6739781161,0.45676919953826745,0.5402089020985894,0.49916659894155274,0.7179359506862877,1.51273109003548,0.8547248178073408,0.35555821886578803,0.7711068501821066,35.46973076460512,0,1.023005201232472,34.788621891113166,5.471001686695622,24.262303456507027,0.9317883982049402,34.6652009219755,32.98923103518611,33.27678942432567,7.311640743633276,34.953442797099115,0,0,0,0,0,0.23089794808351716,0.48279629913388256,4.930792784597033,0.3915794961063508,32.44902213308752,6.771431841534687
438.9999999965309,300.91821428223693,-1979283.4776599705,292640.79848444124,-1686642.6791755292,0.4586045742401295,0.550606035721021,0.5022372231606519,0.7551717092296308,1.5402908861793243,0.8327573693657728,0.33052014620512093,0.7788342423157175,35.430387191366435,0,0.9614544057215015,34.751272981164334,5.490806503591713,24.26154550044859,0.8745598329275142,34.68051825852092,33.041408538734984,33.327161286551814,7.3516376119602285,34.892551735178586,0,0,0,0,0,0.22822820659469656,0.4108483700004806,4.940200467870692,0.3239537972064932,32.49080250301397,6.8010315762392075
439.99999999650726,300.17951070737087,-1979659.275536593,291922.4145723615,-1687736.8609642317,0.46100891138545164,0.5458286698122272,0.5009499055946695,0.7454622834459155,1.5077466577835672,0.8385519214156794,0.3376020158210099,0.7703037577594518,35.457135048586224,0,1.0125322031115722,34.69576828088793,5.463180655797046,24.31198460238761,0.9264815135730444,34.718412854682356,33.09213960018582,33.36803749064734,7.389727993732826,34.90314138643629,0,0,0,0,0,0.2244750879472246,0.466703533299345,4.917351985984819,0.3806528437608172,32.54631093037359,6.843899323920599
440.9999999964836,300.08091458730456,-1978270.5076813921,291826.5305549301,-1686443.977126462,0.4623688836830233,0.5439146329392557,0.4985694300916701,0.7572627642088814,1.5815068462537492,0.843086398125491,0.3445169680338209,0.7701606136596526,35.44761523937109,0,0.9884411945646985,34.68830506582687,5.580721660941322,24.311741120666454,0.8770232843693346,34.663403481975195,33.06672024898478,33.36225473336481,7.373108026399805,34.85078407119967,0,0,0,0,0,0.22624598072039692,0.4445265616254428,5.036807028002066,0.33310865143007895,32.522805616045524,6.8291933934605495
441.99999999645996,299.24960142194595,-1978689.7180650271,291018.08448236034,-1687671.6335826667,0.46551522087076735,0.5395598387633611,0.5009873468998991,0.7509767111308889,1.6001642955906255,0.8268976047746253,0.32591025787472616,0.7733892848879185,35.53687052322391,0,0.9991187209605297,34.61496057575363,5.547726159286184,24.32969627675675,0.894548162633944,34.78076976247286,33.04513816453209,33.313479623389185,7.303538330155013,34.85924301626471,0,0,0,0,0,0.23382944612455736,0.45955888219716856,5.0081663205228235,0.3549883238705829,32.50557832576873,6.7639784913916525
442.9999999964363,301.0382129535226,-1979270.640120834,292757.49632895645,-1686513.1437918777,0.4551410519959367,0.5381740466508624,0.49875278447192606,0.7263739425633577,1.4758445187970626,0.8453197759058495,0.34656699143392344,0.7727300205526451,35.39524842704471,0,1.0099193739029673,34.613185158341594,5.570909799417663,24.324450080800318,0.8658689375825759,34.75246648513985,33.06947157474019,33.37466352943227,7.325894759232092,34.776722272521994,0,0,0,0,0,0.23455597390178262,0.47174532725210483,5.032735752766801,0.32769489093171345,32.531297528089326,6.78772071258123
443.99999999641267,300.77654003999993,-1979113.7032417618,292503.02130311704,-1686610.6819386447,0.4600527499631566,0.5345038547464931,0.5004234023255077,0.7648849663298503,1.5605943859829807,0.8375087252022524,0.33708532287674464,0.7723186106469688,35.515456291855855,0,0.9870563758996426,34.59791114849202,5.610086778347352,24.401170131680544,0.8621578272656021,34.73227046493764,33.07473597201465,33.36837997549151,7.31645479464995,34.71422200324197,0,0,0,0,0,0.23781475590047574,0.4525525211531495,5.075582923600859,0.327653972519109,32.54023211726816,6.7819509399034565
444.999999996389,299.6257699467269,-1977023.7464306466,291383.9056664292,-1685639.8407642175,0.45525526913169634,0.5510978616453333,0.5005438206938403,0.7566817407176072,1.6481100730920808,0.8238333291890729,0.32328950849523264,0.7610025398287099,35.49004719671106,0,1.051102066866262,34.496556449460854,5.597761302817645,24.51713621831408,0.8866770488575817,34.724916496308765,32.977842778538616,33.25381836227184,7.345409506588474,34.644559184006425,0,0,0,0,0,0.20990467818337666,0.5000042052209288,5.046663441172312,0.33557918721224844,32.426744916893284,6.794311644943141
445.9999999963654,300.9922143341722,-1977948.5306223333,292712.76300256746,-1685235.7676197658,0.45701291350075035,0.5481998786486084,0.49936625902166126,0.7469612236553829,1.4764108317510107,0.8261453759224179,0.3267791169007566,0.7520105434795781,35.44961020065648,0,1.042821036344236,34.472032191426024,5.673627249280102,24.493047337618748,0.8865007601442727,34.85409311366914,32.965620942285796,33.25262282740323,7.334988686851993,34.607686451890345,0,0,0,0,0,0.20381066483096966,0.49462115769562764,5.125427370631494,0.3383008814956643,32.417421063637185,6.786788808203385
446.9999999963417,299.04205896543067,-1977062.2783920094,290816.25093652826,-1686246.0274554812,0.4609886696146491,0.543242526250733,0.49812120189675296,0.7376337235509087,1.5255901115930826,0.8330512824062186,0.33493008050946566,0.7750918460693175,35.49452132981912,0,1.032853923488176,34.46920632939418,5.625350221978991,24.49106569185375,0.8779392914963751,34.786882087324784,32.97053840571476,33.23983216604529,7.2815557306123395,34.60462062914041,0,0,0,0,0,0.23184931981858448,0.48961139723744296,5.082107695728258,0.33469676524564207,32.427295879464026,6.7383132043616065
447.9999999963181,300.1316877440752,-1976665.5112573504,291875.90708461066,-1684789.6041727397,0.4612043865217039,0.5406112101677909,0.5017480214277832,0.7566055138779193,1.52190305913496,0.8388994158418108,0.33715139441402764,0.7746387430020398,35.587392750727986,0,1.0190973020738188,34.3691624291755,5.5804659534411485,24.454937026032262,0.8676992916334072,34.757295755682776,33.03028923754306,33.32662398893842,7.27602885229976,34.48312888187604,0,0,0,0,0,0.23402753283424893,0.47848609190602787,5.039854743273358,0.3270880814656163,32.48967802737527,6.735417642131969
448.99999999629443,299.1157942939066,-1976126.2423582338,290887.9580129948,-1685238.284345239,0.4614454083856323,0.5447716379842582,0.5011297462888652,0.7470466825074524,1.5170918308936656,0.8346818550260742,0.333552108737209,0.7609407095465386,35.537007088748794,0,1.0377156534756597,34.37314879799078,5.520703017000969,24.515720404356465,0.8519468382111128,34.75416583152705,32.946869456253125,33.248650485399196,7.271139460445099,34.4737458465745,0,0,0,0,0,0.21616907156228038,0.49294401549140154,4.975931379016711,0.30717520022685463,32.40209781826887,6.7263678224608405
449.9999999962708,298.2813326363758,-1977139.7748581618,290076.45005443884,-1687063.324803723,0.46144189372787636,0.5427592707638276,0.5015590128037762,0.7138817391269185,1.5494700049646575,0.8274741538236429,0.3259151410198666,0.763719226038063,35.46206317677462,0,0.9717023159412488,34.40523122376291,5.524924755242994,24.476591238977235,0.8809940241046121,34.749795966054535,33.072606199652796,33.39094165699695,7.290138050815855,34.499916925967796,0,0,0,0,0,0.2209599552742354,0.4289430451774212,4.982165484479166,0.33823475334078457,32.52984692888897,6.747378780052028
450.99999999624714,301.3695533496164,-1977637.5990942381,293079.72248038545,-1684557.8766138526,0.46336861310749544,0.5386341895387519,0.49748442296732676,0.739878035956604,1.5210627733580147,0.8459627146128961,0.3484782916455693,0.7638932793889239,35.46125637255204,0,0.981794295222763,34.437048399703826,5.54132392255994,24.535272803878016,0.9044826243194013,34.741631070204846,32.9779859071777,33.28713995274815,7.231158146093087,34.471064168542284,0,0,0,0,0,0.22525908985017207,0.4431601056840111,5.002689733021188,0.36584843478064943,32.43935171763894,6.692523956554335
451.9999999962235,300.1239810721756,-1977722.9621726833,291868.41240163264,-1685854.5497710507,0.46377132412894184,0.5391978145082792,0.5001211389246635,0.7416068151213064,1.5534671038183951,0.8470639609199456,0.34694282199528215,0.7732239724696939,35.47374620417418,0,0.9514354153330036,34.438164748999725,5.647147378151388,24.459367270641167,0.9059709487827323,34.71660883107734,33.06456575949642,33.35802743895522,7.263398064755677,34.5479251460232,0,0,0,0,0,0.23402615796141468,0.4122376008247244,5.107949563643109,0.3667731342744531,32.52536794498814,6.724200250247398
452.99999999619985,298.6458487171652,-1979100.2384888642,290430.9393205575,-1688669.2991683066,0.45783599573354206,0.5381296001542815,0.5017387034374576,0.7383058580524722,1.5264826650317502,0.8548566618852791,0.35311795844782146,0.7700707843646604,35.47145858068606,0,1.0196258053527885,34.55001502495736,5.604564665393524,24.48515553145893,0.8960415265194941,34.7585030791214,33.135642733107915,33.375596145418285,7.289701334823533,34.48935486588687,0,0,0,0,0,0.2319411842103789,0.481496205198507,5.066435065239243,0.35791192636521263,32.59751313295364,6.751571734669252
453.9999999961762,299.2690921362184,-1980666.0161463022,291037.03906176763,-1689628.9770845347,0.4585950506091532,0.5378285637922795,0.4996585086945114,0.732860675475985,1.5895220640853864,0.8364002192507813,0.33674171055626995,0.7656450732020925,35.486964649347044,0,0.9793683272510678,34.58293776467326,5.551631262664884,24.57483311444672,0.9104939266901955,34.70944077075649,33.23143264626185,33.505442615682114,7.369614066477972,34.50055399172493,0,0,0,0,0,0.22781650940981302,0.4415397634587883,5.013802698872604,0.37266536289791596,32.69360408246957,6.831785502685692
454.99999999615255,299.9548281163227,-1977327.3191302717,291703.91236900794,-1685623.4067612637,0.4526766244836122,0.5379210948293611,0.4999951964073841,0.7282509985868995,1.508566313064275,0.8570808088038387,0.35708561239645464,0.7656607295047699,35.47015708550066,0,0.9372693085098476,34.56988226828469,5.514958161833974,24.51677643700077,0.8683277920692754,34.65810160196281,33.27274673875391,33.52372650705371,7.3570135025645556,34.44512808843251,0,0,0,0,0,0.2277396346754088,0.39934821368048645,4.977037067004613,0.3304066972399142,32.73482564392455,6.819092407735194
455.9999999961289,300.94310107277397,-1976673.367603153,292665.0007091947,-1684008.3668939583,0.4662024932807398,0.5428506052926139,0.501694989249993,0.7395323182568525,1.5740162792416328,0.8461810051746853,0.3444860159246923,0.7652476232180021,35.48919491953973,0,1.0163184001467975,34.50504102076525,5.550162434874778,24.457065452689932,0.9042234592466833,34.66202498229262,33.27230681630522,33.583523788979164,7.379043178400607,34.38715584292652,0,0,0,0,0,0.22239701792538824,0.47346779485418367,5.007311829582164,0.3613728539540695,32.729456211012604,6.8361925731079936
456.99999999610526,300.55928109725033,-1977327.1598060653,292291.7385443257,-1685035.4212617395,0.4555601836163947,0.5444169939641661,0.5001248321797652,0.7338340974611421,1.588423245324015,0.8240090749092497,0.32388424272948446,0.7726099930882224,35.51110104353148,0,1.0378172236953471,34.514678607838306,5.533477828723534,24.48693913425842,0.8983223562254183,34.63888642732144,33.24471992855558,33.55182593223384,7.47214931450786,34.39612387281716,0,0,0,0,0,0.22819299912405633,0.49340022973118103,4.989060834759368,0.35390536226125224,32.70030293459142,6.927732320543694
457.9999999960816,300.97908800114664,-1976682.937286105,292699.9977381353,-1683982.9395479697,0.4544152914780567,0.5441389865518182,0.5018132395523652,0.7313454112079651,1.5553218504864361,0.818299752298103,0.3164865127457378,0.7632117307608124,35.507646063530274,0,0.9984869562033545,34.483638014225335,5.579077577975099,24.53443002943834,0.8976128049282113,34.64932220868863,33.20469681968086,33.49625208428654,7.366687383652149,34.38247624879398,0,0,0,0,0,0.21907274420899414,0.45434796965153623,5.0349385914232805,0.353473818376393,32.66055783312905,6.822548397100331
458.99999999605797,301.08530924437514,-1977190.4029941447,292803.29713298427,-1684387.1058611604,0.4620860859194629,0.5463362294515761,0.5017328446900058,0.7146123692885942,1.5277643621832944,0.8243871183969969,0.32265427370699107,0.7634393916925912,35.42520498249368,0,1.017792736244644,34.52838275068984,5.670532035027094,24.577816330016248,0.8901759208612781,34.64329615751291,33.24746792728189,33.54923586327453,7.324775610352248,34.43878498500817,0,0,0,0,0,0.2171031622410151,0.47145650679306783,5.124195805575518,0.34383969140970194,32.70113169783031,6.7784393809006716
459.9999999960343,299.4814168894477,-1976009.5566524714,291243.52335674874,-1684766.0332957227,0.4647511546038216,0.5359158612610742,0.5007257810379321,0.7285651323989129,1.556560345766485,0.8180863636893048,0.3173605826513727,0.7743158455735264,35.42449129492138,0,1.0056946707669212,34.59322700219886,5.561977830887429,24.534825174278296,0.8466637139729843,34.55408171393577,33.26157854256877,33.55589210993827,7.261715560368756,34.441156089375454,0,0,0,0,0,0.23839998431245224,0.46977880950584705,5.026061969626355,0.3107478527119102,32.725662681307696,6.725799699107682
460.9999999960107,300.77168848307616,-1976801.1300317012,292498.3031989124,-1684302.8268327888,0.4605887735270038,0.5374297704920874,0.4987114856071141,0.7447092302795753,1.540418603460484,0.8489569972600444,0.3502455116529303,0.7634208085487515,35.43529404549963,0,0.9339152322456954,34.612097629300706,5.551380223237295,24.510708231211055,0.8934793904566813,34.62916475094636,33.27713496203785,33.59054685589001,7.258898674323447,34.455760048149216,0,0,0,0,0,0.2259910380566641,0.396485461753608,5.013950452745208,0.35604961996459394,32.73970519154576,6.72146890383136
461.999999995987,301.65187880297583,-1977792.6744131036,293354.2819526349,-1684438.3924604687,0.4546971300137903,0.5494600524047698,0.5007693135995133,0.7537802801041202,1.5292485971380398,0.8398757908529003,0.33910647725338705,0.7777405806055135,35.44940813331709,0,0.9355362561049398,34.59952279574031,5.53412335203673,24.484054538337116,0.8826267531037146,34.599818150425335,33.27060891757935,33.55841019900251,7.301798834183032,34.37743018667666,0,0,0,0,0,0.22828052820074374,0.38607620370017004,4.9846632996319595,0.33316670069894483,32.721148865174584,6.752338781778262
462.9999999959634,300.99766323239606,-1975949.376505047,292718.062016889,-1683231.314488158,0.4521110212032857,0.5493284136997438,0.4994289949708671,0.7556778335567609,1.5299732929946401,0.8670951547406711,0.367666159769804,0.7526316449258239,35.434619870559274,0,0.8601935524124708,34.607761345906965,5.4922619574969005,24.44572460156651,0.8995966247993383,34.5970093685612,33.20125199197841,33.51982707401851,7.379066213642574,34.315561919151264,0,0,0,0,0,0.20330323122608007,0.3108651387127269,4.942933543797157,0.3502682110995945,32.65192357827867,6.82973779994283
463.99999999593973,299.8379516830195,-1976266.3744209185,291590.2508784683,-1684676.1235424504,0.46115682304378947,0.5487377282167305,0.4995217712418391,0.7223844284629077,1.5165941690490343,0.8437472132379276,0.34422544199608845,0.770156451696999,35.477964126118536,0,0.9102887500736387,34.55240752149177,5.51846396747051,24.530005990644867,0.8770966894165664,34.551943487973745,33.23972792888725,33.47528106616204,7.423668474498186,34.32043996963148,0,0,0,0,0,0.22141872348026848,0.36155102185690824,4.969726239253779,0.3283589611998359,32.69099020067052,6.874930746281455
464.9999999959161,300.2438579789995,-1976220.603670828,291984.99183108483,-1684235.6118397433,0.4506684950303814,0.539877791616183,0.4986113128765068,0.7389845767413679,1.576246991249377,0.8374507710185353,0.3388394581420285,0.7698519965426884,35.499281553469245,0,0.8075995252525345,34.576459521206175,5.524465458734888,24.677133216600083,0.8999593222971058,34.508486232169844,33.25061323540456,33.498854604459666,7.392624255219417,34.44512336527873,0,0,0,0,0,0.22997420492650544,0.26772173363635154,4.984587667118705,0.36008153068092286,32.71073544378837,6.852746463603234
465.99999999589244,298.88404603576004,-1976373.9432636276,290662.5844992208,-1685711.3587644068,0.4469112128245447,0.536492870733948,0.4992667368140912,0.752311378192891,1.5105107248859575,0.856191350563265,0.3569246137491738,0.7709661308045526,35.49421983917449,0,0.844517135946349,34.6406007208044,5.577384870913036,24.627690245401425,0.8672906850846323,34.41950541691756,33.26609460188507,33.50493137970568,7.461921171877393,34.488688276295534,0,0,0,0,0,0.23447326007060454,0.308024265212401,5.040892000179088,0.3307978143506842,32.72960173115112,6.9254283011434445
466.9999999958688,299.2244677490133,-1978340.1437382884,290993.6421662533,-1687346.5015720353,0.4532707764707684,0.5430368182851597,0.49886690096182484,0.7324953991301086,1.43429546728537,0.8376064271144603,0.3387395261526355,0.7703379333886673,35.467808757214584,0,0.8807619188263716,34.60957898237871,5.741772077336819,24.6324844910007,0.9079698100541123,34.438017976171864,33.19565975597453,33.44785538685244,7.398670588095918,34.47399918278808,0,0,0,0,0,0.2273011151035076,0.33772510054121185,5.198735259051659,0.36493299176895255,32.65262293768937,6.855633769810758
467.99999999584514,298.9812462608174,-1979462.0540227853,290757.1110187985,-1688704.9430039867,0.46105429543729415,0.5426231686843108,0.49926976602909506,0.747873148992614,1.488313183703733,0.8373768907529588,0.3381071247238638,0.763020698183376,35.576131748076364,0,0.9782699339135745,34.58431393424894,5.7208949382319645,24.504631525793002,0.930064828013494,34.494092032583126,33.2679969750443,33.50931043686637,7.492532699191411,34.429981330207525,0,0,0,0,0,0.22039752949906521,0.4356467652292637,5.178271769547654,0.3874416593291832,32.72537380635999,6.9499095305071
468.9999999958215,299.3567669830503,-1977655.6981652938,291122.3022195499,-1686533.395945744,0.4618170095936973,0.5524104860197387,0.5021597231380046,0.761789955541218,1.3935003169012923,0.8424633830414596,0.340303659903455,0.7757020599605364,35.429741318026515,0,0.9200952611463435,34.6004437186599,5.708570649474609,24.4656770920201,0.9538909171900078,34.524252802682554,33.369403397016924,33.5994662945584,7.541484134979598,34.378085497907364,0,0,0,0,0,0.22329157394079768,0.3676847751266048,5.156160163454871,0.4014804311702691,32.816992910997186,6.9890736489598595
469.99999999579785,299.83922284347983,-1975300.922598634,291591.4870728708,-1683709.435525763,0.45320898483924266,0.5378772480091856,0.5012743062087125,0.7420741581952903,1.4173361908421214,0.818767869422057,0.31749356321334454,0.7746036066354433,35.45479746501064,0,0.9482477880486213,34.63352291631861,5.688360136660222,24.471293468373517,1.1284763882972602,34.54146461713674,33.38622785185953,33.66497196395699,7.493142135842194,34.35416426992222,0,0,0,0,0,0.23672635862625768,0.41037054003943574,5.1504828886510365,0.5905991402880746,32.84835060385034,6.955264887833009
470.9999999957742,299.3927212949595,-1974708.732179165,291157.2675292144,-1683551.4646499506,0.4511206495682565,0.5457401955684098,0.49863757110250645,0.7427875627227909,1.4527165966845281,0.8185093999894182,0.31987182888691174,0.7759927531035595,35.43608795952878,0,0.8790687819322818,34.683737711351796,5.596776466242638,24.503640878522617,1.0810399503438788,34.51877552075777,33.36911976493923,33.65499033840274,7.465179602803431,34.41758938227065,0,0,0,0,0,0.23025255753514973,0.33332858636387197,5.051036270674228,0.535299754775469,32.823379569370815,6.919439407235021
471.99999999575056,301.0192761749523,-1977943.0172100626,292739.08044803434,-1685203.9367620284,0.4512532536436611,0.5433381768063934,0.4994702599340784,0.7331287723725337,1.4422430936059492,0.7976895846737977,0.2982193247397193,0.774665692847071,35.49859804566131,0,0.9216260988005018,34.80332563716807,5.4389807051131385,24.434495128240883,1.0760714756134906,34.58593160132261,33.407280326678176,33.706737953704874,7.5492713875450335,34.37816377454499,0,0,0,0,0,0.23132751604067758,0.37828792199410843,4.895642528306745,0.5327332988070972,32.86394214987178,7.00593321073864
472.9999999957269,299.7063119246667,-1978371.382650774,291462.23216053005,-1686909.150490244,0.45692205723513446,0.5436353574598014,0.5006404318974313,0.7585820998762784,1.5487950536480604,0.8289767678348621,0.3283363359374307,0.7748051489948651,35.520001849745086,0,0.9239953476541203,34.704045727464404,5.469371294826217,24.31719913745269,1.0139371871825702,34.544816743216984,33.37344306365151,33.67306406967157,7.569993014556157,34.39522401843226,0,0,0,0,0,0.23116979153506367,0.3803599901943189,4.925735937366416,0.4703018297227688,32.82980770619171,7.026357657096356
473.99999999570326,300.46555150335234,-1978592.3047088385,292200.5871885815,-1686391.717520257,0.4583734589300217,0.5419270239590066,0.4988871629330777,0.7187668362000927,1.450873557101172,0.8446695982737757,0.345782435340698,0.7591198253347731,35.57423615980565,0,0.8869350657426107,34.676255277810924,5.412288948484715,24.320942425178657,1.0232090913134884,34.57317879679954,33.37297356352161,33.66547012600954,7.571771672903658,34.47793675011826,0,0,0,0,0,0.21719280137576646,0.3450080417836041,4.870361924525708,0.48128206735448176,32.83104653956261,7.0298446489446516
474.9999999956796,299.30287883802515,-1977054.6758940741,291069.8963862021,-1685984.7795078722,0.45334202675103796,0.5400590109771386,0.49773402473124406,0.7139800374473655,1.4125236326973254,0.8320284279114503,0.3342944031802062,0.7622481245718085,35.57708138923397,0,0.8618640932601047,34.71119875607303,5.481830451199656,24.293251434401554,0.954412914494986,34.57893614634031,33.54144679680852,33.81132209009144,7.504097538452889,34.4478927198096,0,0,0,0,0,0.22218911359466986,0.3218050822829661,4.941771440222517,0.4143539035178474,33.00138778583138,6.964038527475751
475.99999999565597,299.2344456516265,-1977340.516791433,291003.34560476034,-1686337.1711866728,0.465259415018763,0.5566205997552547,0.5023364709674423,0.7380617257496483,1.622727943667023,0.8232653808854056,0.3209289099179633,0.7806370867787471,35.45933293091366,0,0.8643500914312661,34.74626376233357,5.527415512867705,24.19556952566279,0.9636468592460457,34.607379039850684,33.52156442922394,33.7767416541177,7.548213212935167,34.45464424572208,0,0,0,0,0,0.22401648702349242,0.3077294916760114,4.97079491311245,0.40702625949079096,32.96494382946869,6.991592613179912
476.9999999956323,301.0646332731424,-1978036.4812929556,292783.18989971024,-1685253.2913932453,0.4615644401511094,0.5439712071398084,0.5012012080189293,0.7185535163837606,1.457599851553205,0.8290172507194382,0.3278160427005089,0.7616199569771478,35.453175245372904,0,0.8504232477430289,34.77865228768739,5.342384859320443,24.19084298625728,0.9494020176294509,34.57401262819599,33.50126250851778,33.76397866964828,7.506998241906089,34.41922329013585,0,0,0,0,0,0.2176487498373394,0.3064520406032205,4.798413652180635,0.40543081048964247,32.95729130137798,6.963027034766281
477.9999999956087,300.57287364316477,-1978801.6800679676,292304.95719743817,-1686496.7228705294,0.46356335150791395,0.5412338848808735,0.5018384752729562,0.7455058701447959,1.5140938521087541,0.8201657524339403,0.3183272771609841,0.775009932744791,35.476786066472755,0,0.8194896431632692,34.7570701532577,5.4367516387473245,24.189373149275355,0.9176719614991793,34.60472056145045,33.590403590619815,33.89164763366577,7.51301588142843,34.41775751724276,0,0,0,0,0,0.23377604786391748,0.2782557582823957,4.895517753866451,0.37643807661830575,33.04916970573894,6.9717819965475565
478.99999999558503,299.4267968204655,-1977602.3667624407,291190.40573261835,-1686411.9610298222,0.4569458409802025,0.5471334097777465,0.4999781987731805,0.7089940146104734,1.4852654028403656,0.8305313208380898,0.3305531220649093,0.7719366642238548,35.421713854478185,0,0.9073636068412787,34.733107475534325,5.520983876558091,24.19525554781319,0.9661003659111014,34.712152410972635,33.513707907421576,33.779920773149,7.510177206574127,34.468625029849875,0,0,0,0,0,0.22480325444610827,0.3602301970635322,4.973850466780345,0.4189669561333549,32.96657449764383,6.963043796796381
479.9999999955614,299.5127966092575,-1976432.0880661085,291274.0399085077,-1685158.0481576007,0.46171192625976687,0.5404783177276915,0.5009046933319802,0.7029352990536601,1.4663914020398536,0.8378897141413135,0.33698502080933335,0.7660042786595369,35.47218283914006,0,1.020186869069871,34.68173408073221,5.5379578055946865,24.308764243012718,0.9030755544290674,34.69487852289666,33.517902149343456,33.75070908372638,7.478911140370698,34.43523576980897,0,0,0,0,0,0.2255259609318454,0.4797085513421795,4.997479487866995,0.3625972367013759,32.977423831615766,6.938432822643007
480.99999999553773,299.7077828773528,-1978399.5082178637,291463.66265143483,-1686935.845566429,0.4620893167437936,0.5402206413427795,0.4992428243315513,0.7339700389328327,1.4223259956508176,0.8457251026225561,0.34648227829100475,0.7723982575919504,35.443195703073854,0,0.9878273705575165,34.7315422785872,5.506405117383508,24.287152557131662,0.9233436488687561,34.71460149418783,33.57343624880849,33.87418639590305,7.512516127708672,34.41999186853809,0,0,0,0,0,0.23217761624917088,0.447606729214737,4.966184476040729,0.3831230075259766,33.03321560746571,6.972295486365892
481.9999999955141,298.5594277792937,-1977683.847328879,290346.8955802182,-1687336.9517486608,0.46066188737715,0.5416109344796265,0.49937278202873875,0.7383548872945216,1.5089643111999802,0.8370582957553367,0.337685513726598,0.7622494983037047,35.493241055238286,0,0.9989739985174122,34.682857415476526,5.592101577294648,24.151086519625608,0.8666987144867075,34.70514840505689,33.6056478668754,33.894788901249285,7.503165288149415,34.38602345769743,0,0,0,0,0,0.2206385638240782,0.4573630640377857,5.050490642815022,0.32508778000708105,33.06403693239577,6.961554353669788
482.99999999549044,300.845373098713,-1977870.751912564,292569.9609575078,-1685300.7909550562,0.45929131144098534,0.5422274721369664,0.49858993261771245,0.7149250567071981,1.3979597922572893,0.83688073275089,0.3382908001331776,0.7726191443433645,35.51839318779548,0,0.9911676513391416,34.75596902453151,5.43587600581246,24.238052140941605,0.9142174554649145,34.8020180293351,33.78798041828645,34.04574685993896,7.519181617569188,34.42723269652777,0,0,0,0,0,0.2303916722063981,0.4489401792021752,4.893648533675494,0.3719899833279481,33.24575294614949,6.976954145432222
483.9999999954668,300.3566238059698,-1977533.2371315025,292094.65578653885,-1685438.5813449635,0.46137586860088975,0.5470689109393696,0.5010528071847368,0.748818025066667,1.4872259136611987,0.8327184316519758,0.331665624467239,0.7672984740572577,35.49797073420399,0,1.0256277480801703,34.76289500362611,5.496388439005119,24.21343131538032,0.8944997725903105,34.79999926795904,33.67313041285709,33.991382104757236,7.592575785535672,34.48309478027181,0,0,0,0,0,0.2202295631178881,0.4785588371408007,4.949319528065749,0.34743086165094095,33.12606150191772,7.0455068745963025
484.99999999544315,301.5461673500762,-1976634.5483444817,293251.47832521313,-1683383.0700192687,0.4529412176902241,0.5383063502527374,0.5011155263174952,0.7618188457973343,1.5200153792136533,0.8420900061113035,0.34097447979380824,0.7686073797739675,35.468823040774396,0,1.0691923313129976,34.79979133256302,5.474057066656528,24.202715418888772,0.9106140636229885,34.8691488709311,33.69680167415072,34.00604955476422,7.562396190381875,34.466327240349926,0,0,0,0,0,0.2303010295212301,0.5308859810602602,4.93575071640379,0.37230771337025104,33.15849532389798,7.024089840129138
485.9999999954195,300.8295822177673,-1977479.2495805174,292554.6044393929,-1684924.6451411245,0.4661734138661493,0.5368184349461123,0.4989033893658343,0.7266522990743258,1.471510376674047,0.8210151655936004,0.32211177622776616,0.7664387357592233,35.44066461826719,0,1.1373033471985168,34.8261762715876,5.457797330956225,24.20370632168158,0.9207871010946138,34.95575931641258,33.680849560805314,33.96272204898338,7.545771250119273,34.364974232033205,0,0,0,0,0,0.22962030081311102,0.6004849122524045,4.920978896010113,0.38396866614850156,33.1440311258592,7.008952815173161
486.99999999539585,300.31507178920174,-1978352.71587006,292054.2467491708,-1686298.4691208892,0.4642920031509119,0.5396166326650746,0.5000724267716742,0.7424065620560683,1.393010322304928,0.8295890969877038,0.3295166702160296,0.7741272381681821,35.494718461395564,0,1.1392285220312708,34.80892455913602,5.481478157809704,24.295890258335646,0.8781165709303451,34.96885766300022,33.72072926269459,33.97602654858224,7.579246359959612,34.44965267199757,0,0,0,0,0,0.23451060550310743,0.5996118893661961,4.941861525144629,0.3384999382652705,33.18111263002952,7.039629727294537
487.9999999953722,300.12645979832206,-1980468.4812786244,291870.8229449773,-1688597.658333647,0.4591331423271301,0.5394117379492434,0.5014021373304925,0.7490923009181074,1.5206589870720126,0.8149534991797189,0.3135513618492264,0.7767386275200199,35.48984443143348,0,1.1663306947912107,34.787800078309374,5.428815393573325,24.208262362142307,0.8775152786491205,34.87086453677614,33.685951110090244,33.93569908133631,7.5742940575965925,34.42767211525245,0,0,0,0,0,0.23732688957077652,0.6269189568419673,4.889403655624082,0.33810354069987714,33.146539372141,7.034882319647349
488.99999999534856,299.42810037076555,-1978850.0438379794,291191.67342590704,-1687658.3704120724,0.4491766201320795,0.5390390587185578,0.49854985157141,0.7406241351322174,1.456656310825414,0.8318173254914976,0.33326747392008754,0.7752206494468279,35.49899165549266,0,1.1767099088747344,34.77926014177547,5.369603775831251,24.237395526035982,0.9266564068264707,34.98015168438286,33.657967931458074,33.90431194331401,7.562792695337016,34.44237177188393,0,0,0,0,0,0.23618159072827005,0.6376708501561765,4.8305647171126935,0.3876173481079128,33.11892887273952,7.0237536366184585
489.9999999953249,299.6108708521382,-1978733.1592794657,291369.4164041307,-1687363.742875335,0.4595174638574333,0.5414784760165876,0.5009496081604229,0.7280524579156289,1.515284832198816,0.8322698620418313,0.3313202538814084,0.7791085500904469,35.59317297410462,0,1.1545312025053391,34.72761761649576,5.359898453988627,24.2657826970605,0.9165473001063705,34.893917985330575,33.61424504929835,33.85632556475332,7.625491082972285,34.457175859184474,0,0,0,0,0,0.23763007407385928,0.6130527264887515,4.81841997797204,0.3750688240897829,33.07276657328176,7.084012606955698
490.99999999530127,301.690070003306,-1979498.1913696863,293391.4226201959,-1686106.7687494904,0.4547352283894668,0.5407309967529184,0.4990814839237034,0.7394620132376057,1.5095727189348693,0.8325679143817402,0.3334864304580368,0.7765517212231599,35.543800721488196,0,1.1738087285507888,34.730826072344485,5.384720810083903,24.155233713761277,0.9444818196755058,34.934606620464365,33.62254097187315,33.85154798671084,7.6028403375887095,34.4255492388553,0,0,0,0,0,0.2358207244702415,0.6330777317978704,4.843989813330984,0.40375082292258746,33.08180997512023,7.062109340835791
491.9999999952776,301.02605493182864,-1978789.9135166705,292745.6727403279,-1686044.2407763426,0.45998626375290685,0.5430603450224023,0.5002817719868895,0.7536050740901281,1.4964439396027416,0.8558680566316925,0.355586284644803,0.7650320216200459,35.55861501885249,0,1.2235483441927144,34.831108406923136,5.298276443137974,24.11887046220329,0.90454622116237,34.9756951495491,33.68712769701483,33.89365698199384,7.554302618156264,34.37918619614368,0,0,0,0,0,0.2219716765976436,0.6804879991703121,4.7552160981155716,0.36148587613996774,33.144067351992426,7.0112422731338615
492.999999995254,300.9837498490863,-1978677.985882409,292704.5313517177,-1685973.4545306913,0.46270498658252324,0.5440189236197088,0.5017331778383873,0.7302595719605751,1.491431131941221,0.8414248369409567,0.3396916591025694,0.773212648828796,35.46911244214314,0,1.1317230323812062,34.74134845025233,5.313011242113426,24.227816239821777,0.9202537364899914,34.86217943768622,33.649094914555235,33.841251012585616,7.60148104714434,34.463194748608544,0,0,0,0,0,0.2291937252090872,0.5877041087614974,4.768992318493717,0.3762348128702826,33.105075990935525,7.057462123524631
493.9999999952303,301.7007894475731,-1977844.447666742,293401.8472026264,-1684442.6004641154,0.4499830408990739,0.5371049181922416,0.4981845843333682,0.7597594834797228,1.3801329816972334,0.8403651972044963,0.3421806128711281,0.7620185194402556,35.527141279475416,0,1.0649032420520097,34.76927602577223,5.269446465967718,24.129711930580072,1.0143426128013395,34.77980143514799,33.67381422294352,33.86449521386919,7.587840799070875,34.39395959995062,0,0,0,0,0,0.22491360124801396,0.5277983238597681,4.732341547775476,0.47723769460909793,33.13670930475128,7.050735880878634
494.9999999952067,300.2679728227449,-1977618.2508910112,292008.4433431371,-1685609.807547874,0.46591084395167925,0.5390303798879992,0.5007876672827147,0.7546104176733983,1.5716775582038531,0.848862667176431,0.34807499989371626,0.7662724200690785,35.51198201751613,0,1.0132862217223861,34.73770380448434,5.3051072321934,24.09858751201645,1.0961534479917745,34.85843957354683,33.59763661054251,33.80766024074785,7.584053491962759,34.33620503791593,0,0,0,0,0,0.2272420401810793,0.47425584183438696,4.766076852305401,0.5571230681037753,33.05860623065451,7.045023112074761
495.99999999518303,301.06730773054744,-1978380.7111582644,292785.7907902957,-1685594.9203679687,0.4526367338438142,0.5517466957006345,0.4990004197592,0.7361741310057202,1.6442110440566529,0.8311512103669678,0.3321507906077678,0.7611943060686652,35.45543388569979,0,1.0018737445896093,34.736802202745935,5.272478980971826,24.00735810142018,1.1238892651264436,34.77034654276315,33.629753534943745,33.86434560204354,7.620270353737418,34.35647106111526,0,0,0,0,0,0.20944761036803072,0.4501270488889748,4.7207322852711915,0.5721425694258091,33.07800683924311,7.068523658036783
496.9999999951594,300.33157596598295,-1976332.968367517,292070.29694235406,-1684262.6714251628,0.4618425963993215,0.5348783475219641,0.5014848414341361,0.7538709970797601,1.5583971627660986,0.8506478187897015,0.34916297735556545,0.7672225440855662,35.49665686310027,0,0.9867644168214218,34.80393276174601,5.249292975180438,23.97691261807205,1.0219300215666856,34.67380007083909,33.51914558605324,33.76293623174928,7.5912064413068165,34.30987918224588,0,0,0,0,0,0.23234419656360217,0.45188606929945774,4.714414627658474,0.4870516740447215,32.984267238531274,7.0563280937848525
497.99999999513574,299.30609130281925,-1978007.8445697837,291073.0204851028,-1686934.824084681,0.46153001358151435,0.5475817553997118,0.5013010697828848,0.7368536840853412,1.5900252743666563,0.8478110297622801,0.34650995997939527,0.7829873425687497,35.483348603343416,0,0.9934931242794018,34.74225300286588,5.306437903963278,23.843542005035275,0.9212510525411588,34.634568119093956,33.62014302594878,33.86980964541897,7.553490176533781,34.26529799821992,0,0,0,0,0,0.23540558716903792,0.4459113688796901,4.7588561485635665,0.37366929714144703,33.072561270549066,7.00590842113407
498.9999999951121,300.2894729985199,-1978147.2936086394,292029.3521093989,-1686117.9414992405,0.4583885064527501,0.5462889194365417,0.50070124561073,0.7493016427166097,1.6074912512421016,0.8503744924461363,0.34967324683540624,0.7722335667494402,35.532404406340106,0,0.9862543281801521,34.78602895028814,5.262013419629154,23.936752471879274,0.9793989533014269,34.676033881970625,33.54281369915043,33.73583625311019,7.552046041289401,34.27481650858999,0,0,0,0,0,0.22594464731289854,0.43996540874361045,4.7157245001926125,0.4331100338648852,32.99652477971389,7.005757121852859
499.99999999508844,301.10733485392024,-1977529.5037533678,292824.7168798074,-1684704.7868735604,0.45834871395154764,0.5425547598503346,0.5014638757238663,0.7483494769817529,1.6343467985905704,0.8320176646215849,0.3305537888977186,0.7788421923009317,35.54500593606349,0,0.9659755016768692,34.735776636948685,5.35601329124416,23.882359278151625,1.0305434373538542,34.5256582848059,33.49300385376241,33.69268577340836,7.5244896477574486,34.19922521980982,0,0,0,0,0,0.23628743245059702,0.42342074182653455,4.813458531393826,0.4879886775035196,32.95044909391208,6.981934887907114
500.9999999950648,299.5589776751204,-1977243.1920786016,291318.9506628175,-1685924.241415784,0.46037922854665325,0.5457726995396808,0.5004784568713836,0.733271654954738,1.570209123101172,0.8471431088531458,0.3466646519817622,0.7731441171945779,35.50285731146614,0,0.9819598462245249,34.813449931133114,5.502848259449756,23.952122433182126,0.9531976505441353,34.49375328002645,33.40927478498861,33.65576371179611,7.503890649375876,34.222389421223866,0,0,0,0,0,0.2273714176548971,0.43618714668484415,4.957075559910075,0.4074249510044545,32.86350208544893,6.958117949836195
501.99999999504115,300.46726109802194,-1977413.0682300702,292202.2497570983,-1685210.818472972,0.45056241653236606,0.5452526083959839,0.5021592056021733,0.7594137799354719,1.5700896771791033,0.8692071048196663,0.36704789921749303,0.7685123926145181,35.45301719683289,0,1.000481755516045,34.81157415395489,5.5526513391587,23.910188634170716,1.062104585636494,34.43666195115554,33.362911073855244,33.61835214483733,7.538992077919133,34.155646792277366,0,0,0,0,0,0.2232597842185342,0.45522914712006113,5.007398730762716,0.51685197724051,32.81765846545926,6.993739469523149
502.9999999950175,300.14773578242847,-1975918.3490171023,291891.51368645433,-1684026.8353306479,0.46067143304355884,0.5384346966627707,0.501273583400142,0.735536830089039,1.6111951435045633,0.8655170063171235,0.3642434229169814,0.7698377650130208,35.50878702411205,0,1.0002686721899057,34.744434989041,5.575398224385765,24.029000804407985,0.9714606221462123,34.467210551772155,33.37757424702153,33.58370712860824,7.587686259704654,34.19075208716106,0,0,0,0,0,0.23140306835025015,0.461833975527135,5.036963527722994,0.43302592548344165,32.83913955035876,7.049251563041883
503.99999999499386,300.7282807779206,-1976458.8244955055,292456.089517938,-1684002.7349775676,0.4594842602240483,0.537440043132289,0.4994154082587243,0.751036427726028,1.5922058597738662,0.8610859560257096,0.36167054776698526,0.7608186401006964,35.41734321725793,0,1.0206075855438397,34.708339316404334,5.650487523350044,24.00415218965263,0.961018519052951,34.45263645336672,33.313486817607554,33.627432672347254,7.496182977792348,34.20391976706344,0,0,0,0,0,0.22337859696840745,0.4831675424115507,5.113047480217755,0.423578475920662,32.77604677447526,6.958742934660059
504.9999999949702,301.08438829268914,-1977552.800902363,292802.4015140953,-1684750.3993882677,0.46189582033579857,0.5419085754467261,0.5023464326127112,0.7329553316384727,1.559856009877418,0.8506889066215844,0.3483424740088732,0.7716253385183856,35.42989152868847,0,1.0063076006244764,34.74818843314344,5.5502222007738595,23.913284162725432,0.9618239717241224,34.45372452598025,33.440169093123245,33.66165938871728,7.51120462924721,34.142161667655216,0,0,0,0,0,0.22971676307165945,0.46439902517775034,5.008313625327133,0.41991539627739627,32.89826051767652,6.969296053800484
505.99999999494656,300.77702165895096,-1978054.4365301207,292503.489674082,-1685550.9468560386,0.45262374030723684,0.5438632231322558,0.5001679220485845,0.7434115724229162,1.642244532221703,0.8321141352137698,0.33194621316518524,0.7701602779469017,35.49871453255617,0,1.06245953534631,34.71153225833788,5.4819987614784225,23.88167801081852,1.0147072364289471,34.499163867935465,33.470131914266744,33.7173293738399,7.613759885051785,34.17915246153416,0,0,0,0,0,0.2262970548146459,0.5185963122140542,4.938135538346167,0.47084401329669134,32.92626869113449,7.069896661919529
506.9999999949229,298.83081152424785,-1977997.257649053,290610.8143197618,-1687386.443329291,0.46115469066081705,0.5384757269977225,0.4989540449569424,0.7208757042790044,1.6514472287228195,0.818886203472657,0.31993215851571455,0.7674544634711769,35.41749715605704,0,0.9925561732697208,34.7493437776652,5.534058158855373,23.811528547298337,0.8980593202252294,34.58460035610574,33.455314106710944,33.66861303281661,7.662108588508772,34.24212255048873,0,0,0,0,0,0.22897873647345435,0.4540804462719983,4.995582431857651,0.3595835932275069,32.91683837971322,7.12363286151105
507.99999999489927,300.11036449558856,-1978092.3794017658,291855.1703788639,-1686237.209022902,0.46135501677291924,0.5491301290366222,0.49993954191665546,0.7415662802788567,1.5852089260115427,0.8144848654406056,0.31454532352395015,0.7675552951953967,35.492978209969124,0,0.9835283123230925,34.71660884008463,5.545733985839018,23.80597553934433,0.9089878426127527,34.52358843925447,33.48343733690825,33.67260294410045,7.735621604159391,34.22584808181762,0,0,0,0,0,0.2184251661587745,0.4343981832864703,4.996603856802396,0.3598577135761305,32.93430720787163,7.186491475122769
508.9999999948756,298.97828927116444,-1976920.302777376,290754.23536763457,-1686166.0674097415,0.4529732445541601,0.5408261467143056,0.49993804079868315,0.7717435383534448,1.5797581436980188,0.8165465971676481,0.31660855636896496,0.7590364633406672,35.46460725920786,0,1.0597666898182503,34.67271985764967,5.513775140550123,23.854030751548365,0.8918037049410898,34.50617425234327,33.44372013231066,33.686956244885664,7.7128955183566035,34.30199331711026,0,0,0,0,0,0.2182103166263616,0.5189405431039447,4.972948993835818,0.3509775582267842,32.90289398559635,7.172069371642298
509.999999994852,301.41617133382636,-1978389.5456002988,293125.0581346444,-1685264.4874656545,0.46615175740844883,0.5440290923285502,0.5017244077542447,0.7362961786937525,1.6086839553776073,0.8092442016418595,0.30751979388761486,0.7769423382221365,35.46522742141792,0,1.0677548372574162,34.63859341407988,5.5505548762141785,23.931793004554876,0.962935606011806,34.42787413614849,33.45363582147252,33.6739353508255,7.671066024909507,34.25419930979854,0,0,0,0,0,0.2329132458935863,0.5237257449288659,5.006525783885628,0.4189065136832557,32.90960672914397,7.127036932580957
510.99999999482833,300.1801830361192,-1978459.7539232485,291923.06840723235,-1686536.685516016,0.45277179857763006,0.5389117235476437,0.49837803962585386,0.7210100949781539,1.4558652843236128,0.8353516539620836,0.3369736143362297,0.7688024627901348,35.45152476880071,0,1.0291842744196806,34.630143142250915,5.52993498050278,23.979127574850196,0.9877324127417322,34.4206090654593,33.43027563827138,33.652287499363865,7.631872037327284,34.16457563465974,0,0,0,0,0,0.22989073924249104,0.4902725508720369,4.9910232569551365,0.44882068919408846,32.89136391472374,7.09296031377964
511.9999999948047,300.3480419224467,-1978947.3279578052,292086.3099665536,-1686861.0179912518,0.4588508916309063,0.5359823566248085,0.49864071990952724,0.7447214408890215,1.5464044346284567,0.8361294047759521,0.33748868486642486,0.7604194500306107,35.430573347546385,0,1.0853036798172528,34.61468839443813,5.459616651481663,23.949616060727976,1.0384228389668522,34.4124515255678,33.31684520961048,33.56422310089033,7.596347920096456,34.19535504008172,0,0,0,0,0,0.2244370934058022,0.5493213231924443,4.923634294856854,0.5024404823420436,32.78086285298567,7.060365563471647
512.9999999947811,299.8079443457859,-1976485.5181650743,291561.0689588913,-1684924.449206183,0.4616655713229283,0.5407597423483963,0.4996292460543391,0.7418550894371618,1.5078417804788558,0.8268684114971079,0.32723916544276876,0.7556439383854183,35.4422154387442,0,1.0923875959449845,34.55782070157943,5.413028368445168,23.92501809994795,1.0275713328307372,34.49032251081971,33.27052100966182,33.49540211435817,7.653231739274844,34.19518534875647,0,0,0,0,0,0.21488419603702202,0.5516278535965882,4.872268626096772,0.4868115904823409,32.72976126731342,7.112471996926447
513.9999999947574,300.82160656266467,-1977249.771631308,292546.84817218507,-1684702.923459123,0.4596819314237004,0.5489764528105159,0.5009899172824532,0.7264764641883001,1.4142256202726102,0.8230091795355798,0.3220192622531266,0.7659330394745725,35.54438978220048,0,1.0638183754458161,34.63651304712826,5.37342546618661,23.93364118635114,1.0715736397181175,34.517966914543734,33.27720326759322,33.52798493154609,7.593688488387187,34.211510318372234,0,0,0,0,0,0.2169565866640566,0.5148419226353003,4.824449013376094,0.5225971869076016,32.72822681478271,7.044712035576671
514.9999999947338,299.91140980138044,-1975143.470995605,291661.6883700923,-1683481.7826255127,0.460817393747305,0.5348986995722698,0.4989755460153282,0.7467231080549706,1.4820788222655352,0.8387396092029143,0.3397640631875862,0.7562090272905886,35.47010345444659,0,0.9993155414517858,34.64583908037491,5.38649906145497,24.01192507867836,1.026473526070129,34.53705896277728,33.37874222732325,33.61105999812696,7.625456527995894,34.194626079922244,0,0,0,0,0,0.22131032771831882,0.46441684187951604,4.8516003618827,0.4915748264978592,32.843843527750984,7.090557828423624
515.9999999947102,300.48667264945874,-1976582.4778523073,292221.1273512175,-1684361.3505010898,0.4617017603330149,0.5405913234756117,0.4992994711980559,0.747290017358273,1.3939308729014819,0.8383863674884449,0.33908689629038896,0.7710051556998843,35.47572884810563,0,1.025797183854003,34.73228104311485,5.411796248697101,24.020624508095807,1.0173453056751924,34.56830058528885,33.257341000746464,33.55577681513478,7.5290976667747245,34.203741299845774,0,0,0,0,0,0.23041383222427259,0.4852058603783913,4.871204925221489,0.47675398219958076,32.716749677270855,6.988506343299113
516.9999999946865,300.06166514954765,-1976077.337095648,291807.81061519834,-1684269.5264804498,0.45540357519689945,0.5484829615114721,0.5009844535009409,0.73926237288617,1.3726885111184117,0.8499856187193349,0.34900116521839397,0.7681458855397469,35.513073395197324,0,1.0646587407118986,34.672804465057084,5.503923607532585,24.064681770589303,1.0469589119691474,34.61380463495067,33.2357412453992,33.48527826174097,7.57871216527144,34.175324066616895,0,0,0,0,0,0.2196629240282748,0.5161757792004265,4.9554406460211124,0.49847595045767523,32.68725828388772,7.030229203759968
517.9999999946629,297.70880173748446,-1978101.2736057416,289519.66787424346,-1688581.605731498,0.45998936839325616,0.5366766896821833,0.5001919842139738,0.7509014460448888,1.4127397923631477,0.8282076038963033,0.3280156196823295,0.7739035349744743,35.44659063858752,0,1.1290691988259125,34.702725789994474,5.331023197053099,24.148692172502933,1.0897185883175187,34.62661957265459,33.21639866560179,33.4548741635806,7.520701033089722,34.149240435478646,0,0,0,0,0,0.237226845292291,0.5923925091437292,4.794346507370916,0.5530418986353354,32.679721975919605,6.984024343407539
518.9999999946392,300.0758421863506,-1977394.0354169756,291821.5976814949,-1685572.4377354807,0.4632922527907022,0.5392249238963375,0.4982125571328745,0.7236203821116582,1.4341196505604366,0.8121482885671651,0.31393573143429065,0.7590706764593698,35.53377812379597,0,1.2393847656289125,34.73734633857782,5.320419540129279,24.175282933410926,1.0558089715516452,34.64455490040541,33.23219568728291,33.490043095606325,7.514058744324217,34.21682589248917,0,0,0,0,0,0.2198457525630323,0.7001598417325751,4.781194616232942,0.5165840476553077,32.692970763386576,6.97483382042788
519.9999999946156,299.41480896655145,-1977410.7344585583,291178.74763093155,-1686231.9868276268,0.4493443184805095,0.5424889368283141,0.5000947804279873,0.7718529293001328,1.3480521922010809,0.8266328985381157,0.32653811811012845,0.7676671052336026,35.43878492619217,0,1.215003453874072,34.76241550516977,5.300516860569658,24.199502223814875,0.9012641560726333,34.60264701507913,33.26207434912362,33.50834544590816,7.510052392215101,34.21963375295536,0,0,0,0,0,0.22517816840528848,0.6725145170457578,4.758027923741344,0.3587752192443192,32.71958541229531,6.967563455386787
520.9999999945919,301.62459492147565,-1976243.4496964328,293327.7485741652,-1682915.7011222676,0.45557382996593,0.5386756490284323,0.49877255715787816,0.7521456313829198,1.344249133599984,0.8231055991901444,0.3243330420322662,0.7690043764474748,35.459503900736365,0,1.218504243387514,34.851441479309415,5.312393584982445,24.238215370890885,0.9149358490818287,34.597434262223885,33.1992190001088,33.43199277961014,7.48667518106236,34.25305912191038,0,0,0,0,0,0.23032872741904242,0.6798285943590816,4.7737179359540125,0.37626020005339633,32.66054335108036,6.947999532033927
521.9999999945683,300.3937488007647,-1977424.3840047754,292130.7595768874,-1685293.624427888,0.4561576853149676,0.5386776259952244,0.5020883332699373,0.7318349181133694,1.2963700522747565,0.8378323831109529,0.3357440498410156,0.7563810243744431,35.4856430634851,0,1.2339944357591683,34.823593070261545,5.324825534366639,24.23796492767076,0.9674545029346451,34.59806773259385,33.164778587505566,33.42979918187609,7.5031531375683045,34.2306053917967,0,0,0,0,0,0.2177033983792187,0.6953168097639439,4.786147908371414,0.4287768769394207,32.62610096151034,6.96447551157308
522.9999999945446,300.1032215358755,-1978875.0814577527,291848.2239019318,-1687026.857555821,0.45501153841858333,0.5458720768022047,0.4985642019772867,0.7539390002042712,1.2921586932132527,0.8416561190860212,0.34309191710873455,0.7697232836239865,35.3802164430532,0,1.2343631509993003,34.848304043800965,5.399356572757924,24.292831638660914,0.9500814563597562,34.50022069543945,33.19957400267805,33.45192236543528,7.501180498868564,34.310204067447444,0,0,0,0,0,0.22385120682178172,0.6884910741970955,4.853484495955719,0.40420937955755143,32.65370192587584,6.955308422066359
523.999999994521,300.02266991975625,-1977227.0158332996,291769.88803477073,-1685457.1277985289,0.45285912890025903,0.5357025596373202,0.4991760844554707,0.7590483474266909,1.2574272123281949,0.84445451280564,0.3452784283501693,0.7653932648340787,35.466733788800866,0,1.223871407497139,34.733087187228875,5.288537315717434,24.219654318741604,0.8940108444576556,34.532205852397624,33.162711194927795,33.440199384871676,7.441979572628114,34.203123874352286,0,0,0,0,0,0.2296907051967585,0.6881688478598189,4.752834756080114,0.3583082848203354,32.62700863529047,6.9062770129907936
524.9999999944973,299.57607492071236,-1977607.0985785015,291335.5776111525,-1686271.520967349,0.47302281564443094,0.5462882506239105,0.5019303065441982,0.7419102898260528,1.4138744799512448,0.8252682333700745,0.32333792682587625,0.7604696364650625,35.35641454668058,0,1.2187426194243853,34.717159146938116,5.279844947380468,24.29340571807282,0.8769780932938254,34.571961176305706,33.251463110579834,33.54739002991473,7.469735442673922,34.20967203445275,0,0,0,0,0,0.21418138584115198,0.6724543688004748,4.733556696756557,0.33068984266991486,32.705174859955925,6.923447192050012
525.9999999944737,300.82116959075717,-1979654.197154168,292546.4232201487,-1687107.7739340193,0.45738673706242583,0.5409143263116274,0.5017361518077172,0.7615309601295213,1.351515952076646,0.822983575594023,0.3212474237863058,0.76867990477764,35.37186405002882,0,1.254791412240671,34.82219655494711,5.219726068018495,24.33146593467893,0.8653903956779008,34.58362717279533,33.16283820510483,33.483394106933474,7.461618696724159,34.26566652331209,0,0,0,0,0,0.22776557846601264,0.7138770859290435,4.678811741706868,0.3244760693662734,32.621923878793204,6.9207043704125315
526.99999999445,300.60520153900427,-1979397.8341591656,292336.39584356453,-1687061.438315601,0.47008972144749883,0.5411118962749439,0.5003335693388974,0.7415973618640468,1.398314951685464,0.8137646313225999,0.3134310619837025,0.7664804149337865,35.373712765611344,0,1.197513081952927,34.74296785224976,5.195548329033414,24.36522730625728,0.8936700950627436,34.54562053142752,33.139149145538454,33.383960749738385,7.336252467226657,34.33008472499955,0,0,0,0,0,0.22536851865884255,0.656401185677983,4.65443643275847,0.3525581987877997,32.59803724926351,6.795140570951713
527.9999999944264,300.48416126461876,-1976570.2515992224,292218.68504752836,-1684351.5665516942,0.4600211250803943,0.5519008778377348,0.5018960651427762,0.7586733857672421,1.4551861631109873,0.8142986758595112,0.31240261071673503,0.7792040163261227,35.433393932048375,0,1.2339922302942306,34.748663528696625,5.274301527931457,24.52807661094934,0.881697875906772,34.48590662226525,33.181772017355115,33.44946441107004,7.327194548689604,34.298960950605476,0,0,0,0,0,0.2273031384883879,0.6820913524564958,4.722400650093722,0.3297969980690372,32.62987113951738,6.77529367085187
528.9999999944027,298.433446916021,-1977392.3869886436,290224.38009703346,-1687168.00689161,0.45502937841608926,0.5415097934425752,0.4993927338274359,0.7238287608366374,1.4119835414585111,0.8413983150725157,0.34200558124507985,0.7675377277345836,35.38198884721419,0,1.1890037090653531,34.811826385627,5.246163986885236,24.477388224840936,0.9537542998505826,34.382456153677595,33.1671920681207,33.37486983538656,7.296348358446821,34.29005178014313,0,0,0,0,0,0.2260279342920084,0.6474939156227779,4.704654193442661,0.41224450640800736,32.62568227467813,6.7548385650042455
529.9999999943791,300.32828028875167,-1977558.7403091341,292067.09191995685,-1685491.6483891774,0.4640125508760411,0.5377595358434615,0.4984163683985018,0.7450046268795578,1.4386704056335304,0.867752501704809,0.3693361333063072,0.7723284063287981,35.45975760280339,0,1.218912518486583,34.83614546301874,5.186328601550812,24.459844807698218,0.9132194551070298,34.540382010345866,33.1690789846039,33.38521430934179,7.3469801052696475,34.29682440651288,0,0,0,0,0,0.2345688704853366,0.6811529826431215,4.648569065707351,0.37545991926356836,32.631319448760436,6.809220569426186
530.9999999943554,300.9272253205265,-1978510.2796917856,292649.56165434944,-1685860.7180374363,0.4548290560486734,0.543027879837436,0.5001511171122248,0.7364663363151749,1.3955185925849918,0.8402517063250763,0.34010058921285147,0.7678131989464889,35.47226425189643,0,1.2188815134727555,34.857625468593824,5.165431582965091,24.424641985915343,0.9009394345127273,34.52212600602246,33.17972016518297,33.39969937417197,7.295882981233575,34.28694236655326,0,0,0,0,0,0.22478531910905297,0.6758536336353196,4.622403703127655,0.35791155467529134,32.63669228534553,6.752855101396139
531.9999999943318,299.98155190048055,-1978010.0380965546,291729.9010568417,-1686280.1370397129,0.46162768105119323,0.5360366148757834,0.498088667318611,0.742961924326961,1.3720524196634365,0.8438709350691729,0.34578226775056187,0.7623023669052689,35.63061057445026,0,1.1959821895482232,34.87001894007,5.078335634056145,24.471022626580123,0.8681759776690674,34.41849446439369,33.254237581692394,33.48009994253982,7.362181694690197,34.235489536934324,0,0,0,0,0,0.2262657520294855,0.6599455746724399,4.542299019180362,0.33213936279328404,32.71820096681661,6.826145079814413
532.9999999943082,299.91284398735496,-1978766.3163064457,291663.08310563455,-1687103.2332008113,0.45429525309500995,0.533164971297984,0.49951340218457163,0.7115144939761588,1.3074498583028173,0.822308679852582,0.3227952776680104,0.7662517260869315,35.56121096486743,0,1.206163302834593,34.88199146467821,5.096789888649088,24.449785322417128,0.8667996476410749,34.387778655699094,33.24911762750469,33.44954074612815,7.324865796975384,34.21940490478687,0,0,0,0,0,0.23308675478894747,0.672998331536609,4.563624917351104,0.33363467634309085,32.7159526562067,6.791700825677401
533.9999999942845,299.647453600921,-1979753.8142130338,291404.99286413356,-1688348.8213489002,0.4620246786380253,0.5455542081973546,0.5028397228139682,0.7350612507073517,1.3963106506609435,0.8426575098014262,0.339817786987458,0.7630490777015488,35.4022991656135,0,1.3018715420905105,34.82889054702298,5.129592761562051,24.44324181078491,0.9270152191001024,34.43098125242386,33.15935575678486,33.38544630024569,7.253754841050693,34.243823430909856,0,0,0,0,0,0.21749486950419428,0.7563173338931559,4.584038553364697,0.38146101090274787,32.61380154858751,6.708200632853338
534.9999999942609,299.14575493475223,-1978886.0676384866,290917.0945206704,-1687968.9731178163,0.457229544317304,0.5423308966801184,0.4980470457906677,0.7474560671689958,1.4112506117475725,0.84982960147021,0.3517825556795423,0.7585013784017178,35.49371614241454,0,1.2548356357732509,34.81542034003121,5.1245982208139935,24.46621959937829,0.9062474222636006,34.38571738135806,33.18537271820048,33.413924171977214,7.226760994354933,34.309270719055576,0,0,0,0,0,0.21617048172159947,0.7125047390931325,4.582267324133875,0.3639165255834822,32.64304182152036,6.684430097674815
535.9999999942372,300.1160473384421,-1979083.4525018893,291860.6969026548,-1687222.7555992345,0.466760922133143,0.5377324239929747,0.5016851347696831,0.7328803873792129,1.5188375648382095,0.8385580267080956,0.3368728919384125,0.7588016447152364,35.364997434105305,0,1.2941824151567038,34.760324288427455,5.183446200763058,24.407816374162223,0.9114995506324357,34.35118542728651,33.18689786087327,33.435196520253726,7.193338331969748,34.30126882933587,0,0,0,0,0,0.22106922072226165,0.7564499911637291,4.645713776770083,0.373767126639461,32.649165436880295,6.655605907976773
536.9999999942136,299.64246770076795,-1979050.727849353,291400.14411210496,-1687650.583737248,0.4524541464956755,0.5371912550995468,0.4988584910626269,0.7158368352991467,1.4331485233593995,0.8366921037560298,0.33783361269340284,0.7595148713118101,35.347091717752576,0,1.2974835361035666,34.77956815884744,5.157155938327271,24.459383005074823,0.9249017400811912,34.38211123871315,33.15793706432555,33.39091595770799,7.198741514387159,34.26565776342579,0,0,0,0,0,0.22232361621226326,0.7602922810040198,4.619964683227725,0.3877104849816444,32.62074580922601,6.661550259287612
537.9999999941899,301.0549785637572,-1979246.8818839192,292773.80076429225,-1686473.081119627,0.45320339665832154,0.5469006861922432,0.49926253673421045,0.7701804315055902,1.4890673038734707,0.8265270103370423,0.3272644736028319,0.7630943328874924,35.40855017033581,0,1.25988899586451,34.73974803836825,5.113147660650462,24.444714458717158,0.9147951866862041,34.269811038378634,33.09854575149234,33.36893961235148,7.2737926386258565,34.23999962195205,0,0,0,0,0,0.2161936466952492,0.7129883096722669,4.566246974458219,0.3678945004939609,32.55164506530009,6.726891952433613
538.9999999941663,300.8601762442561,-1980035.6032299846,292584.3569100497,-1687451.246319935,0.44707033712406297,0.534356396415884,0.5003572480205173,0.7472798095015492,1.3987256395078527,0.8327885259783139,0.3324312779577966,0.7629518222250748,35.37914945525716,0,1.264777786295701,34.794780950523815,5.058204634483321,24.447646635951088,0.965366305339167,34.38007539061675,33.191563818269515,33.41199392621968,7.260838579980074,34.20177951736912,0,0,0,0,0,0.2285954258091909,0.7304213898798171,4.523848238067437,0.43100990892328306,32.65720742185363,6.72648218356419
539.9999999941426,299.72048175532797,-1979203.2307663374,291476.01221890573,-1687727.2185474318,0.4591488079993473,0.5386979122091393,0.5022522358709495,0.7364016585994833,1.3599331032081565,0.8364095718703369,0.33415733599938746,0.7731152198654601,35.37585757022464,0,1.218790508017399,34.81556089954927,5.08596192246997,24.459232045410204,0.8875926036736539,34.42848556759961,33.15573431083442,33.34906292014159,7.29273589614877,34.13160332894453,0,0,0,0,0,0.23441730765632074,0.6800925958082598,4.547264010260831,0.3488946914645146,32.61703639862528,6.7540379839396305
540.999999994119,298.3735840304296,-1979570.1759060659,290166.16387146915,-1689404.0120345966,0.4563079698194139,0.5470359302476573,0.5017703270136596,0.7574059457655213,1.433016740394681,0.8287772246982917,0.3270068976846321,0.7679959000317265,35.39567115726777,0,1.186620623303849,34.782744052201565,5.132672730292775,24.525946419955403,0.9150359467141733,34.46064244117895,33.05566192924687,33.30577489365692,7.360709015755006,34.19502939212822,0,0,0,0,0,0.22095996978406918,0.6395846930561917,4.585636800045117,0.36800001646651603,32.50862599899921,6.813673085507348
541.9999999940953,300.8672463092787,-1981694.0628178976,292591.2324974198,-1689102.830320478,0.45776248128112096,0.5536946840360333,0.499580972548948,0.7288957668941176,1.4759157744945561,0.831065820913172,0.33148484836422404,0.7464283797052902,35.405139264225284,0,1.2036114395785233,34.82020892185892,5.186982172630664,24.5104040805752,0.9029393768044676,34.43321581057421,32.91935822397659,33.18585711420212,7.376046299566887,34.16081914441344,0,0,0,0,0,0.1927336956692569,0.6499167555424901,4.633287488594631,0.3492446927684343,32.365663539940556,6.822351615530854
542.9999999940717,300.01642768151277,-1979399.429614216,291763.8175029877,-1687635.6121112285,0.4576745799415427,0.5486359173928967,0.4994856453366852,0.7456697245385131,1.3511158548422486,0.8232427337837656,0.32375708844708034,0.7720796937606202,35.47751090698944,0,1.1634664960884074,34.75908314536815,5.19151978925629,24.607769162737227,0.968102877724073,34.444139540291644,32.91019240981916,33.16025305813878,7.3179800328496185,34.26239310841106,0,0,0,0,0,0.2234437763677235,0.6148305786955106,4.642883871863393,0.41946696033117625,32.36155649242626,6.769344115456722
543.999999994048,298.0812912036747,-1979931.8811258562,289881.9112003012,-1690049.969925555,0.4578450861554799,0.5371329803375366,0.4994763285084144,0.7482571198004404,1.459508753847885,0.8568205828583171,0.3573442543499027,0.7633989149955873,35.51562141493193,0,1.1429541631325861,34.764823945695,5.231809828656495,24.623508845087287,0.9166950899515509,34.41869142636165,32.82947262281721,33.05248216848213,7.387531439505153,34.19825107984866,0,0,0,0,0,0.22626593465805067,0.6058211827950495,4.694676848318958,0.37956210961401426,32.29233964247967,6.850398459167616
544.9999999940244,300.0199509497194,-1977797.4932882898,291767.243855971,-1686030.2494323188,0.4560232071775925,0.5369987155814897,0.49833605234989464,0.7290590958007557,1.5338743289584649,0.8193315505666205,0.3209954982167259,0.7615561159769033,35.445690423356496,0,1.2058571395592068,34.84155412641189,5.313841688635193,24.65189311571453,0.9079838835068443,34.42555669731439,32.85277841344737,33.05513882674779,7.352732978292053,34.1755122877521,0,0,0,0,0,0.2245574003954136,0.6688584239777171,4.776842973053704,0.37098516792535463,32.31577969786588,6.8157342627105635
545.9999999940007,299.61837516999157,-1979171.552015286,291376.7142992546,-1687794.8377160314,0.463432384969912,0.537898412367829,0.49822774743703596,0.7153059728631721,1.4437422306811136,0.8232424496649866,0.32501470222795065,0.7756436583266124,35.42757813223861,0,1.1739479984766241,34.786608176677646,5.38953025222596,24.662387553690166,0.9237427231258426,34.3415103644997,32.84783973123038,33.069744291760514,7.433224328360581,34.193346865192666,0,0,0,0,0,0.23774524595878344,0.6360495861087951,4.851631839858131,0.3858443107580136,32.30994131886255,6.895325915992752
546.9999999939771,300.37501531026777,-1981631.2510875277,292112.54139215406,-1689518.7096953737,0.4679173067548348,0.5437449321740431,0.5019750439705705,0.7380747146203488,1.4219351586182682,0.8334305617850648,0.33145551781449434,0.7795841847765335,35.4670831697733,0,1.2152003258421598,34.801222850386864,5.335914512397409,24.620300795998162,0.862582827859768,34.396827749378396,32.81139617255417,33.00119886888956,7.407152833705638,34.171801400271534,0,0,0,0,0,0.2358392526024904,0.6714553936681167,4.792169580223366,0.31883789568572496,32.267651240380125,6.863407901531595
547.9999999939535,300.0795462917675,-1979915.2587359324,291825.19989736425,-1688090.0588385682,0.45927003931264654,0.5402509473879249,0.4997955692956384,0.7374620635033846,1.475408014172622,0.8370113983917036,0.3372158290960652,0.7697223662932053,35.469611448271735,0,1.2388997560637485,34.75442857073702,5.344780033831718,24.616398372131982,0.9151083537686411,34.28440276854485,32.82408771466169,33.04869888623318,7.418617115717609,34.13375375094745,0,0,0,0,0,0.22947141890528044,0.6986488086758236,4.804529086443793,0.3748574063807162,32.28383676727376,6.878366168329684
548.9999999939298,299.98212277718665,-1978404.2817968912,291730.4562303313,-1686673.82556656,0.45486274316832637,0.5488890691804329,0.49912733169092305,0.744729871848401,1.4614241337709934,0.8289542748098243,0.32982694311890126,0.751559700547757,35.43805825429138,0,1.1861023999249483,34.74679072091453,5.397066340314126,24.57986677298703,0.8868677982726645,34.337464659081434,32.772795980432136,33.01607338879626,7.374874850764044,34.23712775806848,0,0,0,0,0,0.2026706313673241,0.6372133307445154,4.848177271133693,0.3379787290922316,32.2239069112517,6.825985781583611
549.9999999939062,299.54895608376074,-1977196.071778614,291309.2047373189,-1685886.8670412952,0.4603684111018689,0.5401912873299413,0.5004198666715154,0.7348271420032866,1.3679035875176586,0.8332261042343205,0.33280623756280514,0.766134971218023,35.45818825504546,0,1.2279055381343138,34.68195926036503,5.427521238903919,24.575942470642076,0.8892501316939949,34.389280984503785,32.72504181176498,32.96698615816206,7.29130245204604,34.207221095702494,0,0,0,0,0,0.22594368388808173,0.6877142508043725,4.887329951573978,0.34905884436405366,32.18485052443504,6.751111164716098
550.9999999938825,300.1793174965634,-1976612.6868857183,291922.22667624126,-1684690.460209477,0.45412209670463544,0.5463013197467008,0.4966720129957035,0.724183758319505,1.3748984566669833,0.8380920506126057,0.3414200376169022,0.7660937817575935,35.39203892166961,0,1.1858729336334655,34.62257590442812,5.509235812303608,24.62951300451546,0.8364798514451133,34.42379731541638,32.736699652701304,32.95497268156123,7.291388852332105,34.25319136938492,0,0,0,0,0,0.21979246201089264,0.6395716138867646,4.962934492556907,0.29017853169841246,32.1903983329546,6.745087532585404
551.9999999938589,300.1090420204686,-1978531.899662204,291853.8842813241,-1686678.0153808799,0.46010692967340994,0.5568363164112524,0.5026503443099802,0.7517155358724628,1.3183008925929762,0.82823558839708,0.32558524408709977,0.7727538209828877,35.46823312894492,0,1.2138157483128929,34.65155223882948,5.701636417662414,24.532133363969024,0.9092762771639347,34.357768170926704,32.723367519877684,32.969581788274326,7.254404527018039,34.22415139862335,0,0,0,0,0,0.21591750457163528,0.6569794319016404,5.144800101251161,0.35243996075268225,32.166531203466434,6.697568210606787
552.9999999938352,300.37920820899075,-1976308.701742705,292116.61895599705,-1684192.082786708,0.4616873983120904,0.5459066152385823,0.5014774736079453,0.7412683481426345,1.3170526945452252,0.8335764542320512,0.3320989806241059,0.7740804589252619,35.44118206339806,0,1.2883828509158057,34.614415750986836,5.783115352467057,24.621059572346866,0.8823242173756116,34.32138925194056,32.74502527961991,32.948910716556725,7.235863003399544,34.25088778092777,0,0,0,0,0,0.2281738436866796,0.7424762356772234,5.237208737228475,0.3364176021370293,32.19911866438133,6.689956388160962
553.9999999938116,301.3451869011428,-1976787.3501459956,293056.02628454514,-1683731.3238614504,0.4585144428426009,0.5482103921980386,0.4983528768616604,0.729419564197002,1.272802073879312,0.8342178299155617,0.3358649530539013,0.7701724039835058,35.43234677589143,0,1.2392284088773522,34.4785342142917,5.848406534879288,24.67090514044122,0.9489823798989612,34.39806922654918,32.695765349431554,33.01466809592847,7.200949580845467,34.24209944552837,0,0,0,0,0,0.22196201178546726,0.6910180166793136,5.30019614268125,0.4007719877009226,32.14755495723352,6.652739188647429
554.9999999937879,300.90808447424024,-1976504.8390293755,292630.94731904165,-1683873.8917103338,0.46556933182113003,0.537317244537105,0.49965099619280817,0.7486577415404376,1.3556725273192498,0.8298177065235615,0.3301667103307533,0.7700569791498602,35.48478538040047,0,1.2283531696532322,34.509050989015805,5.756861846807666,24.59218645483719,0.9223695460066788,34.52828837454501,32.660577346350124,32.93784332697018,7.145483004173971,34.23825532853925,0,0,0,0,0,0.2327397346127551,0.6910359251161271,5.219544602270561,0.3850523014695737,32.12326010181302,6.608165759636866
555.9999999937643,300.0292706430386,-1974816.9745281376,291776.30719067506,-1683040.6673374625,0.46880422683158596,0.5382569659783769,0.502473337159157,0.7558946461044957,1.3523748554170645,0.8429327924699086,0.3404594553107516,0.768241944640893,35.449684243365105,0,1.2902380255780874,34.457049370720995,5.8710886372762445,24.59469766209753,0.8775990584063864,34.5285435137622,32.659285946787634,32.909923285879614,7.191344040476764,34.2763503039954,0,0,0,0,0,0.2299849786625161,0.7519810595997105,5.332831671297868,0.3393420924280095,32.12102898080926,6.653087074498387
556.9999999937406,299.81722684432674,-1976478.5711374283,291570.0961219409,-1684908.4750154875,0.4507235654144721,0.5414435685653132,0.49743323400944717,0.7280946784715461,1.4547518432069877,0.8310539619188826,0.3336207279094354,0.7595286266072865,35.47266325197438,0,1.255185114362737,34.47476491159722,5.831134232112781,24.648358511215292,0.8662473997401836,34.545020743368354,32.6565017106966,32.88204110921305,7.1247866501369685,34.258773850411664,0,0,0,0,0,0.2180850580419733,0.7137415457974239,5.289690663547468,0.32480383117487044,32.11505814213129,6.583343081571655
557.999999993717,299.7771203655156,-1978195.6581230164,291531.0928598363,-1686664.56526318,0.4574864343190246,0.5375989531328242,0.49860714601576395,0.7181452034544451,1.410654860400939,0.836859381617087,0.338252235601323,0.7644217658187697,35.422505012847466,0,1.2908997665099697,34.36858987232131,5.881316187953234,24.60050231791891,0.8998841472023678,34.421890554539516,32.646058919478605,32.88175176323762,7.092853271220406,34.21307972508032,0,0,0,0,0,0.2268228126859455,0.7533008133771455,5.34371723482041,0.3622851940695435,32.108459966345784,6.555254318087582
558.9999999936933,299.42749887930154,-1978292.8435702957,291191.0884797856,-1687101.75509051,0.46213468471122354,0.5430415224188776,0.500745749594451,0.7286862639953027,1.4643262896257756,0.8246261539997157,0.3238804044052648,0.7623731683671409,35.47532333233039,0,1.2984385347269516,34.458156927345044,5.91046445345134,24.576922709620987,1.0033067220351555,34.35253379891185,32.708348433529295,32.916066607363405,7.151136714375653,34.29341139674176,0,0,0,0,0,0.21933164594826327,0.755397012308074,5.367422931032462,0.4602651996162779,32.16530691111042,6.608095191956775
559.9999999936697,299.9525218266635,-1979755.8010840379,291701.66951890656,-1688054.1315651312,0.46260785816035765,0.5354947531791847,0.4997133279422971,0.7569082927285731,1.524536127434791,0.8326569792372829,0.33294365129498577,0.7670056542135004,35.41102231283037,0,1.2807794292799812,34.42304477538221,5.83489457984134,24.61663804536387,0.9999478968028974,34.3476288254293,32.701712858061285,32.92688930264535,7.180600216155117,34.23556436566861,0,0,0,0,0,0.2315109010343157,0.7452846761007965,5.299399826662155,0.4644531436237127,32.1662181048821,6.645105462975932
560.999999993646,299.60686720522847,-1977191.9292250238,291365.52288631455,-1685826.4063387094,0.4642261044667064,0.5469117493015325,0.5005255687519362,0.7256391936491493,1.444529660509577,0.845790301028458,0.34526473227652177,0.7577326285430104,35.37960898764999,0,1.2507818211316106,34.4962168095517,5.783198593726823,24.569696703684542,0.9382606014281425,34.42121885190824,32.7607181119123,32.96273217102487,7.141390227129044,34.340844499386435,0,0,0,0,0,0.21082087924147785,0.7038700718300781,5.23628684442529,0.39134885212660997,32.21380636261077,6.594478477827511
561.9999999936224,299.6057322061221,-1977499.8097337373,291364.4191078492,-1686135.390625888,0.4591523427547872,0.5391733735203514,0.5003839137008046,0.7443345321325374,1.4482485025649479,0.8306699101810273,0.3302859964802227,0.7440803416865531,35.367451031791376,0,1.3190729100450014,34.516365065701805,5.777693943263557,24.520876034386944,0.8706130431467893,34.56717060363246,32.77753076648639,32.969726373804036,7.183360282211623,34.319818930284896,0,0,0,0,0,0.2049069681662017,0.7798995365246499,5.238520569743206,0.3314396696264379,32.238357392966044,6.644186908691272
562.9999999935987,301.1401445719886,-1979395.7086824141,292856.62409458496,-1686539.0845878292,0.4596063974688125,0.5349470498525397,0.5012808228357484,0.7670226975163388,1.440167413582004,0.8428808720225163,0.3416000491867679,0.7754049245840182,35.459231806262494,0,1.28394189734993,34.44456474670608,5.7510531477887525,24.489814542651402,0.8834490761665719,34.55474439359722,32.78970903693755,32.987200369601965,7.271702112740741,34.3107839000661,0,0,0,0,0,0.2404578747314785,0.7489948474973902,5.216106097936213,0.34850202631403215,32.25476198708501,6.736755062888201
563.9999999935751,300.5039181260722,-1979836.359455455,292237.8984531545,-1687598.4610023005,0.45538416664736614,0.5412505120201816,0.4991826949635623,0.7722447554644964,1.4425592234643148,0.8308193014469994,0.3316366064834371,0.7692995907924001,35.54397593106182,0,1.2662786739014997,34.471588044173124,5.745215917559046,24.580982109419004,0.9465386407566054,34.57022420663543,32.798842504935635,32.981683886515725,7.256682366170011,34.281255234359605,0,0,0,0,0,0.22804907877221847,0.7250281618813181,5.203965405538864,0.40528812873642384,32.25759199291545,6.71543185414983
564.9999999935515,297.6801742088973,-1978899.4806476422,289491.82780864835,-1689407.6528389938,0.45214257749197273,0.5454917667895591,0.5012389453692294,0.7593802550231388,1.3930271994747443,0.8313443209914465,0.3301053756222171,0.773636879220453,35.40170409399275,0,1.4220277385726732,34.509694629351884,5.713399090312905,24.6352040070054,0.8984631923862929,34.575270731685976,32.78016863586981,32.99978130808938,7.239751354386838,34.30446901698906,0,0,0,0,0,0.22814511243089386,0.876535971783114,5.1679073235233455,0.3529714255967338,32.23467686908025,6.694259587597279
565.9999999935278,298.30507472254953,-1978632.2516098507,290099.5390624344,-1688532.7125474163,0.45580695510006475,0.5453288383701391,0.4996302807497991,0.7488578553343894,1.2718918387175009,0.8352353248198097,0.33560504407001057,0.7521216787983827,35.36684946722164,0,1.4123605310012408,34.520928767916075,5.736768125902316,24.596070377781075,0.8424513452062001,34.60707818452266,32.81024937682449,33.006619418769105,7.2783933739822615,34.33365707795372,0,0,0,0,0,0.20679284042824353,0.8670316926311017,5.191439287532177,0.297122506836061,32.26492053845435,6.733064535612122
566.9999999935042,300.0688510962875,-1978254.654711593,291814.79889670474,-1686439.8558148881,0.4624042823846779,0.5418639962271392,0.5001656007114103,0.7243540295761705,1.2645853694228473,0.8398072017341129,0.3396416010227027,0.7725862534137171,35.42265355129106,0,1.3910092324183747,34.57951192118435,5.75662605404095,24.645585622933254,0.9314880563205534,34.60524311334734,32.67806968099222,32.919713842804754,7.215805734992969,34.33797165699616,0,0,0,0,0,0.2307222571865779,0.8491452361912355,5.214762057813811,0.3896240600934142,32.13620568476509,6.67394173876583
567.9999999934805,299.11466134663976,-1978379.1264753677,290886.85622992855,-1687492.2702454391,0.4575054253050084,0.539690772976952,0.5030303642656944,0.716093512408273,1.2247023281294318,0.8299500652939715,0.32691970102827717,0.7835206554588154,35.464181474598945,0,1.2991757138469548,34.54232990638229,5.7950760896949305,24.667848005134033,0.8951069446205562,34.68709236516082,32.63040658227021,32.928334893771876,7.245328218847817,34.4085066427225,0,0,0,0,0,0.24382988248186344,0.7594849408700028,5.2553853167179785,0.3554161716436042,32.09071580929326,6.705637445870865
568.9999999934569,299.9155600985904,-1978378.6266632192,291665.72450427036,-1686712.9021589488,0.46366720115166693,0.540622634020675,0.49711967780276484,0.7085136206788287,1.249005662821979,0.8266452042854313,0.3295255264826665,0.7610258910739756,35.36808855348136,0,1.3725394874848362,34.57187707480364,5.8024285852703485,24.706694799104127,0.9145382940661921,34.66999048800552,32.70884667616758,32.89921894461321,7.2060944914720295,34.33015667321615,0,0,0,0,0,0.22040325705330055,0.8319168534641612,5.2618059512496735,0.37391566004551713,32.1682240421469,6.6654718574513545
569.9999999934332,300.3328574669015,-1978165.2043677196,292071.5431927778,-1686093.6611749418,0.45695004477253987,0.542791005117309,0.5002686481619754,0.734098576638134,1.2143714235032022,0.8432976872181461,0.34302903905617077,0.7502811117586852,35.46282620184283,0,1.4087891545043754,34.453551509329714,5.820847414692437,24.66386397463313,0.9461991405973418,34.508482174705364,32.73943198919926,32.97374590822176,7.305817492900225,34.377061145439484,0,0,0,0,0,0.20749010664137613,0.8659981493870663,5.278056409575129,0.40340813548003274,32.19664098408195,6.763026487782916
570.9999999934096,301.0103171247555,-1978748.6158597134,292730.3678361723,-1686018.2480235412,0.4607228830473957,0.5423419329899781,0.499645425858421,0.7599585399588147,1.281907122465313,0.8429108166010769,0.34326539074265594,0.7681759389774019,35.473557172665096,0,1.326791524320749,34.42930947786928,5.894171210256971,24.612538842353985,0.9155990962123157,34.50675948036405,32.7538626773669,32.98185795897143,7.285189843750743,34.364522159560806,0,0,0,0,0,0.22583400598742376,0.784449591330771,5.351829277266993,0.3732571632223376,32.21152074437692,6.742847910760765
571.9999999933859,299.7702449494334,-1979853.3437337428,291524.4065671604,-1688328.9371665823,0.46280220254845883,0.5437879355293411,0.4991450665023608,0.7593368842567232,1.2462630260132737,0.8506549073784652,0.3515098408761044,0.7722651856779432,35.468130850761554,0,1.2918887555389809,34.51448136982964,5.8740777643878666,24.673483178093335,0.8999362905908406,34.51120034838942,32.85111299742971,33.03971552115797,7.307391047310702,34.39074123406988,0,0,0,0,0,0.2284772501486021,0.7481008200096397,5.330289828858525,0.35614835506149944,32.30732506190037,6.763603111781361
572.9999999933623,299.3779432917908,-1980107.3877343498,291142.8960274507,-1688964.4917068991,0.4531045964851499,0.5444361832664129,0.5013922635687585,0.7609379524152953,1.2316636035112314,0.8574980907734768,0.3561058272047183,0.7629755656346475,35.39245350707779,0,1.2144282058208766,34.44278590243198,5.903197436524607,24.636162873785963,0.9057665403499473,34.49979952100307,32.84965064709911,33.05663999423632,7.273179704641265,34.38331195562807,0,0,0,0,0,0.21853938236823467,0.6699920225544638,5.358761253258194,0.36133035708353445,32.3052144638327,6.728743521374852
573.9999999933386,298.8024748052584,-1978326.2924147584,290583.2570644083,-1687743.0353503502,0.465553617583494,0.5355276670363374,0.5000270243338079,0.7704200564478167,1.2031883482208983,0.8510788903288207,0.3510518659950128,0.7820107909059122,35.31401448888106,0,1.3003695451813932,34.426241222796875,5.895694454104699,24.729169547132415,0.9034062056457606,34.49522158099762,32.75869077055637,33.04480629761201,7.321560411211102,34.34292791332996,0,0,0,0,0,0.24648312386957483,0.7648418781450559,5.360166787068362,0.3678785386094232,32.22316310352004,6.786032744174765
574.999999993315,298.8774819400697,-1978884.5434535258,290656.20096338616,-1688228.3424901397,0.45051603194976053,0.5440677694787794,0.49995675121765343,0.7527664225812041,1.2242763045444998,0.8250646500868852,0.3251078988692318,0.7615324448784513,35.30116213315813,0,1.2420770456469334,34.456676154674255,5.886991448445414,24.901759530083837,0.9218605425232678,34.523973184824854,32.777578943578874,33.02862576307166,7.308984075728972,34.45402457588523,0,0,0,0,0,0.21746467539967185,0.698009276168154,5.342923678966635,0.37779277304448833,32.233511174100094,6.764916306250193
575.9999999932913,300.52422332142856,-1978693.2340629883,292257.6451095562,-1686435.5889534322,0.4544146078968281,0.5376521957741053,0.5012005473139405,0.7536926891005782,1.2583969584016987,0.8288921712522431,0.32769162393830265,0.7685097515476875,35.356111478859475,0,1.238623180134283,34.49117886721842,5.907774194745457,24.956206458694396,0.8828918794230818,34.50949547376695,32.746776626857795,32.991849786085936,7.393261351224787,34.4581171725963,0,0,0,0,0,0.23085755577358225,0.7009709843601778,5.370121998971352,0.3452396836489765,32.20912443108369,6.855609155450682
576.9999999932677,299.32594686366883,-1978189.8364880458,291092.32987518155,-1687097.5066128643,0.45645864378498757,0.5346146373991676,0.498249914771515,0.73711788021836,1.2157632094852409,0.8259787633620168,0.32772884859050183,0.7647547804170873,35.3857194538015,0,1.2899123780479975,34.48849371675465,5.7973186938413335,24.85826265260266,0.9254654820914823,34.507266792652075,32.77952203305911,33.07289950553849,7.336594610246735,34.426392255800124,0,0,0,0,0,0.23014014301791974,0.7552977406488299,5.262704056442166,0.3908508446923147,32.24490739565994,6.801979972847567
577.999999993244,298.96650832798906,-1977789.626531992,290742.7784851525,-1687046.8480468397,0.4651083808235512,0.5375404133086015,0.5020424671272293,0.7631641729520791,1.2632361579833153,0.8339238658380981,0.33188139871086875,0.7734872685847045,35.48621042160079,0,1.2716035517658462,34.55247645902466,5.838441653698752,24.89323870650594,0.982446373065921,34.55940213530661,32.7151992062295,32.99306970656221,7.317870353323173,34.41454171642863,0,0,0,0,0,0.23594685527610304,0.7340631384572447,5.30090124039015,0.4449059597573195,32.177658792920894,6.780329940014571
578.9999999932204,300.2458103298578,-1979282.8142203763,291986.8904782487,-1687295.9237421276,0.462128821375676,0.5337446710068718,0.499929683520674,0.7400336708467012,1.2206050337278036,0.8324431269030816,0.3325134433824076,0.7831775864809671,35.33822096581514,0,1.235389174963224,34.473971763096586,5.816078843974992,24.91231793704287,0.9066800463075786,34.52522495381618,32.70587036416282,32.95703338206715,7.305487004505949,34.442158063464944,0,0,0,0,0,0.2494329154740953,0.7016445039563521,5.28233417296812,0.37293537530070675,32.17212569315595,6.771742333499077
579.9999999931968,300.02105633844263,-1978142.9173241258,291768.3188385519,-1686374.598485574,0.4539875445726045,0.5517707177218725,0.5002450959398383,0.7055909577494397,1.2030322104969713,0.8467537219818168,0.3465086260419784,0.7654581088074589,35.318020197485566,0,1.2299530336914,34.530831021998324,5.783967098094195,24.903168055443672,0.914817309000183,34.53385097004872,32.76512807400138,33.03836742395208,7.3371556546782415,34.41751592246089,0,0,0,0,0,0.21368739108558643,0.6781823159695275,5.232196380372322,0.3630465912783105,32.21335735627951,6.785384936956369
580.9999999931731,299.70797746094337,-1977812.8880312145,291463.8518825767,-1686349.0361486378,0.4571831416756691,0.5379812867799512,0.49814111019157115,0.7330558621063847,1.20477558960995,0.8140856302832814,0.31594452009171026,0.7615393131568347,35.42206849438901,0,1.2870627890346,34.54931912620043,5.806352050829901,24.93192362861214,0.9049006944739304,34.53599195416399,32.68930082540473,32.96902125579072,7.268965417101583,34.44987890140773,0,0,0,0,0,0.2235580263768835,0.7490815022546489,5.2683707640499495,0.36691940769397924,32.151319538624776,6.730984130321632
581.9999999931495,299.72709847341184,-1977215.7641604021,291482.44692963944,-1685733.3172307627,0.4619421155348702,0.5381697398978111,0.49911967902352483,0.7462442690655084,1.1751129801019555,0.8201634506561126,0.3210437716325878,0.7773479254522555,35.43435095502696,0,1.1727522699031017,34.58073890441534,5.820986825698533,24.88298971684233,0.9511568358857954,34.512998161464,32.60104621432288,32.84745792422338,7.273286805050878,34.54795952809798,0,0,0,0,0,0.23917818555444437,0.6345825300052905,5.282817085800722,0.4129870959879842,32.06287647442507,6.735117065153067
582.9999999931258,299.83619038285303,-1975280.1364672445,291588.53802672774,-1683691.5984405167,0.45733805153691165,0.5409908426250345,0.5007347385069378,0.7680999943012541,1.2133173049887773,0.8275181542418937,0.32678341573495584,0.7718785552253031,35.418610732578145,0,1.1995828380453055,34.59406286167672,5.732159208961441,24.898195281477594,0.986283818854707,34.539593005921404,32.476850047723815,32.77076314035054,7.212663845219922,34.6361040479369,0,0,0,0,0,0.23088771260026864,0.658591995420271,5.191168366336407,0.44529297622967245,31.93585920509878,6.671673002594887
583.9999999931022,298.94184778744517,-1975741.020622339,290718.79628688964,-1685022.2243354495,0.4398815020933884,0.544590240127079,0.5004742920999026,0.7248787320209815,1.1788308810916632,0.8191966163072619,0.31872232420735935,0.7677046094279454,35.414658150707965,0,1.1914216631471604,34.66441584477741,5.827940750866247,24.959558246642587,0.9084038140838534,34.51641232059808,32.49580467043353,32.74508064873305,7.186724927261878,34.69128296346878,0,0,0,0,0,0.22311436930086637,0.6468314230200813,5.283350510739169,0.3638135739567744,31.95121443030645,6.642134687134799
584.9999999930785,300.6120308181698,-1976958.1018869095,292343.0372684209,-1684615.0646184885,0.4593867031754444,0.535814815817524,0.49883000596995264,0.7295704542734684,1.2533497391157162,0.8107558013586832,0.31192579538873055,0.7717814635031068,35.43735408045961,0,1.2387115810280802,34.6256811049775,6.005764730097326,24.904582821781673,0.9220312181007073,34.55257111053123,32.62596459272123,32.877330601538745,7.194483084292486,34.63622408792037,0,0,0,0,0,0.23596664768558284,0.7028967652105562,5.469949914279802,0.3862164022831833,32.09014977690371,6.658668268474962
585.9999999930549,300.20651568442344,-1976670.3145221993,291948.67671826243,-1684721.6378039368,0.4541212968359476,0.5550129304649598,0.5003775664885141,0.7598078757287929,1.22635141203628,0.8338224435365686,0.3334448770480546,0.7682092606207949,35.53070958628325,0,1.1969037807070464,34.56862565297149,5.96019923459977,24.904711117430196,0.9678220107414246,34.59593925404906,32.61811626068197,32.89663526561151,7.172255080159346,34.57876710131097,0,0,0,0,0,0.21319633015583506,0.6418908502420866,5.40518630413481,0.4128090802764648,32.06310333021701,6.617242149694386
586.9999999930312,299.59578122046224,-1976483.009301193,291354.74184588564,-1685128.2674553073,0.46329143555137675,0.5368273362801563,0.5007618848940324,0.747727835726387,1.224715955701523,0.8523463920766745,0.3515845071826421,0.7698623099314901,35.39357600043945,0,1.1451254448450072,34.62175884465205,6.027762652278625,24.917640504602915,0.9427031273645201,34.52556875969401,32.65527855830612,32.8879163068392,7.186571212064514,34.67149496000002,0,0,0,0,0,0.23303497365133374,0.6082981085648509,5.490935315998469,0.4058757910843638,32.11845122202597,6.649743875784358
587.9999999930076,300.50212421774506,-1978650.8394915462,292236.15389021224,-1686414.6856013339,0.46571117892860525,0.5454381827434212,0.5002700547734769,0.7626875570965734,1.2417520255495973,0.8386013529081134,0.3383312981346366,0.7692908691335907,35.489021959735,0,1.091563176840225,34.56804067326118,6.022678229174858,25.008657844411346,0.9410665410259291,34.59728473542134,32.50135491822124,32.790526531196065,7.196804671303724,34.62007639182855,0,0,0,0,0,0.22385268639016953,0.5461249940968038,5.477240046431437,0.395628358282508,31.955916735477818,6.651366488560303
588.9999999929839,297.8582911793282,-1977960.3887486905,289665.0452809601,-1688295.3434677303,0.46575685199288674,0.5419286289490284,0.5001297871493471,0.7272339852472278,1.1782089801158158,0.8367926785181313,0.33666289136878425,0.7655670414581834,35.47431760360598,0,1.1652945204580805,34.471974505508456,5.977844339022397,24.908187543733135,0.9038175807390871,34.52412088680984,32.53540478738245,32.79987966457611,7.158100316953124,34.62424223161645,0,0,0,0,0,0.22363841250915506,0.6233658915090521,5.435915710073369,0.36188895179005875,31.993476158433417,6.616171688004096
589.9999999929603,300.12033276603006,-1977852.3118512183,291864.86445015325,-1685987.4474010651,0.4525164458933384,0.543062390606017,0.4986844297331342,0.741444426569581,1.1855592087647402,0.850416967267432,0.3517325375342978,0.7756384713138189,35.36468823182872,0,1.1524937651206208,34.49511951209797,6.018463811739494,24.95160050955593,0.909776019545049,34.51235662930327,32.51985899571889,32.81750719290301,7.171971405848026,34.49589092681384,0,0,0,0,0,0.2325760807078019,0.6094313745146038,5.475401421133477,0.36671362893903203,31.976796605112874,6.62890901524201
590.9999999929366,300.0540199762783,-1977841.4329983518,291800.3757391958,-1686041.057259156,0.4620944994272076,0.551799345524647,0.49993423284521704,0.761039840617789,1.219549859474693,0.8237566158482017,0.32382238300298466,0.7787406839583184,35.45229624613751,0,1.241562770883565,34.41014197558593,6.054825931239847,24.909847067716896,0.9399566991461565,34.431353846889465,32.513729319954095,32.73000275181357,7.177533221075471,34.55484725844025,0,0,0,0,0,0.22694133843367137,0.689763425358918,5.5030265857152,0.3881573536215095,31.96192997442945,6.625733875550824
591.999999992913,300.76322102140404,-1977775.8560020514,292490.06865335396,-1685285.7873486974,0.45762148214629295,0.5460073587617273,0.50042161431974,0.7371332552207797,1.2250186456262444,0.8195258480337833,0.3191042337140433,0.7703624542662268,35.38118757260375,0,1.1985741344517855,34.413166602749186,5.990248120939839,24.905348229720317,0.9317425554173631,34.48956975797415,32.52183108347538,32.820796708796195,7.200926977343315,34.555158326601486,0,0,0,0,0,0.2243550955044995,0.6525667756900582,5.4442407621781115,0.3857351966556357,31.97582372471365,6.654919618581587
592.9999999928893,299.34173452188065,-1977848.591423355,291107.6832592109,-1686740.908164144,0.44532047887495363,0.5421038904166049,0.5010672245689087,0.7449027903485202,1.2125269927107318,0.8294415126311839,0.3283742880622752,0.7628441353737818,35.39962166979569,0,1.1927119502164145,34.41425239043372,5.9991694996096925,24.929316469308162,0.948454934907522,34.49091216534521,32.597952516231544,32.89143951704125,7.09275994768322,34.56674982376512,0,0,0,0,0,0.22074024495717692,0.6506080597998096,5.457065609193087,0.4063510444909171,32.05584862581494,6.550656057266615
593.9999999928657,299.1673631614976,-1977746.496396169,290938.1083657235,-1686808.3880304457,0.4626459735003614,0.553348163551199,0.4997206028502791,0.7776742144414825,1.2556775343219115,0.8283623193167644,0.3286417164664853,0.7608450227786996,35.41163296272629,0,1.2070936105724464,34.44504940917726,5.997944086659402,24.95881454846875,0.9129938702695721,34.46410613484943,32.589782869013845,32.8790131905328,7.134864191061567,34.581812213746275,0,0,0,0,0,0.2074968592275006,0.6537454470212474,5.444595923108203,0.35964570671837315,32.036434705462646,6.581516027510368
594.999999992842,299.26637884336157,-1978745.4382992238,291034.4004039847,-1687711.037895239,0.46061799153159666,0.5461941077387085,0.5023364638277195,0.747268110511758,1.2687377550918377,0.8353761327176747,0.3330396688899553,0.7586499726335667,35.45018720479459,0,1.2332279691847772,34.42968057446558,5.975197481429859,24.910067256678985,0.91108546175942,34.48381647996814,32.54473237082868,32.80868596063988,7.202927018178805,34.61866656883046,0,0,0,0,0,0.21245586489485824,0.6870338614460687,5.429003373691151,0.3648913540207115,31.998538263089976,6.6567329104400965
595.9999999928184,299.9199214704107,-1979786.4279301874,291669.9659069885,-1688116.462023199,0.45991546275343054,0.5345871803252944,0.4986156794895657,0.747200171911226,1.2840452728757121,0.8320175820374291,0.33340190254786345,0.7824156516503962,35.370861097186314,0,1.3087995313501821,34.51480518757484,5.939619088094519,24.9381633823036,0.9033478946486202,34.4795207486369,32.59627982171213,32.88958286065889,7.224534080296973,34.63523378643583,0,0,0,0,0,0.24782847132510177,0.7742123510248877,5.405031907769224,0.3687607143233258,32.061692641386834,6.6899468999716785
596.9999999927948,299.94935793883076,-1980247.4473598562,291698.5926607513,-1688548.854699105,0.45986174756367415,0.5364109573205535,0.5003850975128346,0.7525991629891422,1.2372372297497858,0.8419684432069292,0.34158334569409465,0.7741739964196714,35.44618508020994,0,1.27221339593682,34.537708878263516,5.941491744122629,24.904366363980387,0.8986730776408649,34.602915201115025,32.66596073959636,32.970730549537734,7.143782009966117,34.58643752725135,0,0,0,0,0,0.2377630390991179,0.7358024386162665,5.405080786802076,0.36226212032031135,32.1295497822758,6.607371052645563
597.9999999927711,299.8924685500769,-1978922.5914695933,291643.2681394692,-1687279.3233301241,0.46105621554651677,0.5399793362265886,0.5022532962029667,0.7565468242692717,1.2222654988958865,0.8423371298443164,0.34008383364134975,0.7679931911548294,35.34595089924018,0,1.2697867632307407,34.504447674632445,6.007477913876855,24.956602918352246,0.8933803828095677,34.6349507826186,32.7680763949453,32.99617888615899,7.185216171233378,34.53389852826331,0,0,0,0,0,0.2280138549282409,0.7298074270041521,5.467498577650266,0.3534010465829791,32.22809705871871,6.64523683500679
598.9999999927475,299.7932876850431,-1979932.6388065703,291546.81546176376,-1688385.8233448067,0.4550673100901692,0.5365542040442648,0.499708098880312,0.7238639754179612,1.2183733263989733,0.8552237129414042,0.3555156140610922,0.7664804095733633,35.49741189271151,0,1.266462570496543,34.497998179371734,5.988731656692082,25.027169153444504,0.9030486524046708,34.64834321705041,32.79249500792059,33.068882867181514,7.158294727031414,34.530398101939795,0,0,0,0,0,0.22992620552909848,0.7299083664522783,5.452177452647817,0.366494448360406,32.25594080387633,6.6217405229871495
599.9999999927238,298.4292423588311,-1979548.5579653606,290220.29119541525,-1689328.2667699454,0.46224885580947817,0.5321735737971912,0.4974679693392037,0.7302686303156012,1.265149470315118,0.8486982003823618,0.3512302310431581,0.7681369294021811,35.45366559593185,0,1.2039688082181002,34.4813440847239,5.917262212275645,25.066805618623505,0.9772088789572777,34.53310201520833,32.86094506537131,33.09310213775825,7.243916958350624,34.46529176890738,0,0,0,0,0,0.23596335560498993,0.6717952344209089,5.385088638478454,0.4450353051600865,32.32877149157412,6.711743384553433
600.9999999927002,299.0532864404599,-1980599.2508791015,290827.16957522,-1689772.0813038815,0.4553854245040707,0.5493396698855495,0.5018749635757677,0.7693456471215376,1.2555432725588922,0.8397895296675955,0.3379145660918278,0.7663485692838119,35.429915210499644,0,1.1574383054039181,34.492328876800116,5.865824681464783,25.075644274496312,0.9114878296293814,34.578098910824735,32.8279152802535,33.12204299067048,7.175518994193994,34.532683101841144,0,0,0,0,0,0.2170088993982624,0.6080986355183686,5.316485011579234,0.36214815974383185,32.27857561036795,6.626179324308445
601.9999999926765,299.7686908289438,-1977582.6845837086,291522.89519616513,-1686059.7893875435,0.46152819181877014,0.5438927433211842,0.5001098733901046,0.7432277470817343,1.3151718013438654,0.8155472310313187,0.31543735764121406,0.7718977925915513,35.379779495141804,0,1.047893575192333,34.43494134679975,5.872977877505903,25.06768693476147,0.9810548997107684,34.492822646686136,32.880931848880074,33.0923857505652,7.148409775541474,34.55309768750175,0,0,0,0,0,0.22800504927036713,0.5040008318711489,5.329085134184719,0.4371621563895842,32.33703910555889,6.60451703222029
602.9999999926529,299.90533280745996,-1974738.760309156,291655.7785372245,-1683082.9817719315,0.4582388533120749,0.5466056212105865,0.501190853736131,0.7063721203069591,1.258792817828521,0.8285711454046311,0.3273802916685,0.7421931253299139,35.44264545268044,0,1.1072836385980445,34.39207134807384,5.863645562366123,24.99137180768048,0.9870432689043409,34.44673556929587,32.906613331369215,33.205961580302755,7.125799241969148,34.42286390248847,0,0,0,0,0,0.19558750411932735,0.5606780173874579,5.317039941155537,0.4404376476937544,32.36000771015863,6.579193620758561
603.9999999926292,300.72777623856837,-1976200.0999196246,292455.59885704773,-1683744.501062577,0.46765790628783765,0.5484489782870879,0.5026098421573846,0.749644543881427,1.2758293531646778,0.8297630209945841,0.3271531788371995,0.7762541459580241,35.45321803539059,0,1.1138311066543416,34.37264108943418,5.79870238369152,25.074593596071793,1.1349713629558096,34.46795705346045,32.84994251986768,33.18765375228202,7.145679226392204,34.42388063204669,0,0,0,0,0,0.22780516767093617,0.5653821283672537,5.250253405404432,0.5865223846687216,32.30149354158059,6.597230248105116
604.9999999926056,300.4074773766798,-1977016.0452131964,292144.11051819695,-1684871.9346949994,0.4615220364921253,0.5416962711041773,0.49929026162358714,0.7396371591109201,1.2932663763156427,0.8215029788907153,0.3222127172671282,0.7704872057172079,35.608559059298614,0,1.0481044985840047,34.3100321619616,5.821198237830629,25.21141526361157,1.0626422324401723,34.52631820252577,32.87825134797299,33.20031597620516,7.147808121365966,34.50409223594403,0,0,0,0,0,0.22879093461303057,0.5064082274798274,5.279501966726452,0.520945961335995,32.33655507686881,6.606111850261788
605.9999999925819,300.54910609489247,-1979014.8524177484,292281.843427735,-1686733.0089900135,0.4647028294653959,0.5441810725933092,0.5017603412935687,0.7258574327127403,1.3440554055264355,0.8298704879697547,0.328110146676186,0.7692829792484446,35.46831059684973,0,1.0205894928733326,34.32752676080827,5.728962182002604,25.22614800843553,1.0270309151895098,34.44977986884021,32.81716338919534,33.17086859603637,7.144172410220747,34.532608223039944,0,0,0,0,0,0.2251019066551354,0.4764084202800234,5.184781109409295,0.4828498425962007,32.27298231660203,6.599991337627438
606.9999999925583,298.78495948529934,-1976686.6774594858,290566.22354175913,-1686120.4539177266,0.4594662344044691,0.5355663337811158,0.4987880287988399,0.7296590182826421,1.205869438555825,0.8258184935065864,0.32703046470774655,0.7680071044136207,35.347193790123185,0,1.077485099647424,34.342841969526916,5.693283451135656,25.21041680141934,1.121835547658545,34.6225979687033,32.805226251647866,33.07841719960311,7.06694930950237,34.54159726893886,0,0,0,0,0,0.2324407706325049,0.541918765866308,5.15771711735454,0.5862692138774293,32.26965991786675,6.531382975721254
607.9999999925346,299.3593406051056,-1976396.3567156866,291124.8050484832,-1685271.5516672034,0.45397527526885906,0.5491557211425375,0.5019980443914747,0.7587481825773592,1.2535640039600748,0.82533353198336,0.32333548759188535,0.7672580767242962,35.41677098151493,0,1.0793710072190592,34.309619056345525,5.797919166538563,25.17389454412202,1.1136953056969752,34.5949482442505,32.76642528237869,33.08295011965012,7.172616616832343,34.49470619062663,0,0,0,0,0,0.21810235558175872,0.5302152860765217,5.248763445396025,0.5645395845544376,32.21726956123615,6.623460895689806
608.999999992511,299.9898204003593,-1976282.5577109791,291737.9421134875,-1684544.6155974916,0.4537869884924062,0.5360211213863497,0.4993312928987465,0.7527079594694156,1.2474320663252598,0.8607814367103521,0.3614501438116056,0.7689771902118672,35.43484099376528,0,1.109551263920789,34.32764531450675,5.854425676314293,25.210015523189895,1.1102765075093615,34.631963539228764,32.79495900443351,33.14350410195652,7.161763742277579,34.62984031462446,0,0,0,0,0,0.23295606882551745,0.5735301425344392,5.318404554927943,0.5742553861230117,32.25893788304716,6.625742620891229
609.9999999924873,299.9210226065238,-1978346.9770938642,291671.03675393655,-1686675.9403399276,0.46404976835171485,0.546469743452684,0.49876496171499995,0.7464805061722561,1.2574236315862048,0.8651907770100198,0.36642581529501983,0.7615536674659502,35.38921113217418,0,0.9431617184904013,34.27123732271258,5.867043336568528,25.138564561653993,1.1618042494290322,34.60761915457772,32.807082946217335,33.1395968105021,7.106528521409928,34.5038003504219,0,0,0,0,0,0.21508392401326626,0.39669197503771736,5.320573593115844,0.6153345059763482,32.26061320276465,6.560058777957243
610.9999999924637,299.8330098157784,-1978314.586671386,291585.4449481297,-1686729.141723256,0.4531103749751235,0.5358817310129051,0.4988993171479875,0.7638634547255316,1.3241749544757973,0.8446980155685164,0.3457986984205289,0.7657368943234442,35.558240094691314,0,1.0082976261374696,34.267241024661075,5.7739483230042765,25.072971329066,1.145480815087577,34.48005238567595,32.844336543785744,33.19868888561595,7.1050805691635865,34.50258572977771,0,0,0,0,0,0.229855163310539,0.4724158951245645,5.238066591991371,0.6095990840746719,32.30845481277284,6.569198838150681
611.99999999244,299.79310070243827,-1979720.3611136638,291546.6336225258,-1688173.727491138,0.45633724369773115,0.5386239716897308,0.4992214907456105,0.7592866989618381,1.3203839112797544,0.8367749519721697,0.33755346122655916,0.7568080457032047,35.421457761476745,0,1.0551327846530931,34.21749887620015,5.719218514375342,25.14094361253902,1.202652252735021,34.47702218857148,32.924714190880195,33.2182905311829,7.064810059169233,34.53422236513239,0,0,0,0,0,0.21818407401347395,0.5165088129633624,5.180594542685611,0.6640282810452902,32.386090219190464,6.526186087479502
612.9999999924164,299.6199688947954,-1976522.8193143643,291378.2641851605,-1685144.555129204,0.4562059325075015,0.5408925513540392,0.4997306317386393,0.7531141436376885,1.3299725985112953,0.8216185573164876,0.3218879255778483,0.7729912067102003,35.43178102776591,0,1.0379980498260117,34.29797735032007,5.697492102294893,25.1537326641415,1.1285148463971701,34.33068543652047,32.93982549196812,33.23122578195125,7.12365967685713,34.640127776738495,0,0,0,0,0,0.23209865535616103,0.4971054984719725,5.156599550940854,0.5876222950431309,32.39893294061408,6.582767125503091
613.9999999923928,302.50809233981886,-1977261.8859472312,294186.94345733174,-1683074.9424898995,0.4530879515172761,0.5442315749890909,0.4997558234453629,0.7503648873822737,1.2445342429014588,0.8634859550480287,0.3637301316026658,0.7729697277154628,35.43902346625873,0,1.06155349810955,34.23270831065176,5.737908238917356,25.238889229790516,1.2413996811841699,34.44101751079046,32.90827237727291,33.21392555483169,7.093854121481797,34.648077964691765,0,0,0,0,0,0.22873815272637188,0.5173219231204591,5.193676663928265,0.697168106195079,32.36404080228382,6.5496225464927065
614.9999999923691,301.26142809877524,-1974628.000763487,292974.5714518312,-1681653.429311656,0.45169962195632607,0.5395385591491455,0.49925333341970635,0.7486406313250491,1.2739854505283539,0.8645062896923128,0.36525295627260645,0.7627945384136243,35.46053448846931,0,1.0538876962262158,34.282524905043715,5.735176306672116,25.226454691127344,1.2080079308132137,34.461423794818415,32.995015749224876,33.28885609167128,7.107823347568573,34.69253914157001,0,0,0,0,0,0.22325597926447882,0.5143491370770703,5.195637747522971,0.6684693716640682,32.45547719007573,6.568284788419428
615.9999999923455,301.27491051774024,-1977195.345386248,292987.68300727766,-1684207.6623789705,0.46217581663335877,0.5519022298613492,0.5014257711779901,0.7124064880022019,1.3111394671023768,0.8392465622323019,0.33782079105431173,0.7783427658234725,35.47184242894059,0,1.1452542281787839,34.23432337251904,5.624917865326964,25.247455413441585,1.2539495033899133,34.47401412325135,33.00672302476141,33.28978894438103,7.059616441538282,34.63664714997708,0,0,0,0,0,0.22644053596212332,0.5933519983174347,5.073015635465614,0.7020472735285641,32.454820794900066,6.507714211676932
616.9999999923218,299.8374669099404,-1977201.6946816146,291589.77944013645,-1685611.9152414782,0.44264439454283977,0.5425865950907696,0.498422176674592,0.7155231945965372,1.2553653631452368,0.8057733880994323,0.30735121142484034,0.7523796024459761,35.4509523022449,0,1.0646903125030036,34.22812964537337,5.613317622933778,25.222406697373515,1.2968365606841168,34.54549539099105,33.047499603621645,33.32773664922979,7.051014010909796,34.61789668983144,0,0,0,0,0,0.20979300735520656,0.522103717412234,5.070731027843008,0.7542499655933472,32.50491300853088,6.5084274158190265
617.9999999922982,299.9708200183939,-1974523.7724921927,291719.4643787212,-1682804.3081134716,0.4642882320457393,0.5562053682001675,0.501183337304648,0.7125213650251245,1.2562851364290921,0.8259751679547399,0.3247918306500919,0.7660086021466155,35.44480199646483,0,0.9900191251668939,34.21427010253797,5.622279170125847,25.276860130038244,1.245351697056762,34.45621944269715,33.12727530786162,33.42581201637796,7.0946333079239565,34.61270810608357,0,0,0,0,0,0.20980323394644795,0.4338137569667264,5.06607380192568,0.6891463288565944,32.571069939661456,6.538427939723789
618.9999999922745,299.64041665978806,-1973052.3488886766,291398.1494895079,-1681654.1993991686,0.4562041849744398,0.53940652182653,0.500516813614507,0.7195918406571646,1.274655412463904,0.8273096190599063,0.32679280544539935,0.7489169595824734,35.49403468122932,0,1.0441956704408977,34.284099838771255,5.650207705212438,25.322290882300138,1.1690129355039645,34.51522488501337,33.01446869452053,33.28552761145727,7.115604468927266,34.66633442157172,0,0,0,0,0,0.20951043775594336,0.5047891486143676,5.110801183385908,0.6296064136774344,32.475062172694,6.576197947100736
619.9999999922509,300.56707691281093,-1976623.9927399717,292299.3199188727,-1684324.672821099,0.45460154340521264,0.546537109800795,0.4995124803637811,0.7278717667269392,1.2810902878201098,0.8255597286550197,0.3260472482912386,0.7541446195444372,35.5298574853507,0,0.9895025371976383,34.28835030273717,5.723207139767609,25.31164679439013,1.1978553031131227,34.50885887589868,33.02859419267986,33.23878428021703,7.064919245427319,34.64391258898547,0,0,0,0,0,0.20760750974364228,0.4429654273968433,5.1766700299668145,0.6513181933123278,32.48205708287907,6.518382135626524
620.9999999922272,299.3524831961164,-1975812.6206617132,291118.13626757567,-1684694.4843941375,0.45628361374539494,0.5426115625238843,0.5008323869797039,0.7361458822905096,1.24063292816939,0.8162104941068145,0.31537810712711056,0.773736770518541,35.55540813587373,0,1.0044113962718413,34.21620612461447,5.751489689283943,25.28167841641266,1.1916887223867185,34.524520308190006,32.9690638800073,33.215759119727494,7.043161166585648,34.59467801152357,0,0,0,0,0,0.23112520799465663,0.46179983374795697,5.208878126760059,0.6490771598628342,32.42645231748341,6.500549604061764
621.9999999922036,300.12769112816784,-1976107.4643930867,291872.0204043937,-1684235.443988693,0.46317853920497365,0.5603473999140505,0.5020373347275299,0.7462875977231205,1.1480679198852997,0.8222496310893794,0.32021229636184956,0.7617000937464863,35.47176490335539,0,0.9806504028559591,34.2853415212312,5.7455768356216765,25.261468305210656,1.241011775189662,34.44781690484638,32.940325765947705,33.24103275619029,7.053909656687367,34.62266924196165,0,0,0,0,0,0.20135269383243581,0.4203030029419086,5.185229435707626,0.6806643752756116,32.379978366033654,6.493562256773316
622.9999999921799,299.51890726758603,-1976882.852155175,291279.98247977014,-1685602.8696754049,0.46123683291168094,0.545285728889187,0.4987848386122372,0.7352752923140624,1.1984065770955417,0.817939494404309,0.3191546557920718,0.7717118180705889,35.557586637500904,0,0.9910850685669352,34.25159327536255,5.700330074372772,25.220693755920394,1.1513443085424928,34.405263301878904,32.89039326979639,33.18024881289796,7.079174357672713,34.614327162451616,0,0,0,0,0,0.22642608918140184,0.4457993396777482,5.155044345483585,0.6060585796533058,32.34510754090721,6.533888628783526
623.9999999921563,302.56950643416155,-1978054.0327649564,294246.66822224675,-1683807.3645427097,0.46049967787031854,0.5436269787354009,0.5019106498215866,0.7712993267897286,1.2066167891090345,0.8306385712903059,0.3287279214687193,0.7560061910037312,35.428649585351934,0,0.9869107344528611,34.28526668689955,5.809698056402059,25.1242239761211,1.1324042407702244,34.44646811030654,32.897169551308934,33.18359598650784,7.01759013656639,34.53106887483091,0,0,0,0,0,0.21237921226833034,0.44328375571746026,5.266071077666658,0.5887772620348235,32.35354257257353,6.4739631578309895
624.9999999921326,301.13145535073204,-1979229.722418595,292848.17388942605,-1686381.548529169,0.4531732377754132,0.5391697346198896,0.5015786635736368,0.7732405468791761,1.2796868343647958,0.8235937427249496,0.3220150791513128,0.7764759552859903,35.48768820885755,0,0.987603061389418,34.24342187318541,5.743942744870155,25.10302736178527,1.043957584422707,34.44303417428216,32.92690984303101,33.20633604224486,6.948827880881353,34.516212438909434,0,0,0,0,0,0.23730622066610074,0.4484333267695284,5.204773010250266,0.5047878498028173,32.38774010841112,6.409658146261464
625.999999992109,299.74850176534335,-1976925.29474812,291503.26147706044,-1685422.0332710596,0.4546578020385619,0.544872526494327,0.5003176720709125,0.7363331410313121,1.2839122737690989,0.8143075314316518,0.3139898593607393,0.7692862109779903,35.50497769257396,0,1.0361419470948725,34.282040276875875,5.76074232661513,25.10871751461508,1.0545492200321211,34.42227091642775,32.860130886638956,33.15317628177604,6.984627934937322,34.56546531330514,0,0,0,0,0,0.22441368448366328,0.49126942060054546,5.215869800120803,0.5096766935377941,32.315258360144625,6.439755408442995
626.9999999920853,300.1009305489723,-1976365.61485577,291845.9959336505,-1684519.6189221195,0.4530844996084775,0.5377760718212308,0.49991632384446855,0.7233975499014451,1.2084412439662406,0.8341164282453712,0.3342001044009027,0.7588747394860729,35.55017848843758,0,0.9184570519162598,34.30305590222258,5.67868838578589,25.081719574135093,1.001030090397889,34.55615799140105,32.827748296172956,33.10866550187633,6.953259069953155,34.51160974701315,0,0,0,0,0,0.2210986676648421,0.38068098009502904,5.140912313964659,0.46325401857665827,32.28997222435173,6.415482998131925
627.9999999920617,300.1893600889912,-1977391.7747457884,291931.99302512757,-1685459.7817206609,0.4624346864735651,0.545080591665636,0.4993286700568284,0.756804836830681,1.26329980692479,0.8407066994159027,0.3413780293590743,0.7628957698044974,35.44635486886352,0,0.946825334373699,34.3303823737283,5.674040649518119,25.173776702209913,0.9949307407294241,34.502333321112246,32.80465984492207,33.08976036194082,7.022031043902544,34.46273410473435,0,0,0,0,0,0.2178151781388613,0.40174474270806293,5.128960057852483,0.44985014906378806,32.25957925325643,6.476950452236908
628.999999992038,300.4956847029463,-1977330.4624611884,292229.89150839846,-1685100.5709527899,0.4540287215342773,0.5449658513000628,0.5014493953573526,0.7614134076630306,1.2208026011710515,0.8248835933604484,0.3234341980030958,0.7712505385710942,35.40074687629556,0,0.9621314694152989,34.34998707636458,5.703238556765122,25.102574129414677,0.8940152650696973,34.445308184189514,32.82933454602153,33.104898442966146,7.025809901877551,34.37951889919441,0,0,0,0,0,0.22628468727103135,0.4171656181152361,5.158272705465059,0.3490494137696345,32.284368694721465,6.480844050577488
629.9999999920144,300.1173819030582,-1979219.6314566284,291861.99475714256,-1687357.6366994858,0.46303896599396666,0.5394949487127807,0.49914706495535927,0.7188522155407941,1.2263490384248854,0.8320660200054821,0.33291895505012287,0.7550424551509174,35.366133756008594,0,0.9606873297514387,34.41035164506275,5.7400257835175665,25.14866654657662,0.8670043227469098,34.48098508279918,32.776933261668205,33.06705728012537,7.1051349778065775,34.4213128830736,0,0,0,0,0,0.2155475064381367,0.42119238103865797,5.200530834804786,0.32750937403412905,32.237438312955426,6.565640029093797
630.9999999919908,301.17311922401007,-1977905.6834858917,292888.69170644524,-1685016.9917794464,0.44010333359425413,0.5508197161982746,0.5009687527133447,0.7371040802233981,1.2276219533222417,0.8295964199231252,0.3286276672097804,0.7720488218781476,35.400824167539554,0,0.9752474075573048,34.31349683832036,5.691704882814193,25.06440825610491,0.8798414875228282,34.384787239278126,32.78555357720762,33.067141606272685,7.109525158235822,34.379649798718276,0,0,0,0,0,0.22122910567987297,0.42442769135903013,5.140885166615918,0.32902177132455357,32.234733861009346,6.558705442037548
631.9999999919671,300.7062648202978,-1977676.479084961,292434.67915753985,-1685241.7999274214,0.4626191415407819,0.5373376753522159,0.5001589194211258,0.7157886789080479,1.2073924041986963,0.8416364585619979,0.3414775391408721,0.7651901682259474,35.43524745211505,0,1.0257841355511197,34.239096108938384,5.709566608495585,25.06947304844057,0.8894693579726596,34.37133676601138,32.883453039566376,33.12108001944512,7.057069484410505,34.36910937758432,0,0,0,0,0,0.22785249287373155,0.4884464601989038,5.172228933143369,0.3521316826204437,32.34611536421416,6.519731809058289
632.9999999919435,300.46094108746996,-1977472.5328586213,292196.10359230475,-1685276.4292663166,0.4653064727573648,0.5432747434688991,0.50219670946973,0.7318798494998582,1.2148463622734376,0.8599887302064116,0.3577920207366816,0.7747756611380048,35.52059286042811,0,1.029593323184697,34.23539414386897,5.7094620548270285,25.1495285067224,0.8897113542245751,34.49964722843788,32.89911742051402,33.217411652809346,7.092123388271943,34.39819379933675,0,0,0,0,0,0.23150091766910563,0.48631857971579784,5.166187311358129,0.346436610755676,32.35584267704512,6.548848644803044
633.9999999919198,299.47585221208857,-1975869.5001164488,291238.11174805113,-1684631.3883683977,0.4587187004849316,0.5408459749810959,0.4994867099793779,0.732787794924191,1.223605435498122,0.8393875723220702,0.3399008623426923,0.755592700895634,35.546530164642036,0,1.02525800791636,34.272858771780875,5.676727621265513,25.23095536028154,1.0343647338730229,34.426484620055135,32.94719633679591,33.243032642761364,7.033848425327605,34.43801774760175,0,0,0,0,0,0.21474672591453814,0.48441203293526414,5.1358816462844175,0.493518758891927,32.406350361814816,6.493002450346509
634.9999999918962,300.4903330826604,-1976675.0122660697,292224.6870961718,-1684450.3251698979,0.4610239287797604,0.5446958796720516,0.5009604793295621,0.7337316969860455,1.1837419119311186,0.856438722039161,0.35547824270959894,0.7717687815923426,35.522467445091934,0,1.0657073337135792,34.19187121022725,5.714744450681849,25.19963092621832,1.133253032246948,34.45872621297383,33.039561103274536,33.240821776261804,6.963971814661022,34.345374029292884,0,0,0,0,0,0.22707290192029106,0.5210114540415276,5.170048571009797,0.5885571525748965,32.49486522360249,6.4192759349889705
635.9999999918725,299.7808767633934,-1976808.8226359673,291534.7459297477,-1685274.0767062195,0.4627795343182237,0.5439678066325015,0.5024141644045853,0.7514501087426959,1.167066716050833,0.8297368546060674,0.3273226902014821,0.7600877602182798,35.51857642392861,0,1.1105746827020084,34.21377890964567,5.671098254869751,25.17404061449355,1.149605623312664,34.418174577230715,33.06364454833934,33.338274400330874,6.986743536825898,34.35056091297918,0,0,0,0,0,0.2161199535857783,0.5666068760695069,5.127130448237249,0.6056378166801624,32.51967674170684,6.4427757301933966
636.9999999918489,299.15869419979555,-1978118.4467858411,290929.6778628357,-1687188.7689230056,0.4565684893930415,0.5357711267429126,0.5003267674452636,0.7694024791598579,1.2656329234267574,0.8425116071339285,0.34218483968866487,0.7765660566532233,35.46154830000728,0,1.082647252886531,34.240877052128326,5.6699935807927915,25.185580006034456,1.1439021936550748,34.32547235857555,33.06394470979592,33.37335407461126,6.95900222950965,34.332688201652445,0,0,0,0,0,0.2407949299103107,0.5468761261436184,5.134222454049879,0.6081310669121622,32.528173583053004,6.423231102766738
637.9999999918252,300.2688529019531,-1977160.6881893054,292009.2992138355,-1685151.3889754699,0.4542169702187877,0.5543751691768679,0.4969411039583267,0.7297626352888518,1.2299100126530458,0.8384571296342254,0.34151602567589867,0.7708941509842191,35.44319364023784,0,1.146632351978166,34.22805515235632,5.64526923356631,25.178351673943553,1.118529447324459,34.38989657914223,33.1287778351641,33.43782995406582,6.949777472724463,34.31758614070259,0,0,0,0,0,0.21651898180735119,0.5922571828012981,5.090894064389442,0.564154278147591,32.574402665987236,6.395402303547595
638.9999999918016,300.00847749083823,-1978195.9769507162,291756.085999753,-1686439.8909509634,0.45638508831342417,0.5353496611952782,0.4989139963592959,0.7319987328354252,1.2140767129611305,0.8374228608665084,0.3385088645072125,0.7692981080410046,35.53626614237838,0,1.144951021759443,34.25911001030113,5.6895139630076415,25.12615340168685,1.1233779611117605,34.31278995002787,33.26503091541554,33.50703366616898,6.978718067994066,34.37032705947923,0,0,0,0,0,0.23394844684572647,0.6096013605641648,5.154164301812363,0.5880282999164823,32.72968125422026,6.443368406798788
639.9999999917779,299.1391655285689,-1978088.6646283977,290910.6863705635,-1687177.9782578342,0.4602147849174507,0.5499267149711944,0.5014745058737441,0.7472099716132137,1.2211300915550254,0.8364396630560176,0.3349651571822735,0.7738935857365732,35.41669991259573,0,1.1058471957629195,34.30294671558204,5.714272087762687,25.186701547688642,1.2812750345372976,34.40949153091674,33.247927643825506,33.543708411697764,6.83187299123901,34.35180970460789,0,0,0,0,0,0.2239668707653788,0.5559204807917251,5.164345372791493,0.7313483195661032,32.69800092885431,6.281946276267815
640.9999999917543,300.20130010426266,-1977473.389600452,291943.6046040787,-1685529.7849963733,0.4610520829023348,0.547272401731016,0.5003198374277028,0.7513508541957385,1.225471049434077,0.8490754015361204,0.34875556410841757,0.7653642403188989,35.447674982902186,0,1.1234734373195465,34.361948886684104,5.714131996824605,25.082007765185153,1.199743497461622,34.47905155640626,33.30709338719487,33.578119696647036,6.814912291426438,34.36687732283849,0,0,0,0,0,0.21809183858788295,0.5762010355885305,5.166859595093589,0.6524710957306059,32.759820985463854,6.267639889695422
641.9999999917306,300.02493431731864,-1978013.6815375313,291772.09014510934,-1686241.591392422,0.4521188435252865,0.5454798280935802,0.49876367579248443,0.7243365677208025,1.2022583771910629,0.8267859917910351,0.32802231599855064,0.7542059732981556,35.55477126182663,0,1.1282367229762649,34.31315859436734,5.667020622681733,25.057741921044794,1.2020333632846913,34.50959759383247,33.383424918557466,33.6210013987685,6.81753077767668,34.335675263859684,0,0,0,0,0,0.20872614520457544,0.5827568948826847,5.121540794588153,0.6565535351911111,32.83794509046388,6.2720509495831
642.999999991707,301.57032103451473,-1978738.869574163,293274.96760956,-1685463.901964603,0.45596828390797484,0.5408203815431492,0.5007823163103962,0.7725300046645724,1.2306758029940372,0.833251410806346,0.33246909449594986,0.7686147418601674,35.53017232722311,0,1.104429053227328,34.39171433813249,5.6920114940974,25.02154076205221,1.1648582527841107,34.51324198009547,33.40348286899916,33.6525613254567,6.836065997106587,34.38862746465054,0,0,0,0,0,0.22779436031701827,0.5636086716841788,5.151191112554251,0.6240378712409616,32.862662487456014,6.295245615563438
643.9999999916834,301.707899377509,-1978409.6190716363,293408.7615583379,-1685000.8575132985,0.4525045826816716,0.538688848893031,0.5002619859339934,0.748898754214312,1.1802868693008701,0.8252607700776362,0.3249987841436428,0.7735365129803249,35.52990579994855,0,1.10793664141163,34.396836675850864,5.635187508429695,25.039679510110375,1.145557567169476,34.58433311690396,33.32714860307193,33.54162702531244,6.819203985056291,34.40171508511935,0,0,0,0,0,0.23484766408729385,0.569247792518599,5.096498659536664,0.606868718276445,32.7884597541789,6.28051513616326
644.9999999916597,300.63716572342065,-1976729.4304862022,292367.48078294855,-1684361.9497032538,0.45301889318552213,0.5433623229086453,0.5002669010600034,0.7684062214097773,1.230455191270181,0.8238470013931554,0.323580100333152,0.755600923700662,35.461625443585035,0,1.125804943489431,34.37083226637151,5.664639951486245,25.130177493031397,1.157263205152823,34.6577381432258,33.345758945851344,33.56513791868554,6.924595534456387,34.44818844188924,0,0,0,0,0,0.21223860079201673,0.5824426205807858,5.1212776285776,0.6139008822441778,32.8023966229427,6.381233211547741
645.9999999916361,299.83057468067386,-1977883.4598607123,291583.07679675973,-1686300.3830639524,0.45860631065795676,0.5484788372907143,0.5025831950957441,0.7360434118909502,1.197324322337657,0.8255508139154948,0.32296761881975067,0.7550237348057909,35.54874968522108,0,1.1101906828125259,34.347493462757825,5.692864052327025,25.107949514238044,1.1271990647150432,34.61397477562127,33.372593313283545,33.602506486825064,6.874046625058753,34.44103591085769,0,0,0,0,0,0.20654489751507654,0.5617118455218115,5.14438521503631,0.5787202274243288,32.82411447599283,6.325567787768039
646.9999999916124,300.7351943031155,-1978605.928244967,292462.81287145184,-1686143.115373515,0.45498678948743354,0.5355988606638888,0.4992904947856275,0.7448822596547053,1.2103790344993612,0.8049315481067584,0.3056410533211309,0.7655710022035205,35.46197997581112,0,1.1246748454175801,34.34790894075485,5.721312140434939,24.969011307527083,1.184100308261577,34.60689746788762,33.41452694790223,33.65268826781494,6.838310211479275,34.29237858872784,0,0,0,0,0,0.22997214153963164,0.5890759847536913,5.185713279771051,0.6485014475976882,32.87892808723834,6.302711350815386
647.9999999915888,299.4546749744462,-1976808.2575044222,291217.5170368,-1685590.7404676222,0.4578764897169201,0.5412934803381795,0.5005816303932721,0.733586169746788,1.1896996430391567,0.8334412327823719,0.33285960238909984,0.7557050743216838,35.40983137904203,0,1.133802810708147,34.43182338546006,5.676146285229507,25.02610109910171,1.2674250889943242,34.61546053495101,33.376924994647766,33.62502409334047,6.877509079103877,34.36381504658925,0,0,0,0,0,0.2144115939835043,0.5925093303699676,5.134852804891327,0.7261316086561447,32.83563151430958,6.336215598765698
648.9999999915651,299.92171334999585,-1977736.6745918654,291671.70849699364,-1686064.9660948718,0.4618927811861244,0.538935757935711,0.5007858414804689,0.7321429518141294,1.1738274390662333,0.8226887117046855,0.3219028702242166,0.7606582154130894,35.4036482514382,0,1.137947042909559,34.401397511296636,5.747723929919232,25.02990747773714,1.3208685147462909,34.6249161832898,33.384464383563895,33.641814181514405,6.861722657110079,34.40383299829875,0,0,0,0,0,0.2217224574773784,0.599011284973848,5.208788171983521,0.7819327568105798,32.845528625628184,6.322786899174368
649.9999999915415,300.0959487005124,-1978154.8074888363,291841.1511218643,-1686313.656366972,0.4552643346626297,0.5462783660030226,0.5017312041975055,0.7560031154221178,1.208868523464444,0.8446787834318061,0.34294757923430064,0.770848361058933,35.53257239142749,0,1.1676010968960213,34.34404337501894,5.783000750175972,24.97639367679909,1.328863489139442,34.74008746318236,33.32872478038314,33.5508279208139,6.847747326622755,34.39261451821801,0,0,0,0,0,0.22456999505591035,0.6213227308929987,5.23672238417295,0.7825851231364194,32.78244641438012,6.301468960619732
650.9999999915178,299.0736992281663,-1979469.2504079603,290847.0208644081,-1688622.2295435523,0.4552092277334223,0.5472226202169423,0.5018527094232617,0.7444488796150281,1.2415331606873377,0.843186097145943,0.3413333877226813,0.7741867159079119,35.3736955397423,0,1.2061685437066245,34.434884927557505,5.922293709495527,25.01226505257023,1.2028476069870617,34.76538329838502,33.34961270638786,33.59147608477758,6.835824200733228,34.35367372719088,0,0,0,0,0,0.22696409569096954,0.6589459234896822,5.375071089278585,0.6556249867701194,32.80239008617092,6.288601580516286
651.9999999914942,299.87925888396387,-1977287.6805675402,291630.421834209,-1685657.2587333312,0.46088300687309935,0.5412896257819213,0.5011383823331652,0.7598290837980084,1.2749848916773203,0.8217664446352371,0.32062806230207186,0.7557084471976356,35.53253777081011,0,1.124276149373575,34.52219445667629,5.8875808365811935,25.073448390485368,1.3511332521585544,34.64167614032078,33.383510868011854,33.65438498249782,6.996855273096218,34.305719782853316,0,0,0,0,0,0.21441882141571433,0.5829865235916536,5.346291210799272,0.8098436263766331,32.84222124222993,6.455565647314296
652.9999999914705,300.73379864923766,-1979424.07577895,292461.45560809644,-1686962.6201708536,0.4633077253326743,0.5416560369178924,0.5005373915101634,0.7496576859488626,1.2335413558863815,0.8400699744307696,0.3395325829206062,0.7590139592400549,35.499760404112976,0,1.118719688968966,34.503257810424316,5.875911961718458,25.027626563968397,1.3814069945458236,34.680261757803805,33.308662577449525,33.60016370078881,6.927974389573748,34.35644032378423,0,0,0,0,0,0.21735792232216244,0.5770636520510735,5.334255924800566,0.8397509576279312,32.76700654053163,6.386318352655856
653.9999999914469,297.7526562772706,-1978668.626622118,289562.3160986814,-1689106.3105234366,0.45889988625935596,0.539104390783482,0.49955757460557176,0.7522993095735917,1.225983428728707,0.8459972554156414,0.34643968081006965,0.7580498206719035,35.549349746766666,0,1.135454810949934,34.45882076969349,5.863681185423303,24.962432358312697,1.4705966418564245,34.597860810823704,33.26694489537407,33.51326971985043,6.864823347909792,34.38667016105455,0,0,0,0,0,0.21894542988842147,0.596350420166452,5.324576794639821,0.9314922510729424,32.72784050459059,6.32571895712631
654.9999999914232,299.5736934264501,-1980174.889084883,291333.2616251157,-1688841.6274597673,0.45806342463457117,0.5456469680009204,0.5018750024062065,0.7331191460663202,1.281139978171388,0.8560195212424739,0.3541445188362674,0.7767670716997879,35.52867238484373,0,1.1168491774803737,34.455206114070165,5.929823185792543,25.06645691087101,1.4364061739974794,34.62383997240889,33.25401899358542,33.46469341879708,6.871239098750557,34.3541449246095,0,0,0,0,0,0.23112010369886749,0.5712022094794533,5.384176217791623,0.890759205996559,32.708372025584495,6.325592130749637
655.9999999913996,301.44173683686546,-1978210.3136336133,293149.9204024233,-1685060.39323119,0.4593379134562219,0.5415746932412695,0.4993844441942726,0.7557486919693932,1.2735366117321298,0.8423891917282302,0.34300474753395765,0.7562526865912584,35.511504277968925,0,1.1932524582989323,34.531190457947105,5.896987895994172,25.121609452989787,1.515983924324292,34.584120559223265,33.209358246172414,33.43130076009169,6.824456375773622,34.36296326926663,0,0,0,0,0,0.21467799334998894,0.6516777650576628,5.355413202752903,0.9744092310830226,32.66778355293114,6.282881682532352
656.999999991376,299.0505364046378,-1977731.7879499197,290824.49518516765,-1686907.2927647522,0.4625968812985848,0.5433553199009449,0.5009727820484253,0.7590059070863053,1.2342861931518128,0.8474199372574067,0.3464471552089814,0.7761359994334462,35.45906899588965,0,1.1856611950859641,34.53967366221576,5.9764534956816675,24.930392802667114,1.3785405276102933,34.62308672509084,33.2571755914104,33.46359836949512,6.835454300284624,34.344958071946735,0,0,0,0,0,0.23278067953250137,0.6423058751850192,5.433098175780723,0.8351852077093485,32.713820271509455,6.292098980383679
657.9999999913523,298.9503207906171,-1978736.5559955314,290727.0362215168,-1688009.5197740146,0.45147790002936894,0.5433679134846781,0.5007196795958285,0.7236440865290437,1.2627703364955742,0.8324998764608085,0.33178019686497995,0.7690078252247243,35.44388090799532,0,1.2362535506333288,34.624895444944855,5.979825912138679,24.943608120077442,1.369312865463245,34.60613479562721,33.31151280841175,33.53921881901664,6.853259930557954,34.27431035818773,0,0,0,0,0,0.22563991174004627,0.6928856371486507,5.436457998654001,0.8259449519785669,32.76814489492707,6.309892017073276
658.9999999913287,300.76800118754323,-1977925.8342181072,292494.71733053424,-1685431.116887573,0.4508654107270518,0.550464585737604,0.4982832053600461,0.7489204498077884,1.2065280265975105,0.8322008525456583,0.33391764718561223,0.7705342278035516,35.393459877683426,0,1.251426224102567,34.57719886864726,5.842764192840207,24.933196414187762,1.3772803332264623,34.653959844848714,33.23936693916767,33.512950565986415,6.910608252747064,34.38447079345724,0,0,0,0,0,0.2200696420659476,0.7009616383649631,5.292299607102603,0.8268157474888582,32.688902353430066,6.36014366700946
659.999999991305,300.5324369091416,-1977334.6206547245,292265.6327645159,-1685068.9878902086,0.46301387607360756,0.5419875272281276,0.5016653239230745,0.7530684666797605,1.2352621134644508,0.8272969593860022,0.3256316354629277,0.7663233112831982,35.446385689936164,0,1.3255335657701757,34.593402757584506,5.970899409194203,24.99382612820584,1.3477142197586467,34.617638282344444,33.303979935991265,33.56823631453642,6.906860089456174,34.33527645813422,0,0,0,0,0,0.2243357840550706,0.7835460385420481,5.4289118819660755,0.8057266925305191,32.761992408763135,6.364872562228046
660.9999999912814,300.1971038271148,-1976483.3524346724,291939.52375474176,-1684543.8286799307,0.45627717102718535,0.5381981057686804,0.49786895960721195,0.7652013381119263,1.26308491468329,0.8430077576926951,0.34513879808548314,0.7602252676088241,35.53173339083821,0,1.2827175681533127,34.60817327166568,5.9530925828659935,24.97284961521609,1.3575897581009002,34.611796599695424,33.39599647850386,33.62701369409223,6.87284908563452,34.30068014900462,0,0,0,0,0,0.2220271618401437,0.7445194623846323,5.414894477097313,0.8193916523322198,32.85779837273518,6.33465097986584
661.9999999912577,301.9749727065579,-1978108.094167646,293668.48844942416,-1684439.605718222,0.4659930227687954,0.5380284055341029,0.49727864243667663,0.7459867221540541,1.2141003073856425,0.8304700184456104,0.3331913760089338,0.7678000606341158,35.40841834374328,0,1.2825928400522706,34.613968875257,6.096904756242101,24.89093246724923,1.415149923802228,34.68468312988682,33.405021895948835,33.68439701928537,6.96224860317453,34.38467355634259,0,0,0,0,0,0.22977165510001285,0.7445644345181677,5.558876350707998,0.8771215182681251,32.86699349041473,6.424220197640427
662.9999999912341,299.9197075186668,-1978132.483759448,291669.7578404568,-1686462.725918991,0.46131453290543734,0.5373482598483692,0.500296052079855,0.7401656814473476,1.2498802437065386,0.8283232542439452,0.3280272021640902,0.7698241801064114,35.45856144217822,0,1.2897059723148612,34.610462211461275,6.1277127917915095,24.899410867447443,1.3055098428811824,34.69093518856096,33.303162750860906,33.61639873375947,6.922635936836421,34.26169564542158,0,0,0,0,0,0.2324759202580422,0.752357712466492,5.59036453194314,0.7681615830328132,32.765814491012534,6.385287676988052
663.9999999912104,302.0749073183016,-1980502.303713359,293765.6741403823,-1686736.6295729766,0.46485057324003587,0.5403648567983201,0.5007860345375055,0.7317230202502758,1.2096163529057193,0.8361116032589466,0.33532556872144115,0.7600686547008719,35.40440849365666,0,1.3890380205681367,34.5964072923731,6.076121861186163,24.88482186583707,1.3874346563456328,34.68758849126391,33.364911579175555,33.63121247494496,6.962991870017618,34.39964950086312,0,0,0,0,0,0.2197037979025518,0.8486731637698166,5.535757004387843,0.8470697995473127,32.824546722377235,6.422627013219298
664.9999999911868,298.1017746345478,-1976717.4586982355,289901.8311894607,-1686815.6275087749,0.45455873863298013,0.5379011446216602,0.4970176893083022,0.7510219201110174,1.2844342769335277,0.8403127054362195,0.3432950161279173,0.7760978673072874,35.47764629708627,0,1.3188326853167531,34.56986552388042,6.160778665585028,24.830225271856904,1.39975504552892,34.692642051274774,33.31168477256108,33.59105152233053,6.907407622474793,34.43657567954847,0,0,0,0,0,0.2381967226856272,0.780931540695093,5.6228775209633675,0.8618539009072599,32.77378362793942,6.3695064778531325
665.9999999911631,301.131367390101,-1978184.6898121387,292848.0883483452,-1685336.6014637935,0.4632144411213952,0.5439007601430301,0.5006459954681767,0.7699639297839953,1.2357542412572844,0.8385948861313678,0.3379488906631911,0.76633972423507,35.47740248765899,0,1.3397002462045275,34.63943290133386,6.093578176048794,24.853907423525527,1.4006544331892716,34.72870415642376,33.2752142923776,33.56292777303304,6.935150395600061,34.4382504275095,0,0,0,0,0,0.2224389640920399,0.7957994860614974,5.549677415905764,0.8567536730462415,32.731313532234566,6.391249635457031
666.9999999911395,299.63245547705094,-1977633.1557512134,291390.4072965714,-1686242.748454642,0.4549984969931722,0.5407402299158548,0.5028972293062199,0.7411771992031562,1.2419139001945307,0.8316981014322281,0.32880087212600817,0.7615334324431671,35.467163169567385,0,1.3043778544925644,34.60852446985585,6.135606914354142,24.893545076117505,1.4362307615925065,34.79723507591052,33.276979886541085,33.537124144687766,6.971223247248375,34.487937452175686,0,0,0,0,0,0.22079320252731227,0.7636376245767096,5.594866684438287,0.8954905316766517,32.73623965662523,6.43048301733252
667.9999999911158,300.08443066672385,-1976924.9744692035,291829.9499168695,-1685095.024552334,0.464792465705699,0.5393755737009727,0.4995188826030095,0.7222340924088861,1.2045516119816568,0.8330503058152151,0.33353142321220564,0.7675762095254433,35.38496560825922,0,1.2909783472849163,34.56519985406908,6.157209635739889,24.77577145718351,1.4070977249528376,34.72876166739775,33.31431617812609,33.53071918951315,7.052142279231461,34.40329510904132,0,0,0,0,0,0.2282006358244706,0.7516027735839437,5.617834062038916,0.8677221512518649,32.77494060442512,6.512766705530488
668.9999999910922,300.36949186149207,-1976136.1189667098,292107.1698779572,-1684028.9490887527,0.4573739304925919,0.5466436526421301,0.5032988493243152,0.7446954051141432,1.2430602730363098,0.8302245286290229,0.3269256793047076,0.7728064822055352,35.39809444937711,0,1.3366700697308573,34.45921365412181,6.15390168437586,24.784454840058913,1.315056926333781,34.62866379817092,33.28451600397159,33.52379936846398,7.00034339016706,34.51480937179724,0,0,0,0,0,0.22616282956340505,0.7900264170887272,5.60725803173373,0.7684132736916509,32.73787235132946,6.45369973752493
669.9999999910685,299.3981251568207,-1975152.5327274278,291162.52274599724,-1683990.0099814306,0.46048381965409035,0.5430390665710938,0.501447559526801,0.7369290141656943,1.299181840638017,0.814198048122883,0.312750488596082,0.7721244403103675,35.40264622299003,0,1.3435126367592432,34.436817308627866,6.220378752886219,24.84769592087747,1.2571587803432571,34.72135429275011,33.3250934472818,33.57226835027211,6.959462271534413,34.541391158335045,0,0,0,0,0,0.22908537373927373,0.8004735701881494,5.6773396863151255,0.7141197137721633,32.782054380710704,6.416423204963319
670.9999999910449,300.4133263676902,-1975238.4553292617,292149.798619875,-1683088.6567093867,0.46179009031582474,0.5462730989921951,0.5009600585617036,0.7196086265391219,1.2273850655705765,0.8453677137157314,0.3444076551540278,0.7754223805724401,35.490636111115236,0,1.2855428945955545,34.447871261798696,6.160967980285122,24.90816280350387,1.2959057577471285,34.73447091955006,33.265821806292365,33.51343023245499,6.947031090191388,34.539167047834894,0,0,0,0,0,0.22914928158024495,0.7392697956033594,5.614694881292927,0.7496326587549333,32.71954870730017,6.4007579911991925
671.9999999910212,301.46020864714495,-1976350.1462741494,293167.88410502777,-1683182.2621691218,0.4540015481362669,0.5437358991356636,0.49809787437789216,0.7187012101965813,1.1959445654487766,0.852787302963177,0.3546894285852848,0.7719868159382202,35.375182382754474,0,1.2867459127393728,34.513554757632846,6.2318916504594455,25.00554406108148,1.3310546881847631,34.66246822211403,33.2491005412964,33.53528209164155,6.940462729322718,34.53581944969392,0,0,0,0,0,0.2282509168025566,0.7430100136037092,5.688155751323782,0.7873187890490996,32.70536464216074,6.396726830187054
672.9999999909976,299.5701189649396,-1976590.5597515963,291329.7854870126,-1685260.7742645838,0.44662988266474957,0.5486849128879481,0.4995778976765212,0.7263168161264884,1.2614996469567643,0.8385970111711656,0.33901911349464436,0.7722013953452151,35.549139214363095,0,1.3166343117940054,34.46688039664264,6.105574606562195,25.022724905715677,1.2543994343810887,34.653970367735496,33.33618670503142,33.58602237755531,6.945495029782478,34.51499008030464,0,0,0,0,0,0.22351648245726707,0.7679493989060573,5.556889693674247,0.7057145214931406,32.78750179214347,6.39681011689453
673.999999990974,299.80725524913566,-1978071.3288461305,291560.3988173565,-1686510.930028774,0.45140214834382775,0.536854037854078,0.5001108123283535,0.7426367946264221,1.2182362456999059,0.8387277801767445,0.338616967848391,0.773531562790537,35.44649997184263,0,1.3048073401730953,34.50162601099487,6.142545425742938,25.036827656864602,1.3889465189969865,34.56440841902747,33.26533874134816,33.545263811842574,6.93101010596925,34.525768538101005,0,0,0,0,0,0.236677524936459,0.7679533023190173,5.60569138788886,0.8520924811429085,32.72848470349408,6.394156068115172
674.9999999909503,300.04409386243617,-1975188.3705673441,291790.72266489605,-1683397.6479024482,0.45551855834683064,0.5453818901818153,0.49999399639644926,0.7478147636777965,1.235682927632105,0.8825647969561334,0.3825708005596842,0.7595716738050395,35.40871015645962,0,1.368452584299618,34.54223585448037,6.081454106181084,25.068477699219066,1.4409104494194178,34.468725999355684,33.20588178346884,33.51036245540581,6.9376557790234585,34.53355648901072,0,0,0,0,0,0.21418978362322427,0.8230706941178028,5.536072215999269,0.8955285592376026,32.660499893287025,6.392273888841643
675.9999999909267,299.73595664036105,-1977199.0648186058,291491.06143326894,-1685708.0033853368,0.46675531130672,0.5332229850963195,0.5004292025525271,0.7579887665688112,1.213039501860301,0.8264942008542211,0.326064998301694,0.7659109972136475,35.394947107078075,0,1.268007869098649,34.62816720374008,6.080043932806618,25.067261496445326,1.3609365844308705,34.515734370442715,33.30427601446945,33.516239312475676,7.064384195224861,34.52153823360729,0,0,0,0,0,0.23268801211732804,0.7347848840023294,5.546820947710298,0.827713599334551,32.771053029373135,6.531161210128541
676.999999990903,300.3734737841179,-1978406.5940801203,292111.04226906353,-1686295.5518110567,0.45406355820229116,0.5436972209990572,0.5004647953028872,0.759772164778866,1.2328652559476865,0.8353873970346308,0.3349226017317436,0.7590145393950731,35.415610236915086,0,1.2910778194660821,34.61837999975137,6.099551255430711,25.00014886578785,1.4702815680421466,34.56432754687626,33.290251578279936,33.515203716544306,7.006397520779359,34.49418207660864,0,0,0,0,0,0.21531731839601598,0.747380598467025,5.555854034431654,0.9265843470430895,32.74655435728088,6.462700299780302
677.9999999908794,300.3776039860638,-1978585.102050919,292115.0588607419,-1686470.043190177,0.46272922809025285,0.5406591821016962,0.4983560878179127,0.7463174377497328,1.2084945021542879,0.8206791075235657,0.32232301970565297,0.7795620044514324,35.447996021774316,0,1.2556796696457404,34.51601267220201,5.966715413365414,24.961123488153362,1.4202421923623498,34.55958852720278,33.18855026350059,33.41427769962195,6.982746266768572,34.50675540903376,0,0,0,0,0,0.23890282234973625,0.7150204875440442,5.4260562312637175,0.8795830102606537,32.64789108139889,6.442087084666876
678.9999999908557,300.2393811334094,-1978631.0498371273,291980.63813095633,-1686650.411706171,0.4546076676808115,0.5410161620568293,0.49888630260956596,0.7299301016572528,1.1947731168461857,0.827644605012944,0.32875830240337806,0.7760240463074726,35.42464862769171,0,1.2800244517095152,34.580766520654265,6.0272437655225986,24.976123337516583,1.52927946200451,34.5977992075542,33.224361958105874,33.47278623599831,7.008535554015253,34.5519723881402,0,0,0,0,0,0.23500788425064323,0.7390082896526858,5.486227603465769,0.9882632999476807,32.683345796049046,6.467519391958424
679.9999999908321,298.8388208670662,-1976425.2033981904,290618.6033480308,-1685806.6000501597,0.44975202646647583,0.551125248395488,0.5009271448240281,0.752367103678047,1.2045317233531314,0.8234181020772573,0.3224909572532292,0.7589839584223794,35.448271464998925,0,1.2963636052254053,34.555431426769736,6.128357744183404,24.98577368084574,1.531921053339616,34.54215444371209,33.171283223168075,33.39998696363659,6.900990561042974,34.53468655406937,0,0,0,0,0,0.20785871002689138,0.7452383568299172,5.577232495787916,0.9807958049441279,32.62015797477259,6.349865312647486
680.9999999908084,301.30541173325685,-1978176.2015746906,293017.34521993174,-1685158.8563547588,0.4599240594473537,0.5513779641626639,0.4979315720555619,0.747433408671359,1.2178551253899172,0.826893907669707,0.3289623356141452,0.7606145116975416,35.48133304995599,0,1.2774541253784903,34.557832948870555,6.186461272298146,25.11392620790903,1.4674363796118826,34.4985887981521,33.20610582865379,33.429398136149416,6.970704429074857,34.61112943817892,0,0,0,0,0,0.20923654753487764,0.7260761612158264,5.635083308135482,0.9160584154492186,32.65472786449113,6.419326464912193
681.9999999907848,299.45441262484553,-1976051.781444665,291217.26190370077,-1684834.5195409642,0.4696465791691118,0.5355066328408391,0.49966808196139345,0.7343012051575806,1.2073087825397542,0.8254686934270401,0.32580061146564665,0.7743386776247121,35.62748270512776,0,1.2721002800062173,34.55884657838317,6.179076241223271,25.097792680427574,1.4523092222262708,34.53291675910964,33.205798678282804,33.42284951545639,6.96139044720789,34.659279192172534,0,0,0,0,0,0.238832044783873,0.7365936471653782,5.643569608382432,0.9168025893854317,32.67029204544197,6.425883814367051
682.9999999907611,298.3168548524387,-1977900.868126899,290110.9951540015,-1687789.8729728975,0.4610609823986369,0.5445813542703212,0.4997399324026803,0.7254733359073056,1.2234543993574327,0.8541567303374166,0.3544167979347363,0.7694712738590397,35.39981948358184,0,1.2875410626085149,34.5204293446601,6.266885838721208,25.08455844898229,1.4786578584107346,34.541834793842554,33.230804402025186,33.456352835921734,6.949973476783441,34.628283761957334,0,0,0,0,0,0.2248899195887185,0.7429597083381937,5.722304484450887,0.9340765041404134,32.686223047754865,6.40539212251312
683.9999999907375,300.9765392562987,-1980119.4845025092,292697.51910210715,-1687421.965400402,0.4621914206570077,0.5434214142693286,0.5000611587667017,0.7282731198329166,1.2115867582787736,0.8616133798069051,0.36155222104020346,0.7548358147128358,35.42464029490401,0,1.2921528698427807,34.569216034921624,6.308865720963624,25.106903757917735,1.4604797556856663,34.522536442295575,33.22552674799476,33.50353656590755,6.966941353655738,34.65750808513985,0,0,0,0,0,0.21141440044350723,0.7487314555734521,5.765444306694295,0.9170583414163378,32.68210533372543,6.423519939386409
684.9999999907138,298.9789908264319,-1976765.0403447524,290754.917625085,-1686010.1227196674,0.4641066691706417,0.5396399800382987,0.5023764108627052,0.7626582761621474,1.3008890085376912,0.8326090714616865,0.33023266059898126,0.7716233047151331,35.473184292458654,0,1.2697672207574442,34.535771190993614,6.405464498763422,25.104780135972717,1.5027052630371251,34.62106151291414,33.25101982342835,33.44057528517715,6.948524149342973,34.580800979447986,0,0,0,0,0,0.23198332467683436,0.7301272407191455,5.865824518725123,0.9630652829988264,32.71137984339005,6.408884169304674
685.9999999906902,299.8825736256126,-1979481.5417097844,291633.6453966151,-1687847.8963131693,0.45017008934685343,0.54119489438534,0.4983773680727196,0.7564639896145273,1.20175270991599,0.8312410712942541,0.33286370322153447,0.7629197843347572,35.435454831012294,0,1.2769482705242687,34.52030187728639,6.313360449731647,25.143603339056313,1.5827930430139467,34.64788588788451,33.22717221225645,33.42901508754596,6.9704744971452754,34.61300240548056,0,0,0,0,0,0.2217248899494172,0.7357533761389288,5.772165555346307,1.0415981486286068,32.68597731787111,6.4292796027599355
686.9999999906665,300.8837100805974,-1978404.1923508234,292607.2433965814,-1685796.948954242,0.4607847350579988,0.5441399144257342,0.4986148423283674,0.7424394557912173,1.194070821033129,0.8527474474311796,0.3541326051028122,0.7656268296948703,35.39000042306475,0,1.352061333693733,34.45341204366298,6.253794120849676,25.06553829856953,1.5521629509538464,34.593418028566276,33.31112750735463,33.510483633836316,7.076584607324648,34.6570087869419,0,0,0,0,0,0.2214869152691361,0.8079214192679989,5.7096542064239415,1.0080230365281122,32.76698759292889,6.532444692898913
687.9999999906429,299.37700764346334,-1978298.6769161,291141.9861161836,-1687156.6907999166,0.46185617181050276,0.5449533153715507,0.5004256473680662,0.7441437982954451,1.2612726157159067,0.8517172157004267,0.3512915683323605,0.7560843705541895,35.48949129488659,0,1.2978232008277635,34.457319443579195,6.211775375301393,25.018408021723673,1.6283675725323796,34.67128598314946,33.266773913692816,33.51997832455993,7.065464232828305,34.635713773446014,0,0,0,0,0,0.21113105518263886,0.7528698854562128,5.666822059929842,1.083414257160829,32.721820598321266,6.520510917456754
688.9999999906192,299.6003048891919,-1977913.8435888812,291359.1410811804,-1686554.7025077008,0.4591648091104199,0.5392270913790043,0.5015901493624345,0.7447831368591711,1.2191348988691395,0.8568661232723132,0.35527597390987864,0.7660063153158632,35.497463404753006,0,1.2929438436414076,34.41104932021872,6.120881036720014,24.950883639498002,1.5875622735735604,34.68705675228415,33.23630305966947,33.51608616924051,7.0294981785794235,34.6200787902535,0,0,0,0,0,0.2267792239368589,0.7537167522624033,5.58165394534101,1.0483351821945561,32.69707596829046,6.490271087200419
689.9999999905956,299.47006416990604,-1976625.688474469,291232.4829186697,-1685393.2055557992,0.45620971864136856,0.5426543600955966,0.4997644771444535,0.7357805623086708,1.267164976649564,0.8311254753312431,0.33136099818678966,0.7668890824376682,35.44509109923099,0,1.320606367257719,34.4793889603647,6.2298212223538165,24.933234531729568,1.6130741408858071,34.71241190926321,33.304336870453085,33.55582161300697,7.0763188306770815,34.59847514422461,0,0,0,0,0,0.22423472234207154,0.7779520071621224,5.68716686225822,1.0704197807902105,32.76168251035749,6.533664470581485
690.999999990572,301.55661531814286,-1978708.1081532836,293261.6388989918,-1685446.4692542918,0.46392172447116553,0.5432225406143791,0.4989509630264963,0.7610142790637111,1.2231899197041862,0.8332416934965445,0.33429073047004826,0.7711235465279245,35.45212799982414,0,1.381684342852104,34.44436595238324,6.255621180659276,24.97645779585619,1.5588649344763184,34.70951002154652,33.21009583901582,33.49868475862246,7.095686594475964,34.54642889746599,0,0,0,0,0,0.22790100591354534,0.8384618022377248,5.7123986400448965,1.0156423938619392,32.66687329840144,6.552464053861585
691.9999999905483,300.7494106310677,-1976098.6864022166,292476.6381481084,-1683622.048254108,0.4577026159647746,0.5458081237709704,0.5019246320766666,0.7238172426959322,1.2263579663760442,0.844802286496561,0.3428776544198944,0.7505314287271512,35.51240476684819,0,1.320706811006687,34.55106667170452,6.29002587386816,25.12724668947891,1.5461317991292027,34.706052368171186,33.30408349757954,33.55844745389277,7.067857863528445,34.59971223766689,0,0,0,0,0,0.20472330495618074,0.7748986872357166,5.74421775009719,1.0003236753582323,32.75827537380857,6.522049739757475
692.9999999905247,300.22272929977726,-1978135.6876003593,291964.4443425479,-1686171.2432578113,0.46463566100104803,0.5374157340359602,0.4991319412661921,0.753414322892521,1.2256442387424107,0.8185385877804633,0.3194066465142712,0.7711445750032038,35.42870971827665,0,1.436010842125138,34.384157882895465,6.337423767810584,25.14818968784145,1.56896340407874,34.71582728880378,33.3440485674281,33.56148418385487,7.075980704604277,34.62784055085501,0,0,0,0,0,0.23372884096724356,0.8985951080891779,5.800008033774624,1.0315476700427797,32.80663283339214,6.538564970568316
693.999999990501,300.3336568464989,-1979472.1727897078,292072.3205836853,-1687399.8522060225,0.4630742169813846,0.5395645628931103,0.5010245597617493,0.6873367959114582,1.2453259410621396,0.8193246330419013,0.318300073280152,0.7557169432565942,35.42713980433746,0,1.4182081604114245,34.49297232513686,6.3279579579111385,25.217611696185458,1.484677294156869,34.66748521221837,33.35385218818317,33.58474217433809,7.089666109858726,34.51793296308792,0,0,0,0,0,0.21615238036348394,0.8786435975183142,5.788393395018028,0.9451127312637588,32.814287625290056,6.550101546965616
694.9999999904774,300.8964489897809,-1979052.58120244,292619.6318941144,-1686432.9493083255,0.45469197753654134,0.5387659215492695,0.500878369615126,0.7349363106438283,1.192912634794645,0.834740437661271,0.33386206804614504,0.7530414789737172,35.44704882779047,0,1.3718513553933462,34.51719040143894,6.404940251391764,25.30477829364486,1.4537699075931751,34.68434529335693,33.33496311292197,33.57527047957956,7.037009644490887,34.52823174772436,0,0,0,0,0,0.2142755574244477,0.8330854338440767,5.866174329842495,0.9150039860439056,32.7961971913727,6.498243722941617
695.9999999904537,299.54796530740055,-1977619.8960178867,291308.2412144366,-1686311.6548034502,0.4558317547311681,0.5369762429441227,0.49942670458084304,0.7378057640436051,1.1796044198133124,0.8171410667348078,0.31771436215396476,0.773737769860702,35.39168409922411,0,1.3722477616935578,34.51765039958168,6.348149104919372,25.341389829978823,1.4905026136476796,34.54806207597585,33.209908076437955,33.49575469837589,7.123447506776017,34.4854784169396,0,0,0,0,0,0.23676152691657926,0.8352715187494351,5.811172861975249,0.9535263707035568,32.672931833493834,6.5864712638318945
696.9999999904301,299.50178337821364,-1978088.6824379042,291263.3296205504,-1686825.3528173538,0.45085087171433247,0.5423475249158507,0.4995111695762904,0.7498509711756061,1.2625803012110755,0.8397535548040265,0.3402423852277361,0.7693653347807103,35.460847201188585,0,1.3509943088284047,34.45381879826226,6.286573763175596,25.210780643919577,1.4892421503872768,34.550261097683915,33.14696797558395,33.427187541212334,7.085032935461156,34.45321609289033,0,0,0,0,0,0.22701780986485964,0.808646783912554,5.7442262382597455,0.9468946254714261,32.604620450668094,6.542685410545305
697.9999999904064,299.4647355562591,-1976509.1410423592,291227.3008802339,-1685281.8401621254,0.451088780281645,0.5378467274669152,0.5004686991737736,0.7372606362275651,1.217667565702623,0.824674556071437,0.32420585689766346,0.7700885214875939,35.31505911665869,0,1.3330144412972231,34.44688738335594,6.313164163848533,25.22062510862274,1.508200886097331,34.55207220588318,33.14217523842956,33.462349088358565,7.079913100509124,34.47254409065681,0,0,0,0,0,0.23224179402067868,0.7951677138303079,5.775317436381618,0.9703541586304159,32.604328510962645,6.542066373042209
698.9999999903828,299.83711965619847,-1978260.7426956631,291589.4417383707,-1686671.3009572923,0.46073689466079815,0.5411094532598444,0.5004958973417182,0.7381676418598477,1.2135996888927991,0.8488699935274331,0.3483740961857149,0.7620412047455365,35.35000289159541,0,1.3617251564504045,34.447976120195676,6.320155494619968,25.258278889471683,1.4897482654697534,34.49795514996278,33.093315795717785,33.40869347170553,7.090539603767027,34.48979572180853,0,0,0,0,0,0.2209317514856921,0.8206157031905601,5.7790460413601235,0.948638812209909,32.55220634245794,6.549430150507183
699.9999999903591,300.9128841048901,-1977536.8860969655,292635.6149253185,-1684901.2711716471,0.4424176004867828,0.5303898570795091,0.4970709861650143,0.758183694908503,1.2132082973270641,0.8211647029289268,0.3240937167639126,0.760752361961206,35.381725062911386,0,1.3097450220675881,34.47814729489414,6.384103477794184,25.26617793605479,1.533122637430143,34.5490363974352,33.03326058864272,33.30920141791614,7.126008597362606,34.50470044887135,0,0,0,0,0,0.23036250488169685,0.779355164988079,5.853713620714675,1.0027327803506338,32.502870731563206,6.595618740283097
700.9999999903355,300.1918058451738,-1979207.1293563433,291934.3715054196,-1687272.7578509236,0.46274415207910824,0.5471127712769972,0.5013767189634485,0.7110595398052038,1.1746863472243874,0.8203912711588401,0.31901455219539165,0.7426876202809343,35.41737882771179,0,1.339196935509758,34.42246523229062,6.362750606882287,25.222560433565263,1.5373951621512205,34.420417090498916,32.99754127271376,33.26524981307523,7.1426416339533105,34.48929478154355,0,0,0,0,0,0.19557484900393707,0.7920841642327607,5.81563783560529,0.9902823908742233,32.45042850143676,6.595528862676313
701.9999999903118,299.614650568144,-1978862.4889433868,291373.09215075383,-1687489.396792633,0.45970631830270214,0.5365090530693042,0.49612381025470487,0.7209014598300509,1.1093983476081135,0.8351094380929565,0.3389856278382516,0.763648191761428,35.41055528638174,0,1.3398387518842112,34.49183200139953,6.444514973481077,25.199937449636536,1.5870275083124525,34.38742043063428,33.043753989107245,33.357011308164715,7.20228229138327,34.5521017067727,0,0,0,0,0,0.22713913869212377,0.803329698814907,5.908005920411773,1.0505184552431484,32.50724493603794,6.665773238313966
702.9999999902882,299.38571053215736,-1978914.4338510558,291150.44961282704,-1687763.9842382288,0.4579541403299825,0.546505414901155,0.5015712089369255,0.7369861515463434,1.1783104858981304,0.8459385139957485,0.34436730505882296,0.7758478956441035,35.39570932480706,0,1.2689955322648299,34.420678134557306,6.506612285578818,25.214200777109426,1.6208311632878178,34.41383265389118,33.02160141809338,33.313462462869666,7.1689932473622235,34.53408744669406,0,0,0,0,0,0.2293424807429485,0.7224901173636749,5.960106870677663,1.0743257483866628,32.47509600319223,6.6224878324610685
703.9999999902645,301.01652346320486,-1978298.473537255,292736.4034556638,-1685562.0700815911,0.46294208650540014,0.54009988877411,0.5019128516841923,0.7315624250301846,1.1798808248401436,0.8303243771300401,0.32841152544584784,0.7667697005828669,35.45655184613827,0,1.2916146599774567,34.39354241199345,6.4705892075310985,25.076517534947754,1.596247805158244,34.46651975970019,33.045895766380454,33.35733214941831,7.052889025654366,34.459770919315076,0,0,0,0,0,0.2266698118087569,0.7515147712033468,5.9304893187569885,1.056147916384134,32.505795877606346,6.512789136880256
704.9999999902409,301.4846719568163,-1976053.1008870564,293191.6744976861,-1682861.4263893703,0.45915133079118453,0.5382976693397818,0.5006980428374683,0.7239210410467081,1.2143783009003393,0.8330604304999152,0.33236238766244686,0.763517756484168,35.39131713078473,0,1.2961523204959597,34.37041667200447,6.472588339357145,25.030180268523736,1.6438503588645652,34.42505880327997,33.14237742988996,33.4276129449629,7.149313409005309,34.457587483559564,0,0,0,0,0,0.22522008714438613,0.7578546511561779,5.934290670017363,1.1055526895247834,32.60407976055018,6.611015739665527
705.9999999902172,301.14354824015015,-1977230.3434302509,292859.93413738493,-1684370.409292866,0.4635812786806097,0.5523191062607629,0.5008077877954453,0.7407570188712835,1.2002882298672581,0.8199974395830194,0.3191896517875741,0.7668576689565088,35.35879897623592,0,1.2198976742307863,34.38863804375245,6.564294372729208,25.015687358157948,1.6697347906879152,34.42327462669567,33.23437703712443,33.45239518885353,7.173028699586538,34.49793536575942,0,0,0,0,0,0.2145385626957459,0.6675785679700235,6.011975266468445,1.1174156844271523,32.68205793086367,6.620709593325776
706.9999999901936,301.74187445918733,-1977322.853146296,293441.8020808421,-1683881.0510654538,0.458859598798147,0.5428888222818185,0.5003266741879419,0.7097742265944351,1.2463145489019922,0.8125817271426784,0.31225505295473654,0.775109266044149,35.32114329241858,0,1.2519530075620544,34.30254226964689,6.559625790075472,25.11663289069213,1.7217637358879898,34.43087996980523,33.32028522101314,33.57651110725595,7.1133355084644805,34.54089817841947,0,0,0,0,0,0.23222044376233053,0.709064185280236,6.016736967793654,1.1788749136061714,32.77739639873132,6.570446686182662
707.99999999017,302.3092562685421,-1977973.1477800943,293993.57680850744,-1683979.5709715867,0.46244947270159376,0.5457184023844324,0.5004019281054458,0.7526414231796732,1.347978117175121,0.8343062402519041,0.3339043121464583,0.7710621385602692,35.2841680501038,0,1.2580427991084884,34.38464847823184,6.5025591681021115,25.09624540443508,1.7211628988295153,34.469997108305165,33.25099009244843,33.49837051419337,7.086125573430991,34.485668347827925,0,0,0,0,0,0.2253437361758368,0.712324396724056,5.956840765717679,1.175444496445083,32.705271690064,6.540407171046558
708.9999999901463,299.6884336761795,-1974620.0898470543,291444.8456924983,-1683175.244154556,0.4564402941113812,0.5424661087466554,0.5008987073434457,0.7469166554911135,1.2671596282924966,0.8469210847335119,0.34602237739006625,0.7667433516084792,35.316646882449476,0,1.352041736172099,34.41923520783745,6.456628810301977,25.084653319875542,1.6181172030870359,34.458780106739596,33.289624348260304,33.530122463009775,7.140223917510831,34.396822423872095,0,0,0,0,0,0.22427724286182382,0.8095756274254438,5.9141627015553215,1.0756510943403805,32.74715823951365,6.597757808764175
709.9999999901227,302.4301320274895,-1975966.4485512078,294111.1276144637,-1681855.320936744,0.452072050483288,0.5393822135782749,0.4984943959119817,0.7208097264862907,1.2962880375294183,0.8172942204893845,0.3187998245774028,0.7692437903366054,35.375189413305634,0,1.292351746832427,34.32216233737876,6.478401439631142,25.0748333946284,1.6251315188479936,34.44754701224173,33.30612536963281,33.55573206631141,7.065800527749687,34.449855303709285,0,0,0,0,0,0.22986157675833052,0.7529695332541522,5.939019226052867,1.0857493052697187,32.76674315605453,6.526418314171412
710.999999990099,301.1050339528926,-1976806.4062062576,292822.4792701115,-1683983.926936146,0.46513494852535187,0.5397069942527626,0.49889998017221177,0.7308875300331943,1.3019451627064207,0.8422702612484636,0.34337028107625184,0.7701793195371538,35.33973613061141,0,1.287087146053402,34.295690131318,6.449363020712539,25.008647653739587,1.5939839243843856,34.480204286194976,33.24241927622211,33.50423619403148,7.127968068210478,34.477051648914085,0,0,0,0,0,0.2304723252843912,0.7473801518006393,5.909656026459777,1.054276930131623,32.70271228196935,6.588261073957716
711.9999999900754,301.43630816706485,-1977323.4393537901,293144.64106009784,-1684178.7982936923,0.4614378457642472,0.5437136046761211,0.4984019316345114,0.7405965227252196,1.2773637918277627,0.8155424967362173,0.31714056510170585,0.7739264364244286,35.40822393904614,0,1.3420998731149432,34.30250853224686,6.438251088067275,25.0074287023252,1.5307305677068932,34.4289359106738,33.220154593770076,33.46501852506799,7.023808821411933,34.501838619737136,0,0,0,0,0,0.23021283174830753,0.7983862684388221,5.894537483391154,0.9870169630307721,32.676440989093955,6.480095216735812
712.9999999900517,299.5226183760906,-1974852.2834960148,291283.5915060919,-1683568.691989923,0.45703854566685376,0.539291919991523,0.4972181101512461,0.7428730540886637,1.2587883739357277,0.8358653795254711,0.338647269374225,0.7655434138534041,35.40124637607528,0,1.2805697435300445,34.32836949583188,6.360863653721022,24.953028979958333,1.5415507592136428,34.261548201845585,33.27162686136944,33.48883129837009,6.986254290351141,34.41038361453104,0,0,0,0,0,0.22625149386188104,0.7412778235385215,5.821571733729499,1.0022588392221197,32.73233494137792,6.446962370359618
713.9999999900281,300.10857518434267,-1975295.103359405,291853.4302865502,-1683441.6730728548,0.4547257354682217,0.5476962264186671,0.49990197839534184,0.7703948163870091,1.3558401351247475,0.8320326539288887,0.33213067553354686,0.7695520800365152,35.45986352139414,0,1.3068143707434672,34.314462940536714,6.417920282574357,25.07080284940143,1.5080131068107292,34.33744867344342,33.28524854220251,33.58602413068911,6.9489216136148215,34.368709205667756,0,0,0,0,0,0.2218558536178481,0.7591181443248001,5.87022405615569,0.9603168803920621,32.737552315783844,6.401225387196154
714.9999999900044,300.3212699219216,-1976115.9032713547,292060.2743886495,-1684055.6288827052,0.45562534118522624,0.5346323257556087,0.4995537825357858,0.750678341552927,1.3505092939484946,0.8402453557579364,0.34069157322215055,0.7653860010181806,35.41793015449673,0,1.3293027281919123,34.280432325001925,6.43377934692581,25.032495582851524,1.5380939199629098,34.301592761455595,33.32539558704946,33.58854677202225,6.948411425114525,34.39931199887576,0,0,0,0,0,0.23075367526257184,0.7946704024363036,5.899147021170202,1.003461594207301,32.79076326129385,6.4137790993589165
715.9999999899808,302.47848669310133,-1977791.6878716312,294158.15217889176,-1683633.5356927395,0.4556393814020403,0.5459605938898839,0.5003215685707286,0.7543361337791392,1.501629669465256,0.8543329964173543,0.35401142784662565,0.7697821220814776,35.33873079775111,0,1.2582036262007703,34.269011597038855,6.454479453195404,25.04955099559289,1.5179413541431974,34.348605121319,33.40250081178971,33.694736617053024,6.896072299992525,34.383227970775664,0,0,0,0,0,0.22382152819159362,0.7122430323108864,5.90851885930552,0.9719807602533135,32.85654021789982,6.350111706102641
716.9999999899571,299.3677848181842,-1977237.4432517253,291133.0169849517,-1686104.4262667736,0.447181562084892,0.5372216617135308,0.5006224887003785,0.7469062064826488,1.442089571392212,0.829774190661507,0.32915170196112853,0.7624814676388993,35.42503392207024,0,1.2917443653691443,34.1933752520589,6.496953771095789,25.16463008256096,1.524261440530701,34.357196954073075,33.448403352160824,33.677989188435106,6.874211368132343,34.47679326282662,0,0,0,0,0,0.22525980592536854,0.7545227036556135,5.959732109382259,0.9870397788171701,32.91118169044729,6.336989706418812
717.9999999899335,301.32111586761005,-1977872.933380004,293032.6173776095,-1684840.3160023945,0.45421063637744785,0.5417899559864097,0.4986835804438826,0.7496498612061266,1.3354060189528774,0.8268026749455454,0.32811909450166277,0.7648419299117872,35.56637471191584,0,1.3165822788594213,34.239786960628294,6.391220211443148,25.11464750841253,1.4946993611593846,34.18896537081298,33.405023040833726,33.69831604333592,6.8961522570437666,34.486657306925395,0,0,0,0,0,0.22305197392537757,0.7747923228730116,5.849430255456738,0.952909405172975,32.863233084847316,6.354362301057357
718.9999999899098,298.84780996729506,-1975682.8291188069,290627.3451833328,-1685055.483935474,0.463070163291718,0.5373270430699231,0.5031068402147273,0.7519156614358291,1.5020174935139456,0.8260013682460152,0.32289452803128793,0.7836586114102175,35.318152990463545,0,1.253958601894002,34.312027927124916,6.361948982089261,25.27319453986115,1.5724913492309973,34.14801153654207,33.390301103013,33.63075869491979,6.868499362823357,34.49198631058789,0,0,0,0,0,0.24633156834029446,0.716631558824079,5.824621939019338,1.0351643061610742,32.85297405994308,6.331172319753434
719.9999999898862,299.52511635704656,-1976607.4594931193,291286.02077460027,-1685321.438718519,0.46420210559292574,0.5423248859657335,0.5011213110347466,0.7166519121637434,1.4542185149981828,0.8482419144411725,0.3471206034064259,0.7604306082552412,35.36240005020387,0,1.3034618085014174,34.29425253567956,6.309192515809286,25.056178441786642,1.5472987664352935,34.05148774085785,33.28363593449035,33.551859406007,6.898235132780357,34.57015460804689,0,0,0,0,0,0.21810572228950775,0.7611369225356839,5.766867629843553,1.00497388046956,32.741311048524615,6.355910246814624
720.9999999898625,300.1885066039732,-1977275.9896279983,291931.16301708785,-1685344.8266109105,0.46011041892066773,0.5541760262869562,0.5018745597962189,0.7283982043246703,1.4210450040843803,0.8476179220264806,0.3457433622302617,0.7689635283769061,35.31069036270708,0,1.2434958437676826,34.31378091879651,6.3562752237305205,25.091263496547413,1.4891057264950938,34.04564562902806,33.260348930920486,33.56525590279057,6.902642743924769,34.54522997565192,0,0,0,0,0,0.2147875020899499,0.6893198174807265,5.802099197443564,0.9349297002081376,32.70617290463353,6.3484667176378125
721.9999999898389,300.9799830186759,-1978386.1386650614,292700.8681362434,-1685685.270528818,0.45659488495104594,0.55531564898269,0.5019945579459589,0.7279834097094664,1.3537809596959551,0.8206652960488119,0.31867073810285296,0.7700499020808955,35.41150637987079,0,1.3006111181052873,34.257845443655015,6.3955753241472735,25.154273559736055,1.4532610187385968,34.095436930130404,33.31885633542197,33.613439472677896,6.931997033769008,34.580714637643155,0,0,0,0,0,0.21473425309820549,0.7452954691225973,5.840259675164583,0.8979453697559068,32.76354068643928,6.376681384786318
722.9999999898153,301.3453267003487,-1977541.37008572,293056.16223826713,-1684485.2078474527,0.4480646531017225,0.5490128671025385,0.5016242305555169,0.7134543198339447,1.3649696535114657,0.829770805863596,0.3281465753080791,0.7736468724303247,35.41521145624387,0,1.3352093131450573,34.28699294603416,6.45417905756328,25.23324804407673,1.4280990150960395,34.09114693666686,33.369315289596045,33.646835439655185,7.002898904155231,34.56280481221839,0,0,0,0,0,0.2246340053277862,0.7861964460425188,5.905166190460742,0.879086147993501,32.820302422493505,6.453886037052692
723.9999999897916,300.99865909360807,-1978573.2300343588,292719.03048475314,-1685854.1995496056,0.45769895526099535,0.5409252985231063,0.500247889882329,0.7129850115234131,1.3575113226511135,0.8318361559084237,0.3315882660260947,0.7549845628365253,35.40760095236334,0,1.2335153278129773,34.28182855408329,6.453174004985733,25.277722825119668,1.4543047817640478,34.094830987140085,33.30412699717101,33.5274521659029,6.845897251891564,34.62570447821895,0,0,0,0,0,0.21405926431341893,0.692590029289871,5.912248706462627,0.9133794832409414,32.763201698647904,6.304971953368458
724.999999989768,298.48215523970026,-1978059.0315570533,290271.74859138776,-1687787.2829656657,0.45721883977424405,0.5440524831150607,0.5007827086922373,0.7236101887099284,1.2525032525967674,0.8464788896227927,0.34569618093055543,0.76475356320943,35.522076848535335,0,1.2614701583364507,34.37539954168369,6.511234221437448,25.218630541613834,1.4002077986984993,34.07847249488242,33.28859613621421,33.549989322927104,6.914203034927638,34.59508350027272,0,0,0,0,0,0.22070108009436928,0.71741767522139,5.967181738322387,0.8561553155834386,32.74454365309915,6.370150551812578
725.9999999897443,299.6366766861624,-1979835.4984543882,291394.5123920635,-1688440.9860623246,0.466751818422273,0.5410181415794764,0.5015981418224085,0.733300403332267,1.1870412974859086,0.8212024203399778,0.31960427851756934,0.7708811840235947,35.46880685010336,0,1.286011101966076,34.3053516406556,6.477062973737262,25.130149515962188,1.4192271041126077,33.95382596795292,33.338989080992405,33.56269794288849,6.8856891522955195,34.73945794699216,0,0,0,0,0,0.22986304244411837,0.7449929603865997,5.936044832157785,0.8782089625331313,32.79797093941293,6.344671010716043
726.9999999897207,299.31637662735403,-1979366.8909565285,291083.02288921684,-1688283.8680673116,0.45597387655248056,0.5406190621931959,0.5002096146102469,0.7530740651290309,1.3024600471867718,0.8219777356884268,0.32176812107817987,0.7732085226893144,35.541240868510585,0,1.3347483005731924,34.33214650176359,6.454481339672768,25.12599779939265,1.3780456776628374,33.96578404369939,33.30219503206456,33.567735052957346,6.832314061760638,34.78681808648048,0,0,0,0,0,0.2325894604961185,0.7941292383799965,5.913862277479572,0.8374266154696415,32.761575969871366,6.291694999567442
727.999999989697,299.8267490583951,-1977722.2809146456,291579.3564066164,-1686142.9245080291,0.45812210692483557,0.5332648305461039,0.4987204592624415,0.7201814704598082,1.2401313272029064,0.8406170591900402,0.34189659992759863,0.7773332579465495,35.57889233297044,0,1.2122838808355176,34.43345560583464,6.4893898361063975,25.116917346132595,1.375227641211442,34.04341105482962,33.25158852730942,33.53170006558888,6.9449587085418045,34.75806526767383,0,0,0,0,0,0.24406842740044565,0.6790190502894138,5.956125005560294,0.8419628106653381,32.71832369676332,6.411693877995701
728.9999999896734,299.5421991922265,-1977049.9065644331,291302.6337089132,-1685747.2728555198,0.4606501082675143,0.5400280770682588,0.5019240358714662,0.7396377039854176,1.3142815752581356,0.8350870701283335,0.33316303425686733,0.7740052489847615,35.518943119625874,0,1.0565759785221793,34.43435347070289,6.430706349079813,25.17222706288311,1.4177409400118202,34.033281704897945,33.270126032272856,33.521357835586514,6.922332895729454,34.70451059999783,0,0,0,0,0,0.2339771719165027,0.5165479014539205,5.890678272011554,0.8777128629435613,32.7300979552046,6.382304818661195
729.9999999896497,299.08290885802984,-1977463.8141648248,290855.9771631933,-1686607.8370016315,0.45382051960558867,0.5375930579267703,0.5008070273974011,0.7241219255384737,1.284422770122804,0.8334843860899404,0.3326773586925392,0.7720194232252187,35.48887754342604,0,1.1145932257945397,34.44314177336355,6.467388936880312,25.21760230874355,1.360269596489001,34.05329774429288,33.331154754943384,33.586552078429804,6.841282115989358,34.73495310190174,0,0,0,0,0,0.2344263652984484,0.5770001678677694,5.929795878953541,0.8226765385622308,32.793561697016614,6.303689058062588
730.9999999896261,301.4375981717025,-1979321.1724785827,293145.89558032725,-1686175.2768982556,0.46190735972801056,0.5461269389345524,0.500078167495046,0.7167098095094211,1.3535432896090542,0.8720299360805259,0.37195176858547996,0.7700254463906555,35.47796648975054,0,1.0977245074963058,34.507952265631275,6.468518445600637,25.245791148691865,1.3665449113135537,34.021470533780075,33.34674709471517,33.59244520159555,6.892877781503259,34.73047666360111,0,0,0,0,0,0.22389850745610307,0.5515975685617533,5.922391506666084,0.8204179723790013,32.80062015578062,6.3467508425687065
731.9999999896024,300.69435951122193,-1978614.0715115406,292423.1013301143,-1686190.9701814263,0.4508415151210513,0.5522865382215123,0.49933542566276484,0.7236385607760205,1.3894461232952953,0.8500318441307618,0.350696418467997,0.7474048795923309,35.49480593538112,0,1.0285986348740224,34.4923292394588,6.457301140699653,25.316031523313427,1.3335303780743928,34.100408094374984,33.26984323220978,33.52582902680459,6.883760627333004,34.69897709462941,0,0,0,0,0,0.19511834137081863,0.47631209665251006,5.905014602478141,0.7812438398528805,32.71755669398827,6.331474089111492
732.9999999895788,300.5828425991215,-1977745.0999514312,292314.6519353861,-1685430.4480160451,0.45752983408004244,0.5459453140535491,0.4995743012907613,0.7338903530672443,1.3046363737115438,0.8509351940420413,0.35136089275128,0.7644205214430837,35.63582154025255,0,1.1029771914669446,34.47306644146158,6.365649517199174,25.350428693732283,1.3941690316075288,34.103344836574706,33.315259302467666,33.541197211856,6.907489478751074,34.688044148296854,0,0,0,0,0,0.21847520738953463,0.5570318774133955,5.8197042031456245,0.8482237175539797,32.76931398841412,6.361544164697525
733.9999999895551,300.2894528854499,-1977591.78085744,292029.33254958305,-1685562.448307857,0.4615178627357235,0.5380559166473073,0.4988447105061438,0.7101046948272094,1.2658614937802675,0.8637626617482046,0.3649179512420608,0.7732011040494613,35.56460715096512,0,1.0929315487722455,34.48184375351832,6.355206563041008,25.348272288125717,1.3552347182212081,34.18222344514311,33.221042096247345,33.49306666722987,6.918762167668092,34.68918015153997,0,0,0,0,0,0.23514518740215395,0.5548756321249382,5.817150646393701,0.8171788015739008,32.682986179600036,6.380706251020785
734.9999999895315,300.28883582069915,-1979394.1366634965,292028.7324585523,-1687365.4042049441,0.46619121580218703,0.5421737098215207,0.49953628259163235,0.730078711389357,1.2880761271668817,0.8283179797407672,0.3287816971491348,0.7707953821598057,35.60346754694808,0,1.056308381314449,34.47312467416373,6.348825726970077,25.305835055275452,1.4527262785196697,34.152754319999644,33.17058902990209,33.468972822463,6.9113755469716835,34.682524169608314,0,0,0,0,0,0.228621672338285,0.5141346714929282,5.806652017148556,0.910552568698149,32.62841532008057,6.369201837150163
735.9999999895078,299.4184792570078,-1978371.9828906097,291182.3169619951,-1687189.6659286146,0.46523544116994725,0.5499101736862544,0.500397994527423,0.7397767979792871,1.257422614636262,0.8310611301361166,0.33066313560869365,0.7642245869656983,35.55350556897645,0,1.0542417504637243,34.48922889635628,6.379810337571735,25.32485854740355,1.4487733654218786,34.090711304346996,33.3050495451611,33.590511459690134,6.90463573665015,34.68408910019235,0,0,0,0,0,0.2143144132794439,0.5043315767774699,5.829900163885481,0.8988631917356242,32.75513937147484,6.354725562963895
736.9999999894842,299.82200246621784,-1977559.0472722165,291574.74037987256,-1685984.306892344,0.451994306295294,0.5415191310053267,0.49832942204070824,0.7303535858177188,1.2625400797873194,0.8129372065202096,0.3146077844795014,0.7722560561914218,35.5449446845482,0,1.119301080206013,34.548577991053776,6.3667175415528305,25.31265161949881,1.4740902701559975,34.10950116981178,33.38041651777911,33.65975097273321,6.972011213641167,34.63578109764944,0,0,0,0,0,0.23073692518609512,0.5777819492006864,5.825198410547504,0.9325711391506708,32.83889738677378,6.4304920826358405
737.9999999894605,302.3329864568028,-1977275.4871686026,294016.6542458682,-1683258.8329227343,0.4541027899284735,0.5389708776777145,0.4988300942310894,0.708291268082597,1.2328298633313004,0.8117140498369784,0.31288395560588894,0.7694995509406697,35.43749854696739,0,1.0660234553489154,34.56222505532426,6.397510691125078,25.296108677570686,1.4639285711225796,34.05880915248838,33.333910146489075,33.586281326895175,7.025984015860843,34.68075269913368,0,0,0,0,0,0.23052867326295523,0.527052577671201,5.858539813447363,0.9249576934448651,32.79493926881136,6.487013138183128
738.9999999894369,301.0356475347127,-1978048.002662491,292755.00147762033,-1685293.0011848707,0.46063559266248966,0.5412291499509099,0.4984495105082184,0.7168447338670361,1.0800029424358613,0.8277914397182041,0.32934192920998573,0.767102548785382,35.49908604015445,0,1.0893574075371006,34.521828685455034,6.4329084278201165,25.312177345478403,1.445555289591006,34.11509560127752,33.17991589027048,33.45996347331129,6.879816799567891,34.694941592429075,0,0,0,0,0,0.2258733988344721,0.5481282575861908,5.891679277869207,0.9043261396400961,32.63868674031957,6.338587649616981
739.9999999894133,300.4706817599667,-1977552.9769750983,292205.5763262302,-1685347.4006488682,0.4516547490354954,0.5419439728996838,0.49815643222246736,0.7289066723005675,1.1075093095572086,0.8326574886868716,0.33450105646440426,0.7707118212071276,35.44001130051413,0,1.1263816044242958,34.515016611017586,6.330462500445876,25.288589649575982,1.3303363232819132,34.15973898223535,33.31605667447002,33.572774128614014,6.912700201063142,34.68666505681409,0,0,0,0,0,0.2287678483074438,0.584437631524612,5.7885185275461915,0.7883923503822294,32.77411270157034,6.370756228163458
740.9999999893896,300.187419300648,-1977802.1237854175,291930.1056224265,-1685872.018162991,0.46351459160763087,0.5378492908764834,0.4991184149190109,0.7323800295779452,1.0936437613093215,0.8337424319814606,0.3346240170624497,0.7665344415400162,35.475260768570934,0,1.1973237337414098,34.551237282728266,6.349002915935287,25.33212579222146,1.376959397288008,34.191475707773805,33.30927765681304,33.54951673250173,6.959605098863356,34.65856571459426,0,0,0,0,0,0.2286851506635328,0.6594744428649264,5.811153625058804,0.8391101064115247,32.77142836593656,6.421755807986873
741.999999989366,300.3850413538434,-1977468.3731550574,292122.2916474007,-1685346.0815076567,0.4641477579401059,0.5421581687877381,0.4988700223022215,0.7477262019247203,1.094481444018058,0.8160422801865564,0.31717225788433495,0.7655916602869084,35.40502650431233,0,1.1676619882666195,34.593024765083925,6.2079740725559915,25.353444900023277,1.5231944169673337,34.247135437660376,33.341094618468475,33.620586705072014,7.0310022461361825,34.59778560660067,0,0,0,0,0,0.22343349149917024,0.6255038194788813,5.665815903768253,0.9810362481795956,32.79893644968074,6.488844077348444
742.9999999893423,300.82085869852557,-1977670.2228027508,292546.12087969016,-1685124.1019230606,0.45137985490614785,0.5377344727017981,0.5002342960196384,0.7531981876306482,1.0821171347185334,0.808080771600761,0.30784647558112255,0.7749355424137561,35.48044632988132,0,1.1904909939958621,34.59134084722257,6.14053737172717,25.39396951406661,1.469947195702412,34.30654416490654,33.32278465858832,33.626494715074216,7.071271376503876,34.70012796229298,0,0,0,0,0,0.23720106971195798,0.652756521294064,5.602802899025372,0.9322127230006139,32.78505018588652,6.533536903802078
743.9999999893187,302.12881315448004,-1978804.22590857,293818.0971782495,-1684986.1287303204,0.453934506333197,0.538036802772881,0.498102827668895,0.7382982991051483,1.1544835171689733,0.8022283149965351,0.3041254873276401,0.769602787582226,35.43688153035072,0,1.1364122862877668,34.59418978191343,6.1656204379143205,25.37437193858426,1.4182893203924554,34.23682649544298,33.284928831547404,33.598305680734825,7.1524781902958985,34.61720383870488,0,0,0,0,0,0.23156598480934498,0.5983754835148858,5.6275836351414394,0.8802525176195743,32.746892028774525,6.6144413875230175
744.999999989295,300.6566823551237,-1978211.572098706,292386.4605668707,-1685825.1115318353,0.4563827557538045,0.537803538816017,0.49610832654205533,0.7324044239076715,1.1130775859837492,0.8220162005030334,0.32590787396097803,0.7545309724580078,35.53679841805456,0,1.1625173440900909,34.56694054254315,6.1894162669739785,25.42322653313215,1.5079388518335133,34.32399075468038,33.266363831706144,33.55243677655039,7.105180320639839,34.597383681998735,0,0,0,0,0,0.21672743364199087,0.6247138052740739,5.651612728157962,0.9701353130174963,32.72856029289013,6.567376781823822
745.9999999892714,298.8154516033215,-1976840.2019599788,290595.8769071653,-1686244.3250528136,0.45676780020878294,0.5402205272993861,0.5006319895635579,0.7191427350304201,1.1173392216841869,0.8694669968072699,0.368835007243712,0.7584207195384174,35.518927419317606,0,1.2053848450250992,34.55527051689171,6.217303240605833,25.377573677123564,1.5865963268832708,34.33462946716267,33.21761283830506,33.53025138083626,7.011932683467876,34.634452248642845,0,0,0,0,0,0.2182001922390313,0.6651643177257132,5.677082713306447,1.0463757995838847,32.677392311005676,6.47171215616849
746.9999999892477,300.1231818322719,-1977078.7584995255,291867.6351465763,-1685211.1233529493,0.46563366843853693,0.5413925272733238,0.49984693053210794,0.7361892399939203,1.1249837620763685,0.8397279555133266,0.33988102498121864,0.7791984360008701,35.4480167452144,0,1.1641412380960574,34.56806168393243,6.32978600691186,25.460518809141433,1.6049426550808548,34.43855501498592,33.25121825713802,33.58142695665981,6.998343055598063,34.679562220818184,0,0,0,0,0,0.23780590872754637,0.6227487108227336,5.788393479638536,1.063550127807531,32.7098257298647,6.4569505283247395
747.9999999892241,298.47683131205315,-1979475.5660212375,290266.57111005305,-1689208.9949111845,0.454802408788165,0.5373746941586717,0.49956795571483564,0.7426250855493972,1.1243094115050294,0.8365802005349381,0.33701224482010245,0.7734770033713776,35.46973117851445,0,1.1475906801920317,34.617433001582526,6.400427572380664,25.450126210840722,1.5400756973464134,34.38386321825146,33.273458640519266,33.58598935779037,6.978413021996644,34.66471045066356,0,0,0,0,0,0.23610230921270592,0.61021598603336,5.863052878221993,1.0027010031877417,32.736083946360594,6.441038327837973
748.9999999892004,298.81575316524044,-1977504.5574066713,290596.1701739619,-1686908.3872327094,0.4567726909543306,0.5402046073003444,0.5028237009019978,0.7470907403301794,1.0973677058398899,0.8342198396936111,0.33139613879161334,0.759581376676854,35.38030458504079,0,1.2244199673797116,34.69171195119662,6.445301498225469,25.417466909136778,1.5457888231019972,34.380593634786806,33.25620908713722,33.53087123982584,6.879059397168355,34.59570977183341,0,0,0,0,0,0.21937676937650963,0.6842153600793672,5.905096890925124,1.0055842158016528,32.716004479836876,6.3388547898680105
749.9999999891768,300.90428045887774,-1978714.4318439811,292627.24794146896,-1686087.1839025123,0.4573786663514623,0.5408680605634473,0.5009317381844844,0.7356598786033022,1.1375695673762145,0.8483307661157478,0.3473990279312633,0.7573827382449636,35.42086517222265,0,1.1772170304828542,34.53245166375376,6.383877513473578,25.390325697837923,1.585205066854063,34.43006642741955,33.23154448647932,33.54312417740846,6.800654921184762,34.62487430004009,0,0,0,0,0,0.21651467768151633,0.6363489699194069,5.843009452910131,1.0443370062906157,32.690676425915875,6.259786860621315
750.9999999891531,298.11019919977014,-1976203.1153600775,289910.0240185303,-1686293.0913415472,0.45644285944267393,0.535355297902866,0.49842663976059487,0.7390590367280079,1.0992721594199875,0.826504794457657,0.32807815469706214,0.7612525632607099,35.40512081377353,0,1.1749035507893346,34.64831015065056,6.479576414042995,25.417287250854713,1.4860257102862473,34.44865584406875,33.23099789338096,33.532479363762604,6.839142497138667,34.700291959526794,0,0,0,0,0,0.22589726535784393,0.6395482528864687,5.944221116140129,0.9506704123833813,32.69564259547809,6.303787199235801
751.9999999891295,298.65676781685784,-1976991.200780321,290441.55806645297,-1686549.642713868,0.46624227191538825,0.545279189832037,0.5021949452194403,0.7312594666603619,1.1494881072157614,0.8544840503697168,0.35228910515027645,0.7674121005627264,35.46997012841473,0,1.190455979854768,34.67462375351704,6.557052819599093,25.426891291398,1.5333164412263365,34.371260284285086,33.26373756761785,33.58111176276766,6.858510140912841,34.60208690687671,0,0,0,0,0,0.2221329107306893,0.645176790022731,6.011773629767056,0.9880372513942994,32.718458377785815,6.313230951080804
752.9999999891058,298.66657970111146,-1977987.1309631914,290451.1000532997,-1687536.0309098917,0.46460879858080073,0.5458804061554279,0.5024558352132299,0.7337415144790373,1.1058586874556537,0.8466412613088202,0.34418542609559033,0.7766582657522054,35.3825539136447,0,1.1381959065420517,34.70498239200646,6.51604427842544,25.465609285591086,1.515152719736239,34.43034750467298,33.20590825845488,33.513011925347925,6.815277009090856,34.64512876194624,0,0,0,0,0,0.23077785959677755,0.5923155003866238,5.970163872270012,0.9692723135808112,32.66002785229946,6.269396602935428
753.9999999890822,299.11200896624047,-1978005.6810368486,290884.27680907235,-1687121.4042277762,0.46290339931204993,0.5435423902630059,0.5004785883782298,0.7375494549108179,1.1374202657990224,0.8425116209162142,0.34203303253798445,0.7645619739947893,35.364069473211885,0,1.1273831114791775,34.7375960919544,6.594983247680986,25.418904857752807,1.5663174304485459,34.44587476470508,33.26985758249555,33.55519790240686,6.894208457227126,34.63458051859379,0,0,0,0,0,0.22101958373178343,0.5838407212161716,6.05144085741798,1.02277504018554,32.72631519223254,6.35066606696412
754.9999999890586,300.14019043859923,-1978880.1726688184,291884.1758938641,-1686995.9967749543,0.453826368735364,0.5366663227134794,0.5009374639339055,0.7424742307757537,1.1352029897222815,0.8346399484514535,0.333702484517548,0.7596228423075981,35.40509947093517,0,1.1372976927703924,34.66868521437107,6.653247565070899,25.345411844912064,1.514744208887734,34.43196882415643,33.271726633838284,33.558599769366424,6.811538090710727,34.658348072647065,0,0,0,0,0,0.22295651959411877,0.600631370056913,6.1165812423574195,0.9780778861742547,32.735060311124805,6.274871767997247
755.9999999890349,298.8781082018507,-1978363.5649291016,290656.8099984627,-1687706.754930639,0.45325980920865305,0.5302538454915116,0.4974001506988965,0.7249463275239156,1.1482210117348437,0.8400256669819377,0.3426255162830412,0.7599576991077654,35.427603392511855,0,1.112645165672772,34.681036065344756,6.54724989233641,25.367365313455934,1.4616822599719193,34.44720880322285,33.2180704046051,33.51029888317015,6.753454151082604,34.596041193342444,0,0,0,0,0,0.2297038536162539,0.5823913201812605,6.016996046844898,0.9314284144804077,32.687816559113585,6.223200305591092
756.9999999890113,298.4870637713796,-1977991.9661109187,290276.52210313233,-1687715.4440077865,0.4571866005102496,0.534487886133725,0.5018989366295624,0.7291719153819525,1.119993745101869,0.8335425263119295,0.33164358968236707,0.7736978985083605,35.4525853992526,0,1.1194467218502346,34.691017020841755,6.589024162529803,25.386275301423666,1.5208584069864424,34.43539485489549,33.08281536131881,33.38011049733029,6.766661466003029,34.648705163578654,0,0,0,0,0,0.23921001237463546,0.5849588357165096,6.054536276396078,0.9863705208527174,32.54832747518508,6.232173579869304
757.9999999889876,299.89747833241375,-1978274.7718791515,291648.1401167498,-1686626.6317624017,0.4610618277518661,0.5460060476272268,0.49831415612218033,0.7439524483711208,1.1643192173450387,0.8357090144769188,0.3373948583547385,0.7635708340529854,35.45714362555714,0,1.1480702826360023,34.650275281299514,6.651015920298519,25.4605528487603,1.5576451092522117,34.39975773735827,33.09220882794326,33.396255812201275,6.7437826679295085,34.69385693295715,0,0,0,0,0,0.2175647864257586,0.6020642350087755,6.1050098726712925,1.0116390616249848,32.54620278031604,6.197776620302282
758.999999988964,299.6769409212991,-1980168.9688407704,291433.6690710598,-1688735.2997697107,0.4588736757966032,0.5402222949888973,0.49968282239827133,0.7577991748092643,1.1174762811010304,0.8337260503005917,0.3340432279023203,0.7756712663599465,35.50869023806814,0,1.120200584889833,34.61586059088796,6.696221430590377,25.259606180168078,1.4977789843288942,34.407128356408975,32.964958209682806,33.267613139937794,6.701656369941134,34.64799901127357,0,0,0,0,0,0.23544897137104925,0.5799782899009358,6.15599913560148,0.9575566893399969,32.42473591469391,6.161434074952236
759.9999999889403,300.0085624664512,-1981032.8262762353,291756.1686379253,-1689276.65763831,0.4567653423681204,0.5388726064698663,0.49867756294047233,0.7411830061510507,1.0854271027633224,0.8450950955703926,0.3464175326299203,0.7679745879306523,35.45976199007339,0,1.127188138654894,34.63235186795356,6.744435001962003,25.29302530124221,1.3913583528011095,34.35076124937183,32.92689914760524,33.235827789451946,6.699216287444614,34.64771159366774,0,0,0,0,0,0.22910198146078598,0.5883155321850277,6.205562395492137,0.8524857463312432,32.388026541135375,6.160343680974748
760.9999999889167,298.67999290714846,-1978597.670539964,290464.14429967164,-1688133.5262402925,0.4523163506969876,0.5466929977718955,0.5019725994985762,0.7203870787335145,1.0995165836672207,0.8155696194188137,0.3135970199202375,0.7398219546767315,35.509849801899634,0,1.1622493542258923,34.6893129243598,6.768234081370167,25.372406195902954,1.2880651668586989,34.412703097210056,32.946824979323424,33.15963987127043,6.617871019388332,34.655008364554874,0,0,0,0,0,0.193128956904836,0.6155563564539968,6.221541083598272,0.7413721690868034,32.400131981551525,6.071178021616436
761.999999988893,300.2255665334823,-1980545.204721786,291967.2035319141,-1688578.001189872,0.4569382783799929,0.540972360868003,0.5021687168429193,0.7392718248132182,1.1134360693326215,0.8392413565234951,0.33707263968057577,0.7764122695125888,35.41640312916638,0,1.1629438212155954,34.675478088387194,6.738704694679607,25.330263502388647,1.1974095479166635,34.42930995503198,32.90692564738873,33.13212348169236,6.591902415633356,34.69257267568025,0,0,0,0,0,0.23543990864458575,0.6219714603475923,6.197732333811604,0.6564371870486605,32.36595328652073,6.050930054765353
762.9999999888694,299.7171532632753,-1978088.0217200555,291472.77528433077,-1686615.2464357247,0.460822188423228,0.5407752851798548,0.49952733235810465,0.7709588379746561,1.1589111886885846,0.8340055643875351,0.3344782320294305,0.7668076494141989,35.39013565797666,0,1.1757151378088082,34.72072527753704,6.683325094255153,25.287900535253726,1.2601902912292076,34.466018135682134,32.877242832599876,33.115622728136714,6.612940558455378,34.59644734561604,0,0,0,0,0,0.22603236423434403,0.6349398526289534,6.142549809075298,0.7194150060493527,32.33646754742002,6.072165273275523
763.9999999888457,298.54369122262693,-1977289.9048718177,290331.59189207375,-1686958.3129797438,0.45560782646870557,0.538192403197165,0.49973166892472853,0.7299734918268113,1.140299943345088,0.8297240304616424,0.3299923615369139,0.7609510581227088,35.44128180086409,0,1.1501658234939747,34.69702886661949,6.759621174947487,25.337555819396698,1.2468221702145783,34.46212468787155,32.88928429850216,33.158137801001885,6.57736453949034,34.68552442036915,0,0,0,0,0,0.2227586549255438,0.6119734202968097,6.221428771750322,0.7086297670174133,32.351091895305,6.039172136293175
764.9999999888221,301.6680735766476,-1978259.139928896,293370.03125352017,-1684889.1086753758,0.46520030862086026,0.5495033270476776,0.5011518090905563,0.7425409218703365,1.1441697796013415,0.8491216647364124,0.34796985564585603,0.7684457095422417,35.34965084690907,0,1.1548585206912492,34.718675609238176,6.785791503070662,25.329722065262843,1.1834123646413701,34.46983436130108,32.936470686888185,33.21656209216917,6.540300180956677,34.674386229476795,0,0,0,0,0,0.2189423824945641,0.6053551936435716,6.236288176022985,0.6339090375936925,32.386967359840504,5.990796853909
765.9999999887984,301.80241176035423,-1977514.4169712216,293500.6741707016,-1684013.74280052,0.4579473326790229,0.5340403185231377,0.49912477242156766,0.7260869665349334,1.0934428824636306,0.8306774940038328,0.3315527215822652,0.7720678709381978,35.422022395592194,0,1.1310993304299277,34.68788324228069,6.795981799831168,25.466017593843162,1.1343247783501784,34.459832900853144,32.88964678304603,33.207170532605005,6.471326416038494,34.69651728672926,0,0,0,0,0,0.23802755241506013,0.59705901190679,6.26194148130803,0.6002844598270407,32.35560646452289,5.937286097515356
766.9999999887748,299.37814036669374,-1978406.966932483,291143.08768137597,-1687263.879251107,0.45924011918556573,0.55146793032063,0.5009462959049371,0.7286359827238602,1.1177870397473342,0.8219140652491985,0.3209677693442614,0.7538660348698425,35.420161595656566,0,1.171205478997262,34.717016743433646,6.793311252672325,25.384613925250903,1.1587932335544515,34.51524107344949,32.89538436936198,33.19481867149568,6.525806067707322,34.65423588851388,0,0,0,0,0,0.20239810454921248,0.6197375486766319,6.241843322351695,0.6073253032338215,32.34391643904135,5.974338137386692
767.9999999887511,299.93483873175427,-1978302.7261348441,291684.4728363254,-1686618.2532985187,0.4625746409182323,0.5422131601740912,0.49974965051234294,0.7387599064138577,1.136754831414553,0.8593581863439028,0.3596085358315599,0.7803254604898759,35.53495822322728,0,1.1644212031875742,34.76600878168199,6.7973863972480615,25.439328089825835,1.1738531391667948,34.4695939699908,32.905593032455386,33.185719203087274,6.558022118440633,34.63182634458599,0,0,0,0,0,0.2381123003157848,0.6222080430134831,6.25517323707397,0.6316399789927036,32.36337987228129,6.0158089582665415
768.9999999887275,300.59135156518585,-1980118.3563979827,292322.9268436674,-1687795.4295543153,0.45441723615895757,0.5363957657303384,0.4984001630593113,0.7335226076906363,1.1305722687039292,0.8473422944334796,0.34894213137416835,0.7677285574741193,35.6107201204195,0,1.2468139828086944,34.81605422847986,6.7124583370909505,25.502943891906057,1.2768212103480074,34.4115283458741,32.8677748287498,33.17584629933245,6.643109202165391,34.75088282124432,0,0,0,0,0,0.23133279174378085,0.710418217078356,6.176062571360612,0.740425444617669,32.33137906301946,6.106713436435053
769.9999999887038,299.3116426533769,-1978892.549648229,291078.41913358186,-1687814.130514647,0.4483398866006394,0.5376711252744943,0.49881112664839755,0.7462308438274201,1.1352216765618444,0.8417952692043068,0.34298414255590925,0.7510862906491393,35.52815220585006,0,1.2176619150546664,34.751255315105965,6.651847180010009,25.535446191911777,1.2848001752898708,34.50176533349946,32.88963689104017,33.15930126927435,6.64207028169712,34.663194027453414,0,0,0,0,0,0.213415165374645,0.679990789780172,6.114176054735514,0.7471290500153764,32.35196576576568,6.104399156422626
770.9999999886802,298.7939056222027,-1979806.6420838647,290574.92359553615,-1689231.7184883286,0.44701339746354307,0.5366311652149977,0.4971364309201177,0.7183432860345391,1.1204715989302862,0.8295017967021596,0.3323653657820419,0.7486064026055512,35.48821747535828,0,1.1936567702157923,34.716115529708645,6.649898820505712,25.506915928425073,1.3002305348872625,34.43756491929109,32.94894488242443,33.18515305706819,6.555806701292923,34.68946384348965,0,0,0,0,0,0.21197523739055357,0.6570256050007947,6.113267655290714,0.7635993696722648,32.41231371720943,6.019175536077925
771.9999999886566,299.5595983041904,-1979475.1220189296,291319.5542201231,-1688155.5677988064,0.4625192338334161,0.5437870160407092,0.4992346765442007,0.7154388983179469,1.1467271542074045,0.825934704624554,0.3267000280803533,0.7750798894663884,35.526409825218025,0,1.2041184602355628,34.60026906741831,6.640044042240135,25.48920258724518,1.2720731901202278,34.50676551822528,32.885890934858715,33.113806538495055,6.5961934840942575,34.63283001748982,0,0,0,0,0,0.23129287342567917,0.6603314441948536,6.096257026199425,0.7282861740795186,32.342103918818005,6.052406468053548
772.9999999886329,300.02537296412714,-1977730.1285663694,291772.51672597486,-1685957.6118403946,0.4588864985746044,0.5424065409655103,0.4993019941165752,0.750319059413282,1.0934141310263996,0.8362422574217094,0.3369402633051342,0.7753163773468259,35.39926735694621,0,1.2000264381674306,34.53722457959293,6.724604135362556,25.452759792774202,1.2636309756003428,34.50703894175547,32.95636657091677,33.16731251583945,6.649915620782345,34.642343621843565,0,0,0,0,0,0.23290983638131557,0.6576198972019203,6.182197594397046,0.7212244346348324,32.41396002995126,6.107509079816834
773.9999999886093,300.8561901758153,-1979375.9644858055,292580.4804871681,-1686795.4839986374,0.4617090669855042,0.5438408684243026,0.5002325816544079,0.7193738032069632,1.0561584757371172,0.82315033137245,0.3229177497180421,0.7700654175793122,35.44662503815954,0,1.2144144763770206,34.44794843736124,6.698638809786971,25.373234562481514,1.3046113106380464,34.644927024916,32.88105421679248,33.147334541616885,6.655204203287909,34.588888556106326,0,0,0,0,0,0.22622454915500967,0.670573607952718,6.154797941362668,0.7607704422137438,32.337213348368174,6.111363334863606
774.9999999885856,300.04484610994894,-1977322.1006775089,291791.4542201903,-1685530.6464573187,0.454962024509336,0.5365671779341525,0.4994899769480888,0.7293748160991402,1.1197469505984525,0.8383900807645905,0.33890010381650176,0.772119809332235,35.43466919126888,0,1.1417796004240515,34.61639958517003,6.730385821896942,25.400801101098864,1.1813244523635227,34.64272391749279,32.83176529309446,33.09278602942311,6.664387077102191,34.58952534445132,0,0,0,0,0,0.23555263139808247,0.6052124224898989,6.193818643962789,0.6447572744293701,32.29519811516031,6.127819899168038
775.999999988562,300.9136191501341,-1977795.83506478,292636.32975153014,-1685159.5053132498,0.4624892522727553,0.5358891925073106,0.5020823380406914,0.7688214992681246,1.1609491410891657,0.8332306865054303,0.33114834846473895,0.7696619683260413,35.41151238546979,0,1.209397742286221,34.58371956701751,6.773569464949958,25.4152385231439,1.3079175402428227,34.679722574393736,32.80553020095945,33.08820488496815,6.5372749139042625,34.70191413559394,0,0,0,0,0,0.23377277581873068,0.6735085497789104,6.237680272442647,0.7720283477355121,32.26964100845214,6.001385721396952
776.9999999885383,298.6152695804172,-1974826.3454865701,290401.2013300664,-1684425.1441565037,0.4573835574736824,0.5406738667013329,0.49966341118858926,0.7312274706565578,1.1773299337334038,0.8319700748348637,0.3323066636462745,0.7692995555591748,35.433815454506174,0,1.1737126993858595,34.5669079730701,6.741495779670828,25.43437143326838,1.2875391243191603,34.66741674466857,32.84686440417511,33.17219428174576,6.553637233465196,34.58544042242261,0,0,0,0,0,0.22862568885784196,0.6330388326845267,6.200821912969495,0.7468652576178274,32.306190537473775,6.012963366763863
777.9999999885147,300.0840699860973,-1975166.7536812052,291829.599157555,-1683337.1545236502,0.45810176607420594,0.537587229963381,0.4998847910075876,0.7299435984829241,1.114314334167215,0.8116288954409956,0.311744104433408,0.7665098418449761,35.34454334944185,0,1.2315028628574058,34.593886875124724,6.8091181306114805,25.36964508151067,1.196374188721391,34.5776717842931,32.81893161699666,33.06758205288435,6.49617294845158,34.6266431036496,0,0,0,0,0,0.22892261188159502,0.6939156328940248,6.2715309006480995,0.65878695875801,32.28134438703328,5.958585718488199
778.999999988491,301.18999530481994,-1978545.2566771992,292905.1035736208,-1685640.1531035784,0.46274823731519543,0.5368075891493413,0.49985586520428205,0.7430751721744748,1.1090351598883732,0.8086688498819302,0.3088129846776482,0.7685344253952553,35.41490613194844,0,1.179614571755243,34.5495988605405,6.733358261358887,25.357295496132338,1.168102670961595,34.67467460650215,32.85780225970916,33.10812312323043,6.425634817991767,34.703383390375734,0,0,0,0,0,0.23172683624591395,0.6428069826059017,6.196550672209546,0.6312950818122536,32.32099467055982,5.888827228842426
779.9999999884674,300.67927080983884,-1977892.6628908254,292408.42767657235,-1685484.235214253,0.4547640478088857,0.5423512131713899,0.5029942325153444,0.7295463975676739,1.0586846302100987,0.8322038745754428,0.3292096420600984,0.7621235118276362,35.335035263945656,0,1.192290979956386,34.51836078133988,6.766890009122228,25.2730337417824,1.1781961755793873,34.588866513025835,32.945111996649985,33.19242045859016,6.44340254469337,34.66829347257686,0,0,0,0,0,0.21977229865624626,0.6499397667849962,6.2245387959508385,0.6358449624079974,32.4027607834786,5.90105133152198
780.9999999884437,299.6815730405396,-1977854.4862140864,291438.1737736962,-1686416.3124403902,0.4544444786300872,0.5387920398270243,0.4991624207258015,0.7302711653459957,1.1088836746029713,0.8250689959862998,0.32590657526049827,0.7577510541271226,35.41292422757817,0,1.1706224381800006,34.500432404540106,6.7214678357189825,25.335524159584565,1.2243803444828014,34.616148788641,32.844889226197324,33.09539550188583,6.413772987612759,34.70052888074349,0,0,0,0,0,0.21895901430009834,0.6318303983529763,6.182675795891958,0.6855883046557771,32.3060971863703,5.874980947785735
781.9999999884201,297.90819264010577,-1977925.9438326098,289713.57409255864,-1688212.3697400512,0.45128480908258783,0.5403638177079451,0.5015594583098834,0.7268089293634041,1.1380029820313347,0.8443854536816511,0.3428259953717677,0.7693801360953216,35.39867558624053,0,1.2084756093902662,34.492314958977545,6.707675298128947,25.31674540447341,1.3223184558158305,34.56574043576961,32.93978084964948,33.18168192622102,6.358780184095693,34.69026175278892,0,0,0,0,0,0.22901631838737657,0.6681117916823212,6.167311480421002,0.7819546381078855,32.39941703194154,5.818416366387748
782.9999999883964,299.8797663120376,-1979640.293596007,291630.9153043601,-1688009.378291647,0.4432374626438431,0.5363701966732304,0.4995967403219777,0.7075494740572132,1.0876691421164146,0.8336909165232799,0.33409417620130216,0.7661901280588914,35.367387827192715,0,1.2111677660955564,34.49844239047707,6.837551247901715,25.369685638696126,1.3754120208422407,34.5245265993384,32.91432743798953,33.15317487849876,6.355496493656531,34.63718034576107,0,0,0,0,0,0.22981993138566104,0.674797569422326,6.301181051228484,0.8390418241690103,32.377957241316295,5.819126296983301
783.9999999883728,299.3775566507154,-1979417.937739078,291142.52002178645,-1688275.4177172915,0.45075133129269584,0.5506370732418335,0.4980865849353798,0.721307378025033,1.1587812254436045,0.8508029690836287,0.35271638414824896,0.762574078009241,35.39261692306684,0,1.2114524361924879,34.41323788978451,6.830840359860844,25.443160511893666,1.403073426762356,34.40201642538358,32.9543112719605,33.1958192267104,6.3442525170410775,34.641511211699935,0,0,0,0,0,0.2119370047674075,0.6608153629506544,6.28020328661901,0.8524363535205224,32.40367419871867,5.7936154437992435
784.9999999883491,299.74192218437196,-1978854.627737917,291496.86288190144,-1687357.7648560156,0.46147211980134895,0.538921759217982,0.5010527773449652,0.7158610598199253,1.0832689033420557,0.8284738959110896,0.3274211185661243,0.7801878463231842,35.39256214694382,0,1.1529246384889937,34.38532905881584,6.709675044693782,25.484015911031406,1.4319679653101254,34.33355543062248,32.847177848069805,33.10247653862427,6.308621594639945,34.58764198328663,0,0,0,0,0,0.24126608710520214,0.6140028792710117,6.1707532854758,0.8930462060921434,32.30825608885182,5.769699835421963
785.9999999883255,301.3305732046519,-1977239.4721724018,293041.81456984347,-1684197.6576025584,0.455823435861495,0.5495647452744699,0.5010552465199151,0.7352355335467031,1.128215276597171,0.8357773378224927,0.3347220913025777,0.747673420513097,35.397698882628106,0,1.1113286664354902,34.4333809294335,6.731810787063139,25.50950215557708,1.3779772001836754,34.312083026268056,32.86958250198688,33.20738514768942,6.358379026863801,34.65642438519899,0,0,0,0,0,0.19810867523862719,0.5617639211610204,6.1822460417886695,0.8284124549092056,32.32001775671242,5.808814281589331
786.9999999883019,300.5670253642797,-1978156.8270170987,292299.2697882969,-1685857.5572288018,0.46234523023386664,0.5468988427495877,0.4991056140588519,0.7201295672262411,1.1094227918193225,0.8373938238978498,0.3382882098389979,0.7664838257537578,35.42824716224709,0,1.1270014240953579,34.399738053618364,6.7589122355942095,25.496580657877757,1.3170012805171716,34.373358740287586,32.97823095895694,33.212772506817316,6.400259340991909,34.600303552417195,0,0,0,0,0,0.21958498300417018,0.5801025813457702,6.2120133928446215,0.7701024377675839,32.43133211620736,5.853360498242321
787.9999999882782,299.72324810604005,-1975707.0047791265,291478.7024750712,-1684228.3023040553,0.4530366497990439,0.5406176746732623,0.5014452730618207,0.7123932791577907,1.0714562699977144,0.8655743719728293,0.36412909891100853,0.7552626892701966,35.41545639240417,0,1.0943889200320385,34.41025291072026,6.733024842019361,25.457664915194158,1.3535154774450735,34.392421799483955,33.0013495512581,33.26640466246977,6.405896999268492,34.56527317524711,0,0,0,0,0,0.2146450145969343,0.5537712453587762,6.192407167346099,0.8128978027718112,32.46073187658484,5.86527932459523
788.9999999882546,300.1822206032718,-1977546.1088902168,291925.0499266293,-1685621.0589635875,0.44951390385939316,0.5505286917412127,0.5010620089303669,0.7234244844762774,1.1465748661662847,0.8229312525561372,0.3218692436257703,0.7709861396030102,35.38685703392923,0,1.026311976544699,34.45774584785147,6.643806073119094,25.56883536381298,1.4532433182074413,34.32852980334505,32.98258805070873,33.22112958139189,6.394357619987126,34.528740459854816,0,0,0,0,0,0.22045744786179755,0.4757832848034864,6.093277381377882,0.9027146264662287,32.432059358967514,5.843828928245913
789.9999999882309,300.00664158399553,-1977282.4711060673,291754.3005935566,-1685528.1705125107,0.45636566832545844,0.5373416027513551,0.49781940865888463,0.7496785566378072,1.1628654220575587,0.8140551251622328,0.31623571650334814,0.7642192146735951,35.343524320678625,0,1.0720526661579868,34.45153372417434,6.648933592299713,25.617186638641158,1.4560384298640727,34.3661098445682,32.936072025443195,33.160173348994135,6.381517093605396,34.46901431711524,0,0,0,0,0,0.22687761192223999,0.5347110634066317,6.111591989548358,0.9186968271127176,32.39873042269184,5.844175490854041
790.9999999882073,299.52681619990165,-1976756.070286449,291287.6738595476,-1685468.3964269015,0.4645227171067128,0.5478244669907166,0.4999644430077862,0.7251714919322128,1.090217034707777,0.8298356434833001,0.3298712004755139,0.7751148268329473,35.353268146283284,0,1.1215920781915294,34.4451986112507,6.593719237167662,25.509360376764164,1.4193940672475485,34.465116634531114,32.779158749126054,33.035483131732576,6.331119368228869,34.48779194811948,0,0,0,0,0,0.22729035984223067,0.5737676112008128,6.045894770176945,0.8715696002568318,32.231334282135336,5.783294901238152
791.9999999881836,300.77970025606726,-1977028.6956966743,292506.09459050687,-1684522.6011061673,0.4559111213221092,0.5457282353172133,0.500912851163816,0.7335574587500124,1.1180293034582007,0.8288131550689071,0.32790030390509106,0.7696587490413731,35.36740935749776,0,1.079139612297503,34.5058649160236,6.647084317794828,25.55144109876835,1.4378614970680026,34.48033950319825,32.78422979441177,33.00949979204006,6.37790830298772,34.49664365367329,0,0,0,0,0,0.22393051372415984,0.5334113769802897,6.101356082477615,0.8921332617507893,32.23850155909456,5.832180067670507
792.99999998816,298.96255101023024,-1977061.2191807926,290738.9300221023,-1686322.2891586903,0.46251676787883067,0.5483002719718049,0.5006022542207685,0.7167577499687159,1.1113823339828528,0.8379168912020772,0.3373146369813087,0.7583104694294445,35.3886061750722,0,1.1321974751018757,34.59320573345963,6.668071101406724,25.53920813731196,1.4627729514693382,34.53507479931011,32.817419106978946,33.06070005302752,6.351872294929677,34.55802561019462,0,0,0,0,0,0.2100101974576396,0.5838972031300709,6.11977082943492,0.9144726794975333,32.26911883500714,5.803572022957873
793.9999999881363,298.9405236225396,-1979994.2863497138,290717.50854604546,-1689276.7778036683,0.4611100551490445,0.5363845342991187,0.5005579024401964,0.7304603087083841,1.0920759807861238,0.8201983816162021,0.3196404791760057,0.7689419340582346,35.34010802721548,0,1.1912973158213074,34.555171779845836,6.676572064652177,25.47402703504764,1.4144514104095656,34.5815236052037,32.741015560682854,32.9932238876836,6.2995591703999025,34.4982205221753,0,0,0,0,0,0.23255739975911593,0.6549127815221887,6.140187530353058,0.8780668761104469,32.20463102638374,5.763174636100784
794.9999999881127,300.3458476868217,-1976909.108235959,292084.17608819425,-1684824.9321477646,0.46905965610934786,0.5459796859851545,0.5015587968139691,0.7283034767299572,1.0927277999470473,0.8411365992380537,0.33957780242408464,0.764421996009931,35.28280254499383,0,1.1342262684534106,34.523625120785596,6.602405195322234,25.475164202082055,1.335506866464467,34.60687618893772,32.75886688819105,33.0333332982303,6.362630712507553,34.56086840809485,0,0,0,0,0,0.21844231002477654,0.5882465824682561,6.05642550933708,0.7895271804793125,32.2128872022059,5.816651026522399
795.999999988089,299.84490477224944,-1980586.1354220808,291597.01270772156,-1688989.1227143593,0.46683689505443793,0.5380374776681849,0.5016329981086141,0.733005589764649,1.1248941347371009,0.8371204673902313,0.3354874692816172,0.7727198495950383,35.444585152812465,0,1.1614881352005355,34.5381426948305,6.715260339857977,25.52188755841553,1.3479574650854271,34.533587030942044,32.84350568578361,33.13742515627007,6.399612663660463,34.57418420664948,0,0,0,0,0,0.23468237192685337,0.6234506575323506,6.177222862189792,0.8099199874172422,32.30546820811543,5.861575185992278
796.9999999880654,300.9211665786461,-1978055.5819720253,292643.66957145935,-1685411.912400566,0.4637090138275113,0.5371785638556918,0.49828972715468506,0.7382993454000069,1.1182824479176379,0.8353501961895624,0.33706046903487735,0.7575813444088197,35.45310253310481,0,1.0491184879750364,34.572991060762206,6.802584360713325,25.511686561885853,1.2890699456567383,34.45790091979816,32.786649565916264,33.084420589059846,6.341407779838467,34.6673861414082,0,0,0,0,0,0.2204027805531279,0.5119399241193445,6.2654057968576335,0.7518913818010464,32.249471002060574,5.804229215982775
797.9999999880417,301.32568709669556,-1977508.9946709536,293037.06286500825,-1684471.9318059455,0.4602067942142032,0.5375715283055023,0.4998707159636185,0.737896927274404,1.1028548725133902,0.8459199386776215,0.346049222714003,0.7594568476156809,35.48770206612636,0,1.1311080251867995,34.58452764221215,6.762253785816551,25.394119305086683,1.357061688623208,34.353339672681585,32.83857121375286,33.137579111853825,6.326906930209617,34.62613806984996,0,0,0,0,0,0.22188531931017863,0.5935364968812973,6.2246822575110485,0.8194901603177058,32.30099968544735,5.789335401904115
798.9999999880181,300.93059481552655,-1978352.3565257154,292652.8384639957,-1685699.5180617198,0.4594305770747037,0.5358800415165614,0.5006982634516444,0.7396085886407551,1.102286655815135,0.8520966247016096,0.35139836124996526,0.7851462992728799,35.383860961156586,0,1.0985834073122298,34.68087601959212,6.689220903512337,25.369407425035305,1.275290726436559,34.39516891298314,32.87687776513724,33.167329246559234,6.360975052876327,34.747037867301856,0,0,0,0,0,0.2492662577563185,0.5627033657956684,6.153340861995775,0.7394106849199975,32.340997723620674,5.825095011359766
799.9999999879944,300.07814176606985,-1977098.7418824024,291823.8340062279,-1685274.9078761744,0.4591674991421639,0.5407466069421041,0.5028920146269604,0.7343936810520919,1.118390633175128,0.8491003467231927,0.34620833209623225,0.7748608836593114,35.327144122048026,0,1.13961029776996,34.583438849012886,6.668807579137621,25.335426450728235,1.2813089907937343,34.28700561284353,32.89929251188636,33.1906384179282,6.311296259925371,34.68811754648297,0,0,0,0,0,0.2341142767172073,0.598863690827856,6.128060972195517,0.7405623838516302,32.35854590494425,5.7705496529832665
800.9999999879708,300.25168080482047,-1976781.5708461069,291992.59947291575,-1684788.971373191,0.4668485467330603,0.5411260874441073,0.5012903812206845,0.7445788823649977,1.1266541165653514,0.8675457114833868,0.3662553302627023,0.7608783621840143,35.32723961781505,0,1.1581791219204334,34.55883174239352,6.675894945268965,25.29770820432472,1.3020008031113406,34.34353435480125,32.853364535264745,33.14661904854006,6.355886309742473,34.59807767057089,0,0,0,0,0,0.219752274739907,0.6170530344763261,6.134768857824858,0.7608747156672333,32.31223844782064,5.814760222298366
801.9999999879471,300.6330516238343,-1977636.2473923266,292363.4798506991,-1685272.7675416274,0.45810541795329707,0.5440538065553344,0.5000359327840701,0.7293295981174372,1.0756721431272043,0.8546722410419885,0.35463630825791836,0.7631809453710865,35.35357103911906,0,1.136230625174072,34.54736971084549,6.736573796942899,25.250302521421418,1.237590873818931,34.252968496943595,32.85593135952672,33.16411121614789,6.377100907486888,34.627294249962006,0,0,0,0,0,0.21912713881575208,0.5921768186187375,6.192519990387565,0.6935370672635965,32.31187755297139,5.833047100931553
802.9999999879235,300.61544017896614,-1976212.9097650126,292346.3528472673,-1683866.5569177452,0.4578697102794008,0.5394675574201369,0.4989375095292948,0.7418186829896047,1.1144836383784238,0.8467929126639352,0.3478554031346404,0.7629581443406401,35.39566485261662,0,1.1257406182170424,34.60444066021171,6.7241229496720045,25.352486463399714,1.1956208130679293,34.29126337105956,32.889613198970096,33.15379767825647,6.547138545112247,34.6475527486277,0,0,0,0,0,0.22349058692050328,0.5862730607969056,6.184655392251868,0.6561532556477925,32.35014564154996,6.00767098769211
803.9999999878999,299.78455718460157,-1975155.9735972695,291538.32511289447,-1683617.648484375,0.46600700603870937,0.5576729037061519,0.5009784970574682,0.7406337108816032,1.1277033884168226,0.848914074290126,0.3479355772326578,0.7782345413614826,35.35364576943704,0,1.1094860705497531,34.64355924253084,6.726831604669101,25.25187793113588,1.2771964283045065,34.265792073288765,32.82110499013413,33.093587955364,6.611273914136433,34.660316195881336,0,0,0,0,0,0.22056163765533077,0.5518131668436013,6.169158700962949,0.7195235245983547,32.26343208642798,6.053601010430281
804.9999999878762,301.42970120793814,-1977730.220564779,293138.21583987976,-1684592.004724899,0.45220839075985,0.5439672055778733,0.49991096438724064,0.7249568492793994,1.1098207188765867,0.8486834212611163,0.34877245687387565,0.7536280180499104,35.32883403761491,0,1.0205251611709762,34.64078528466009,6.810145346827859,25.350176178434054,1.1630059311355865,34.38878431713442,32.83295285626639,33.07495771515357,6.583143356707836,34.718459880335985,0,0,0,0,0,0.20966081247203716,0.476557955593103,6.266178141249986,0.6190387255577132,32.28898565068852,6.039176151129963
805.9999999878526,299.86997996665315,-1976290.275394518,291621.3981538799,-1684668.877240638,0.46050792763916604,0.5431067498738642,0.4997101713864871,0.7445140311772018,1.1211252193930645,0.8188653595818165,0.3191551881953294,0.7681051258672102,35.34595433408134,0,1.0459642921548458,34.61393971776454,6.734866864254286,25.33960718016488,1.1552173186127472,34.2536506772396,32.77468025210419,33.01795940560507,6.52164092009231,34.64061481389524,0,0,0,0,0,0.22499837599334604,0.5028575422809816,6.191760114380422,0.612110568738883,32.231573502230326,5.978534170218445
806.9999999878289,301.64617820880284,-1977929.2576028444,293348.7381658136,-1684580.519437031,0.44694834450309395,0.540717279300118,0.499012610481731,0.7380447518175144,1.1131717960100715,0.8319434254330877,0.33293081495135673,0.748903250480053,35.41685177890139,0,0.9388090159802918,34.56882245578629,6.733718695674511,25.404364153927247,1.2564074234961922,34.340058693867945,32.63260885681325,32.940465199221876,6.523972681503466,34.629386203910144,0,0,0,0,0,0.20818597117993498,0.3980917366801737,6.193001416374393,0.7156901441960741,32.09189157751313,5.983255402203348
807.9999999878053,299.85145988110776,-1978886.7900114432,291603.38750392664,-1687283.4025075166,0.45996907626958783,0.5412741074053162,0.49932767913003756,0.7025604881750946,1.0801788132041175,0.8450699407686646,0.34574226163862704,0.7671535606583727,35.33734260973324,0,1.000919231780589,34.575149318061136,6.7564541521480805,25.339137799352613,1.2360610451003566,34.42555760771461,32.63028132627653,32.930165436039715,6.4974219535477005,34.53314549047087,0,0,0,0,0,0.22587945325305647,0.45964512437527283,6.215180044742764,0.6947869376950404,32.08900721887122,5.956147846142384
808.9999999877816,299.80167736437056,-1979709.790371351,291554.9743645516,-1688154.8160067992,0.44920175033370313,0.5364210720019749,0.49996582334098305,0.7352687160592049,1.1175243495010072,0.831255802313429,0.33128997897244594,0.7644682203515742,35.37368171533967,0,0.9805969721838901,34.51804897445993,6.633550547864537,25.23431475117758,1.2732503910280073,34.349237853484965,32.555918688953625,32.8684123482233,6.523025249084654,34.566644721505554,0,0,0,0,0,0.22804714834959938,0.4441759001819152,6.0971294758625625,0.7368293190260324,32.019497616951654,5.986604177082679
809.999999987758,300.05276608820327,-1979019.7069437876,291799.1563420637,-1687220.550601724,0.45998302497063115,0.5518272968618039,0.5012987734850558,0.7454490595554053,1.0696519859399807,0.8476933011914713,0.34639452770641554,0.7711844951600906,35.45539769094631,0,0.9664886127536789,34.574745613417946,6.642025360737463,25.264013661420194,1.230487111801443,34.35365639505639,32.544613102615614,32.83495731932567,6.478959803246454,34.524738876597155,0,0,0,0,0,0.2193571982982867,0.41466131589187505,6.090198063875659,0.6786598149396392,31.99278580575381,5.92713250638465
810.9999999877343,300.0510871711622,-1975577.40808646,291797.5236073199,-1683779.8844791402,0.4628551561660865,0.5412846348584601,0.5005035405196326,0.7357925024240934,1.0689715138694693,0.8197717628083615,0.31926822228872886,0.7710513490847651,35.30401623943594,0,1.041483054177947,34.63002259841551,6.625790182981838,25.359542999874463,1.153825818081728,34.3278877890433,32.44931884536402,32.74461317698618,6.466174449530357,34.59004734519499,0,0,0,0,0,0.229766714226305,0.5001984193194868,6.084505548123378,0.6125411832232679,31.90803421050556,5.9248898146718965
811.9999999877107,301.0564050252557,-1975380.444064919,292775.1879878371,-1682605.256077082,0.4681265594205106,0.5451907073012681,0.5008504134654836,0.7122768972292164,1.086362214708215,0.8266623252483745,0.3258119117828908,0.7601143961703585,35.27457726554104,0,1.0655122398435957,34.66402107330657,6.551585971376525,25.434582407973494,1.2061502615413708,34.43015748075027,32.54041399495134,32.816123869767615,6.400543351237857,34.68957639361997,0,0,0,0,0,0.2149236888690904,0.5203215325423276,6.006395264075257,0.6609595542401028,31.99522328765007,5.855352643936589
812.999999987687,299.6943836784742,-1976101.3747537732,291450.6320269236,-1684650.7427268496,0.4529329952329393,0.5366444115083118,0.49962125675121133,0.7440672794738248,1.0603227178011565,0.825240229080299,0.3256189723290877,0.7720997183034797,35.37463683446134,0,1.0774222619008231,34.63423331027775,6.645998857186974,25.352808275081685,1.1717513827845363,34.40801924603909,32.44533269539454,32.75316666111473,6.457953702737427,34.62878694817459,0,0,0,0,0,0.2354553067951679,0.5407778503925114,6.109354445678663,0.6351069712762245,31.908688283886228,5.921309291229115
813.9999999876634,300.2979540789087,-1976793.4644090869,292037.5998990613,-1684755.8645100256,0.4591004588938792,0.5365083119958491,0.5015169338231968,0.7256927687966268,1.0846596539435538,0.8470610007705957,0.3455440669473988,0.7538289653071271,35.32560269040374,0,1.043268269071671,34.66860998623065,6.611479499931903,25.416139398227017,1.1928722643440999,34.42519730953629,32.51738188893739,32.78349102981326,6.434001443388373,34.65274571270584,0,0,0,0,0,0.21732065331127792,0.5067599570758219,6.074971187936054,0.6563639523482507,31.980873576941544,5.897493131392524
814.9999999876397,301.2979421983185,-1976465.3627786748,293010.0811509425,-1683455.2816277323,0.4601285557710044,0.5410010681201731,0.49845230012028124,0.7388161711072883,1.0773708221657436,0.8359070162075765,0.3374547160872952,0.7699245569189479,35.31813274744968,0,1.0504475347993676,34.7251556289695,6.718397158587624,25.44473696066086,1.1833913573500183,34.34760161452573,32.55355885227044,32.789416235026465,6.5089682304161585,34.58906532042336,0,0,0,0,0,0.22892348879877478,0.5094464666791945,6.177396090467451,0.6423902892298452,32.01255778415027,5.967967162295985
815.9999999876161,301.1448824206861,-1975954.0027082972,292861.2316183576,-1683092.7710899396,0.45968543378434656,0.5399663828990544,0.4994777655814491,0.7235991260242374,1.070981354430085,0.8398994949471399,0.3404217293656908,0.771850253299764,35.31309839661333,0,1.0366641194032393,34.777911026744505,6.782965636681698,25.41131246959722,1.1517758854347733,34.34893442567832,32.58870533040283,32.81787924182487,6.560011606650718,34.69639140578249,0,0,0,0,0,0.23188387040070957,0.4966977365041849,6.242999253782644,0.6118095025357189,32.04873894750378,6.020045223751664
816.9999999875924,299.7301513374223,-1978146.915092107,291485.4158179263,-1686661.4992741807,0.4641154985413505,0.5409017156299525,0.5002876155132947,0.7393329954777652,1.0697130473994854,0.8481045593939652,0.3478169438806705,0.7709864553032322,35.325277746792835,0,1.0278521328922814,34.622947563924825,6.799533136722744,25.498300469976684,1.197953796264386,34.41392705285534,32.500399488028165,32.775354413441846,6.523117386866971,34.607939734422644,0,0,0,0,0,0.2300847396732797,0.4869504172623289,6.258631421092791,0.6570520806344335,31.959497772398212,5.982215671237019
817.9999999875688,299.3196848262714,-1977579.071277868,291086.2400888637,-1686492.8311890042,0.4600079458975257,0.5384048577773584,0.49971849120173584,0.727888530530528,1.0586456844940528,0.8408879215559346,0.3411694303541988,0.7623057280760035,35.372881830861274,0,1.0470757312733614,34.68021635683783,6.871560501080971,25.43814896889313,1.2114685240660137,34.39249199996527,32.533312654788006,32.83114725346513,6.494616856687415,34.61863841683646,0,0,0,0,0,0.22390087029864514,0.508670873496003,6.333155643303613,0.6730636662886553,31.994907797010647,5.956211998910057
818.9999999875452,300.0761252270723,-1976743.193237342,291821.8729365604,-1684921.3203007816,0.45881280677453873,0.5506860050889959,0.498385583036144,0.7330075644877763,1.0879389167072961,0.8315855316859483,0.3331999486498043,0.7697578695868745,35.32066967827495,0,1.0422467917683758,34.59797884748923,6.8543078272848135,25.441810595942574,1.2776978934089485,34.627237879974814,32.54237783910429,32.83040537162884,6.450908577014914,34.59615672612455,0,0,0,0,0,0.21907186449787863,0.49156078667937986,6.303621822195818,0.7270118883199526,31.991691834015295,5.9002225719259185
819.9999999875215,298.5607961926189,-1976316.3116942905,290348.22635233216,-1685968.0853419583,0.4643407705822926,0.5386055176348057,0.49947024424194897,0.7289908458561789,1.0762150598532223,0.823500510685581,0.3240302664436321,0.7681005854267831,35.495819755103696,0,1.0978848780498627,34.57756544045185,6.807447955385655,25.477932209606053,1.1745290084968012,34.57411190321746,32.549454854072906,32.858138044582006,6.467123875436947,34.585764731138624,0,0,0,0,0,0.22949506779197737,0.559279360415057,6.268842437750849,0.6359234908619955,32.0108493364381,5.928518357802141
820.9999999874979,299.21231068767037,-1978169.141265314,290981.8195115592,-1687187.3217537547,0.46283452546043335,0.5381993284137074,0.5014339403961546,0.7252808767690082,1.0835933985580617,0.8371900173766803,0.3357560769805257,0.7799917174059203,35.366894586179,0,1.0078230868961704,34.649048243730135,6.770209115406203,25.41026371165765,1.2415913019492173,34.32414749887869,32.55692670862409,32.84651496319054,6.436564751472346,34.67200351350334,0,0,0,0,0,0.2417923889922129,0.46962375848246296,6.232009786992496,0.7033919735355099,32.01872738021038,5.898365423058639
821.9999999874742,300.5789631580602,-1980738.0549665503,292310.87920686405,-1688427.1757596862,0.45826446798366227,0.5397420903871719,0.4977338903717852,0.7169447324079332,1.0969416411030686,0.8392679935167185,0.3415341031449333,0.7681725267640651,35.327407054144714,0,1.0194146938245652,34.57495046182976,6.765791927172657,25.417971177889285,1.2138196155466172,34.22091712011192,32.62413420281257,32.882984382116916,6.4504026539592445,34.65009677321828,0,0,0,0,0,0.2284304363768932,0.47967260343739326,6.226049836785485,0.6740775251594453,32.0843921124254,5.910660563572073
822.9999999874506,299.8909831221987,-1979010.2532064766,291641.8235715443,-1687368.4296349322,0.45483583761838053,0.5452199952403696,0.5010914808865146,0.7463588422336116,1.092085234559864,0.8272121120943458,0.3261206312078312,0.774532992850963,35.28870735209159,0,1.0264196812781883,34.58569691988578,6.86703799576523,25.313953774891957,1.1894733503660468,34.116770950002035,32.607406739925665,32.8860887639525,6.551221604803089,34.65293174018814,0,0,0,0,0,0.22931299761059343,0.4811996860378187,6.3218180005248605,0.6442533551256773,32.06218674468529,6.00600160956272
823.9999999874269,301.0029538368645,-1977799.6727287509,292723.2070916722,-1685076.4656370787,0.46028957125058767,0.5379505736710992,0.5002665767190978,0.7141148517036537,1.1789044657226206,0.8166284133528537,0.31636183663375594,0.7719957307721241,35.24959329086937,0,1.0507256382563526,34.47096487684462,6.826456115943049,25.351276045075934,1.1447259474362799,34.04446254006359,32.56239101780102,32.87830336326891,6.595544975476258,34.564604760035195,0,0,0,0,0,0.23404515710102491,0.5127750645852533,6.28850554227195,0.6067753737651806,32.02444044412992,6.057594401805159
824.9999999874033,301.5751449223609,-1977941.57621241,293279.65880578576,-1684661.9174066242,0.46273954308676846,0.5489328253110912,0.49997716561977795,0.7386192076342961,1.0883516832639302,0.8461329193692368,0.3461557537494589,0.7608746382072145,35.314034205883274,0,1.0743857959257959,34.54366443093704,6.76242934419281,25.337509357841355,1.2001038286612982,34.01976938382188,32.48105043927853,32.79305728681692,6.579854734490169,34.6306196729692,0,0,0,0,0,0.21194181289612324,0.5254529706147046,6.213496518881719,0.651171003350207,31.932117613967442,6.030921909179078
825.9999999873796,301.61189785797757,-1977354.991743464,293315.4007712602,-1684039.5909722038,0.46052890496793397,0.5392377681973031,0.5011892044850997,0.71401495201233,1.1100326725062182,0.8273699799561263,0.32618077547102653,0.7663163146307639,35.33364221271336,0,0.9833132003961365,34.58163786981484,6.839077082713629,25.324790183728567,1.2179763986864245,34.04707171166922,32.414221586405915,32.71508764492219,6.596067430122441,34.58355062836927,0,0,0,0,0,0.22707854643346082,0.4440754321988334,6.299839314516326,0.6787386304891214,31.874983818208612,6.056829661925138
826.999999987356,299.9182603535083,-1976871.97455642,291668.3504827515,-1685203.6240736684,0.45287315395593986,0.5373066159438569,0.49678682752584835,0.749156806091424,1.1677333169475697,0.8353965754190206,0.3386097478931722,0.7744185442486211,35.30894598218913,0,1.1473184281721345,34.55092051666611,6.832069774628813,25.370049032206737,1.1426595890267315,34.052387942678365,32.44777777658396,32.677679540193594,6.5451844506879695,34.62045313074168,0,0,0,0,0,0.23711192830476424,0.6100118122282776,6.294763158684956,0.6053529730828746,31.910471160640107,6.007877834744113
827.9999999873323,301.7367893235214,-1976443.9697367437,293436.85682299116,-1683007.1129137524,0.45572584191458754,0.5424219305564821,0.5009711977444166,0.7253880956336873,1.0280910104820613,0.8462042500099036,0.34523305226548706,0.7677705889863656,35.389143540204486,0,1.087883131121492,34.54001927110295,6.865019688012261,25.419502362646774,1.1438325735170354,33.97230999356941,32.355165893224125,32.585338698085124,6.557848742729135,34.61586358794962,0,0,0,0,0,0.2253486584298835,0.5454612005650099,6.322597757455778,0.6014106429605532,31.812743962667643,6.015426812172652
828.9999999873087,300.33736361385985,-1976062.1866852678,292075.9253882761,-1683986.2612969917,0.4612354571674113,0.5508206060258498,0.499707941912268,0.7317304960192832,1.0474463686776407,0.8275459807183614,0.32783803880609336,0.7654250982249096,35.29948008921903,0,1.0008323512124804,34.583165467292815,6.786690284610156,25.37463745596294,1.1229069097683597,33.9255299125231,32.46671388611236,32.70599384383004,6.5748246003038275,34.6620384093319,0,0,0,0,0,0.21460449219905975,0.45001174518663056,6.235869678584306,0.5720863037425099,31.915893280086507,6.024003994277978
829.999999987285,301.5621227029936,-1979246.487423949,293266.9947911372,-1685979.492632812,0.46301175816400786,0.5426460612944242,0.49844499281152577,0.7199141615428708,1.0312188997795246,0.8286889049241113,0.3302439121125855,0.7571035050165302,35.31890665931712,0,0.9350828902471733,34.614382451199845,6.821775119283288,25.43986585370004,1.1789136680631955,33.90751594492315,32.44309659442871,32.66761245545308,6.634872565165537,34.6922345884293,0,0,0,0,0,0.21445744372210607,0.3924368289527491,6.279129057988864,0.6362676067687714,31.900450533134286,6.092226503871113
830.9999999872614,298.7674797402011,-1977552.8798304684,290549.2246154061,-1687003.6552150622,0.45200831549189235,0.5401214091842874,0.49951486810458756,0.7467537205078898,1.0902874905786888,0.8362899903183125,0.33677512221372496,0.7678292368304929,35.325158718898024,0,0.9694909225894399,34.564676978290095,6.832312828044138,25.441478583777467,1.1267254334797696,33.943563444907795,32.38028178812374,32.60804079622358,6.68675181078002,34.673736539220556,0,0,0,0,0,0.22770782764620545,0.4293695134051525,6.292191418859851,0.5866040242954822,31.84016037893945,6.146630401595733
831.9999999872377,301.4533277694985,-1977954.0118092932,293161.1925010199,-1684792.8193082733,0.45629639992390114,0.5374915985170841,0.4987020935530041,0.7137402830741406,1.0768371477997682,0.8199810682864259,0.3212789747334218,0.7665031800528546,35.30908404653667,0,0.9326872577426446,34.60523151081702,6.906136938679023,25.484279038511204,1.1300144201086548,33.86919933809827,32.46702773674144,32.72910193687778,6.70610274612271,34.68641012560613,0,0,0,0,0,0.2290115815357705,0.39519565922556055,6.3686453401619385,0.5925228215915708,31.929536138224357,6.168611147605626
832.9999999872141,299.3703169596105,-1976874.5552710555,291135.47947427165,-1685739.075796784,0.4542180998844225,0.5448431716012792,0.5007472438581453,0.7109460153738425,1.099226935625362,0.8151995139294557,0.3144522700713104,0.7739325954494713,35.291602916723974,0,0.9210576770725005,34.57379583949307,6.911197987378102,25.380345747495824,1.212087023440489,33.86502198984169,32.3678264417681,32.684672621340724,6.6940003599754405,34.6715328986229,0,0,0,0,0,0.2290894238481922,0.37621450547122137,6.366354815776823,0.6672438518392099,31.822983270166823,6.149157188374161
833.9999999871904,299.37196082504494,-1977058.2481440417,291137.0781215802,-1685921.1700224616,0.4644471455263277,0.5463465847674769,0.5010557544138999,0.7134073422808505,1.0708640692685751,0.8452046198858414,0.34414886547194146,0.757585351884849,35.336210224927186,0,0.934178256556514,34.644770260853534,6.895604119115922,25.468719679894775,1.1915947185621905,33.83550652680796,32.34003488792902,32.66120786771978,6.7040630973326785,34.65793148460284,0,0,0,0,0,0.2112387671173721,0.3878316717890371,6.349257534348445,0.6452481337947136,31.793688303161545,6.157716512565202
834.9999999871668,299.061987610021,-1976250.180644825,290835.63140001905,-1685414.5492448062,0.4627627616807972,0.5459272950574192,0.502334544344823,0.7303568975729764,1.115459134545798,0.8311230549855817,0.32878851064075865,0.7791278943635932,35.37709893364905,0,0.9496890662889346,34.60966010864274,6.824157846745251,25.49907469371192,1.16058981499335,33.85184752195255,32.288368078838744,32.60439764877924,6.624746611134839,34.62606967599504,0,0,0,0,0,0.23320059930617398,0.40376177123151535,6.278230551687832,0.6146625199359308,31.742440783781326,6.0788193160774195
835.9999999871432,301.8103161396649,-1978099.168134354,293508.3611227145,-1684590.8070116397,0.4636264384085216,0.5542775748909907,0.5027062661252311,0.7442750419354116,1.1222600590395189,0.83722715636193,0.33452089023669895,0.7683433192397704,35.375877180164366,0,0.9218231711495495,34.69227858239856,6.830080295187315,25.444888053826958,1.1739350719269943,33.88632099049198,32.2662229435748,32.576492023213035,6.562885701787788,34.63659083387756,0,0,0,0,0,0.21406574434877967,0.36754559625855876,6.2758027202963245,0.6196574970360036,31.711945368683814,6.008608126896798
836.9999999871195,300.0831559887297,-1978154.1646178328,291828.7103016906,-1686325.454316142,0.4658971116914148,0.5491771549161282,0.5004140427082234,0.7376852623965352,1.131075657928676,0.8371755512757195,0.3367615085674961,0.759295880638675,35.40545042554709,0,0.9368240192472168,34.780788185706996,6.864435967097151,25.494630247281634,1.1718225291028084,33.91212504667567,32.24771963129797,32.574795659543156,6.5474622793499435,34.73669436140997,0,0,0,0,0,0.21011872572254686,0.38764686433108864,6.315258812181023,0.6226453741866802,31.69854247638184,5.998285124433815
837.9999999870959,298.8082529391779,-1979101.9536526352,290588.87625807524,-1688513.07739456,0.45242033992993225,0.5380490345784237,0.500290317919994,0.7601553803122727,1.102388208000093,0.8306720263474997,0.3303817084275057,0.7517104819635287,35.43722010030808,0,0.9062826467464244,34.77445725616474,6.8402349198551065,25.549869131318673,1.198207266739745,33.78821658198183,32.24973291347867,32.57033056883324,6.518922295511199,34.70476660453335,0,0,0,0,0,0.21366144738510506,0.36823361216800077,6.302185885276683,0.6601582321613213,31.711683878900242,5.980873260932776
838.9999999870722,299.7665159360126,-1980194.0997443274,291520.7801284364,-1688673.319615891,0.45603356806476913,0.5461567173073192,0.5013934474179886,0.7278890227334482,1.0818954531919296,0.8361415996284984,0.3347481522105098,0.7744814637829585,35.388054053751205,0,0.8156156335157334,34.78938994200621,6.843069797662054,25.521179754455943,1.2115739788751103,33.880030791076365,32.18093033683863,32.43872675546049,6.485601030572596,34.717580508802484,0,0,0,0,0,0.22832474647563927,0.2694589162084142,6.296913080354734,0.6654172615677911,31.63477361953131,5.939444313265277
839.9999999870486,301.11337853740633,-1978811.4411758743,292830.59431851737,-1685980.8468573568,0.46824773239184747,0.5460590022753911,0.5034133572808712,0.7384445825214296,1.101946364906711,0.8251102490124091,0.3216968917315379,0.7697176385112097,35.3392019548196,0,0.8321899052174793,34.7114892329148,6.809148573451182,25.463837857975022,1.207579360814755,33.96729713190928,32.28577294105719,32.552413692707574,6.517014502158672,34.62459309692201,0,0,0,0,0,0.2236586362358186,0.2861309029420882,6.263089571175791,0.6615203585393639,31.739713938781797,5.970955499883281
840.9999999870249,300.6528625065194,-1979121.2370072417,292382.74579158425,-1686738.4912156574,0.45767575375180747,0.5478653676197851,0.5001783917476947,0.7329263783223512,1.1419639080396387,0.8215998832535943,0.3214214915058996,0.7567202288255057,35.39184968080477,0,0.846612352098985,34.62812884335278,6.801625784099166,25.38617925094374,1.2404486227142755,33.991377343517115,32.27597420158548,32.544807801683504,6.552926697096197,34.58599145854862,0,0,0,0,0,0.2088548612057206,0.2987469844791999,6.2537604164793805,0.6925832550944904,31.728108833965692,6.005061329476412
841.9999999870013,299.74007335684547,-1980712.8692942671,291495.064910433,-1689217.8043838341,0.4547345483983207,0.5397836505938307,0.4989553935987925,0.7202890222637706,1.070881373354705,0.8339224398390771,0.3349670462402846,0.7683531278304123,35.37189062924162,0,0.8778959440943352,34.562280215032274,6.781570386973222,25.450121243366056,1.2882622125420653,34.036944123664284,32.22744246510774,32.50502966341253,6.545758430715907,34.593826775164075,0,0,0,0,0,0.2285694772365816,0.33811229350050453,6.241786736379391,0.7484785619482346,31.687658814513913,6.0059747801220755
842.9999999869776,299.3059363966081,-1978115.4548698626,291072.8698399269,-1687042.5850299357,0.46251702012548757,0.5394751142546941,0.5015277999718137,0.7162914103616931,1.0344141356939147,0.8338102148537094,0.3322824148818957,0.7650660170711667,35.488256583397174,0,0.8780297553772849,34.64477801019598,6.8579401763727805,25.439995411158804,1.2307440227792092,33.99128569853133,32.25620616370935,32.545719085899,6.541932245091473,34.646424074671984,0,0,0,0,0,0.22559090281647265,0.3385546411225908,6.3184650621180865,0.6912689085245152,31.71673104945466,6.002457130836779
843.999999986954,299.9338008577772,-1977299.3914996348,291683.4635113495,-1685615.9279882852,0.4571613111336861,0.5484976351538648,0.5004755757979499,0.729326056722174,1.0979161946787457,0.8274854485658655,0.3270098727679156,0.7623579440609203,35.41566701249724,0,0.8421380979733035,34.634719183228185,6.91778272071312,25.46860349930961,1.2582465121212643,34.008859876273505,32.20127560725268,32.48890492856981,6.548810668940362,34.51868318747211,0,0,0,0,0,0.21386030890705543,0.2936404628194387,6.369285085559255,0.7097488769673994,31.652777972098818,6.000313033786497
844.9999999869303,298.9464168856755,-1977805.2702819705,290723.239702047,-1687082.0305799234,0.4602312382211786,0.5428677102432209,0.500408636743502,0.7236262946715772,1.1349596201593997,0.8199949403213287,0.3195863035778267,0.7764594124780704,35.45810231600029,0,0.8831806895667036,34.78534879400809,7.01056612053965,25.489166574666,1.3155304018830822,33.96211451228021,32.26063291980529,32.47356079556167,6.5877510918670055,34.63410902404061,0,0,0,0,0,0.23359170223484949,0.3403129793234827,6.467698410296429,0.7726626916398613,31.717765209562067,6.044883381623785
845.9999999869067,298.1391646265254,-1975658.8148175403,289938.192687663,-1685720.6221298773,0.4548512965986595,0.5463218127386624,0.49933917500514774,0.7420807002961398,1.060874382156232,0.8341317872326297,0.33479261222748197,0.7607586862688152,35.46945409879879,0,0.9352323134676936,34.71472236321637,6.9588796327407465,25.53314223258836,1.1649937042187588,34.04813161355594,32.30033579509791,32.533517255960646,6.696278637016626,34.60085981443069,0,0,0,0,0,0.21443687353015273,0.3889105007290312,6.412557820002084,0.6186718914800964,31.754013982359247,6.149956824277963
846.999999986883,301.60341492871555,-1978926.8249441423,293307.1511835819,-1685619.6737605603,0.46570110069336446,0.5429895049135522,0.5026902990014355,0.7209568509015547,1.0886821098527086,0.8416109622782428,0.33892066327680737,0.7795212283837031,35.44251108965091,0,1.0126212092623312,34.68067184859814,6.872797521445378,25.56289210686481,1.1261218032335272,34.04733084750842,32.31114331441779,32.52807235431024,6.680676398815905,34.62452018722314,0,0,0,0,0,0.23653172347015083,0.469631704348779,6.329808016531826,0.5831322983199749,31.768153809504238,6.137686893902353
847.9999999868594,299.8309805884684,-1979507.5040831305,291583.47153916967,-1687924.032543961,0.461134193988447,0.5450636152542315,0.5007964369126926,0.7383400480839235,1.1181552024109678,0.8325264274398549,0.33172999052716234,0.7719957436954754,35.456100501648756,0,0.9538367788762336,34.69050044361211,6.69371765062607,25.571032664432664,1.1886415638865397,34.06554619328142,32.365678053820375,32.56895923134971,6.7130931907599205,34.61551236903773,0,0,0,0,0,0.22693212844124389,0.4087731636220021,6.148654035371838,0.6435779486323082,31.820614438566142,6.168029575505689
848.9999999868357,298.9775102071406,-1978645.6431624852,290753.4777334762,-1687892.1654290091,0.4589379351243119,0.5393442395040209,0.49934298015853074,0.7242963420348927,1.1679805722573597,0.8242232807273473,0.32488030056881656,0.7516703813403751,35.58409595145531,0,0.9642687064967994,34.65374049936594,6.671068106274859,25.563694890227055,1.1476632637343513,34.097117387754565,32.42203300169842,32.62370248705349,6.699808869485679,34.647875089033505,0,0,0,0,0,0.21232614183635423,0.4249244669927785,6.131723866770838,0.6083190242303305,31.8826887621944,6.160464629981658
849.9999999868121,299.36233352521447,-1978103.1098846942,291127.715641757,-1686975.3942429372,0.45749333212151244,0.5405116193278454,0.4996068258769699,0.7380645405521191,1.1391094270759012,0.8393881849811051,0.3397813591041352,0.7733203582460568,35.50179397704744,0,0.9222422323137689,34.67677840410795,6.546221256734818,25.536070637782473,1.1542258477689593,34.03365099609232,32.42251612368469,32.644112647572115,6.737394139100459,34.66754687389118,0,0,0,0,0,0.2328087389182114,0.3817306129859235,6.005709637406973,0.6137142284411139,31.882004504356843,6.196882519772614
850.9999999867885,299.9039687363398,-1979081.8974634074,291654.45198787376,-1687427.4454755336,0.4674475806143815,0.537308032496409,0.5004067166525263,0.7334571594247912,1.1172045094555543,0.8420802952318867,0.3416735785793603,0.7647677438016292,35.49632460508451,0,0.9190657627444754,34.62182075278463,6.576465623571476,25.459412888062957,1.2657372284278665,34.095985112759905,32.400229292187305,32.69018244012648,6.744716057826167,34.586767365559695,0,0,0,0,0,0.22745971130522014,0.38175773024806636,6.039157591075067,0.7284291959314575,31.862921259690896,6.207408025329759
851.9999999867648,299.8063546339908,-1979073.8229516707,291559.5229756074,-1687514.2999760634,0.4527435827470532,0.549451277131916,0.5034958034755498,0.7492007069867697,1.152829865111869,0.8567003834281686,0.3532045799526188,0.7741407241410876,35.441221855273625,0,0.8602610996706801,34.57750138901133,6.472367188005734,25.55422173980702,1.2139932299005842,34.22827377077192,32.364802022315075,32.6560420515483,6.7032671341765955,34.559242050121085,0,0,0,0,0,0.2246894470091716,0.3108098225387641,5.922915910873818,0.6645419527686682,31.81535074518316,6.1538158570446795
852.9999999867412,299.9821104999314,-1977219.4382285215,291730.44429078896,-1685488.9939377327,0.45877341108192304,0.5377695285423965,0.49925466219473946,0.7315440133211699,1.1199891244673914,0.8467166527062111,0.34746199051147164,0.7594522876101948,35.561022303981645,0,0.8490690586677117,34.638145210635386,6.453298501749636,25.512578446557086,1.223869487300938,34.263005914321525,32.307243575200715,32.5745935415153,6.761061502524797,34.56546232413234,0,0,0,0,0,0.22168275906779833,0.3112995301253152,5.915528973207239,0.6860999587585415,31.769474046658317,6.2232919739824
853.9999999867175,299.750039985061,-1976991.404884722,291504.7573846694,-1685486.6475000526,0.455534016487416,0.5421777567760859,0.5009801379923949,0.7299559601825605,1.0862017307642695,0.8457794019041908,0.34479926391179583,0.7721879453368854,35.573662212904765,0,0.8898926975426255,34.62722575260602,6.454230423909273,25.553574037231613,1.2240749500740957,34.18925357475291,32.264482665687865,32.568028903364166,6.727423557959931,34.555297989882234,0,0,0,0,0,0.23001018856079947,0.3477149407665395,5.912052667133187,0.6818971932980098,31.72230490891178,6.185245801183845
854.9999999866939,300.30799633021496,-1977352.7921676375,292047.3659162094,-1685305.4262514282,0.45799360544763434,0.5422367635891483,0.5013473957421338,0.7621458261600029,1.1283535812441325,0.8296990479814873,0.3283516522393535,0.7741102293050215,35.6185072654431,0,0.881196111756056,34.535187776701605,6.387811989583156,25.53867727166831,1.152253702097326,34.086909897045246,32.30169030297736,32.59347306713403,6.70774385207838,34.44826440410816,0,0,0,0,0,0.2318734657158732,0.33895934816690776,5.845575225994008,0.6100169385081777,31.759453539388215,6.165507088489232
855.9999999866702,301.3054839292097,-1978678.3445562646,293017.4154299765,-1685660.929126288,0.46449137909653704,0.5448518907193769,0.5010280066822412,0.7224273283262495,1.1210200481222827,0.8352480431757265,0.3342200364934853,0.7660158805962882,35.73851613243539,0,0.831921656248932,34.487334370683925,6.444524477388967,25.509812176785488,1.1466103568406645,34.20868939505226,32.33832528673854,32.653282560508615,6.7445551666135515,34.37351373353431,0,0,0,0,0,0.22116398987691133,0.2870697655295551,5.89967258666959,0.6017584661212876,31.79347339601916,6.199703275894175
856.9999999866466,300.43927879320734,-1978987.1340684257,292175.0371669801,-1686812.0969014456,0.4576829433421654,0.5393880071690056,0.5020008556820074,0.7555220753615308,1.0990830429162575,0.8533088419809852,0.35130798629897786,0.7824693068960134,35.580755672189525,0,0.8454911920872821,34.545646174793774,6.505669328012573,25.50277277534633,1.1919209679032985,34.16990033099353,32.37378844635464,32.66265578155412,6.778818411129919,34.40164982269596,0,0,0,0,0,0.24308129972700776,0.3061031849182765,5.966281320843567,0.6525329607342929,31.834400439185632,6.239430403960913
857.9999999866229,299.51083212691566,-1977651.8418760486,291272.12946356344,-1686379.7124124852,0.45810138699347114,0.5481341559460953,0.49790176653837026,0.7434490671035032,1.1011509851856944,0.8283986148157203,0.33049684827735004,0.7605257101183405,35.53809284212565,0,0.85393979396998,34.48635013239448,6.45233994800698,25.45599733638433,1.144035438462783,34.12678033663201,32.31050417766875,32.59494919113354,6.6961077101097715,34.29026169877943,0,0,0,0,0,0.2123915541722452,0.3058056380238847,5.904205792060885,0.5959012825166878,31.762370021722653,6.147973554163676
858.9999999865993,301.09935860101785,-1977466.0141328648,292816.9600312436,-1684649.0541016213,0.4656313644815162,0.5434605436383086,0.5041451283903577,0.7516132958145185,1.1325294111460558,0.8469921034613385,0.3428469750709807,0.7694005068207943,35.48276814306854,0,0.8511402184709418,34.49306194925583,6.5055955484560855,25.427214077166838,1.1245385095670386,34.148989678259,32.285487430308876,32.57462537652873,6.639558051845654,34.32271725344526,0,0,0,0,0,0.22593996318248566,0.30767967483263314,5.962135004817776,0.58107796592873,31.74202688667057,6.096097508207345
859.9999999865756,301.6888615520874,-1977945.8362280317,293390.2474100798,-1684555.5888179517,0.46334461430224483,0.5451039152423762,0.5016156362434955,0.7498032985660386,1.1332564533997775,0.8388225266914561,0.3372068904479606,0.7715927479587537,35.57978303814434,0,0.9809715771769918,34.461220598994714,6.453654338997332,25.489025341222657,1.1020634656247488,34.12153228856856,32.24044733960716,32.56350348811708,6.634016086224314,34.329700594672914,0,0,0,0,0,0.22648883271637743,0.43586766193461557,5.9085504237549555,0.5569595503823725,31.695343424364783,6.088912170981938
860.999999986552,298.4850116853692,-1976851.5745167062,290274.52646425064,-1686577.0480524555,0.45613982672103415,0.5416452473504538,0.5002963852242558,0.7334914637541416,1.104883768762079,0.818068484361905,0.31777209913764926,0.7606102764641505,35.60588819465448,0,0.9373296462542253,34.53390110370859,6.403324697068975,25.45506345454112,1.0816399632900442,34.0976135776458,32.415590247698674,32.648938521449736,6.6979648818339115,34.39977927105815,0,0,0,0,0,0.21896502911369664,0.3956843989037715,5.861679449718521,0.5399947159395904,31.873945000348222,6.156319634483458
861.9999999865283,298.0853658047186,-1976850.0131407492,289885.87372050236,-1686964.1394202467,0.460608716897728,0.5345395696190787,0.4987452642704567,0.7344989040123746,1.1108881216169706,0.8287450209756864,0.3299997567052297,0.7684391898358616,35.63625240831726,0,0.9514945249979139,34.461077454962606,6.4172877222859555,25.457044291242312,1.1042832305832206,34.13517688297867,32.32316097023988,32.58107058133726,6.71919175827351,34.39664666566182,0,0,0,0,0,0.2338996202167829,0.4169549553788352,5.882748152666877,0.569743660964142,31.788621400620805,6.1846521886544314
862.9999999865047,300.35873743794025,-1978705.114934072,292096.71127842396,-1686608.403655648,0.466866969485695,0.5392543821241444,0.5011866118714019,0.7582112516355799,1.1264515356120413,0.8453401405515888,0.3441535286801869,0.7673038681851256,35.71271075830009,0,0.9411233005066242,34.5523996448901,6.343526725561567,25.521827410390046,1.149438073714773,34.18046477118162,32.38258313956635,32.61732206831766,6.696038007067131,34.47460782369353,0,0,0,0,0,0.2280494860609812,0.40186891838247973,5.804272343437423,0.6101836915906285,31.843328757442205,6.156783624942986
863.999999986481,299.0984130904211,-1977144.1453361027,290871.0549176512,-1686273.0904184515,0.46752547619013374,0.5389464086226745,0.5010201481054557,0.763576766238689,1.1126415332907804,0.8348452891445636,0.3338251410391079,0.7662783891910729,35.64455805517671,0,0.9312516279717205,34.568002275208755,6.453124092181891,25.520295747916066,1.1624558524572564,34.1999175741185,32.42028578142083,32.662581200952786,6.724498773650197,34.4245016608204,0,0,0,0,0,0.22733198056839843,0.39230521934904594,5.914177683559217,0.6235094438345818,31.881339372798156,6.185552365027522
864.9999999864574,300.18168564868995,-1977779.0071700178,291924.52968714706,-1685854.4774828707,0.4578086405194539,0.5635854143215955,0.5020046941508277,0.7288323092633986,1.1096762363478625,0.8534807493084824,0.3514760551576547,0.7729953370661846,35.653124088281174,0,0.90020580489458,34.56310532455814,6.552299610223983,25.54764578089184,1.1656523096556413,34.12653955134351,32.47643940368607,32.70179545731662,6.700585225259317,34.41224606536258,0,0,0,0,0,0.20940992274458914,0.33662039057298454,5.9887141959023875,0.6020668953340458,31.91285398936448,6.136999810937722
865.9999999864337,299.883405104945,-1978336.4581128098,291634.4540042839,-1686702.0041085258,0.4486613599215352,0.5384859084142555,0.4973677668586823,0.7604598953306865,1.1460826256200338,0.8338572937793436,0.3364895269206613,0.7775408400700137,35.52404045779669,0,0.846216101506414,34.55065298815987,6.556494651409579,25.47986915299697,1.1557519419533993,34.12742112039382,32.57667508868445,32.79570356920229,6.651143948719856,34.425304684433,0,0,0,0,0,0.2390549316557582,0.30773019309215854,6.018008742995324,0.6172660335391438,32.038189180270194,6.1126580403056
866.9999999864101,301.23354682570516,-1977180.0713513345,292947.4571143576,-1684232.614236977,0.4512986708579465,0.5485621419228028,0.49939708956890866,0.754545528225794,1.134121833584107,0.8306975250130649,0.33130043544415627,0.7760472892466663,35.61103041833681,0,0.859772555438818,34.548239888370745,6.590294950838803,25.460991241722184,1.1216962529778645,34.17794707800783,32.49850358647063,32.71346459847325,6.647184511966174,34.43578656840202,0,0,0,0,0,0.2274851473238635,0.3112104135160152,6.0417328089160005,0.5731341110550616,31.949941444547832,6.098622370043371
867.9999999863865,299.856300437596,-1978145.0991595276,291608.09491028695,-1686537.0042492407,0.4637214788537998,0.5350514078028734,0.50071348054722,0.7346456615358812,1.1687910821100598,0.8394834203669445,0.3387699398197245,0.769642232854086,35.51063088654388,0,0.8185332246006922,34.57209391359592,6.658876968475234,25.418221707621342,1.1337414493691647,34.08140777910455,32.41994076857293,32.64461006070792,6.647982251106058,34.45550818545985,0,0,0,0,0,0.23459082505121254,0.2834818167978188,6.12382556067236,0.5986900415662912,31.884889360770053,6.112930843303184
868.9999999863628,300.5583116932482,-1976754.830101341,292290.7958059078,-1684464.0342954332,0.460344461356905,0.5407522814657897,0.5003683757899131,0.7512926936624407,1.1402978502525336,0.8276651773287533,0.3272968015388402,0.7620445753651826,35.58746335148456,0,0.9048039935904808,34.5660824485376,6.6382357662512135,25.394270314470816,1.1102749089059503,34.06209945349762,32.44386519070224,32.679183561398474,6.641208780459223,34.522019420068546,0,0,0,0,0,0.22129229389939287,0.3640517121246911,6.097483484785424,0.5695226274401606,31.90311290923645,6.100456498993434
869.9999999863392,300.82266843179957,-1977072.3976482227,292547.88083227933,-1684524.5168159434,0.45665098589781294,0.5400672708572465,0.5009575193333895,0.7536583174415998,1.1153714694635242,0.8269263618032687,0.3259688424698792,0.767885783605216,35.565659234752275,0,0.8989772832662926,34.56822307841003,6.613089191794842,25.373051704623492,1.0758596405183383,34.00563539923826,32.342053500744896,32.59401710799667,6.618881103330239,34.55624121295352,0,0,0,0,0,0.2278185127479695,0.3589100124090461,6.073021920937595,0.5357923696610918,31.80198622988765,6.078813832472992
870.9999999863155,300.89771425606796,-1975982.9829998538,292620.86235647585,-1683362.120643378,0.44578113175378675,0.5459192647330315,0.4982918570484094,0.744359744437137,1.0942622548664263,0.8035716567853886,0.30527979973697916,0.7715420561523967,35.57978345065942,0,0.8989297759371129,34.611320136777465,6.662183256147806,25.395376772348072,0.8460024966138793,34.10282134453078,32.39154745472513,32.5724357833692,6.590719924957412,34.66772330719846,0,0,0,0,0,0.22562279141936514,0.35301051120408133,6.116263991414774,0.30008323188084773,31.845628189992098,6.0448006602243805
871.9999999862919,301.23841125732264,-1976380.5224884413,292952.1877391093,-1683428.3347493322,0.46542530411049654,0.5306273636605452,0.5014809370361558,0.7509348948491334,1.1149857763572761,0.8330074975280607,0.3315265604919049,0.7800357980154571,35.66373073186191,0,0.9559556944338352,34.62285345757721,6.6912713430135575,25.254267659738616,0.938151608831749,34.046321494315066,32.41943004191401,32.684052288213195,6.552801944679857,34.668125185829666,0,0,0,0,0,0.2494084343549119,0.42532833077329,6.160643979353012,0.4075242451712038,31.888802678253466,6.0221745810193115
872.9999999862682,301.3471610069744,-1977426.8291707486,293057.946088264,-1684368.8830824846,0.4521049089918652,0.5372903842455763,0.4997327276766153,0.7524310953456786,1.108863285173797,0.8435802267290339,0.34384749905241857,0.7674833719346168,35.52055901655524,0,0.9786813353780879,34.603363010202955,6.620341181140759,25.28931010280462,1.0989863021051285,34.079600665571434,32.39383051165146,32.60754234875844,6.485718940461624,34.5741312105481,0,0,0,0,0,0.2301929876890405,0.4413909511325116,6.083050796895183,0.5616959178595522,31.856540127405882,5.948428556216047
873.9999999862446,301.29997253112447,-1976743.1097036786,293012.0556349894,-1683731.0540686892,0.46098091292562504,0.5503507709512956,0.501740115176148,0.7586179645620668,1.1197488035739553,0.8468727594944526,0.3451326443183046,0.763456065415518,35.537070187684094,0,0.9639303846919294,34.61322489391608,6.690876218222101,25.278695650317104,1.060354041138769,34.11527169759722,32.34202387332766,32.56658233742513,6.486133919955961,34.65278184182489,0,0,0,0,0,0.21310529446422244,0.4135796137406338,6.1405254472708055,0.5100032701874735,31.791673102376365,5.935783149004665
874.9999999862209,300.4582195060159,-1976231.6634136885,292193.45687392063,-1684038.2065397678,0.4608441657539508,0.5474238400498211,0.5011649785807646,0.7836238835036013,1.1527756620566478,0.8627373572192015,0.36157237863843694,0.7632900199958748,35.55931037495077,0,0.9433314342314736,34.59201691891292,6.702333044254992,25.262351361694414,1.0465608609569692,34.08195484771811,32.31395948716056,32.52315249320236,6.461833975688924,34.66860414461314,0,0,0,0,0,0.21586617994605362,0.39590759418165244,6.154909204205171,0.49913702090714807,31.76653564711074,5.914410135639103
875.9999999861973,301.24212828547314,-1976857.4108037837,292955.8025222441,-1683901.6082815395,0.46664214316992947,0.5435230265887334,0.5012332680833879,0.7564583488185437,1.0922662792223043,0.8497994933008245,0.34856622521743663,0.7855530233462842,35.515398172747155,0,0.991013849320943,34.590150577812096,6.780740979614976,25.271812508500332,1.1409637609883596,34.05774053918731,32.34650288146872,32.60337766864558,6.446573271477987,34.59370015519761,0,0,0,0,0,0.24202999675755077,0.44749082273220964,6.237217953026242,0.5974407343996262,31.80297985487999,5.903050244889253
876.9999999861736,298.8755069352889,-1977195.4863611832,290654.2802854457,-1686541.2060757375,0.45802090023974174,0.5434521890953299,0.500541834078198,0.7683596335291547,1.1355766979610955,0.8638829121107982,0.3633410780326002,0.7822421724818986,35.54832243018325,0,0.9799481246936175,34.60683971277979,6.777843753753714,25.201735829156803,1.123148304735679,34.01057041813918,32.344353384377996,32.558543083649965,6.376285650669004,34.64418321506804,0,0,0,0,0,0.23878998338656876,0.4364959355982876,6.2343915646583845,0.5796961156403491,31.800901195282666,5.832833461573674
877.99999998615,301.3951846759387,-1978130.7962739803,293104.64876083366,-1685026.1475131465,0.4535171171063457,0.5434756938933969,0.49955976483506986,0.7598443391109875,1.06711580638793,0.8234789017971696,0.3239191369620998,0.7641035266849112,35.50661442893366,0,1.0058757209000682,34.60648059319357,6.7058765313440745,25.279571519857644,1.1868015771504297,34.090459675153966,32.42220546454871,32.62262850945649,6.432280128662001,34.697123758816645,0,0,0,0,0,0.22062783279151432,0.46240002700667127,6.162400837450678,0.6433258832570328,31.878729770655312,5.888804434768604
878.9999999861263,298.9906562270403,-1978052.068781484,290766.2621432519,-1687285.806638232,0.45617835098334325,0.5560421689728443,0.49770009647607083,0.7268742060706401,1.1123425085539793,0.8514126329894329,0.3537125365133621,0.7629390651592001,35.471006555417716,0,0.9505563587216095,34.55710952116911,6.828110173366433,25.30266863075059,1.185372908421403,34.00017171607273,32.41694513060759,32.654270527685384,6.333726660115715,34.6034363729151,0,0,0,0,0,0.20689689618635576,0.3945141897487652,6.272068004393589,0.6293307394485588,31.860902961634743,5.777684491142871
879.9999999861027,300.1402719610287,-1978496.2335087694,291884.25517384027,-1686611.978334929,0.44594653457122657,0.5482569042550001,0.5026392217695453,0.7383871676956232,1.0677058253356115,0.8365531217522737,0.33391389998272836,0.7616846544271969,35.57672274192578,0,0.9841037614614834,34.544937939921454,6.74177872224945,25.285339925695496,1.1649949632519272,33.99583183282846,32.45037224794498,32.692512207074884,6.306694182322602,34.618367582699875,0,0,0,0,0,0.21342775017219684,0.4358468572064833,6.19352181799445,0.6167380589969271,31.902115343689985,5.758437278067602
880.999999986079,299.89969263955743,-1977227.4490181357,291650.29351451655,-1685577.155503619,0.44947242385525876,0.5511734525514189,0.49872087114077085,0.7407620560417149,1.0893064963472128,0.839153063504737,0.3404321923639661,0.7711089695438904,35.44624752065758,0,0.9642505251427771,34.64949460685085,6.73127665677174,25.351015528486414,1.1394907371045875,33.96484141701683,32.452497266201135,32.69881973428119,6.20248257470692,34.57735496995849,0,0,0,0,0,0.2199355169924715,0.4130770725913582,6.1801032042203214,0.5883172845531686,31.901323813649718,5.651309122155501
881.9999999860554,299.4290251179299,-1976823.1471594386,291192.5727358714,-1685630.5744235672,0.4557988349413612,0.5333723861952926,0.49857402858932326,0.7172618599896223,1.080110577566547,0.8395829447959002,0.341008916206577,0.756947725195662,35.416203421100136,0,0.9433700687304878,34.61789524702169,6.718774830163504,25.291933419951476,1.1223686647774738,33.99448032084257,32.38796675452386,32.65371809419696,6.248933066716162,34.64974019833153,0,0,0,0,0,0.2235753390003694,0.4099976825351952,6.185402443968211,0.5889962785821812,31.854594368328566,5.71556068052087
882.9999999860318,298.99635202624887,-1979641.1450832598,290771.80126700475,-1688869.343816255,0.46373481395514204,0.5392061529722669,0.5005475546895396,0.7361739631455091,1.1159462943000715,0.8274937525270121,0.3269461978374725,0.7823281614608337,35.417003995509276,0,1.0118366556903364,34.648625804261314,6.769329590393042,25.263213527995504,1.1579443588566676,33.92862454317003,32.37396765885842,32.66924551246677,6.255716019099822,34.707744213045316,0,0,0,0,0,0.2431220084885668,0.4726305027180695,6.230123437420775,0.6187382058844006,31.834761505886153,5.716509866127555
883.9999999860081,300.6629734465814,-1980482.4858649448,292392.57860805315,-1688089.9072568915,0.45665870581247336,0.5429850425022309,0.49832839540125307,0.7163087687912415,1.1128544680847519,0.8370356951274383,0.3387072997261852,0.7782004133812226,35.42919391186774,0,1.020915228588212,34.572467572853085,6.732534985283401,25.27481196007841,1.2057730518120842,33.91561437205246,32.40450069632709,32.649474966655504,6.277839844533531,34.57014335761835,0,0,0,0,0,0.2352153708789917,0.47793018608598103,6.18954994278117,0.6627880093098533,31.86151565382486,5.7348548020313
884.9999999859845,299.7876698531848,-1979363.3399370871,291541.3521606981,-1687821.987776389,0.4606488660326975,0.5432699581416287,0.4981390139817725,0.739995565558857,1.078499304709112,0.8257707441512699,0.3276317301694974,0.7770183578192249,35.59179737804993,0,1.0605861751906076,34.57164400603854,6.7393896377652,25.278290488064727,1.1541260690251391,33.91226105940814,32.42568476283759,32.6474150761616,6.3037414201529,34.54965462812345,0,0,0,0,0,0.2337483996775962,0.5173162170489789,6.196119679623571,0.6108561108835104,31.882414804695962,5.760471462011271
885.9999999859608,300.7671038067409,-1980345.8764459267,292493.84463416005,-1687852.0318117668,0.4575738853987379,0.549669284354712,0.49893191442144946,0.7460884196092277,1.1266206017386438,0.8436975960352844,0.3447656816138349,0.7674896364450028,35.40519879431213,0,1.041706783258764,34.578762720830014,6.749369389213001,25.23439733645614,1.1979378840572181,33.90737478658525,32.358938358835985,32.5936964929275,6.315919557078701,34.555442506517636,0,0,0,0,0,0.21782035209029083,0.49203749890405213,6.199700104858289,0.6482685997025062,31.80926907448127,5.766250272723989
886.9999999859372,299.37544048901646,-1979057.5407625474,291140.4620697586,-1687917.0786927887,0.45444693923777324,0.5341560185733907,0.4995068977398534,0.7438476243434433,1.1287403655694241,0.8400023018875267,0.34049540414767326,0.7567387195161994,35.49754995173964,0,0.943172511504548,34.52273066968121,6.6566634361045445,25.189325440042396,1.2065957317439775,33.89355607653238,32.44580158988839,32.658375803958506,6.362539946724496,34.45711149994173,0,0,0,0,0,0.22258270094280874,0.40901649293115727,6.122507417531153,0.6724397131705868,31.911645571315,5.828383928151105
887.9999999859135,299.86707364039626,-1976752.3115409836,291618.5717725042,-1685133.7397684795,0.45989866456441586,0.5453049041273612,0.5000709671771919,0.760789285094897,1.1445944350853003,0.8255773510096334,0.32550638383244146,0.7683094494827483,35.476589175163475,0,1.0564442966693308,34.481746226414884,6.793398798104121,25.187820067306518,1.166394640939636,33.89918793488914,32.2978576820484,32.51295882943714,6.356355079750934,34.42567315289932,0,0,0,0,0,0.22300454535538705,0.5111393925419696,6.24809389397676,0.6210897368122748,31.75255277792104,5.811050175623572
888.9999999858899,300.27556966818946,-1979354.9343849681,292015.8312206777,-1687339.1031642905,0.45774813586993,0.5330532321701531,0.49995256288980044,0.7279447588099561,1.1107178219913223,0.8340157745659643,0.3340632116761639,0.7755349822605835,35.42776753293538,0,1.1069881567004067,34.52588834500614,6.764803386401695,25.17782336370334,1.253947648547772,33.86288592708718,32.31347134112343,32.53806343137677,6.393559037520983,34.355860100922655,0,0,0,0,0,0.24248175009043038,0.5739349245302536,6.231750154231542,0.720894416377619,31.780418108953278,5.86050580535083
889.9999999858662,301.05170827790676,-1977109.7516742721,292770.62043483026,-1684339.131239442,0.46285369683322486,0.5435553024859381,0.4993842951768248,0.7186188321163236,1.1105191675291664,0.8279136344121145,0.3285293392352897,0.7768736665034552,35.43467958283088,0,1.1035882930449397,34.563586339295,6.764897605486624,25.14035545764466,1.2472566065623774,33.80621202763018,32.255361100317145,32.476009237603876,6.388919148356564,34.39169527402248,0,0,0,0,0,0.23331836401751715,0.5600329905590016,6.221342303000686,0.7037013040764393,31.711805797831207,5.845363845870626
890.9999999858426,300.65974702870017,-1978314.153577488,292389.44093987555,-1685924.7126376124,0.44571713952781433,0.5429501220063315,0.49906215692619454,0.7253545775026708,1.1340162182259519,0.8429659143883182,0.3439037574621237,0.7674515518163219,35.414600281862135,0,1.013870127733516,34.5652148319906,6.756553394237386,25.109164433901753,1.2088967339387953,33.84375938453445,32.2302996903893,32.46431864411011,6.462820332615536,34.38740553491765,0,0,0,0,0,0.22450142980999033,0.4709200057271845,6.213603272231055,0.6659466119324637,31.68734956838297,5.919870210609204
891.9999999858189,300.9034795027587,-1978251.1047398858,292626.4690174055,-1685624.6357224802,0.45269737740909033,0.538691798472005,0.4993663275646287,0.7199219576519607,1.1213898275866399,0.8289074965969159,0.3295411690322872,0.7587992409996005,35.508749452012125,0,0.9995230202502743,34.57525243939819,6.705888471815342,25.090636162967485,1.156943566911627,33.984169113204956,32.088794923243356,32.32627430048234,6.416094561965707,34.39657515977137,0,0,0,0,0,0.2201074425275955,0.4608312217782693,6.167196673343337,0.618251768439622,31.55010312477135,5.877402763493702
892.9999999857953,300.6859875128978,-1977939.3460309207,292414.959621975,-1685524.3864089458,0.4568185821390609,0.5618489966554744,0.49982502340058765,0.7357885973932863,1.0587156711057588,0.8282226444561549,0.32839762105556725,0.7529656523936996,35.44334388763653,0,1.023521827828791,34.591397447037366,6.710309144829935,25.032596202470273,1.2241016574345274,33.97944608209167,32.0831742262327,32.323609476656316,6.390338463677356,34.396921460856674,0,0,0,0,0,0.19111665573822523,0.4616728311733166,6.148460148174461,0.662252660779053,31.521325229577226,5.828489467021882
893.9999999857716,300.4342855493686,-1977169.4987629242,292170.18127326993,-1684999.3174896543,0.46160058533526716,0.5398251779468808,0.49956463084233865,0.7532956264198898,1.0887749747493842,0.8350244287735367,0.335459797931198,0.776717942316651,35.43945712888819,0,1.0423054811760615,34.57921606129804,6.699323806533684,25.126929610571153,1.186159910909069,33.94019263493129,32.13738006531901,32.37844874839038,6.389257787812326,34.386152876740425,0,0,0,0,0,0.23689276436977025,0.5024803032291807,6.159498628586803,0.6463347329621882,31.597554887372127,5.849432609865445
894.999999985748,298.161956337415,-1976364.384545982,289960.357462532,-1686404.02708345,0.4631802797670965,0.5359579868973445,0.49950493600442786,0.7556462385628908,1.120823351054785,0.8192255467389461,0.31972061073451824,0.7631373654931703,35.3424906275921,0,0.9997489924413072,34.5756350781885,6.655461024263474,24.933426852300613,1.2341042630249,34.015086173810914,32.18394704036018,32.50093352041222,6.487747335330255,34.37673476104919,0,0,0,0,0,0.22717937859582582,0.4637910055439627,6.11950303736613,0.6981462761275554,31.647989053462837,5.951789348432911
895.9999999857243,301.19653566139635,-1978207.6469226964,292911.4640233378,-1685296.1828993587,0.4614448660441193,0.540188860798235,0.499878896200618,0.7349608536202459,1.105336086990583,0.841176699632587,0.341297803431969,0.7578927130121276,35.394395094227434,0,1.0000034646113551,34.59871560185729,6.7083893225443845,24.982373199151198,1.4309961755426155,34.15449841156948,32.136293194867335,32.43749067286706,6.444886802914205,34.392869391771,0,0,0,0,0,0.21770385221389255,0.4598146038131201,6.168200461746149,0.8908073147443805,31.5961043340691,5.90469794211597
896.9999999857007,299.08966743526315,-1975600.7108367048,290862.54983092926,-1684738.1610057754,0.4469801592523801,0.5546835882428223,0.5009526141364918,0.7534161801988528,1.0710149658184314,0.829670659082435,0.32871804494594314,0.76787172280972,35.326160080528325,0,1.0667430594587337,34.56957342102373,6.763700327836091,24.980301817711393,1.3003124534254624,34.141227797985955,32.248499693284884,32.56713812240173,6.456979600633616,34.403054732241685,0,0,0,0,0,0.21318813456689778,0.5120594712159114,6.2090167395932685,0.7456288651826402,31.69381610504206,5.902296012390794
897.999999985677,299.77011845041693,-1976498.2065091506,291524.2835477769,-1684973.9229613736,0.4615159062030101,0.5354700465356075,0.4992192921687134,0.7260266298853413,1.0470356182486036,0.8455434818478346,0.34632418967912115,0.7804053118662697,35.38980655261196,0,0.9414453773894262,34.58465972309355,6.8559021666172555,24.939086400615906,1.247759493482949,34.125379934276566,32.37992447977754,32.70015121630661,6.384686557602272,34.404799242506215,0,0,0,0,0,0.24493526533066223,0.40597533085381876,6.320432120081648,0.7122894469473415,31.844454433241935,5.849216511066665
898.9999999856534,300.90585270637285,-1978635.1164839864,292628.7769408467,-1686006.3395431396,0.4674367549258771,0.5344846228328155,0.5013096776207222,0.7394605319994563,1.1282873893547425,0.8163681320734781,0.31505845445275593,0.7797934128602613,35.38418953410105,0,0.9723292842853066,34.65006534905626,6.874800847093454,24.93966337108813,1.1846699177277813,34.14535256494014,32.329869114291625,32.630303967561304,6.357686495302094,34.45407618094441,0,0,0,0,0,0.24530879002744577,0.4378446614524911,6.340316224260638,0.6501852948949658,31.79538449145881,5.823201872469278
899.9999999856298,300.46650949695186,-1978799.9452087618,292201.5188304649,-1686598.426378297,0.45960090149199617,0.5380180319256453,0.5030440162061856,0.7403976547113285,1.1495734009649183,0.8271099043347213,0.32406588812853576,0.7734959480524566,35.54366580512908,0,0.9653812927381047,34.62416627579819,6.823360542903565,24.966983372612304,1.1522987022053046,34.05795917909268,32.41553917517419,32.68566019752893,6.312013200228268,34.4305675325453,0,0,0,0,0,0.23547791612681124,0.42736326081245934,6.2853425109779195,0.6142806702796593,31.877521143248543,5.773995168302623
900.9999999856061,300.40886719743014,-1978256.707897827,292145.46210887784,-1686111.245788949,0.45200543869449916,0.5490872919313974,0.4987994235633421,0.776704439703999,1.1285381180025311,0.8239822287187144,0.3251828051553723,0.76161918264153,35.506359117253105,0,1.0263519728029955,34.60209098384348,6.8687073275703625,24.852346635164423,1.1720489068568742,34.14314403476351,32.40651255778084,32.710698526217925,6.427323895558878,34.42406446841076,0,0,0,0,0,0.21253189071013256,0.4772646808715981,6.319620035638965,0.6229616149254769,31.857425265849447,5.878236603627481
901.9999999855825,299.6320159213913,-1975081.3515168205,291389.97983185475,-1683691.3716849657,0.4480158752454062,0.542816947385,0.500911794528103,0.7309089075148592,1.1032311828021175,0.8224950517061852,0.3215832571780822,0.7648827311336204,35.42317392005339,0,1.0296419072660399,34.578423190760645,6.833561715808045,24.85743538631823,1.2098793653211821,34.12351804781724,32.42482076397624,32.69236634218589,6.438612569901039,34.38970782979675,0,0,0,0,0,0.2220657837486204,0.4868249598810399,6.290744768423045,0.6670624179361822,31.882003816591244,5.895795622516039
902.9999999855588,301.76750192745044,-1978612.5820735693,293466.7246093555,-1685145.8574642139,0.45943747919712763,0.536295788865802,0.5004903536210199,0.7544239485474566,1.1575101417118514,0.8043423419346158,0.30385198831359594,0.765804599420532,35.42235572578479,0,1.0168416413386643,34.64271939469407,6.8278510534923385,24.8502952848346,1.245954306585432,34.1535683717379,32.42717414844685,32.68872869573505,6.374041920011194,34.457877992683706,0,0,0,0,0,0.22950881055473005,0.4805458524728623,6.2915552646265365,0.70965851771963,31.890878359581052,5.837746131145392
903.9999999855352,301.4722400227929,-1975932.9902912416,293179.5845312877,-1682753.405759954,0.4604084644183768,0.5385659229149127,0.49831059261619065,0.7444134040854511,1.101311340924295,0.8179131039327776,0.31960251131658696,0.7593259091933628,35.42375157973916,0,0.9609874702561374,34.603394263641064,6.808791240223179,24.9116400835199,1.2615687838255347,34.145712039351224,32.434228335319176,32.69550354102154,6.467708345875167,34.42951918690616,0,0,0,0,0,0.22075998627845017,0.4224215473412247,6.270225317308267,0.723002860910622,31.895662412404263,5.929142422960254
904.9999999855115,300.4433851666247,-1976264.8388771378,292179.03058558586,-1684085.808291552,0.45228658197305815,0.5414730651347597,0.5010147616171029,0.7221238026600082,1.0864904812991512,0.8070088247052283,0.3059940630881254,0.7545400003327938,35.378308430194124,0,0.956258615269979,34.58625715955287,6.762026761441238,25.003085534015156,1.1795512294938773,34.29038054272769,32.448692613329,32.70185695811142,6.394639658727826,34.373317843433995,0,0,0,0,0,0.2130669351980341,0.41478555013521934,6.220553696306478,0.6380781643591176,31.90721954819424,5.853166593593066
905.9999999854879,300.3275968403004,-1978734.5008170046,292066.4272712549,-1686668.0735457498,0.45856643657884444,0.5469443336140429,0.4988490641795179,0.7373041015397348,1.0889404610578985,0.8172709870694734,0.3184219228899555,0.7574168009116029,35.54788232875711,0,0.9605893455290251,34.57736393051664,6.761123988166702,25.01063666442826,1.1803953357546781,34.19720617412463,32.48374295770293,32.74506113883899,6.409041952155391,34.30188727276456,0,0,0,0,0,0.21047246729755997,0.41364501191498215,6.214179654552659,0.6334510021406352,31.936798624088887,5.862097618541348
906.9999999854642,299.78906470574475,-1978463.190382693,291542.70864477765,-1686920.4817379154,0.4620142260541713,0.5378635316004683,0.5017213999334085,0.7484097344970717,1.0822256525909157,0.8388085976464843,0.3370871977130758,0.7696560954856881,35.44101549274126,0,0.9463413608770779,34.584623252883944,6.7218192875525204,24.864033793153624,1.320032131191752,34.26538318701478,32.51335941558554,32.78763289268221,6.4597579883129015,34.291397734432564,0,0,0,0,0,0.23179256388521985,0.4084778292766096,6.183955755952052,0.7821685995912837,31.975495883985072,5.921894456712433
907.9999999854406,298.4172735961545,-1976992.9037645608,290208.6516598195,-1686784.2521047413,0.46066470071829535,0.5448485810439898,0.5003775430034617,0.7358648792907835,1.0921834990491668,0.8374777577271392,0.33710021472367746,0.7724968336390248,35.412168608176444,0,0.9645156897620022,34.60481910956628,6.753643473943683,24.76023274864086,1.1629293358396993,34.32911995142797,32.50768774173105,32.806323741107406,6.433901334390253,34.32539162545959,0,0,0,0,0,0.22764825259503496,0.4196671087180124,6.208794892899693,0.6180807547957095,31.962839160687057,5.889052753346263
908.9999999854169,299.87090151336196,-1978401.2913823426,291622.2943514243,-1686778.9970309183,0.4534388360645938,0.5397138145949096,0.4967637281348351,0.761748227333582,1.0793522421101969,0.8312618329515475,0.33449810481671244,0.7560326667070179,35.48577068931837,0,0.9940281738364902,34.58517802066484,6.6241543725397065,25.00537824109813,1.1278773965174977,34.30076210568872,32.42950764040546,32.71419072446827,6.4618001875786675,34.24918202308413,0,0,0,0,0,0.21631885211210822,0.4543143592415806,6.084440557944797,0.5881635819225881,31.88979382581055,5.922086372983758
909.9999999853933,300.9365970830271,-1977162.6720140018,292658.6756259577,-1684503.996388044,0.45439690615164885,0.5379759990211124,0.499224980057316,0.7503329388148501,1.0892111882409559,0.8232780734229634,0.3240530933656474,0.7616155517996397,35.45122159206875,0,0.9588469538344757,34.57580969125442,6.680021113253304,25.02803609150901,1.1783356471552366,34.33792465797222,32.48788231258368,32.79784755327242,6.379450353089759,34.27977617065267,0,0,0,0,0,0.22363955277852732,0.42087095481336334,6.142045114232191,0.6403596481341243,31.949906313562565,5.841474354068646
910.9999999853696,299.7174908692799,-1977870.3042523488,291473.1036037414,-1686397.2006486075,0.46599913876952925,0.5423051789584443,0.5023765597614847,0.7397982515823602,1.062995032911342,0.8182362749038298,0.3158597151423451,0.7685623157329096,35.37597561802994,0,0.9553161104078551,34.541585242318206,6.706871560222076,25.028627715543934,1.2298733351056121,34.36094782693988,32.59166767441252,32.86811343032582,6.40890939221309,34.32035066446599,0,0,0,0,0,0.22625713677446524,0.4130109314494108,6.164566381263632,0.6875681561471678,32.049362495454076,5.866604213254646
911.999999985346,300.3702123203824,-1977103.686755795,292107.8705190448,-1684995.8162367502,0.46170229690872233,0.5434687638304254,0.5021277931423327,0.7546480222194596,1.085743784315514,0.8237917537873647,0.321663960645032,0.772985069864152,35.369624091987816,0,0.9604969091069218,34.47297224105131,6.624009830967253,25.04337454341109,1.146085734627233,34.270642522166895,32.52103535277388,32.78609038303503,6.330808167566822,34.29997948833142,0,0,0,0,0,0.22951630603372664,0.41702814527649634,6.080541067136828,0.6026169707968076,31.977566588943453,5.7873394037363965
912.9999999853223,300.7573284122744,-1976353.8514042571,292484.33813336876,-1683869.5132708885,0.4558715516037348,0.5386256197414898,0.49766154003740976,0.72656840192783,1.1208052421085757,0.8316857770924613,0.3340242370550515,0.7759497266524926,35.355631689813094,0,0.970941856571331,34.49802984202472,6.7688478507629455,24.91600303394449,1.1446179892091273,34.23688651160285,32.630092857157194,32.88435116850337,6.389621229091407,34.26369104337619,0,0,0,0,0,0.2373241069110028,0.4323162368298412,6.230222231021456,0.6059923694676375,32.091467237415706,5.850995609349917
913.9999999852987,300.8093661938426,-1975515.7352074645,292534.9445015669,-1682980.7907058976,0.4566507908713422,0.5539038069314879,0.49990031509916805,0.7243742408931171,1.0439421189426525,0.8304599423330027,0.33055962723383464,0.7747967235989872,35.48350690123084,0,1.0473063703416159,34.551395291927435,6.777569975245967,25.098608361370992,1.1954965992166784,34.23582882922966,32.568438302436675,32.82058563188525,6.328354748047055,34.34142959011194,0,0,0,0,0,0.22089291666749933,0.493402563410128,6.223666168314479,0.6415927922851905,32.01453449550519,5.774450941115567
914.999999985275,300.7514830423807,-1978011.2947735898,292478.65355320065,-1685532.6412203892,0.44179483535604813,0.5416198787370341,0.5014916951922237,0.7011118194953667,1.11253223665498,0.8413043216784069,0.33981262648618316,0.7693871317163117,35.37338368958331,0,1.0706306549502997,34.525656922676035,6.759454744928803,25.08756166284695,1.1732922174309266,34.217739588792654,32.51893659900719,32.8294512939633,6.341959421240354,34.31743892397185,0,0,0,0,0,0.22776725297927758,0.5290107762132656,6.217834866191769,0.6316723386938925,31.977316720270156,5.80033954250332
915.9999999852514,299.14527058268214,-1977379.6250555664,290916.6234917668,-1686463.0015637996,0.460265929811837,0.547376188237843,0.5002374935474992,0.740070621955736,1.1139921377787516,0.8333767505352481,0.3331392569877488,0.7680071178133137,35.47703405033599,0,1.079784180946966,34.51891352563939,6.7001858880244,25.08696801910719,1.2496608654716894,34.14564326987181,32.610523803871956,32.93124321280533,6.34012294100971,34.28249602911387,0,0,0,0,0,0.2206309295754707,0.532407992709123,6.152809699786557,0.7022846772338465,32.063147615634115,5.792746752771867
916.9999999852278,300.98462365727664,-1977482.7513499707,292705.3811238964,-1684777.3702260742,0.4636430875999489,0.5371441219726294,0.5020859915728192,0.709614592663609,1.090712613056322,0.8207508587027935,0.3186648671299743,0.7542199811455301,35.34665445501605,0,1.082388671269566,34.6160844844282,6.740865248556968,25.133522974993696,1.2424842520337052,34.17300121439979,32.6728811334624,32.95314464589677,6.398039396904309,34.197416649856564,0,0,0,0,0,0.21707585917290073,0.5452445492969367,6.203721126584339,0.7053401300610758,32.135737011489766,5.86089527493168
917.9999999852041,299.93060875994604,-1976064.344164092,291680.3592191737,-1684383.9849449184,0.4550906710338412,0.5372395341520075,0.4988272974266335,0.7343179982188861,1.1155334647513016,0.8191019673058025,0.320274669879169,0.7848405400985587,35.34497583055588,0,1.0237041855436289,34.614891688865896,6.790531031286065,25.091561774820946,1.291858440514365,34.190034182392765,32.617657124166755,32.92653764960107,6.445237048888522,34.195874484770684,0,0,0,0,0,0.2476010059465512,0.4864646513916213,6.253291497134057,0.7546189063623574,32.08041759001475,5.907997514736515
918.9999999851805,301.7976194026092,-1977087.4865686335,293496.01363727235,-1683591.472931361,0.4608049895642594,0.5321601786440304,0.4964520590865551,0.7220992137606856,1.124555641611959,0.8129530435362446,0.31650098444968955,0.7649002173020296,35.30676379757779,0,1.0385889318659132,34.57989000875091,6.758018460032748,25.069665691627733,1.2562419203166793,34.15933917368375,32.691607266437586,32.9504943552771,6.482913546998137,34.181164084956265,0,0,0,0,0,0.2327400386579992,0.5064287532218827,6.225858281388717,0.7240817416726488,32.15944708779355,5.950753368354107
919.9999999851568,301.2872278182029,-1976809.3674897589,292999.66149336286,-1683809.705996396,0.46615841204794783,0.5503309668132399,0.5009240248711622,0.7364664147944331,1.1281388583120986,0.8139306713474942,0.31300664647633203,0.7745636551303576,35.357811020159566,0,1.0050152063337912,34.63546188045291,6.703041878539338,25.10639261487347,1.2731496394877908,34.112630378185145,32.689822370536376,32.96901661749996,6.390125324636607,34.26960038693008,0,0,0,0,0,0.22423268831711773,0.45468423952055126,6.152710911726098,0.7228186726745509,32.139491403723135,5.839794357823367
920.9999999851332,300.0159411910098,-1976571.6319456175,291763.34439447353,-1684808.287551144,0.4578422167582312,0.5386696893906979,0.49917022069534595,0.7572804297152995,1.0973958324209612,0.8245889316907281,0.32541871099538217,0.7592304549141726,35.451409884888335,0,1.051479253619874,34.64453212677995,6.787347209507047,25.10568092720814,1.2491245846028178,34.15873036289656,32.70621490418267,32.9443963307956,6.465369220521535,34.23426865627138,0,0,0,0,0,0.2205607655234747,0.5128095642291761,6.248677520116349,0.7104548952121199,32.16754521479197,5.926699531130837
921.9999999851095,299.63862264989234,-1974989.0637987554,291396.40482779103,-1683592.6589709644,0.4576820344806656,0.5359979757996669,0.5000825902192878,0.7424427801623175,1.1552675603310583,0.8411255217167931,0.3410429314975053,0.7736013207572299,35.372308003060425,0,1.0468554806598291,34.58712925825603,6.80605954334392,25.140769277635854,1.3592997380944425,33.980279477650924,32.733748062065615,32.97553430770597,6.482986958654813,34.23501215371452,0,0,0,0,0,0.23760334495756297,0.5108575048601622,6.2700615675442535,0.8233017622947756,32.19775008626595,5.946988982855146
922.9999999850859,299.56396926798726,-1974878.7005714253,291323.8049509694,-1683554.895620456,0.4467702193195966,0.5428541575206172,0.5002915816874549,0.7371762531055435,1.1381577159960363,0.8091990491958685,0.3089074675084136,0.7572257545887746,35.429626168695364,0,1.0074610843082672,34.56139882834191,6.814771321600972,25.124621591423306,1.2949967529162452,34.08971322978255,32.705235087428036,32.973945985121816,6.513031379705595,34.23301303350067,0,0,0,0,0,0.21437159706815745,0.46460692678765003,6.271917164080355,0.752142595395628,32.16238092990742,5.970177222184978
923.9999999850622,298.74378383904036,-1973630.167534981,290526.18052200344,-1683103.9870129775,0.4605336676321441,0.5445737328574252,0.5003857110921129,0.760629552648675,1.10860303226697,0.8199098757481831,0.31952416465607014,0.7615489817765875,35.44995144382324,0,1.049682179098184,34.62771261152014,6.746922827003985,25.1376276190544,1.2462102353887268,34.08883586452265,32.730225469521315,32.97402440605265,6.603207993033678,34.23635869922806,0,0,0,0,0,0.2169752489191623,0.5051084462407589,6.20234909414656,0.7016365025313016,32.18565173666389,6.058634260176253
924.9999999850386,299.9039698181803,-1975063.5163558088,291654.4530399559,-1683409.063315853,0.46008777543993906,0.5470128314506759,0.501846080113347,0.7602913985310261,1.1835827984430605,0.8181588257905099,0.31631274567716294,0.7700519319671209,35.51702416055423,0,1.0251860932121026,34.64304282438036,6.755413722816641,25.158638276875678,1.2498919390335175,33.994940479729166,32.681102097893984,32.91062613394416,6.65829681608578,34.192415843353274,0,0,0,0,0,0.22303910051644493,0.4781732617614267,6.208400891365965,0.7028791075828416,32.13408926644331,6.111283984635104
925.9999999850149,299.3277962573973,-1976763.4300046675,291094.1283972773,-1685669.3016073902,0.4652411544436452,0.5352052337514683,0.4994756605839819,0.7565830959047334,1.1038475059526833,0.848519571432549,0.34904391084856706,0.7735918544179157,35.52083775658525,0,1.0590981954482643,34.659120258937946,6.764373433199921,25.1216010324097,1.2776511371946775,34.04109076664997,32.72164204121145,32.95846783339164,6.6683539772493745,34.076631119747844,0,0,0,0,0,0.23838662066644734,0.523892961696796,6.229168199448453,0.7424459034432092,32.186436807459984,6.133148743497906
926.9999999849913,299.36676332779103,-1976192.2169078514,291132.02359289327,-1685060.1933149581,0.4505181948369099,0.5506235266454995,0.49971280690342645,0.7521270916146676,1.1074800541330365,0.8476268657036925,0.34791405880026605,0.7690628814134328,35.49754028685618,0,1.2354767940332252,34.66676902961069,6.857444275458419,25.075539586445814,1.2497305555589655,34.01041639323455,32.74619995049113,32.96679911924946,6.627165163148945,34.11557689565882,0,0,0,0,0,0.2184393547679333,0.6848532673877257,6.306820748812919,0.699107028913466,32.19557642384563,6.076541636503445
927.9999999849676,300.3155070532358,-1976118.5154558271,292054.6700403126,-1684063.8454155144,0.46135035237475164,0.5406099710103831,0.4998638548808728,0.74734682143903,1.128245193421808,0.8270898723424024,0.3272260174615296,0.7672214897017948,35.462163911652624,0,1.1909127381538802,34.613278893803454,6.836474308282462,25.124125021013583,1.2478950046703026,34.05053059676186,32.773999707035614,33.053122370428014,6.727429343989876,34.02900523617893,0,0,0,0,0,0.22661151869141172,0.6503027671434971,6.295864337272079,0.7072850336599195,32.23338973602523,6.1868193729794925
928.999999984944,300.1514277898349,-1976193.279765226,291895.10413709556,-1684298.1756281303,0.45743325886336983,0.5383505295000162,0.49845803796176225,0.7471676728885068,1.0690639659997139,0.8253861811675405,0.32692814320577823,0.7636374818977052,35.43791938869279,0,1.2009393152524108,34.61359189684822,6.878923950791894,25.13762946312147,1.2747101328221184,34.03650366807483,32.76118140530116,32.99868312868807,6.802556984685847,34.10436913086937,0,0,0,0,0,0.22528695239768903,0.6625887857523947,6.340573421291877,0.7363596033221023,32.222830875801144,6.26420645518583
929.9999999849204,300.15996755205396,-1975868.3820928112,291903.4089944157,-1683964.9730983954,0.4643865215396178,0.5368550244341037,0.49889595871982745,0.7094291844557592,1.0513328474475419,0.8163500565023979,0.31745409778257044,0.7742598284282938,35.50450666670952,0,1.1812500142380777,34.62925904753922,6.8831215511365755,25.172869104693916,1.2192887119696683,34.038996591554564,32.70142626086442,32.97763203801037,6.770356587248941,34.11972071644888,0,0,0,0,0,0.23740480399419006,0.644394989803974,6.346266526702472,0.6824336875355645,32.16457123643032,6.233501562814837
930.9999999848967,298.71377694435716,-1978931.7539320104,290496.9990328036,-1688434.7548992068,0.45302329575619904,0.542028982419053,0.4998398005916568,0.7298818077921663,1.077436872654637,0.820495880556241,0.32065607996458423,0.7785204827823957,35.487353052898015,0,1.1772116291493866,34.644844070362566,6.936892291346965,25.221009043730646,1.2355817226875878,34.06439371645274,32.686662158767604,33.00869425895394,6.795288400233673,34.085598574378935,0,0,0,0,0,0.23649150036334277,0.6351826467303336,6.394863308927912,0.6935527402685349,32.14463317634855,6.25325941781462
931.999999984873,298.6834570474648,-1981895.365710903,290467.51315120707,-1691427.852559696,0.4531380769766655,0.5491859883428276,0.4992090661825611,0.725463188659905,1.1014579628142185,0.8429512676064534,0.34374220142389234,0.7612313040364335,35.50937510526751,0,1.2337401031303958,34.62113976817568,6.911977547317463,25.131455089991505,1.2240380102050223,34.11266664736826,32.77641371655443,33.034178128999315,6.7714128906095645,34.01196863135681,0,0,0,0,0,0.21204531569360585,0.6845541147875682,6.362791558974635,0.6748520218621947,32.2272277282116,6.222226902266737
932.9999999848494,300.12945396945975,-1980007.4330097772,291873.7347548677,-1688133.6982549096,0.43999614021972366,0.536077481142021,0.5006061239662416,0.752861998740741,1.0670233925268473,0.8359514350213381,0.33534531105509646,0.765251509282038,35.519897480020454,0,1.2119925914494267,34.613555748881694,6.81522190434071,25.197335030312047,1.2366929316104311,34.11195455513814,32.815148829692134,33.04547698473482,6.80679768511267,34.054834219201894,0,0,0,0,0,0.22917402814001697,0.6759151103074057,6.279144423198689,0.7006154504684101,32.27907134855011,6.270720203970649
933.9999999848258,299.24223849467194,-1979365.6189810485,291010.9240885577,-1688354.6948924907,0.46310932140322913,0.5359541610082044,0.4994676583664563,0.7305711814419009,1.0789000519373353,0.80480186780693,0.3053342094404737,0.7766880842479553,35.422301900234345,0,1.1573819618674897,34.50006571003695,6.762839707123447,25.167651167298857,1.3335948230464822,34.187294957864765,32.791741569424744,33.04160544638626,6.902573471675325,33.989530383509305,0,0,0,0,0,0.24073392323975096,0.6214278008592853,6.226885546115243,0.7976406620382779,32.25578740841654,6.3666193106671205
934.9999999848021,298.79687101033784,-1978580.6206549332,290577.8074141636,-1688002.8132407696,0.45232159108244896,0.5331559395747085,0.49836193552513497,0.7405238372441225,1.082205338066771,0.8275497827509073,0.3291878472257723,0.7579905359186139,35.433030789245095,0,1.2091936663157234,34.51422632580682,6.7993306111422385,25.099966539811135,1.290046899860716,34.117182030067966,32.754088036961775,33.07069285170951,6.919405486027209,33.9050866445055,0,0,0,0,0,0.22483459634390535,0.6760377267410149,6.26617467156753,0.7568909602860074,32.22093209738706,6.3862495464525
935.9999999847785,300.75619597171664,-1977954.2718767114,292483.2368430735,-1685471.035033638,0.4652751388675861,0.5415111027808059,0.4997765081345196,0.7532140984610916,1.0810895674430405,0.8454827158887293,0.3457062077542096,0.7706110343216697,35.4588393226645,0,1.2249335064698805,34.489965748275154,6.821768303232149,25.120146503253352,1.2723251025444746,34.16256295038974,32.87614271743473,33.1337330090895,6.932635529156144,33.91811402312541,0,0,0,0,0,0.22909993154086372,0.6834224036890746,6.280257200451343,0.7308139997636687,32.33463161465393,6.391124426375338
936.9999999847548,299.380251070332,-1976367.0063529983,291145.1403254791,-1685221.866027519,0.46269238934257295,0.5434968046624427,0.5035969059556152,0.7389843772363651,1.1117129186733479,0.821686245077806,0.31808933912219073,0.7834012246171866,35.44511759582042,0,1.1659433433064557,34.56524912495706,6.748519385854635,25.1628558877527,1.2584380919657185,34.157798049229314,32.857079985282894,33.12521526679518,6.93242853654165,33.96749288889055,0,0,0,0,0,0.23990441995474399,0.622446538644013,6.205022581192193,0.7149412873032759,32.313583180620455,6.388931731879207
937.9999999847312,300.33576499362067,-1977708.7428192012,292074.3707415945,-1685634.3720776066,0.44890940967643544,0.5491242311955995,0.49945228296666355,0.7565047137872937,1.088192131406494,0.8221823823071566,0.322730099340493,0.7620031551428497,35.46594134353086,0,1.1140550220512768,34.54450263449408,6.827065349937548,25.08397616567811,1.3385232914363172,34.18003163475413,32.79139252960482,33.09138481388979,6.980396174151572,33.907474846252,0,0,0,0,0,0.21287892394725016,0.5649307908556773,6.277941118741949,0.7893990602407177,32.24226829840922,6.431271942955973
938.9999999847075,298.8488368762929,-1974611.133566007,290628.3438449453,-1683982.7897210617,0.45290460171522984,0.5397539190033496,0.5001206569993332,0.7410815014389698,1.1050170905369878,0.8162750964760046,0.31615443947667143,0.7733867926789397,35.35576880421104,0,1.1569597622885723,34.56298986233185,6.803759389581614,24.8685298113692,1.3225571470972959,34.27909318662557,32.80092098632588,33.10553760853247,6.951283310685739,33.92546291744145,0,0,0,0,0,0.23363287367559016,0.6172058432852228,6.264005470578265,0.7828032280939463,32.261167067322525,6.4115293916823894
939.9999999846839,299.43371263824866,-1976515.1486366466,291197.13131565787,-1685318.0173209887,0.44064026078693885,0.5385083043562382,0.4993332440248796,0.7378918886913848,1.1026207579623915,0.8283215957005317,0.32898835167565205,0.7487272522175799,35.575891304912716,0,1.166429920333936,34.531603555501874,6.814853491464959,24.825089412832256,1.4456662934251838,34.28787636057993,32.83581669199623,33.10743972829198,6.9645581638211205,33.9402055005819,0,0,0,0,0,0.21021894786134165,0.6279216159776979,6.276345187108721,0.9071579890689456,32.29730838763999,6.426049859464882
940.9999999846602,301.4637121391443,-1976681.0172792077,293171.2912257919,-1683509.7260534158,0.4516973793562313,0.5335903007110989,0.49896625689456126,0.7317082129469039,1.1272570164522975,0.8348874756860167,0.3359212187914555,0.7691687479672762,35.56688397870704,0,1.1548769494562254,34.43562796317951,6.805120428813762,24.837697223279008,1.3929854961286168,34.27763436562822,32.85877873993695,33.110675123335,7.094857722479965,33.91424363394901,0,0,0,0,0,0.23557844725617727,0.6212866487451265,6.271530128102663,0.8593951954175179,32.325188439225855,6.561267421768866
941.9999999846366,301.30902448952946,-1974705.727930259,293020.8585994155,-1681684.8693308434,0.4523552979641421,0.5513349622706443,0.4971877171712562,0.7255035097637768,1.0724567114659997,0.8380962860394185,0.34090856886816234,0.7553218505975998,35.48565777666795,0,1.1244697900819887,34.43598719598833,6.810071065800656,24.735300094444057,1.3288420580942155,34.30595260503128,32.802425370122684,33.052864155649885,7.067939744773858,33.90424371164576,0,0,0,0,0,0.20398688832695555,0.5731348278113444,6.258736103530012,0.7775070958235712,32.25109040785204,6.516604782503213
942.9999999846129,299.77976208445693,-1976471.810185019,291533.6619125014,-1684938.1482725176,0.4574363050374206,0.5431523096382183,0.5006766260237258,0.7379473981289957,1.1117785965978637,0.8216167857479149,0.3209401597241891,0.7753033586030673,35.49928074133902,0,1.1192890958023227,34.503651621932704,6.8183099652677015,24.79708895980204,1.3074431325669593,34.318323201638805,32.78708428432628,33.055636565218265,7.183284400031468,33.92043052776114,0,0,0,0,0,0.23215104896484906,0.5761367861641045,6.275157655629483,0.7642908229287411,32.24393197468807,6.64013209039325
943.9999999845893,300.01819816158945,-1977076.114392139,291765.53928212484,-1685310.575110014,0.46186563990206864,0.5364555314451618,0.5000410400012435,0.7488663579713215,1.145332050154984,0.824783843030167,0.32474280302892355,0.767452723402477,35.676553806734546,0,1.0797131244357399,34.48163598930872,6.8473406626948545,24.766042803545716,1.388838276468113,34.292771155130595,32.7987952756838,33.053829766314266,7.228272940855877,33.88182427445204,0,0,0,0,0,0.23099719195731527,0.5432575929905781,6.310885131249693,0.8523827450229513,32.26233974423864,6.6918174094107155
944.9999999845656,299.00895118453843,-1976381.912931934,290784.05385779886,-1685597.859074135,0.4675104788895874,0.537840116400349,0.5017350345413614,0.7503237443015536,1.0992107338327197,0.8100646372390358,0.3083296026976744,0.7635091681696045,35.53386003127969,0,1.0613580081204823,34.43596099035199,6.862118282210876,24.807959261263534,1.48442959328706,34.17256124491195,32.87860153925487,33.10698733032095,7.242140945422619,33.867153839259686,0,0,0,0,0,0.22566905176925545,0.5235178917201333,6.324278165810527,0.9465894768867109,32.34076142285453,6.70430082902227
945.999999984542,300.90780552234935,-1979643.383659929,292630.6760403346,-1687012.7076195944,0.4479765807723277,0.5414736740379773,0.49662347443059224,0.7455249989452781,1.110736110171901,0.8238611324728105,0.3272376580422182,0.7748192397243727,35.66383001875633,0,1.082262399836413,34.493130764389775,6.6634572534774605,24.804940922911356,1.474412535904376,34.15609963651923,32.9466434791446,33.16851204667944,7.226517572451648,33.930032816449284,0,0,0,0,0,0.23334556568639542,0.5407887257984356,6.121983579439483,0.9329388618663987,32.405169805106624,6.685043898413671
946.9999999845184,298.74249039489894,-1979715.3208352812,290524.9226568814,-1689190.3981783998,0.4594829834100933,0.5472851908451908,0.5003170680480642,0.7296058011350897,1.1102823020757244,0.8427042123992307,0.34238714435116646,0.7626972014685762,35.51941538717176,0,1.1294591275179346,34.48107529451381,6.58876198844294,24.801940859581084,1.4169329193282962,34.12253666277741,32.88996651797538,33.11928887080671,7.219974340779743,33.873684196437836,0,0,0,0,0,0.21541201062338544,0.5821739366727439,6.041476797597749,0.8696477284831055,32.342681327130194,6.672689149934552
947.9999999844947,298.8641863201478,-1979619.673901122,290643.2710686652,-1688976.4028324569,0.45210798187743606,0.5527955119543808,0.4979751818601815,0.7457284463537706,1.142263000491205,0.8289674755120083,0.3309922936518268,0.7525489843434379,35.52284557391005,0,1.0444793453749526,34.4616125641256,6.615015809391096,24.738104667268658,1.4405207755514136,34.01224773364038,33.00919144855027,33.22443126575217,7.11307311736681,33.81826120327537,0,0,0,0,0,0.19975347238905705,0.49168383342057176,6.062220297436715,0.8877252635970327,32.45639593659589,6.560277605412429
948.9999999844711,300.61054885024095,-1978946.4768687338,292341.5960652719,-1686604.880803462,0.4504760633949383,0.5388789522061348,0.4993272619693834,0.7420021569286526,1.0651936249029461,0.8327901698548094,0.333462907885426,0.7680167732969494,35.47193317660242,0,1.0268667304610766,34.44412922602413,6.662785757488848,24.81515465067409,1.5049660541936163,34.103876765196674,32.949516407939385,33.18336686954842,7.189681173820375,33.8380491594869,0,0,0,0,0,0.2291378210908146,0.4879877782549418,6.123906805282713,0.9660871019874815,32.41063745573325,6.65080222161424
949.9999999844474,300.19893840027567,-1977857.809150532,291941.3078639422,-1685916.5012865898,0.4493800781137507,0.5407229849518451,0.5009163316879672,0.7296332717192656,1.0806507305389061,0.8425623969859307,0.3416460652979635,0.7622959482598111,35.449434904682676,0,1.0106879004075822,34.46437040819342,6.644149972078182,24.934446072285283,1.6420451361375887,33.98699151575602,32.95734550814177,33.17293331183566,7.158083009874563,33.81361862369164,0,0,0,0,0,0.22157296330796594,0.46996491545573704,6.103426987126337,1.1013221511857436,32.41662252318993,6.617360024922718
950.9999999844238,299.5482031481622,-1976972.4981701598,291308.4725128662,-1685664.0256572936,0.46511419165573376,0.5458940693752012,0.5021216677409822,0.7451451117902863,1.0921209774489693,0.8268796012295252,0.324757933488543,0.7586938281160958,35.38606892825135,0,1.032492935841752,34.413212416334716,6.677714626838764,24.854984569963648,1.5961574400428518,34.13928752402228,32.93104693822238,33.152926041226806,7.281972426123264,33.87617931719808,0,0,0,0,0,0.21279975874089452,0.4865988664665508,6.131820557463563,1.0502633706676505,32.38515286884718,6.736078356748063
951.9999999844001,298.4771804627887,-1977347.5623736754,290266.91065663146,-1687080.651717044,0.46631008514742867,0.5455965764767363,0.5015579533573183,0.72545131477737,1.0712231187603578,0.84181647488623,0.3402585215289117,0.7716078985224133,35.35589503202266,0,0.9891068496725488,34.48272366039694,6.731369191939621,24.901407899271078,1.6950474556506343,34.20290574140961,32.8964717902287,33.14203419202511,7.265182629922336,33.88878612352801,0,0,0,0,0,0.22601132204567698,0.4435102731958125,6.185772615462884,1.149450879173898,32.35087521375196,6.7195860534456
952.9999999843765,300.62898915375865,-1976954.1044877172,292359.5291277772,-1684594.57535994,0.45463012189954544,0.5422744138209986,0.49858244730406087,0.7545108442750141,1.0743004863558596,0.8824717916813984,0.38388934437733757,0.7703874441962899,35.39431541380327,0,0.949469361291877,34.44098190699873,6.6288337627835885,24.852193546182036,1.5984747821684415,34.080592731423394,32.873551924268554,33.10621994220605,7.239533468274924,33.86104868536495,0,0,0,0,0,0.2281130303752913,0.40719494747087837,6.08655934896259,1.0562003683474428,32.331277510447556,6.697259054453926
953.9999999843528,300.50351146027975,-1977824.4289777614,292237.502973597,-1685586.9260041644,0.4658085369775298,0.5362057958089324,0.4988835475443234,0.7710486394792007,1.0741749389785369,0.8340072189258614,0.335123671381538,0.7591726680714368,35.420647190855505,0,0.9379328029251894,34.476696841478656,6.600522528559806,24.844009466597797,1.627072242555208,34.031654676660935,32.82013138896298,33.050864086227875,7.172229057801587,33.85953391191708,0,0,0,0,0,0.22296687226250445,0.4017270071162571,6.064316732750874,1.0908664467462756,32.283925593154045,6.636023261992655
954.9999999843292,298.60081520251316,-1975494.4674103707,290387.14455154433,-1685107.3228588263,0.4519011155906547,0.5503464325008033,0.5004375255079057,0.7567805357749009,1.0989820748893084,0.855086812284994,0.3546492867770883,0.7682160847203834,35.364486942349856,0,1.0153486651892045,34.5421077620573,6.5880352821303205,24.671512880115785,1.6540587130711675,33.92429530505319,32.79638770932422,33.03809658392839,7.122232067523534,33.84751385369702,0,0,0,0,0,0.2178696522195801,0.46500223268840124,6.037688849629517,1.103712280570364,32.24604127682342,6.57188563502273
955.9999999843055,299.18810484305794,-1975207.9215726517,290958.27950181847,-1684249.6420708331,0.46360323489509403,0.5397142832520756,0.502950735595921,0.731757653472469,1.0897886299028805,0.8580669602865248,0.3551162246906039,0.7543915567729038,35.392292065173116,0,0.974209764661552,34.5305062432538,6.6234187827576605,24.7858637769246,1.5531710006200292,33.92360332573847,32.79040564684499,33.04632556589539,7.169804885103275,33.84818135935393,0,0,0,0,0,0.21467727352082822,0.43449548140947636,6.0837044995055845,1.0134567173679536,32.250691363592914,6.630090601851199
956.9999999842819,299.4501047887122,-1976369.7760728858,291213.0725640531,-1685156.7035088327,0.45493793710438757,0.5491480656139185,0.5019767846870427,0.7360857716038164,1.0402210999615078,0.8698449747001046,0.3678681900130619,0.7701653617549624,35.40108120297584,0,1.0179612694660252,34.534891671934815,6.742124326909703,24.778724390961173,1.5915240717974264,34.04467190567618,32.83678414354367,33.088157884768805,7.078457710130678,33.788436693696326,0,0,0,0,0,0.22101729614104393,0.4688132038521067,6.192976261295785,1.042376006183508,32.28763607792975,6.5293096445167595
957.9999999842582,300.30891868146296,-1976224.2942694202,292048.26289616234,-1684176.0313732577,0.44981154416513025,0.5436011331407435,0.49871904442770665,0.7374937271606754,1.1335472752213214,0.8244702106712489,0.3257511662435423,0.7694508338003052,35.35474293353866,0,0.986775219985243,34.57116701338297,6.62627080419233,24.74729611060286,1.5141113484474076,34.01782652768375,32.80209498808267,33.05412961852255,7.0964894223465915,33.85830371572956,0,0,0,0,0,0.22584970065956167,0.44317408684449944,6.082669671051587,0.970510215306664,32.25849385494193,6.552888289205848
958.9999999842346,300.07653340278694,-1976061.6690618582,291822.2698845064,-1684239.3991773517,0.4573885829510931,0.5381529188461025,0.5019010036513101,0.7440082260456045,1.0915894507351942,0.8452055159470728,0.34330451229576275,0.7713700478557697,35.407684773208786,0,1.0028836879747995,34.44599271754578,6.679234443615634,24.563800976611248,1.5684534654987736,33.99577074858382,32.885522554510885,33.12323313526349,7.139978483838313,33.802735814024345,0,0,0,0,0,0.23321712900966718,0.46473076912869704,6.141081524769532,1.0303005466526711,32.34736963566478,6.60182556499221
959.999999984211,300.0879733030904,-1976922.0106088072,291833.3951052491,-1685088.6155035582,0.4581109693348999,0.5419208598236498,0.4985764322219117,0.7775336949758547,1.0857243015882787,0.862329521543344,0.36375308932143224,0.7643732229227318,35.32660610977604,0,0.9364965439925257,34.417667087148175,6.712212229841825,24.608078199757287,1.5588455447002314,34.021931767708,32.829420633585755,33.071498753232675,7.141824794595294,33.82733276637953,0,0,0,0,0,0.222452363099082,0.3945756841688759,6.170291370018175,1.0169246848765816,32.28749977376211,6.599903934771644
960.9999999841873,299.57156795834106,-1976484.6391034573,291331.194622671,-1685153.4444807863,0.45070003306321205,0.5416307596683518,0.4976814540936804,0.7185954007640145,1.0390067602961643,0.8285724279112505,0.3308909738175701,0.7602193811725373,35.36217263603362,0,0.9515296575778898,34.373762501730994,6.760810515147583,24.577689509569723,1.4650689731920252,33.94469515597456,32.875894294906175,33.10758199086221,7.180701273223708,33.83667255327657,0,0,0,0,0,0.21858862150418545,0.40989889790953793,6.219179755479231,0.9234382135236734,32.334263535237824,6.639070513555356
961.9999999841637,299.07690102422737,-1976993.1700906456,290850.13458804274,-1686143.0355026028,0.46264946244687843,0.5406776988263875,0.5021762701695174,0.7609485932342639,1.0657010732175145,0.836430647089704,0.33425437692018667,0.7703734224443011,35.350098245921686,0,0.9596822567809085,34.30102327008444,6.788839131567826,24.627383341332006,1.482258413401004,33.84035607055853,32.76032864992635,33.04981924487623,7.101664686516841,33.87536340343206,0,0,0,0,0,0.22969572361791357,0.41900455795452096,6.248161432741439,0.9415807145746165,32.219650951099965,6.560986987690454
962.99999998414,300.58272322395635,-1976733.1440772489,292314.53584389685,-1684418.608233352,0.45682941054488335,0.5378750424998602,0.4959580484567169,0.7428985359993705,1.051172895918402,0.8357391389785811,0.33978109052186417,0.7653823833514473,35.367905942377206,0,0.977347173589175,34.31448081963049,6.801138133424004,24.66896655779476,1.4557945819051472,33.88168223394166,32.90103639158883,33.1424509229073,7.083943999749323,33.965643189391585,0,0,0,0,0,0.22750734085158708,0.4394721310893148,6.263263090924144,0.917919539405287,32.36316134908897,6.546068957249463
963.9999999841164,299.89095757292466,-1977477.8439866155,291641.79872505914,-1685836.0452615563,0.45494766950778764,0.5394315791247957,0.5014935030957631,0.7384985944413227,1.0427184110718088,0.8307543217659199,0.3292608186701568,0.7597679801189461,35.358325333583934,0,0.9879716255949109,34.416483088728796,6.853075986099169,24.671020652645993,1.4558549922467332,33.975757319170015,32.77389675002985,33.01439131368147,7.167486483080509,33.96163460376806,0,0,0,0,0,0.22033640099415042,0.44854004647011525,6.313644406974373,0.9164234131219375,32.234465170905054,6.6280549039557135
964.9999999840927,300.1487107381267,-1977160.8721152842,291892.4618238567,-1685268.4102914275,0.4661341487023698,0.5349779140483988,0.4993953654937387,0.7339557636972955,1.0536398978432429,0.8379392765700768,0.33854391107633813,0.772846350968587,35.31940468378937,0,0.9386625980692633,34.39435579893384,6.842398501583375,24.667833279404867,1.3516719443050604,33.943819866252056,32.80852356153787,33.04084594043343,7.225755453908732,33.90688929408975,0,0,0,0,0,0.23786843692018822,0.40368468402086455,6.307420587534976,0.8166940302566617,32.27354564748947,6.690777539860333
965.9999999840691,300.9128127468648,-1977498.196567431,292635.5455301523,-1684862.6510372788,0.4635282684514528,0.5469409458346206,0.4989440598705185,0.7401690046045175,1.1039023480585142,0.8409212599840977,0.34197720011357924,0.7593342129883123,35.344649341933746,0,0.9753498585030584,34.42411966622217,6.857977374985724,24.827589382561882,1.3511010125170753,33.9294646150164,32.752428299186136,33.041141236775616,7.160261210892212,33.92610328690364,0,0,0,0,0,0.21239326715369167,0.42840891266843784,6.311036429151104,0.8041600666824547,32.205487353351515,6.613320265057592
966.9999999840454,298.6856549638342,-1977840.6231534109,290469.6506090638,-1687370.972544347,0.4568454438819076,0.5384745795552242,0.49762124093962345,0.7313117586691664,1.124769853339803,0.8247261900159009,0.3271049490762774,0.7600185976754572,35.36485054882144,0,0.9741938196967448,34.34840803798977,6.869562793978901,24.91648538755436,1.5104223728055892,33.82794638763119,32.765990453975405,32.99863256594574,7.1568673910661005,33.89796753400907,0,0,0,0,0,0.22154401812023305,0.43571924014152064,6.331088214423676,0.9719477932503651,32.22751587442018,6.618392811510876
967.9999999840218,300.0716378144537,-1975945.8604019023,291817.5089600728,-1684128.3514418295,0.465156432181542,0.541638196279865,0.5026087658802172,0.740491203241648,1.1207931867290952,0.8603957331662226,0.35778696728600545,0.7699140591759939,35.363810841344616,0,1.0115201781809589,34.39899083850398,6.944837778003986,24.930897032470824,1.4158360142230535,33.808490551823894,32.74423582742493,32.96904214502217,7.224173761313011,33.956977044051655,0,0,0,0,0,0.2282758628961289,0.46988198190109387,6.403199581724121,0.8741978179431885,32.20259763114507,6.682535565033146
968.9999999839981,301.1603675091299,-1978180.4585547633,292876.29075546435,-1685304.1677992991,0.4618318740964078,0.5433385686033052,0.4999840859829378,0.7142751254230424,1.0680514154965728,0.82206624765055,0.3220821616676122,0.7733193686734907,35.424505400719,0,0.9807238781944712,34.386270411817804,6.939373568164456,24.939887851157465,1.4510162821231205,33.999797698734994,32.74670776647986,33.00053873382808,7.259070003671411,34.064366310220066,0,0,0,0,0,0.2299808000701855,0.43738530959116595,6.3960349995611505,0.9076777135198153,32.203369197876555,6.715731435068106
969.9999999839745,299.66840340537425,-1976104.6819181032,291425.3663982446,-1684679.3155198586,0.45649702176777573,0.534640104449549,0.4996820487263589,0.7547624031095506,1.1620070196979952,0.8281132270377687,0.3284311783114098,0.7730582667953882,35.43631244474818,0,1.0468605563276157,34.38344399171626,6.93718240123998,24.934843861622483,1.4290385321726138,34.00002635665183,32.77398669159989,33.00981573273026,7.315630095474148,34.13317119503316,0,0,0,0,0,0.23841816234583924,0.5122204518780666,6.402542296790431,0.8943984277230648,32.23934658715034,6.780989991024599
970.9999999839508,301.2242569102835,-1978557.7795208655,292938.42273844476,-1685619.3567824208,0.4546056035723063,0.5352967784833762,0.5003111619972673,0.7305371131503082,1.0994384089887692,0.8101295145797447,0.30981835258247736,0.7698584235297083,35.399745684592745,0,1.0875883866660914,34.437554844651686,6.950437106768952,24.86514622453342,1.3626345175290346,33.9754997773681,32.735564044016655,32.972584839943124,7.2749162804506184,34.07386635705893,0,0,0,0,0,0.23456164504633215,0.5522916081827152,6.415140328285576,0.8273377390456584,32.20026726553328,6.739619501967242
971.9999999839272,299.03127739813436,-1977258.3451886475,290805.76593989873,-1686452.5792487487,0.4614258787424079,0.5387032002368008,0.4995969569463677,0.739852414506684,1.0888505594296092,0.8375645035069227,0.337967546560555,0.7497105059978351,35.41683309137852,0,1.080478370232747,34.40926871086526,6.882977667347433,24.879680091606872,1.4049164752862495,34.03402628484287,32.75493701914775,33.01003568764139,7.297444943865642,34.129532529359494,0,0,0,0,0,0.21100730576103421,0.5417751699959461,6.3442744671106315,0.8662132750494487,32.21623381891094,6.758741743628841
972.9999999839035,300.02468772435174,-1977746.5576309338,291771.8503352231,-1685974.7072957107,0.4574350065556336,0.5405254843816589,0.4999415370418,0.7520126879492004,1.1025259543171924,0.8452421049993233,0.3453005679575233,0.7582347612423028,35.3683526032255,0,1.1484386857859556,34.43467310381865,6.987463073969067,24.8745999997833,1.3264499377937966,34.05548648488002,32.75731344045363,33.006697040613176,7.2938146505049914,34.05354962590491,0,0,0,0,0,0.2177092768606439,0.6079132014042967,6.446937589587408,0.7859244534121377,32.21678795607197,6.7532891661233325
973.9999999838799,302.0406321411264,-1977497.2498335242,293732.3417771664,-1683764.9080563579,0.4635865675125719,0.5475927887330521,0.5016829575281819,0.7459967839606803,1.137751193695241,0.8388243642727268,0.33714140674454485,0.7608191186855908,35.346055344627985,0,1.1343291233630985,34.48809253750676,6.89969891230065,24.999580720581207,1.4795215835512678,34.00198660722515,32.719995643807124,33.02388403390778,7.261994765490897,34.00565535858004,0,0,0,0,0,0.21322632995253876,0.5867363346300465,6.352106123567598,0.9319287948182158,32.17240285507407,6.714401976757845
974.9999999838562,300.91742201483055,-1977039.0150194466,292640.02801008837,-1684398.9870093581,0.456103089252063,0.5446993885460838,0.5001723392416273,0.7323582061538625,1.0886052817457261,0.8041447948855927,0.30397245564396536,0.7711097300252678,35.31378003491568,0,1.1099386405141658,34.42477590342378,6.841721781850083,25.058366067950658,1.4509695822017914,34.041167428921085,32.65152386178164,32.975112796976674,7.239191659965456,33.967203990845405,0,0,0,0,0,0.22641034147918404,0.565239251968082,6.297022393303999,0.9062701936557076,32.106824473235555,6.694492271419373
975.9999999838326,299.75112772042246,-1977076.9625965878,291505.8151994829,-1685571.1473971049,0.45717009687334875,0.5472751813753787,0.4987745797266827,0.7320434080998854,1.105520184898925,0.820378720845945,0.3216041411192623,0.77693936069603,35.34783688020207,0,1.0851041320924981,34.41181139484854,6.971790834623956,25.091926515839376,1.4134405693479906,34.09120266522177,32.59444574926647,32.96025740054904,7.150368498047072,33.9404553620991,0,0,0,0,0,0.2296641793206513,0.5378289507171194,6.424515653248577,0.8661653879726119,32.047170567891094,6.603093316671694
976.999999983809,299.637115449939,-1977536.677362468,291394.9390866797,-1686141.7382757883,0.4510925336102236,0.5422736040469793,0.4994471309286183,0.7195565321699924,1.1018025477843167,0.8269712757868666,0.32752414485824827,0.7619412643883159,35.37571354942688,0,1.098955899362469,34.44268134090669,6.933233126719401,25.06883537464637,1.4840554569969058,34.04707714231771,32.560360844156946,32.87331068142532,7.174710538945945,33.943319202655175,0,0,0,0,0,0.21966766034133656,0.5566822953154897,6.390959522672421,0.9417818529499264,32.01808724010996,6.632436934898966
977.9999999837853,298.8143105894705,-1977205.8708765358,290594.76727940404,-1686611.1035971318,0.4644840021184051,0.5416040039512762,0.49867139468253935,0.7374931665392204,1.0466621696965426,0.8202942431950091,0.32162284851246975,0.7579522156762797,35.44562290891611,0,1.1117289035380065,34.41321362276301,7.04291788033575,25.112985114992,1.4589614546636511,34.184759823902255,32.55674497603093,32.898159182655576,7.162981407290076,33.96321628220721,0,0,0,0,0,0.21634821172500351,0.5701248995867303,6.501313876384474,0.917357450712375,32.01514097207965,6.6213774033387995
978.9999999837617,300.8415841625904,-1978332.6711551212,292566.2762443874,-1685766.3949107337,0.4560784367708619,0.5446660725939285,0.49994046305203294,0.7404109066670763,1.0580927508241764,0.8289779597178332,0.32903749666580023,0.7692576406947715,35.430718216758805,0,1.0382845668567455,34.39519380465458,7.075934842842486,25.066770631977754,1.3868704287518305,34.119612459657674,32.56622009716108,32.890645394838884,7.196055107932153,33.97911507339285,0,0,0,0,0,0.22459156810084302,0.493618494262817,6.531268770248557,0.842204356157902,32.02155402456715,6.651389035338225
979.999999983738,300.3128242106262,-1977416.4782950021,292052.06099517597,-1685364.4172998262,0.45534195994019777,0.5492791159996795,0.5002761718086497,0.735697231939838,1.0883567189822871,0.8391045014342422,0.3388283296255925,0.7671999302528931,35.429578641258786,0,1.1622877342175766,34.38841255542648,7.025215132556777,25.08901620109458,1.2916833897390525,34.15374150527737,32.587415424721144,32.93473932517111,7.172370914269022,34.01623078511602,0,0,0,0,0,0.21792081425321363,0.6130086182178971,6.475936016557098,0.742404273739373,32.03813630872146,6.623091798269343
980.9999999837144,299.47228020335314,-1977231.0537701733,291234.63799525413,-1685996.415774919,0.45853498374670076,0.5366544527040826,0.4989090828957321,0.7217261361987788,1.1002195717264271,0.8403474558701707,0.3414383729744386,0.7616971095874434,35.376379810748176,0,1.148247897823392,34.40499666557457,7.123337581788306,25.060039101607174,1.3592308205136376,34.09899913473665,32.57361016960067,32.91906518637188,7.164239309716187,34.03924025802826,0,0,0,0,0,0.22504265688336078,0.6115934451193095,6.586683129084223,0.822576367809555,32.036955716896585,6.6275848570121045
981.9999999836907,300.01261438788515,-1976390.443675682,291760.10910236894,-1684630.3345733131,0.4620521505471924,0.5498846608326673,0.5018754250776228,0.7252527658463492,1.1211434632590787,0.8425622996152273,0.3406868745376045,0.7590409054133094,35.417975551253164,0,1.114288416598626,34.440847001457655,7.174100722520308,24.976300301468143,1.2656185314775996,34.127408410239354,32.67713070327352,32.94021557749096,7.16672819697763,34.01935419749543,0,0,0,0,0,0.20915624458064208,0.5644037557659587,6.62421606168764,0.7157338706449323,32.12724604244085,6.6168435361449625
982.9999999836671,300.44158718992685,-1976569.9992558472,292177.2820661824,-1684392.7171896647,0.4453100809231647,0.5341175972575236,0.4983686768548298,0.7325354018676933,1.1262161178857717,0.8386133538603124,0.34024467700548267,0.7723527924907412,35.461523333096125,0,1.1385445478231961,34.546554250591015,7.190421965436961,24.989337049701874,1.26678495650253,34.07428621697886,32.6182257785141,32.88650389076224,7.155280754649851,33.965074524280226,0,0,0,0,0,0.23823519523321757,0.6044269505656725,6.656304368179438,0.7326673592450064,32.08410818125658,6.621163157392328
983.9999999836434,299.04193922831706,-1977572.6847153418,290816.1344930467,-1686756.550222295,0.454191600888187,0.5386979092253865,0.4979702395600298,0.75166887425189,1.0931053600800311,0.8326973336490929,0.33472709408906315,0.7605716751279097,35.64966172956969,0,1.0828221967719327,34.61469237101713,7.26193066610422,25.011466449697252,1.1846598071307035,34.120605839164455,32.60102047639754,32.881206745214755,7.198420822924916,34.08206400789618,0,0,0,0,0,0.22187376590252317,0.5441242875465462,6.723232756878834,0.645961897905317,32.06232256717215,6.65972291369953
984.9999999836198,300.08555924028315,-1978228.3447532058,291831.0474465366,-1686397.2973066692,0.45870406646429185,0.5384783652211009,0.5008115596716001,0.7201422516792051,1.083060852236807,0.8099012988944188,0.3090897392228187,0.7732759835366947,35.70499476435447,0,1.0680250767347772,34.6851083517125,7.221486586096907,24.98518250509585,1.2222719131057458,34.058139184080744,32.557736640599614,32.86727204755488,7.146894605530846,34.14622276873081,0,0,0,0,0,0.23479761831559376,0.5295467115136763,6.683008220875806,0.6837935478846449,32.01925827537851,6.6084162403097455
985.9999999835961,303.31138407535485,-1976885.4901536107,294968.1388909944,-1681917.3512626162,0.4483584407501122,0.5447857398046035,0.49829525642932593,0.7423277159445529,1.083573493324213,0.8239011223673337,0.3256058659380078,0.7660770095132055,35.54698337203365,0,1.0525605462049654,34.61510698063228,7.234966667717643,24.98641023936738,1.2087645068876363,33.97796360888742,32.50661349336133,32.80698628128471,7.17063311297251,34.188511141532416,0,0,0,0,0,0.2212912697086019,0.5077748064003619,6.6901809279130395,0.6639787670830327,31.961827753556726,6.625847373167907
986.9999999835725,301.0231991268884,-1975256.9642104805,292742.8954905692,-1682514.0687199114,0.4556526025753005,0.5421927493304146,0.502340224834445,0.7345162751449301,1.1077629974298269,0.8350983181570311,0.3327580933225861,0.7790331577879783,35.588054897789505,0,1.0317204990588102,34.58731829723537,7.303657284117904,24.934015274254673,1.1395245182382716,33.97991517434539,32.55623908223606,32.858834035465065,7.277508573956496,34.213805143402055,0,0,0,0,0,0.2368404084575637,0.48952774972839563,6.761464534787489,0.597331768907857,32.01404633290565,6.735315824626081
987.9999999835488,301.0538125944057,-1976907.03895206,292772.6668674863,-1684134.3720845738,0.46244161871207057,0.5381394793681107,0.5002093776693736,0.7373200566674614,1.1440962081768866,0.8402237755518034,0.3400143978824298,0.7721848945574727,35.52500230944014,0,0.986856380201985,34.59246163905118,7.162341119948469,24.968598535755007,1.2079823285282068,33.98214789369621,32.53908833889233,32.83113891440536,7.2182029184534,34.213786771947724,0,0,0,0,0,0.23404541518936206,0.4487169008338743,6.624201640580358,0.6698428491600961,32.000948859524215,6.6800634390852895
988.9999999835252,300.0565162744424,-1977004.1520745195,291802.80337120115,-1685201.3487033183,0.46469664330757166,0.5449343125363608,0.4988740767244855,0.7427464876161931,1.1204736633055674,0.8650720306262418,0.3661979539017563,0.7641707096838997,35.49810600818546,0,1.0150015061068878,34.60603564656856,7.162726236919184,24.92219291347311,1.1930642676000076,34.08408391076844,32.52281726385229,32.8063254156275,7.232159579729402,34.144717746680584,0,0,0,0,0,0.21923639714753884,0.47006719357052695,6.617791924382823,0.6481299550636468,31.977882951315927,6.687225267193041
989.9999999835015,299.9883225472213,-1978398.6069025248,291736.48546208686,-1686662.121440438,0.4660349591423305,0.5398194839402288,0.499638670134695,0.7212931483766503,1.0544581119037897,0.846487572792358,0.346848902657663,0.7734356442824009,35.424566238410875,0,0.9623266132838406,34.589775824867274,7.103910365319081,24.90730916049847,1.0998565011909363,34.16578789425398,32.5400579841332,32.817177745448475,7.332076052069425,34.19640126866864,0,0,0,0,0,0.23361616034217203,0.4225071293436118,6.564090881378852,0.5600370172507074,32.00023850019297,6.792256568129196
990.9999999834779,300.1364506161343,-1977048.721427597,291880.5389434225,-1685168.1824841746,0.4582740763059361,0.5396899956022754,0.5001288180245976,0.7355261148647863,1.0889225924547468,0.8429771451915342,0.3428483271669366,0.772010288042237,35.36961804230447,0,0.9601336182045177,34.61037311517953,7.1139755306153445,24.981654517313473,1.2074423796091018,34.21173746152954,32.56382907747707,32.83548419441553,7.379521357337454,34.12928247930381,0,0,0,0,0,0.23232029243996166,0.42044362260224233,6.574285535013069,0.6677523840068265,32.02413908187479,6.839831361735179
991.9999999834542,300.82839601007686,-1978186.0662250817,292553.4508609479,-1685632.6153641338,0.4521026628601643,0.5389985843201934,0.4973507655344035,0.7497018364125942,1.1225404181345908,0.8370521831930993,0.33970141765869577,0.7649272111365488,35.40604885261803,0,0.9766322497920292,34.56995040271576,7.1741398042533575,24.964917253990677,1.1921474487901769,34.18328315627252,32.6858264619126,32.95854653350466,7.298910618183914,34.14532493592239,0,0,0,0,0,0.2259286268163554,0.4376336654718358,6.635141219933164,0.6531488644699834,32.1468278775924,6.759912033863721
992.9999999834306,300.6765560908172,-1976581.5706893317,292405.7876318544,-1684175.7830574773,0.44542427747790825,0.5431330226598949,0.5012065604538473,0.7265203064896144,1.0782068224216772,0.8306878442284596,0.3294812837746124,0.7674540465116912,35.506071736683225,0,0.988691914419924,34.664890351388564,7.149195619719887,24.96776979234366,1.1756584422065828,34.05356543634991,32.618639484209325,32.905959560276244,7.243989155019278,34.117888775109066,0,0,0,0,0,0.2243210238517963,0.44555889176002905,6.606062597059992,0.6325254195466878,32.07550646154943,6.700856132359384
993.999999983407,299.8007524099737,-1978528.5839634798,291554.07485305506,-1686974.5091104247,0.46418007274208684,0.5416982954111873,0.499809627707639,0.7483401519478043,1.1689478748663333,0.8437838337914588,0.34397420608381984,0.7795451253446333,35.46927858478273,0,1.0285084282268415,34.66638420012566,7.276723037483265,24.96860104483943,1.223050483118258,34.095119622920635,32.653402702578774,32.95910090086534,7.2398859336213235,34.069302380421846,0,0,0,0,0,0.23784682993344597,0.4868101328156542,6.735024742072078,0.6813521877070707,32.111704407167586,6.698187638210136
994.9999999833833,299.8325656392402,-1977756.5598486029,291585.01298964187,-1686171.546858961,0.45634235146525537,0.5389703137664625,0.49995125189274886,0.7549478959020655,1.1184065768147136,0.842301751887311,0.3423504999945622,0.7785659722053193,35.4783491695523,0,1.0007320364983077,34.63571107196748,7.285097884613421,24.93009159472723,1.2061239903199272,34.091956856295624,32.613710025091905,32.853697982614506,7.1296341589911805,34.02230553472532,0,0,0,0,0,0.23959565843885677,0.4617617227318451,6.746127570846959,0.6671536765534647,32.07473971132544,6.590663845224718
995.9999999833597,298.5073567237244,-1977520.1886728294,290296.25685329345,-1687223.931819536,0.45228106837627013,0.5359550531045514,0.49799266584973484,0.723886636743492,1.043952638773984,0.8469265960133654,0.34893393016363056,0.7700329212286618,35.47099648907965,0,1.1357128512352457,34.66103115545343,7.226995231330207,24.919781634612377,1.2387678428962303,34.00363828875135,32.65678789511583,32.91804140977813,7.169949308765879,33.966957758144474,0,0,0,0,0,0.23407786812411047,0.5997577981306943,6.691040178225656,0.7028127897916789,32.12083284201128,6.633994255661328
996.999999983336,299.8555586434645,-1978628.8642413765,291607.37352083076,-1687021.4907205459,0.46132854310506444,0.5390175302599154,0.5004279342654003,0.7291551773547313,1.0511068567743074,0.8552532902410693,0.354825355975669,0.7717187861025554,35.560762142303815,0,1.1288911300909295,34.62817736161787,7.234539732117113,24.896007195120774,1.245590950516748,34.04276025234469,32.725367510138994,32.935356618815035,7.225206981967801,34.074562379493045,0,0,0,0,0,0.23270125584264,0.5898735998310141,6.695522201857198,0.7065734202568326,32.18634997987908,6.686189451707886
997.9999999833124,300.1429229962466,-1978475.9499623105,291886.8332865173,-1686589.1166757932,0.4546384765272209,0.5339285431551577,0.49919018288246964,0.759502989550743,1.086368273872921,0.8343447020759323,0.3351545191934626,0.7582368040463141,35.61474744752093,0,1.0985720820705893,34.642638812741666,7.241639866341018,24.919171505918428,1.3765223376492344,34.04178996421638,32.641804580647204,32.87983573841814,7.276303181213635,34.086262758617295,0,0,0,0,0,0.2243082608911564,0.5646435389154316,6.70771132318586,0.8425937944940767,32.10787603749205,6.742374638058477
998.9999999832887,301.33570129850955,-1975953.208725322,293046.8016042269,-1682906.407121095,0.45673786669655136,0.5421282887382564,0.5015583471456967,0.7307205890179285,1.057168244814686,0.8115914154557666,0.31003306831006994,0.780074405465152,35.62713065600815,0,1.0315076660006213,34.62635739766375,7.176308914156593,24.99726796042438,1.2759203824519734,34.00647354253611,32.68788767052342,32.90313119182554,7.2724913346676345,34.03261909622728,0,0,0,0,0,0.2379461167268957,0.4893793772623649,6.634180625418336,0.733792093713717,32.14575938178517,6.730363045929378
999.9999999832651,297.97676252580203,-1975135.9759337902,289780.2578130839,-1685355.7181207063,0.463587898956062,0.5480886686230035,0.5022738211231588,0.742387378045688,1.0766834014378466,0.8149367350620013,0.3126629139388425,0.7692800185452617,35.598368364362955,0,1.1090181508248413,34.68700839461576,7.150903343486874,24.867596120222032,1.2437035307067674,33.9621758380938,32.749876454945365,32.990485331679054,7.300822392439144,34.10554952889311,0,0,0,0,0,0.2211913499222582,0.5609294822018378,6.60281467486387,0.6956148620837639,32.20178778632236,6.7527337238161405
