time_ps,temperature_K,potential_kJ_per_mol,kinetic_kJ_per_mol,total_kJ_per_mol,graphene_z_min_nm,graphene_z_max_nm,graphene_z_mean_nm,ligand_z_min_nm,ligand_z_max_nm,pyrene_z_mean_nm,pyrene_height_above_graphene_nm,pyrene_tilt_from_graphene_plane_deg,pyrene_plane_rms_nm,water_z_min_nm,water_z_max_nm,water_below_graphene
220.0,302.9045951696756,-308018.3041217597,60526.844536524964,-247491.45958523476,0.44842577871297973,0.5389553071525057,0.49898289502781007,0.7434147536699807,1.6781075111611905,0.8098437197719285,0.3108608247441184,2.752203478907477,0.007185869988611625,0.7629567661345611,6.90468487811124,0
221.00000000000477,300.1384323332561,-308755.7503069355,59974.10578434827,-248781.64452258724,0.4533418564843412,0.5397268814920899,0.5005455648156136,0.7197030673566349,1.6877928144180707,0.8260006111914564,0.32545504637584277,1.2459164449093947,0.004816995123119212,0.7572424074257871,6.85501839042351,0
222.00000000000955,298.28842822352277,-308854.8922224515,59604.43522494643,-249250.4569975051,0.44992666091654865,0.5423145876044876,0.5011928745773943,0.7803717296015318,1.7511879572813882,0.839474205085598,0.33828133050820375,3.5347310813649053,0.004695239916168025,0.7570854627081225,6.805034460237522,0
223.00000000001432,299.1693003831044,-308266.4594101333,59780.452403654745,-248486.00700647855,0.46451598598932664,0.5400711261616342,0.5008720421209875,0.7519526060974542,1.7412947344834322,0.8296007886756458,0.32872874655465834,2.21503650949286,0.008013323136347646,0.7752201091856419,6.751162601771796,0
224.0000000000191,300.4824226509702,-309067.25920441514,60042.84243877468,-249024.41676564046,0.4623298864314389,0.5393150538680018,0.500325018346183,0.759123834100583,1.802175947060082,0.8350056280959166,0.33468060974973357,3.0145491260587227,0.007287635327063077,0.7845622374378727,6.710928495970343,0
225.00000000002387,300.5046144084295,-307774.3762287977,60047.276828596274,-247727.09940020143,0.46250650941986704,0.5380267040878044,0.501508427043748,0.7351572376463018,1.7573231508785705,0.8281550734167509,0.3266466463730029,4.615455887671625,0.009837391576487668,0.7705503228908448,6.815072352533264,0
226.00000000002865,299.3639275225387,-308454.44215950323,59819.34308672453,-248635.0990727787,0.45720039857906336,0.5404847025327086,0.5006721178854772,0.7654055369465306,1.7384623381260553,0.850004371286533,0.3493322534010558,6.893808499025159,0.006831684319994056,0.7624690349715912,6.738298558101263,0
227.00000000003342,299.658780288002,-308864.13500650506,59878.261002731604,-248985.87400377347,0.45469752276451514,0.5315626928069337,0.49837602152757665,0.725106855811255,1.7772093969178737,0.8349347201586734,0.3365586986310968,7.926176541497757,0.006120872055739181,0.7696454976679084,6.71742522223343,0
228.0000000000382,300.1893548785302,-308523.65868616104,59984.2812027155,-248539.37748344554,0.4610638867448231,0.5465887933611864,0.5009558690850444,0.7519220921898171,1.872413294600971,0.828533523890043,0.32757765480499856,2.320666228223885,0.004819008146041718,0.7750936150420794,6.75611171970818,0
229.00000000004297,298.193830416641,-307673.8063628925,59585.532551160904,-248088.2738117316,0.4664287887697618,0.5408777864801682,0.4984426266057868,0.7626038785497639,1.5931317642654985,0.8402228818204653,0.34178025521467853,2.990591576029539,0.006300734230415725,0.7634673030566841,6.708924514259465,0
230.00000000004775,299.7992763443699,-307638.6392854047,59906.335132663546,-247732.30415274116,0.4574677645047134,0.5443032427175156,0.5014464361092501,0.7246490459778272,1.773399604219568,0.8283690477236514,0.3269226116144013,5.001610224840587,0.0027682404631331724,0.7518971897348461,6.6771184742192276,0
231.00000000005252,300.32626222213804,-308148.54724418884,60011.63823075207,-248136.90901343676,0.45880543816731856,0.5423604871740437,0.5004728419206967,0.7363808868137411,1.763367801016619,0.8261917315984755,0.32571888967777873,3.8936796998533354,0.005637870042471071,0.7666873965064505,6.688431852191165,0
232.0000000000573,302.0577430196893,-308108.02974322625,60357.62528648709,-247750.40445673914,0.46018069709646925,0.5434840202428397,0.500209515488547,0.7879669727056156,1.7890160120518728,0.8272753328116769,0.3270658173231299,3.9037466422020457,0.004514193083932506,0.7718712993187058,6.67622083796433,0
233.00000000006207,297.9141690840229,-307689.7887668181,59529.65020974983,-248160.1385570683,0.4623081727863374,0.5406159952748926,0.49806050436883526,0.7402922346110508,1.735243423903917,0.8418816381842773,0.34382113381544205,5.935420643804655,0.006680296818080108,0.7656080572531785,6.67558422657379,0
234.00000000006685,301.81153643627243,-308545.78119910974,60308.42792257785,-248237.35327653188,0.46057449116123816,0.5444412677394226,0.5027793574496021,0.7440871050659057,1.802507033829425,0.8129635908025612,0.3101842333529591,2.067421255360851,0.0037157664450843267,0.7777252233821232,6.71580973899556,0
235.00000000007162,297.61625681121626,-308889.807867717,59470.12093845704,-249419.68692925997,0.4582480372051956,0.5389890501494836,0.4989621014650333,0.775998938054772,1.7748538464924142,0.8246601993163378,0.32569809785130455,4.081219999474201,0.00583845493176261,0.7711390553344462,6.666995184097331,0
236.0000000000764,296.65543429513275,-307414.680724103,59278.12796117783,-248136.55276292516,0.4637672380767981,0.5338190750005545,0.49997144171603286,0.7535710006599583,1.7732423467731468,0.8421027851372934,0.34213134342126056,6.2039429914967625,0.006384969640976697,0.768717772523873,6.594997807243622,0
237.00000000008117,297.94622510018775,-308001.5543788783,59536.05569034607,-248465.49868853227,0.4584827761752912,0.5426036190410262,0.5007767585455202,0.75156167887992,1.7598093221742452,0.8238700300680137,0.32309327152249356,6.546041375463831,0.005529131231883771,0.762612668060008,6.642360703725739,0
238.00000000008595,298.34568948207925,-307894.0924286973,59615.87725438369,-248278.21517431358,0.45175467144934345,0.5437391450332067,0.5001434065812285,0.7404444892694118,1.6624194459099817,0.8311795543557178,0.3310361477744893,7.07762970177335,0.006999485366671225,0.7631477991151083,6.554806601037406,0
239.00000000009072,297.9421729426557,-307450.39872799115,59535.24598223041,-247915.15274576074,0.4564869560784519,0.5470665771237009,0.5002903412731909,0.7164927877675069,1.5931144330753888,0.8257839518784066,0.32549361060521564,3.831771890565011,0.008339429869324047,0.7648655397445498,6.75724905982824,0
240.0000000000955,298.991033489411,-306490.92759601446,59744.83084910373,-246746.0967469107,0.462075915556456,0.5414083644598451,0.4993410808747125,0.7691080083539426,1.538459575487117,0.8243352394764081,0.32499415860169556,1.3092233036293655,0.006470760854494268,0.7695514219649482,6.767530471878793,0
241.00000000010027,303.7483474096304,-307690.05570420856,60695.44435795218,-246994.61134625637,0.4577428213229915,0.5414157096146965,0.5001254116534197,0.7515630358735361,1.5794401311322321,0.8433802471921963,0.34325483553877656,1.9552381683745375,0.005119759225334606,0.7750585146625917,6.7807603927506435,0
242.00000000010505,298.2755256529976,-307241.5807390311,59601.857014206966,-247639.7237248241,0.4634683036781624,0.5430986016043118,0.5008567546670524,0.7653178709468103,1.6403313188764415,0.8321941911137734,0.331337436446721,10.225859993832296,0.007501479823563999,0.777552018522397,6.786779858707568,0
243.00000000010982,300.5352297595171,-308402.0765503128,60053.39443336443,-248348.68211694836,0.4532922870938165,0.5491603067345281,0.49918692112157204,0.7470672933502307,1.5613936944340452,0.8343917135546433,0.3352047924330712,3.9119077245212943,0.005129120445342359,0.7700918645932351,6.70399564387408,0
244.0000000001146,300.8822049693146,-308098.41775835725,60122.72753334491,-247975.69022501234,0.4657027006782055,0.5421985040409858,0.5008147111519735,0.7150705521524334,1.5945218325985877,0.838689834680954,0.3378751235289805,3.95697502578489,0.005535528656013509,0.7711101861252292,6.7192299568351785,0
245.00000000011937,300.6172403191799,-308456.9648053455,60069.78190478026,-248387.18290056527,0.46219863685602114,0.5350469810173983,0.4979091019354708,0.7666696730025659,1.6293278872859847,0.8316900147556336,0.33378091282016287,2.7745039054577223,0.004881466725307849,0.7689295548211597,6.759011013631692,0
246.00000000012415,299.23210981310115,-308248.4101811466,59793.00307692106,-248455.40710422554,0.4551486539795473,0.5415427998464022,0.5018295368149891,0.7502238424474541,1.6689367184507038,0.8372904938984299,0.3354609570834408,3.5791600662490572,0.007623757909053293,0.7622751203050573,6.699223681083197,0
247.00000000012892,295.1654878368691,-308438.3236547853,58980.404654614744,-249457.91900017054,0.45319086036153555,0.5398392161610275,0.49962414110392056,0.7699303387877663,1.4839001636921978,0.8425182480880562,0.34289410698413564,6.9976671763531755,0.008959405916480047,0.7727246025831427,6.673541856364196,0
248.0000000001337,296.50672471780007,-308483.64537990745,59248.412593329864,-249235.2327865776,0.4664969669778847,0.5481669697144174,0.5019561164575119,0.7456955549621185,1.6326290440213294,0.8211683942137457,0.31921227775623373,5.736972016113287,0.006066609392681671,0.7690226174968622,6.675014708847101,0
249.00000000013847,298.7165074751004,-309286.58858510526,59689.97465459766,-249596.6139305076,0.4601417517902082,0.5439613079795595,0.4997382190150291,0.7344679826088706,1.6342492497070644,0.8455774235010753,0.34583920448604627,4.609648290451378,0.006760532945067211,0.7657831062935276,6.691592901198959,0
250.00000000014325,298.4479926082177,-309272.67287013447,59636.31961646774,-249636.35325366672,0.45657727240536805,0.5548951097738812,0.49938516939745914,0.7293811542623416,1.6629856349882992,0.8456101068919943,0.3462249374945352,2.4777303438055656,0.0040194697463128235,0.7573037929148434,6.597491177567832,0
251.00000000014802,302.66164229300426,-308494.1315811807,60478.29733311345,-248015.8342480673,0.4603322337035243,0.540038222580379,0.4997266921227528,0.7376965323262947,1.5721273788342067,0.8402527444936287,0.34052605237087596,2.186621294877366,0.004327031885847157,0.7614848254225457,6.6289552809535195,0
252.0000000001528,300.2991341463928,-307845.06866854755,60006.21745850434,-247838.8512100432,0.4639233668641789,0.5420192503389853,0.5027713898506736,0.7434654351135208,1.5718321930365438,0.8486346102089946,0.34586322035832096,7.376504970090194,0.008661518240874203,0.77142121447425,6.576381595814766,0
253.00000000015757,302.2003024381851,-307930.5882108002,60386.1117204934,-247544.47649030678,0.4641592152143641,0.5380473119508224,0.5003708148129606,0.7228411735546736,1.6017911350078329,0.8452017567182328,0.3448309419052722,5.088279529758045,0.00882343021097639,0.7679593130550515,6.63134243884015,0
254.00000000016234,299.0801833972456,-307987.4089949257,59762.6449156382,-248224.76407928747,0.46352136482473716,0.5389261039386977,0.4999074037891731,0.7454421445189814,1.5854376375139445,0.839953754860244,0.34004635107107095,6.113115261385509,0.004908267258516649,0.7601161937413448,6.715546825074739,0
255.00000000016712,303.9566802460137,-308349.87789865304,60737.07373367216,-247612.8041649809,0.46514081554096975,0.5373978268211523,0.5000638852217094,0.7309903173070715,1.5823684449726798,0.8322604705329857,0.33219658531127627,9.609071582413211,0.0027807205637685,0.7638543167792244,6.659408203365899,0
256.0000000001719,301.2934353558879,-308058.63258642657,60204.90019785293,-247853.73238857364,0.45427218323040597,0.5315515558562875,0.5003238248236059,0.7377519050854193,1.6583373430158472,0.860378313437921,0.3600544886143151,8.915524470837491,0.0032393724564583654,0.7722585031492546,6.647637076691211,0
257.00000000014825,300.3505649883731,-307767.6615555943,60016.494445471726,-247751.16711012257,0.4577787687560626,0.5387930927498226,0.4997997094861857,0.7767929008140886,1.5613527395966376,0.8508993239525124,0.35109961446632676,5.9750323045984715,0.003405994128860507,0.7688168759374294,6.724612201109387,0
258.0000000001246,296.5909914172472,-308089.87308203476,59265.2508899367,-248824.62219209806,0.4678616492844925,0.5420347870544884,0.5018981406034593,0.7429137786816855,1.606979878754121,0.8572793207217636,0.35538118011830433,6.2552945860242115,0.004901431861878784,0.7848071799826162,6.654668548446992,0
259.00000000010095,300.2287636360334,-308497.0518363146,59992.155918968776,-248504.89591734583,0.4640949730314401,0.540096293540369,0.49961965171228223,0.7337262089993581,1.6261256985278085,0.8287664806387441,0.3291468289264619,2.6439562098471048,0.006374454700031425,0.7728858720848226,6.646282650152429,0
260.0000000000773,302.6913546069587,-308351.84551559854,60484.23449166509,-247867.61102393345,0.46448662303613375,0.5389133678095805,0.5004566383874237,0.768977013104708,1.6464808599908807,0.8382365138445658,0.33777987545714205,8.058687080003557,0.009096068431186871,0.7750195351809346,6.763935616941652,0
261.00000000005366,302.78512036591127,-308053.79002942797,60502.97090440188,-247550.8191250261,0.4549677832361638,0.5394304333238376,0.49955706107255665,0.7539518184137499,1.6451327167937961,0.8580719355120902,0.3585148744395335,15.180368959634833,0.008564467553879669,0.7686807439905845,6.690677207570534,0
262.00000000003,298.6084072077815,-307586.89821808506,59668.37389918257,-247918.5243189025,0.4605610460312022,0.5441030663348663,0.5009248711535178,0.7286311335423523,1.694918205259782,0.851488321001985,0.3505634498484672,3.998233573283912,0.008327195940659934,0.779542794714903,6.897075873984448,0
263.00000000000637,300.3895792263468,-308275.1948277033,60024.290328248695,-248250.9044994546,0.449709252975933,0.5441930404768822,0.5012690367174397,0.7226573425387866,1.6270684059725573,0.849474087177174,0.34820505045973427,3.8833790527785963,0.004089747801741136,0.7763405499080847,6.604547047854171,0
263.9999999999827,300.0302944640953,-308064.3960536993,59952.497515277464,-248111.89853842184,0.4646285348292123,0.536924515239555,0.4987590231851125,0.770272843778697,1.5820452255943742,0.8167200361885377,0.3179610130034252,2.054350765351022,0.004463510978880015,0.7715682535448831,6.683986857739967,0
264.9999999999591,300.0453977989031,-308291.37363072345,59955.51548599324,-248335.8581447302,0.4582843009316271,0.5369694184398597,0.5017587806002297,0.7402818425855688,1.4979896785759195,0.845941124173748,0.3441823435735183,5.339054015740889,0.007177495226739864,0.771646531215394,6.634269463701642,0
265.9999999999354,298.38252012548475,-308138.1290221065,59623.23680806209,-248514.89221404443,0.457386328873735,0.5487312522626429,0.5018937518835322,0.763786987335811,1.5022564602247677,0.8263169480949061,0.32442319621137383,6.176407780308289,0.00903515604150911,0.7554010286344219,6.653946479091026,0
266.9999999999118,299.6705717282202,-308723.17399261845,59880.61718576854,-248842.5568068499,0.4501945180836371,0.5469347738386388,0.5021040753649945,0.7702233586093286,1.512920754881625,0.8304622443885712,0.32835816902357673,4.031612722380781,0.004652891905776659,0.7552690122758765,6.732936086704356,0
267.99999999988813,302.78810680660587,-308619.98319822457,60503.56765940171,-248116.41553882285,0.4591497354615246,0.5423810721494373,0.5010898421010554,0.7572428814729495,1.5947149786355954,0.8327313040871,0.3316414619860446,4.229855481063284,0.006148141170883114,0.7672259703417614,6.663905272841802,0
268.9999999998645,296.60397970160267,-308680.8935083244,59267.846228140595,-249413.04728018382,0.46333999806575665,0.545878260824983,0.5029730966671737,0.7416205513211125,1.6115918732535022,0.8439152355487107,0.340942138881537,8.190880258173198,0.004833691073513637,0.7696828706262533,6.729083075446809,0
269.99999999984084,298.05088449915826,-309479.6412035809,59556.96888635495,-249922.67231722595,0.45444868429888974,0.5651083928168692,0.49996225896868474,0.7418458576095404,1.6791668193334406,0.8518753218381812,0.3519130628694964,2.771618264831151,0.005787508410953594,0.7651109119763364,6.674708306915569,0
270.9999999998172,299.6980000583775,-309270.7890633475,59886.0979552973,-249384.6911080502,0.4546472105064874,0.5581129181915175,0.5011377294254318,0.7158419435523382,1.683123224766108,0.8352032572964714,0.3340655278710396,3.3165775790919803,0.007739378300981793,0.7716502295499623,6.711291636777304,0
271.99999999979354,297.6983372311012,-308682.3157996135,59486.522369445855,-249195.79343016763,0.4534194716551956,0.5425986677799295,0.5002184092833813,0.7575547741352135,1.6128558589295565,0.8194545416881908,0.3192361324048094,5.44196837347178,0.005722617076070554,0.7555635813611321,6.643958825853943,0
272.9999999997699,298.4327009935588,-308704.7066090028,59633.26402339345,-249071.44258560933,0.46219891676094504,0.5361372023175033,0.49928532924943875,0.7396133797798701,1.630371753413499,0.8159846840582522,0.31669935480881345,2.4494591598677387,0.006939182583058105,0.7726824917861785,6.685745043311243,0
273.99999999974625,299.9070016700064,-308900.82584302314,59927.860966676715,-248972.9648763464,0.4594458423732286,0.5555924584960668,0.4994062231285855,0.7309737687411815,1.6533725136077537,0.8542846179516499,0.3548783948230644,2.1019385133799635,0.0044799288207557275,0.7727947978799783,6.720994741024029,0
274.9999999997226,299.43684019722366,-308123.4941618261,59833.91260529829,-248289.58155652782,0.4566370774235291,0.5483337184912553,0.5026649352887624,0.7464790244387922,1.617097784365189,0.8303599089702041,0.3276949736814416,0.30589033413503774,0.007728974832251641,0.7752955711355956,6.713062167956906,0
275.99999999969896,299.2297814074554,-308172.2767061177,59792.53781145865,-248379.73889465904,0.4582547284627838,0.5468820663518024,0.500088367077512,0.7257106819488985,1.6253576874464777,0.8304186886914917,0.3303303216139797,2.1801696682383995,0.007519509051045401,0.7668416224881174,6.809852958112863,0
276.9999999996753,297.70999228251605,-307698.1561033977,59488.85129907023,-248209.3048043275,0.4550254878691695,0.5474127880744408,0.49783784466641784,0.75204318387344,1.5599078337317493,0.8262340188517485,0.3283961741853307,4.2494655443435025,0.007133950953790078,0.7645049329514411,6.695010669347512,0
277.99999999965166,299.0518221606495,-307196.41025992343,59756.97773136405,-247439.43252855938,0.4625235878164009,0.5438973338539659,0.4998559616682844,0.7578149119181248,1.509235312042975,0.8305341548455095,0.33067819317722513,4.741773182378667,0.006923681674246597,0.7441566452792907,6.779007518321784,0
278.999999999628,301.0961012346192,-307835.6339748823,60165.46860166637,-247670.16537321595,0.46631660540864805,0.5374794400975969,0.5013054974811555,0.7442198435911123,1.4778310698064168,0.8355663570095123,0.3342608595283568,12.304867282463219,0.005455140388872185,0.7698497929853474,6.7558534898806215,0
279.99999999960437,300.80191062752834,-307779.3340232866,60106.682999125354,-247672.65102416123,0.4592078796238459,0.5450593826360295,0.4979078149661429,0.760483153087943,1.571734793424401,0.8214029015776785,0.3234950866115356,0.5545716236179944,0.007885396581837331,0.7707922226681596,6.7335815930906975,0
280.9999999995807,300.3058512258959,-308969.0594600546,60007.5596752726,-248961.499784782,0.4569445312507914,0.5518835867176497,0.5003208113366547,0.7629779171203577,1.5711806701653401,0.8306451875526468,0.3303243762159921,5.6308567258858115,0.004297280971503215,0.7698413716756293,6.7715423357466165,0
281.9999999995571,298.72684741223173,-307927.8952035452,59692.04079613941,-248235.85440740583,0.4633936193178414,0.5395212544814001,0.49892021439640705,0.7588137910228823,1.6127207258421146,0.8435448579135465,0.34462464351713945,1.809880508710088,0.007359897006151252,0.7629360717837805,6.667134967674642,0
282.99999999953343,301.72373452969765,-308651.6553335311,60290.8832156503,-248360.77211788078,0.46290442015871114,0.5487785186797378,0.5008511628377823,0.7176180032448896,1.5445565148446114,0.8113220319914811,0.3104708691536988,7.2720656721818075,0.006098627312595952,0.77274220684057,6.753443800695678,0
283.9999999995098,303.0013886132552,-308041.6854024376,60546.185945685225,-247495.49945675235,0.46148650540005054,0.5421138585589809,0.5010977623133563,0.7277073816979227,1.5902360724585378,0.8177748878514708,0.31667712553811445,5.557993595185867,0.004519578184633298,0.7668164929802788,6.726499651753933,0
284.99999999948614,299.1300430782722,-308526.3238071436,59772.60795089835,-248753.71585624525,0.45796047635205017,0.5359336217107931,0.4996986772438904,0.7318519811766251,1.5623129054469835,0.8387597306698754,0.339061053425985,6.2084584997447045,0.011205801400188191,0.7628461379537512,6.679643711521216,0
285.9999999994625,301.0250075432013,-308407.77637835126,60151.26255502133,-248256.51382332994,0.4584288406954906,0.547578889347383,0.501523472350824,0.7188789476802047,1.4663355799472946,0.8323683896889196,0.3308449173380956,5.209467436706996,0.004828987911367058,0.746715112805596,6.701187568498817,0
286.99999999943884,301.6174475982342,-308244.2916497062,60269.644803689764,-247974.64684601643,0.4463942673148611,0.5413446590924611,0.49923138794219246,0.7262120764019917,1.4915877726731335,0.8279357541450326,0.32870436620284016,2.6343114157075473,0.005369209731597199,0.7648249974827115,6.609646330544899,0
287.9999999994152,300.0056210424296,-308496.60277204216,59947.56723564104,-248549.03553640112,0.4511547131797409,0.5432033410226298,0.49941876898660065,0.7331664927227912,1.498774936982528,0.8268548761799337,0.32743610719333305,5.2336025032033024,0.0075257971180630635,0.7725823490532533,6.708384837272476,0
288.99999999939155,300.64211259171265,-307953.8652577684,60074.75191909126,-247879.11333867715,0.44869887260457864,0.548452246292273,0.49875742594296646,0.7132459572118215,1.3682741352277077,0.8318201391821249,0.3330627132391585,2.245091430147539,0.005533557580212676,0.7653479816153599,6.706411047744041,0
289.9999999993679,299.61338523604115,-308196.54844077677,59869.19009625948,-248327.3583445173,0.46096675529464903,0.550248474864663,0.5000650034040358,0.7480446302236423,1.341901566228577,0.837019409038752,0.33695440563471624,8.245264007849295,0.0057188635748198855,0.7739182307287216,6.684809484573563,0
290.99999999934425,298.63488056070605,-309048.0296743014,59673.66384374722,-249374.36583055416,0.4606917006528368,0.5338771496819579,0.49887972246802054,0.7472475197917241,1.3679513250344968,0.8233794699434124,0.32449974747539184,6.0854357885134975,0.004670073340813957,0.7631982907313954,6.726166647190681,0
291.9999999993206,301.55013194232583,-308757.9905126323,60256.1936896921,-248501.7968229402,0.45916823776129956,0.5344569187722588,0.5008563817582579,0.7453178299854155,1.3780117735232054,0.8480578979449497,0.3472015161866918,2.3901525315048264,0.006311994270960275,0.7656330136786789,6.602753268848758,0
292.99999999929696,298.3391743629933,-308989.43450591806,59614.57539364489,-249374.85911227317,0.4543283598097191,0.537187788335558,0.49841909141816576,0.7382792917684142,1.349041333722779,0.8239486732006628,0.325529581782497,4.553056437070961,0.00459780343468377,0.7746727144649164,6.651845699693013,0
293.9999999992733,299.048657097717,-309835.116205581,59756.34528380426,-250078.77092177674,0.4614916163483853,0.5430866435870443,0.5007021003575541,0.7487400143011123,1.3566015333249979,0.8434097644378657,0.3427076640803116,1.4970675469545363,0.004331330155241285,0.7593961415700887,6.5637310527575465,0
294.99999999924967,300.07432686659837,-308777.07103745965,59961.296135118086,-248815.77490234157,0.46466701885689354,0.5525748818702043,0.5015463765941011,0.7651196440615742,1.3657749422759373,0.8368072491832783,0.33526087258917725,4.14201213263227,0.005704286758583486,0.7549196340868489,6.602469463685749,0
295.999999999226,298.40117203861627,-308192.48280042177,59626.96386095077,-248565.518939471,0.4600513523327119,0.5356043608165701,0.4976428239577392,0.7695857319823114,1.3381503436146822,0.8431301395744358,0.34548731561669666,6.3732222254562085,0.008698161413335988,0.7698749438202466,6.555130691513639,0
296.9999999992024,298.839586048521,-308619.64670935273,59714.56839730743,-248905.0783120453,0.4613232341677662,0.5446671181051683,0.50101852063222,0.7659658599121499,1.3600041348571281,0.8457828037489767,0.3447642831167568,6.547995963928537,0.00589847852916883,0.7783621519968256,6.624933218743797,0
297.9999999991787,299.4357609596309,-308324.2087379885,59833.69695044512,-248490.51178754336,0.45987304366664405,0.5377275222787361,0.4979617979082445,0.7379598621714358,1.3330691019126224,0.8382421127864844,0.3402803148782399,4.619401959381903,0.004855990688455023,0.7688790048807084,6.638172927769162,0
298.9999999991551,303.1812065137499,-309230.4706576038,60582.117424710916,-248648.3532328929,0.45416575934652426,0.5433865639802375,0.502934030818113,0.7650207792591512,1.4067264331789815,0.8701498632892815,0.3672158324711684,1.75724496326749,0.009429539818679479,0.7645603596898454,6.61776568773665,0
299.99999999913143,299.98238885628194,-308417.27012363914,59942.92494581902,-248474.34517782013,0.46302525456211274,0.5440541534339958,0.4992383894033263,0.7588294285497819,1.431666352774025,0.8426516875515707,0.3434132981482444,4.584305198377298,0.004669117890846299,0.7776208771677222,6.566236971398141,0
300.9999999991078,298.2593289417236,-308486.1833784841,59598.620563387405,-248887.5628150967,0.4592603176130452,0.5369362577196846,0.499858504592969,0.7408334667947258,1.4145606122777927,0.8201002416652523,0.3202417370722833,6.438555998234399,0.0037611321662991905,0.7750679430717451,6.556591788381098,0
301.99999999908414,298.90638622660185,-308512.7785474248,59727.91650776261,-248784.8620396622,0.4610457579247642,0.5404977753195048,0.5004107014379199,0.7774502864784516,1.4567172701105218,0.844157752190437,0.3437470507525171,7.041290446037693,0.0057180912493978355,0.772546716589483,6.565819218463972,0
302.9999999990605,298.66482942774917,-308954.14622944826,59679.64827068715,-249274.49795876112,0.4585578338961964,0.5420066313233161,0.5013638560541902,0.736182261756424,1.4998236255699524,0.8427190739850408,0.34135521793085055,2.9804768971605595,0.003266648184805504,0.7752843543348824,6.5805017265389125,0
303.99999999903685,300.63518249307657,-309391.39154541725,60073.36713652453,-249318.02440889273,0.4601662448263698,0.5336297522321942,0.500817236712571,0.7558966063746304,1.420764212264884,0.8346482764154117,0.3338310397028408,6.64709481618909,0.0047976969191768064,0.7690073860621826,6.539070055126771,0
304.9999999990132,300.54044007128596,-309378.0032231505,60054.435565573884,-249323.5676575766,0.4653796998708817,0.5389584796707831,0.5020876487484109,0.7574428173768313,1.463998653264488,0.843179435790752,0.3410917870423411,2.835090675679869,0.00949883372358147,0.7678011142297043,6.669062362571609,0
305.99999999898955,299.51750645153453,-308904.5732447086,59850.03145562898,-249054.5417890796,0.46326903349444315,0.5562003967481504,0.5000400460601517,0.7680764852137489,1.4722570981072352,0.8197193336163937,0.319679287556242,1.742698454034222,0.006636684953047336,0.7668721491954162,6.617516424868384,0
306.9999999989659,299.7499301246088,-308727.7176805767,59896.474697993435,-248831.2429825833,0.4485011389741098,0.5437851937172518,0.50021257766211,0.7753772310469209,1.5138599631583265,0.8544115342375611,0.3541989565754511,3.995728026478092,0.005819198174874531,0.7551159133545831,6.595433452824196,0
307.99999999894226,298.63977571004773,-307803.220066709,59674.64199973399,-248128.578066975,0.4555108481494665,0.5526294661632738,0.5002742141008575,0.7567389859180285,1.4153132385867764,0.8328175024456298,0.3325432883447723,3.5037054805806984,0.00718201134166594,0.7565407133818629,6.572453662696915,0
308.9999999989186,305.0024586035557,-308185.93866502214,60946.04271293492,-247239.89595208722,0.4622074443489028,0.5413812126349562,0.4994444519796654,0.7373350305299966,1.4074726650482887,0.8554238890397378,0.35597943706007235,4.5407726003648206,0.007361146628575342,0.7669490404361454,6.660472885480537,0
309.99999999889496,301.89388752959917,-307783.32936609956,60324.88343993443,-247458.44592616512,0.4596765940246289,0.5389172485086275,0.49959637405455104,0.7365983421762934,1.3145979217830082,0.859393217119649,0.35979684306509796,3.3503420593519535,0.005789245640579646,0.7563316490878034,6.725634766619947,0
310.9999999988713,301.9088175632161,-308406.64731740626,60327.86678134972,-248078.78053605653,0.45969513185748634,0.5372677728341895,0.49968256010348844,0.7487981306606682,1.5147347546504708,0.8448148076097121,0.3451322475062236,7.382707921104414,0.005914424552820559,0.7767618440331177,6.707578283071896,0
311.99999999884767,303.1108570992849,-308400.7877949793,60568.060100588205,-247832.7276943911,0.4490793461964575,0.5452763980293849,0.5015820243780222,0.73720082368561,1.3288780289137065,0.8431015123278007,0.3415194879497785,5.36023412384402,0.00491672819457058,0.7634503466141602,6.695102145796795,0
312.999999998824,297.5874119681742,-308355.2918237103,59464.35711922706,-248890.93470448325,0.45337936718597227,0.5502331410478156,0.4995904685465015,0.7286307576706346,1.3866602836681423,0.8276807749305943,0.3280903063840928,6.152443866105717,0.006701241132723888,0.7689120381971897,6.598751477407653,0
313.9999999988004,301.22281664434803,-308947.2578932396,60190.78906239013,-248756.46883084948,0.46284545496239193,0.5448931560778316,0.5009592848777009,0.7636750497289952,1.4634358852833163,0.852117788987049,0.3511585041093481,7.186278940172202,0.007928136844955837,0.7574604362437238,6.671435604891926,0
314.99999999877673,299.05145877275226,-308870.19439413445,59756.90511865656,-249113.28927547787,0.45917577512571395,0.5446565598078212,0.5002444032847918,0.7267979161966327,1.3489512318326637,0.8235379761446496,0.3232935728598578,2.703635011332785,0.007702487680008299,0.7684791970819607,6.657593588706646,0
315.9999999987531,299.01340676774464,-308107.37126210565,59749.30151069509,-248358.06975141057,0.4508194012050062,0.5365295910170467,0.49929744158390715,0.7604755449743745,1.4783715687901129,0.8481339426375126,0.3488365010536055,3.0508066733267913,0.006158571588986786,0.7734291796410648,6.670029109413495,0
316.99999999872944,304.42157846601845,-308530.386757107,60829.970384090324,-247700.41637301666,0.45210137915740867,0.5447757624293956,0.4993369727451631,0.7315053068577058,1.481506952974378,0.8169356478399672,0.3175986750948041,5.806374600034802,0.0055658698534798495,0.7747494834589066,6.63383862351321,0
317.9999999987058,300.58019933130237,-307953.1672482523,60062.38031975813,-247890.78692849417,0.46206197721648135,0.5470777298606819,0.5030389056772774,0.734212654451353,1.530860344698059,0.820270785314172,0.3172318796368946,4.240852807032117,0.007079524131597612,0.7512974894670634,6.6329796873458235,0
318.99999999868214,303.6964517715113,-308534.9581649164,60685.074494732384,-247849.883670184,0.4517743624339645,0.5400698968028177,0.49866472389560185,0.743246478783723,1.4257235563059238,0.8251009162577688,0.326436192362167,4.954470877672238,0.0066846941817062374,0.7348643593391979,6.660512929722781,0
319.9999999986585,302.3485430501556,-307752.58650202444,60415.73337898859,-247336.85312303586,0.4522981861801547,0.5551881730450132,0.5016100738433055,0.7688399316543961,1.467391122798766,0.821963504881115,0.32035343103780956,4.040719497306854,0.006306272965208261,0.7695300590444869,6.530079838355981,0
320.99999999863485,301.6833839753856,-307793.95281038014,60282.82030816472,-247511.13250221542,0.4624074155484168,0.5326388476324717,0.49991474450871753,0.7595700968418093,1.3949690264855015,0.8216103207133341,0.32169557620461653,7.137473676968982,0.008397283243014064,0.7553008586994121,6.620662707410492,0
321.9999999986112,299.63601683425713,-307551.6493791118,59873.71237571207,-247677.93700339977,0.4660943392503869,0.5390157066946792,0.5005906226692889,0.7846745489385984,1.4378861960675167,0.833166532137364,0.33257590946807514,2.5041000749699562,0.006685178884150846,0.7741882132332232,6.6422624940546235,0
322.99999999858755,300.4029055406286,-308631.50057384465,60026.953212092776,-248604.54736175187,0.4661214277845689,0.5371779848330469,0.49945326868903267,0.7374736175097905,1.4387061979027713,0.8227803726086917,0.3233271039196591,4.552547020062625,0.006324406190578077,0.7703011472264016,6.710807772800845,0
323.9999999985639,302.7148254322249,-309389.02647257224,60488.924466708995,-248900.10200586324,0.46217690777999554,0.5385323718968316,0.5002621656860355,0.7725083203559182,1.4123831778925862,0.8203569225245819,0.3200947568385464,3.1132907570035346,0.0059616485482592305,0.7763690767823448,6.672054471567719,0
324.99999999854026,300.7623436829858,-310297.30827464676,60098.77667370373,-250198.531600943,0.4606089569336307,0.5370251491824054,0.5003057789226616,0.731001558946373,1.4662063167813324,0.8251679416369655,0.3248621627143039,2.6669340380811546,0.009268939503640557,0.75557036396048,6.750869038776955,0
325.9999999985166,295.907196176467,-309084.3981587156,59128.613912837245,-249955.78424587834,0.45388189944931057,0.5375546660495392,0.49894407221730525,0.7347990192549707,1.5184728638087641,0.8283525859444686,0.32940851372716334,3.864353208744074,0.00615589611601845,0.7753476655684999,6.7713393439309755,0
326.99999999849297,299.2825895458413,-309921.93425557157,59803.09001183235,-250118.8442437392,0.46279415498400023,0.5392957688292395,0.5020153223858285,0.7614429633900608,1.4620486084048387,0.8375185130547566,0.3355031906689281,2.691344774092325,0.005166635266793638,0.7716662433868438,6.7496222988283066,0
327.9999999984693,297.7047665441145,-309791.6721708914,59487.8070842882,-250303.8650866032,0.46695474255722536,0.5437238144232155,0.500689505108853,0.7263691463518955,1.4935015560734408,0.8368997291256164,0.33621022401676337,3.403616996891641,0.00875987920707181,0.7785150411263663,6.708634142027691,0
328.9999999984457,299.02467599466826,-308940.4044886781,59751.553344298576,-249188.85114437953,0.4429781316337271,0.5489555455579938,0.5006616944733459,0.7686253907243445,1.5362467321074185,0.8465393577370675,0.3458776632637216,5.177731508734835,0.003008955845215816,0.7649861249052883,6.721556070098231,0
329.999999998422,298.2973869528102,-308665.874377721,59606.225371492474,-249059.64900622852,0.46044937665526753,0.5427087084454048,0.5000866157312072,0.7806095033032427,1.5239083326172675,0.8435828326326189,0.34349621690141174,2.041028893525188,0.0050228640086400515,0.775729452072266,6.74050134863829,0
330.9999999983984,299.45081021905685,-307898.2643267857,59836.70411573806,-248061.56021104765,0.45345346593923974,0.5455875740925293,0.4985110630441435,0.7401251183324662,1.385872908188567,0.8134129053643735,0.31490184232023,5.312195898706016,0.005545878705647883,0.7733659402089206,6.744950699316362,0
331.99999999837473,300.0931796630559,-307589.4803254702,59965.06332881028,-247624.41699665994,0.4676615487559568,0.5438990459405737,0.5021714626108899,0.7644420624894686,1.4181955437104428,0.8275367464227316,0.3253652838118417,5.683542337779724,0.004434805060288835,0.7828192010014892,6.720163671541727,0
332.9999999983511,299.2662323664463,-307536.6506526023,59799.82149603535,-247736.82915656696,0.46576112735956143,0.5448702334717321,0.5011364500655175,0.7326339202850143,1.4797225230971165,0.8406120633227624,0.33947561325724485,6.069724968848933,0.004755473727877164,0.7735633334728709,6.680725232499839,0
333.99999999832744,305.30110451027934,-308221.81536025275,61005.71858004286,-247216.0967802099,0.45699833082734287,0.5437339065009761,0.49873704050559137,0.736765658020353,1.4849535502253275,0.8246056780245615,0.32586863751897016,3.1182390335697434,0.005858467208281523,0.7717425700390192,6.760965577329387,0
334.9999999983038,299.85381239793725,-307557.7975292094,59917.2326076063,-247640.5649216031,0.45279590470401665,0.5422125249165717,0.4992322227516954,0.7427822698913893,1.4702135311722202,0.8236231747554372,0.32439095200374185,3.893492344847602,0.007170651192828279,0.7570417219360799,6.806473951722154,0
335.99999999828015,300.8509966331914,-308482.7036908334,60116.49143742924,-248366.21225340417,0.4538912227081644,0.5456699761432247,0.5014900819938636,0.744308788054088,1.5081580335910445,0.837837120861971,0.33634703886810746,3.3360123248584106,0.00408298884312136,0.7748511145260135,6.837470801048312,0
336.9999999982565,296.4506877032092,-308201.3470507702,59237.21519413381,-248964.13185663638,0.4560616987460717,0.5406273149555574,0.498718304298057,0.7348531230328312,1.5333513816591235,0.8272853625889365,0.32856705829087945,1.7053952909371457,0.004686887860933839,0.7702801579397782,6.890260589205653,0
337.99999999823285,301.6789001335157,-308409.8420578665,60281.92434024573,-248127.9177176208,0.4611294873439499,0.536498309876439,0.4987803417095795,0.7352784256462501,1.5465397096177078,0.8481106787578758,0.3493303370482963,2.9790999464899137,0.006153606273436983,0.7753614546801408,6.894006967073992,0
338.9999999982092,297.8928006843003,-308930.9164259783,59525.38034448985,-249405.53608148845,0.45850847657957416,0.5424467311062658,0.4997978779509309,0.716369814474576,1.5616720157261952,0.8342659324974948,0.3344680545465639,3.1528052432691256,0.0040728556197753,0.7709611908363367,6.74942453370096,0
339.99999999818556,299.4157385245568,-308888.2498173425,59829.69603783337,-249058.55377950912,0.45928501769693897,0.5384221217654446,0.49762136004212243,0.7444220963134853,1.5115259220325505,0.8243640620767343,0.32674270203461186,8.445212158732607,0.004210391928316342,0.7585599508092455,6.832719320068187,0
340.9999999981619,299.78907120207134,-308576.3807727569,59904.295926024795,-248672.0848467321,0.4537978922170458,0.5449404131933392,0.4988195947346441,0.7717105649704257,1.537290306479088,0.8347416038774118,0.3359220091427677,3.748826985961409,0.004879086538278738,0.7594719405402133,6.688329164395562,0
341.99999999813826,299.89693771900215,-308680.29135308415,59925.84997309136,-248754.4413799928,0.451333356060303,0.5392631694459862,0.5017360808222534,0.7639006307257437,1.5034359314153356,0.8554374350175837,0.35370135419533033,2.7487842993408145,0.0053108983341246556,0.7702581197758187,6.659229054940155,0
342.9999999981146,299.9753347115568,-308990.251439373,59941.51537617919,-249048.73606319382,0.4628896354933265,0.5413320842274363,0.49921319096935657,0.7840102349639522,1.7237582663918545,0.8703329258883777,0.37111973491902117,6.72527538239476,0.00778272196071841,0.7707415851294734,6.74478883850432,0
343.99999999809097,297.0686686921985,-308959.19188462803,59360.701070028605,-249598.49081459944,0.46415393462525323,0.5532188280904444,0.5007739870846516,0.7450379099568436,1.7690290556443777,0.8456734950269285,0.34489950794227686,9.076990770948381,0.00553734184807163,0.7443626431401338,6.682992645405818,0
344.9999999980673,299.87114715905705,-308486.72003178345,59920.696465230474,-248566.02356655296,0.45761016994372383,0.542901131369586,0.4981595106554529,0.7030689011846221,1.801012614071798,0.832950134613901,0.3347906239584481,7.124286198087731,0.006865042572777657,0.7639811202630593,6.685497819610983,0
345.9999999980437,301.7086298376008,-308279.747861295,60287.86497371902,-247991.88288757598,0.46286809658268435,0.5569730882328265,0.499288451026381,0.7473299661246031,1.7081329973349533,0.8445378569422151,0.3452494059158341,7.549336946538424,0.007183424092198292,0.7641237174211728,6.653636056066489,0
346.99999999802003,299.3188045768153,-308540.67001879215,59810.32655292352,-248730.34346586862,0.46196408340519657,0.5425140299445599,0.5009537168987054,0.7338510614323113,1.6924986009852887,0.8309602977110082,0.33000658081230283,10.466683448573958,0.006031786731609098,0.7734350472994418,6.662947300103625,0
347.9999999979964,298.5278191243197,-308564.8818357596,59652.270669066645,-248912.61116669298,0.4598710378301796,0.5438570030880605,0.49938912945231134,0.7342907343501128,1.7067122325255752,0.8230049401248374,0.32361581067252604,4.569389349840025,0.005683237895795457,0.7684256353216288,6.7480401154248,0
348.99999999797274,298.66238046489224,-308253.557976827,59679.15891530436,-248574.39906152268,0.4556531394214316,0.53513913649812,0.4999327210834369,0.7292238459956257,1.6616200802955348,0.8330808394018009,0.333148118318364,8.622513147044891,0.005428146895395733,0.7668799359066867,6.693886367266323,0
349.9999999979491,301.59614485404217,-309195.75242989743,60265.388057815064,-248930.36437208237,0.4627342699506416,0.5431669575169185,0.5013030766484319,0.7764080066808035,1.7056676086908267,0.8317786650058199,0.330475588357388,4.898999764720987,0.007629235259708965,0.7579793110787456,6.7119815322580365,0
350.99999999792544,296.7254958451676,-308056.4497593944,59292.12776380404,-248764.32199559035,0.46146786758957026,0.5469536553250123,0.4994783239117203,0.7272407737297399,1.633127431180931,0.8454339237912643,0.34595559987954394,9.0383158309066,0.005182105398907135,0.7732591545093443,6.672730541577025,0
351.9999999979018,301.1835357982167,-308565.3477161564,60182.93990557651,-248382.40781057987,0.45597167155137264,0.5401320392247131,0.49987258448334804,0.7576529232722411,1.7775168192684578,0.8441700104803246,0.34429742599697655,3.3528635577443207,0.006194915040999106,0.768807782129528,6.699133889651936,0
352.99999999787815,301.12822211906916,-308153.68167415215,60171.88704433935,-247981.7946298128,0.4597246912837516,0.5497890888430295,0.4990746101484532,0.724545008183187,1.627931372298569,0.8310285614265102,0.33195395127805694,3.017788241878205,0.01014657141194428,0.7648496494875214,6.735737057931459,0
353.9999999978545,298.7007244944054,-308138.83926369436,59686.82087603476,-248452.0183876596,0.4618788456842342,0.5422951118353252,0.5014494237474997,0.7494733164950595,1.6498781149866009,0.8249133917654059,0.3234639680179062,7.140473624314023,0.006128050795149042,0.7800993167944199,6.644312880917084,0
354.99999999783086,301.07944032245666,-308154.31928089866,60162.1393935382,-247992.17988736046,0.46112631524964875,0.5498059823275057,0.501269922173117,0.7563696963210695,1.6721842471886479,0.8334999772141316,0.33223005504101455,3.382426802281324,0.005895222071083927,0.7715086392519792,6.731241674978676,0
355.9999999978072,301.3029956811322,-308031.7249160423,60206.81055619349,-247824.9143598488,0.46027482638741724,0.535210352374639,0.49742003669218704,0.72485659339665,1.6245893023669211,0.8215140557305256,0.32409401903833857,0.8771731542737111,0.005952964187601416,0.761973005786972,6.6207139292008605,0
356.99999999778356,299.1994060355883,-308779.7296289271,59786.46815969351,-248993.26146923355,0.45291496167449274,0.5438316583375089,0.49819144926027437,0.7512898562465802,1.5596845279261116,0.8217039633883287,0.3235125141280544,2.8287896902442293,0.005628918506708692,0.7665635065075822,6.777741710907762,0
357.9999999977599,297.50083228836405,-308499.3414000948,59447.056639460636,-249052.28476063415,0.45496491015070184,0.5405559302297913,0.49801856792188465,0.7472672442831345,1.4407186045618126,0.8243197032203653,0.32630113529848065,2.8063064081078246,0.005810313902739557,0.7558330425533217,6.669057445484498,0
358.99999999773627,300.49220759360486,-307659.688762242,60044.79768049465,-247614.8910817473,0.45629709742919067,0.5427104673993721,0.49821064884199634,0.7685079877234671,1.565960946331309,0.836229949580087,0.33801930073809067,3.0495414722954033,0.005686210320828148,0.7673642741223992,6.663820586391097,0
359.9999999977126,297.9863393469756,-308439.95133882016,59544.0713785124,-248895.87996030776,0.462800748793474,0.5390322923025499,0.5009378281238174,0.7529174422535405,1.6244450069421923,0.8176326351966283,0.31669480707281095,3.2122181673760024,0.005342663156430115,0.7792761067254919,6.600055108929531,0
360.999999997689,299.1521382287428,-308526.3450900484,59777.02303656846,-248749.32205347993,0.4599623550439871,0.5442479852913582,0.4998653237935141,0.7595222607659539,1.6174167004159514,0.8093801123871971,0.309514788593683,1.453555779895075,0.00874345490558873,0.7692943221305402,6.637212693182036,0
361.9999999976653,296.94578427673895,-308672.4213628513,59336.14612424999,-249336.2752386013,0.4604238683390678,0.5378514076287946,0.5000525756236093,0.7352860869776485,1.5476340279304015,0.8439980175721695,0.34394544194856025,8.833435268494139,0.007415402103285805,0.7686014232346334,6.74544296911057,0
362.9999999976417,298.5449509309371,-308487.27717612777,59655.69397202175,-248831.58320410602,0.46179349283240523,0.5429214520546477,0.49996966759123945,0.7783784125393822,1.5901797547153613,0.8452437401385737,0.3452740725473343,4.066748209322239,0.006063141255028998,0.7478913561547138,6.72335704211946,0
363.99999999761803,302.70601900766906,-309986.89517267747,60487.16475391983,-249499.73041875765,0.45394837424771506,0.53990441053132,0.5006002011932176,0.7373753032366785,1.4731795356202362,0.8483866481896778,0.3477864469964602,8.515895579845191,0.006995375521355988,0.7582324307145409,6.606227755721413,0
364.9999999975944,295.90364735653975,-308649.71965245996,59127.90478238677,-249521.81487007317,0.4572344370945651,0.5345675695591083,0.4996686943025209,0.7700472851803255,1.5858087534070013,0.8465352876896981,0.3468665933871772,6.509955407790376,0.007199535862377965,0.7648567208072627,6.6210150667410375,0
365.99999999757074,296.96143590990596,-309041.65949543007,59339.27365675544,-249702.3858386746,0.46230365505984494,0.5432641921718577,0.5013459489573348,0.7557278794627598,1.2976611386937762,0.8342249873951253,0.33287903843779054,7.595877364435709,0.00945109023945275,0.7623435772184308,6.595170981645969,0
366.9999999975471,301.027363375083,-308923.30123372003,60151.73330083479,-248771.56793288526,0.4613599605349341,0.5320216998944967,0.4991644293199504,0.7323744998698603,1.227348865084604,0.8091371274800998,0.3099726981601494,2.9367788047759613,0.005287641071907967,0.7764907367000031,6.647484918306304,0
367.99999999752345,298.68650389807533,-308977.84111217596,59683.97929542815,-249293.8618167478,0.4556531301400322,0.5482506246776389,0.5012354907045932,0.7412326875182025,1.2415744113492324,0.8340459703833104,0.33281047967871724,3.185819740955964,0.0063479881188561035,0.7759705265867156,6.65608041984008,0
368.9999999974998,295.6650889597393,-307488.91145723034,59080.23569044733,-248408.675766783,0.4585751305254684,0.5488423483004805,0.5018041203462591,0.7603984124284153,1.2824844238568263,0.8302381940098621,0.328434073663603,2.8213678190646734,0.0070068276885221345,0.7696671412278624,6.696377502205294,0
369.99999999747615,299.22182905636356,-308050.1537716314,59790.94876089318,-248259.20501073822,0.4644980324511998,0.5435327553238167,0.4999698047427878,0.7458333854133095,1.316873239678273,0.8490661951300591,0.3490963903872713,10.3677862896964,0.00517563997570266,0.7753424480739,6.740989276002146,0
370.9999999974525,299.527877493946,-308276.2351918509,59852.10381267384,-248424.1313791771,0.45829938099168466,0.5461337532135091,0.49896740759755603,0.7223692057876452,1.3609858358614346,0.8441265794724773,0.34515917187492123,4.047073295690503,0.0075292331529167615,0.7540859592625205,6.788170151712947,0
371.99999999742886,298.92753023788003,-307730.83931949874,59732.14153539152,-247998.69778410724,0.46060518312438514,0.5516829844467246,0.5021630944778664,0.7723077916179051,1.382089572513891,0.83238276822384,0.3302196737459736,9.208228825461486,0.006508120395975034,0.7732570298761026,6.803991729089944,0
372.9999999974052,297.3950299025678,-307365.61778436834,59425.91505013249,-247939.70273423585,0.4617417762578069,0.5447403715169039,0.49942431807887333,0.7347924284521579,1.3418952567759739,0.8282293137236345,0.3288049956447612,6.575361979922429,0.004190254473228205,0.7583340986726272,6.655741400035083,0
373.99999999738156,301.53996120490086,-307769.8465525345,60254.161357886114,-247515.6851946484,0.462458574288358,0.5543275531506775,0.49842305346386057,0.7191090289978597,1.4369778728176223,0.8382881245847359,0.33986507112087533,1.0747605353888885,0.006780215998970518,0.7577302225043692,6.565216585414547,0
374.9999999973579,302.22003184783443,-308011.00686614076,60390.05408033108,-247620.95278580967,0.457374906856705,0.5345972853712775,0.49619359284920284,0.7314521956411575,1.4076692416702024,0.8268453228726889,0.330651730023486,7.040964370075583,0.006747174718993175,0.7663050836219254,6.629067664415913,0
375.99999999733427,298.78524437316776,-308087.93091935804,59703.70976330711,-248384.22115605092,0.45950012166404,0.5408627313644008,0.5007000398581899,0.7603141514103342,1.5077151928635857,0.8300504166151415,0.32935037675695156,5.737648356509192,0.005573488187799584,0.771439762125885,6.555972553045372,0
376.9999999973106,301.823643567944,-308657.4885749393,60310.84718754824,-248346.64138739108,0.454898547382685,0.5371852036058078,0.49912229978156936,0.7365355868630719,1.4848413909649132,0.8148275425043453,0.31570524272277595,0.21165627654598132,0.004890634283162904,0.7800067741394372,6.617563244339527,0
377.999999997287,302.7051352223615,-308298.9459375185,60486.98815463159,-247811.95778288692,0.457430158326269,0.5334871067130145,0.4965323197373581,0.7008335091923366,1.515318289933635,0.828497119230744,0.33196479949338586,0.9290140096764782,0.005863452529111419,0.7683583971337544,6.682761620451487,0
378.99999999726333,299.89011170831026,-307966.26152580185,59924.48598953171,-248041.77553627014,0.45494780977677163,0.5371427453998274,0.4976718264899303,0.761499486046727,1.5254290840343394,0.8278932284441636,0.3302214019542333,4.888819068786737,0.008481934067424313,0.7705147537209989,6.571295334677515,0
379.9999999972397,301.3655533855978,-307972.38389701955,60219.310929291605,-247753.07296772796,0.46252871666766904,0.5452998287245056,0.5019646035177949,0.7362527269514231,1.5097851942074474,0.8407726438187917,0.33880804030099676,3.399829857463146,0.0075252222264744675,0.7567658757633726,6.645103448397724,0
380.99999999721604,299.03593259711937,-307710.84849240445,59753.80265526127,-247957.04583714317,0.4519929553313078,0.5395663997357567,0.4997376757396909,0.7592112041662666,1.4263240037164735,0.82246001156751,0.3227223358278191,2.7084442562917013,0.005555690563365575,0.7601301613092604,6.614313029189859,0
381.9999999971924,303.07898914647654,-308459.36077359086,60561.69219909022,-247897.66857450065,0.46395753156053665,0.5399556813856963,0.5008672209350767,0.7513997023110535,1.4554297833527094,0.8295614752622511,0.32869425432717436,0.35600523190191635,0.004335406300024632,0.7685690345018745,6.662314216198283,0
382.99999999716874,300.4281196736111,-308673.8200316224,60031.99153746484,-248641.82849415758,0.46282799258088847,0.5461672996541838,0.500509284932532,0.754503412605219,1.5844366598705175,0.8262948146323104,0.32578552969977836,4.399748999367746,0.008924030043753122,0.7668771272343493,6.692333170630246,0
383.9999999971451,297.2190511359368,-307999.2049277653,59390.75071251775,-248608.45421524753,0.4615886231917199,0.5297987302005058,0.49697949307342987,0.7274278534931433,1.6230013429637329,0.8105442015136353,0.3135647084402054,6.235611281950218,0.006706720144656837,0.7609068121238634,6.584301318209086,0
384.99999999712145,300.9686990413753,-308449.1583388159,60140.01090684412,-248309.1474319718,0.459174966253018,0.5450354816498554,0.5007732140731453,0.7290598332226335,1.6033608180637415,0.83241773842235,0.33164452434920466,2.9134631105829376,0.004718205151412193,0.7656621236709684,6.5793896552886295,0
385.9999999970978,301.19016211732236,-308488.4887455213,60184.26398646782,-248304.22475905347,0.45273303238179263,0.5357932152437659,0.49810968960680857,0.7109299115395018,1.6470229768250455,0.8609152059516173,0.36280551634480873,1.740297598318874,0.008924809690068394,0.7505678990101909,6.6380085642649505,0
386.99999999707416,301.03556197914355,-308361.39180027554,60153.37155803295,-248208.02024224258,0.454377541510973,0.5474517098713303,0.4981255441608104,0.7286290646684925,1.6098907933089013,0.8437087104866069,0.3455831663257965,1.3824253627062566,0.005472094398985277,0.7677639550811026,6.573854614365686,0
387.9999999970505,298.5652297728671,-308613.5927330395,59659.746120230964,-248953.84661280856,0.46103699717243884,0.5371616226704479,0.49990240509669304,0.738950307400394,1.5540524590231009,0.8263673222160043,0.32646491711931125,8.261252368858068,0.00883264126127926,0.775999575083814,6.5701183286033285,0
388.99999999702686,296.3054370404912,-308290.10273748124,59208.19099172369,-249081.91174575756,0.4626850669659941,0.5421884074097333,0.5006500393244678,0.7175918977973108,1.5044603724318577,0.8392495906535877,0.3385995513291199,2.002070611036192,0.005141571616759222,0.7785049552452987,6.629495714914029,0
389.9999999970032,297.9247558263215,-309217.9928327338,59531.76566826539,-249686.22716446838,0.45994310735620125,0.5429112779129301,0.49867645814936323,0.7522319393841261,1.6183801722781173,0.830572898820672,0.33189644067130875,0.8496167985847765,0.008760140329417748,0.7827324853521941,6.625265337816572,0
390.99999999697957,298.3390190584227,-309971.3789921659,59614.54436045574,-250356.83463171017,0.46171064095572234,0.5345470663901128,0.5005333487650901,0.7429131486660534,1.5308597078156194,0.8323760534659377,0.33184270470084754,4.21480364461052,0.0052345539452777895,0.7736961502200703,6.621985392316368,0
391.9999999969559,295.7826385470591,-308659.6296739597,59103.724622970956,-249555.90505098872,0.45840767997793286,0.5426064065352696,0.49843368515550157,0.7423257190395747,1.484604644550739,0.838656782764365,0.3402230976088634,4.104835751532663,0.007578495027211305,0.7646114945026286,6.578403758102027,0
392.9999999969323,297.3286724443921,-308650.6759570292,59412.65540462402,-249238.0205524052,0.4661408207370288,0.5517497120221395,0.5017259441197224,0.7309690211655191,1.535503565165726,0.8200346656467852,0.3183087215270628,3.484030979097952,0.005566709018518673,0.7536262008569423,6.5574266352684845,0
393.9999999969086,298.3163402782309,-308206.2639242341,59610.01265303089,-248596.2512712032,0.4527518908858523,0.5316124644179787,0.5002205386162594,0.7541662946984324,1.5815976770147326,0.8314875778267021,0.33126703921044276,1.9422085403131784,0.0040452581277547915,0.7748970639172015,6.7663767676590965,0
394.999999996885,295.8083468603794,-307643.7557508759,59108.861696189546,-248534.89405468636,0.4606021025289595,0.541532710267516,0.49911864442067655,0.7684950764174188,1.548274916308543,0.826301785534808,0.3271831411141315,0.3340198328644519,0.004076959177914716,0.764995018956176,6.640310624063559,0
395.99999999686133,298.4702679057302,-308234.01224532304,59640.77069938641,-248593.24154593662,0.4663882107080628,0.5385184893541418,0.5005489305232883,0.7347651675159983,1.5240339768155486,0.830103048136108,0.3295541176128197,3.010294115268788,0.006822105217518376,0.7686437321212827,6.652164059054414,0
396.9999999968377,299.33488831410136,-307668.9585730247,59813.54042911359,-247855.4181439111,0.46087836196426224,0.5367012544294223,0.4989125442181803,0.7342296821936313,1.4336471527253967,0.8434518339522086,0.34453928973402825,2.619843118004608,0.006456664032528676,0.7661691042978003,6.675924337692102,0
397.99999999681404,300.84670331210253,-307910.2135150819,60115.633539654715,-247794.5799754272,0.455430334720619,0.5402872216703027,0.4990602548120134,0.7408767454296381,1.4535234274542717,0.824324921517233,0.32526466670521964,10.62429889876584,0.006839286568214666,0.7713205937671477,6.789576169458513,0
398.9999999967904,301.57805904862676,-307895.8537807935,60261.77412540812,-247634.07965538537,0.4620049864660394,0.5521330096911461,0.5059909918989721,0.7506817419361571,1.4394174375296416,0.8589043802466845,0.35291338834771235,3.5361463474205967,0.007054726905210665,0.7740114062768004,6.681872674736766,0
399.99999999676675,300.0012527367653,-308768.7426100252,59946.69435433767,-248822.04825568755,0.45547433153247674,0.5473808778550655,0.5035006125570322,0.7313176453370374,1.5122986240428276,0.8413865473867794,0.33788593482974727,1.9334336234927911,0.009845745181736261,0.7795627033618651,6.583764157477383,0
400.9999999967431,296.74336301223656,-307958.7884651199,59295.698007572995,-248663.0904575469,0.4656984737088137,0.5460853383190702,0.4991050914266389,0.7369084400060637,1.4746828524054258,0.8486859175770721,0.34958082615043323,2.233169920479252,0.007015562778157199,0.7741644172887909,6.596358666215558,0
401.99999999671945,300.9750718868526,-307867.2855329397,60141.284338259866,-247726.00119467985,0.46744550994682577,0.5401953302791629,0.5022048805155879,0.7523988626152596,1.4674002411623341,0.8214354428950432,0.31923056237945535,2.7573119553807746,0.009289411520448133,0.7646374573189894,6.723039389943665,0
402.9999999966958,300.5084304335999,-307987.22587130126,60048.03935239393,-247939.1865189073,0.46242877128258986,0.5398342023852802,0.500937946427365,0.7557341042744152,1.4878562552788308,0.8390771434295815,0.3381391970022165,2.9055233848113535,0.005514624254713062,0.7633963206225858,6.725221629057883,0
403.99999999667216,302.1413237930786,-309415.5821714853,60374.32652033381,-249041.25565115147,0.4547239580004896,0.5497025783977465,0.5011877543230475,0.7284986598168697,1.510942820470924,0.8524457753945318,0.3512580210714843,4.884793701976031,0.004881316347784608,0.7543707130866935,6.7308618162010845,0
404.9999999966485,301.3044541394399,-309345.3281874596,60207.10198749121,-249138.2261999684,0.4540372530873289,0.5392899605524866,0.5003970862007089,0.7536385430244898,1.5629680690575327,0.8196208836727488,0.3192237974720399,3.098822057219181,0.0083667950449729,0.7715186854684042,6.650990890118834,0
405.99999999662487,301.9421841251918,-309247.28689170117,60334.534137149625,-248912.75275455153,0.454423980017606,0.5456400616498502,0.4988368366179114,0.7367472097345455,1.4547646603780109,0.8296651852527743,0.33082834863486293,10.297950873558799,0.006163332478123134,0.7792106104032328,6.695720069722583,0
406.9999999966012,298.8678098296973,-309125.281712099,59720.20811503614,-249405.07359706284,0.4605822825890442,0.5391963924516077,0.4997654045922412,0.7278914810453809,1.5340677104823648,0.8341690897460663,0.33440368515382507,5.928529609154879,0.007618790155156058,0.7648841928947618,6.7238587193161905,0
407.99999999657757,299.4242562928451,-308888.2054579016,59831.3980708999,-249056.8073870017,0.45711279453849674,0.5440915647465836,0.4994036509335549,0.7643930943533714,1.4738198821844612,0.8401358168944959,0.340732165960941,6.6708932817484525,0.011572942896324389,0.76679209795339,6.742503708543438,0
408.9999999965539,297.5905305496403,-308339.7536298018,59464.98027879144,-248874.77335101034,0.46318977687139506,0.5449100564578959,0.4980764272873221,0.7713640727787627,1.5597516810248742,0.8240733581617798,0.32599693087445775,2.150416102451004,0.0034481525086566284,0.7717772823130398,6.7854243924624456,0
409.9999999965303,297.1851919374215,-308297.3991373498,59383.98491735535,-248913.41421999445,0.4559761499896906,0.5413698997348089,0.499314412512156,0.746332829455655,1.4785023956942809,0.8336277701662356,0.33431335765407955,3.1733087956084804,0.003765786016652272,0.7540171995916349,6.805230409926665,0
410.99999999650663,299.89854497016574,-306806.7183318748,59926.17113639777,-246880.54719547706,0.46170244434001706,0.5513346712191494,0.5004265490258983,0.7442806173032039,1.6639123823718585,0.8380184668801616,0.33759191785426323,7.1612176186350975,0.005649526635493557,0.7671467451421865,6.783450464380024,0
411.999999996483,298.69933318290674,-307590.4445886519,59686.54286211182,-247903.90172654006,0.45719397111487065,0.5413090401344256,0.49930019956863486,0.7762191179138869,1.6299964736978367,0.8425871275236168,0.3432869279549819,2.4624930854595135,0.003003349978412069,0.7734274505102761,6.693434874048535,0
412.99999999645934,298.93286974652625,-307506.24076686846,59733.208483912225,-247773.03228295624,0.45937106290768925,0.5387258539230549,0.499743393300253,0.7120070228505586,1.5943119201071454,0.8205158485386681,0.3207724552384151,9.021283584563488,0.007823207490466284,0.7685953920598356,6.777152393567576,0
413.9999999964357,300.4936549409195,-307510.6809026585,60045.08689157729,-247465.5940110812,0.46355778891756483,0.5429729819878673,0.5016933473309452,0.7398475745976754,1.5195468780620338,0.8324513208839923,0.33075797355304715,1.2967733465799949,0.005324235453957405,0.7686941566780008,6.776527773396154,0
414.99999999641204,299.2075827654102,-308521.3099523117,59788.10204594892,-248733.20790636278,0.4621157157906488,0.547901451376503,0.4996888346553596,0.7213050339628424,1.5345980913343187,0.8275099029304236,0.32782106827506396,2.9685966757138535,0.004650566540765872,0.7581383738846679,6.653349597213122,0
415.9999999963884,299.0155824248252,-308671.5744156502,59749.73625371313,-248921.83816193708,0.45922672391121244,0.5412249876573973,0.5005247308611139,0.7014681504938274,1.508446328901485,0.8478659737765417,0.3473412429154278,2.5835783049764904,0.004174571452737856,0.770036464032497,6.722534755805668,0
416.99999999636475,298.35937723147805,-308542.41806032276,59618.61236072783,-248923.80569959493,0.45510504546192543,0.5388449723405504,0.5007664239393572,0.7637351863244239,1.4568238888149558,0.8210248125780024,0.3202583886386452,2.9774171810060803,0.010581240167982847,0.7770288543772295,6.693113732138372,0
417.9999999963411,297.71963373861695,-307991.86780386185,59490.777869098645,-248501.0899347632,0.4647761991243753,0.5456466624217873,0.4989865683964064,0.7361297531830528,1.2710097414819614,0.8330797818619352,0.3340932134655288,3.2294332864445647,0.0038376315049748286,0.7705442388562975,6.693587505729425,0
418.99999999631746,301.33512596035814,-308984.2379358546,60213.23087614452,-248771.00705971007,0.45629757337965304,0.5415000427390755,0.4993943581540756,0.7404878924028981,1.3434831405354046,0.8205707360614768,0.32117637790740117,4.08348174497419,0.008815702244576552,0.742973779983096,6.711735246535385,0
419.9999999962938,299.8749188319965,-308154.0233814651,59921.4501264997,-248232.57325496542,0.4560981577837131,0.5506966216429863,0.49908530299984466,0.7379382154299963,1.4269220255671158,0.8241305597370985,0.3250452567372538,0.76943851525259,0.006887094697173972,0.7582569984206842,6.61894525881209,0
420.99999999627016,300.84115185887856,-307950.7485852656,60114.52424005477,-247836.22434521082,0.4591920691801491,0.5444640307226027,0.5010596881302972,0.7511527453764177,1.4247506658152176,0.8325470155105024,0.33148732738020514,5.837200886195624,0.007449580628063588,0.7585278732577829,6.65367434443057,0
421.9999999962465,301.4618427433135,-307844.2595465239,60238.55161126844,-247605.7079352555,0.4489160511848276,0.5443076884742766,0.49964223238409405,0.7374067764488643,1.4333731418617255,0.8298969637300304,0.33025473134593636,1.4063029468856953,0.006768798108952951,0.7761086179961372,6.626774877136697,0
422.99999999622287,300.0561088331516,-308093.558017123,59957.65578071021,-248135.9022364128,0.46495692672723443,0.5488534119325008,0.5013155707925493,0.7450040070197472,1.3813097892654724,0.8316130772147743,0.330297506422225,1.975772624030024,0.0071968606566947405,0.777596443553989,6.679447957109531,0
423.9999999961992,300.1848487570843,-307830.1965922378,59983.38078285866,-247846.81580937916,0.4660984378863642,0.5481610557415149,0.5016372660972854,0.7594097998523219,1.394402398979909,0.8403488354458486,0.33871156934856317,1.8187165749570102,0.00465143553914994,0.7767356681089299,6.691047374464574,0
424.9999999961756,297.8482124100876,-308591.98387196846,59516.47064954148,-249075.513222427,0.4619936388301662,0.5335675001341258,0.49920815550835107,0.7462199740439459,1.3552889722702828,0.8337763178761781,0.33456816236782705,1.5568514818325816,0.005352733502594615,0.7710434189180644,6.596038313002204,0
425.9999999961519,301.0941542358295,-308610.2438208498,60165.07954948646,-248445.16427136335,0.45866870112400626,0.5483730920517225,0.5019749982948316,0.7634664286842456,1.4449587062388325,0.8226714141173734,0.3206964158225418,2.690670431182723,0.005768403863810028,0.7563024439549526,6.689980507271675,0
426.9999999961283,303.28724770008574,-307995.45574156754,60603.30673151633,-247392.14901005122,0.45983195694670576,0.5379047164969659,0.4980838957048525,0.7509317882104902,1.448925412043689,0.833751528021329,0.3356676323164765,4.4593305585619465,0.006834292718544258,0.7579165163967456,6.64577036064793,0
427.99999999610463,302.3406559159351,-309052.17716795905,60414.15736015488,-248638.01980780417,0.4587148508771799,0.5445991873819631,0.5000527743833971,0.7378572655565101,1.4657649880068382,0.8290781315842586,0.32902535720086146,2.6402807187533517,0.008273246251948849,0.7739917645183855,6.607299327961148,0
428.999999996081,297.17709097723986,-309010.55141496565,59382.366171501606,-249628.18524346405,0.45707711950968566,0.5398005010833167,0.4994250085050464,0.7501077539820145,1.2925884003290058,0.82696826327599,0.32754325477094365,3.0285378171130555,0.0054436286430030005,0.7563475650119216,6.583888484695603,0
429.99999999605734,301.21227805598926,-308743.0711059845,60188.68322606609,-248554.38787991842,0.45839089492060237,0.537034153640001,0.5007865776852886,0.7547951704997882,1.3506586314870592,0.8322789413170901,0.33149236363180157,3.3846106942150778,0.006993429731452776,0.7787126295611925,6.614608444807317,0
430.9999999960337,299.5285451553867,-308625.450687143,59852.237225771125,-248773.2134613719,0.4554120370113566,0.5466892946307293,0.5016387925536404,0.7268606944180966,1.5741288318991167,0.8495017101656995,0.3478629176120591,4.70492363571226,0.0032015541980112403,0.772327373369726,6.641258810152777,0
431.99999999601005,299.1150737905417,-307523.5298857922,59769.616765667975,-247753.9131201242,0.44971975542996834,0.5396838644274675,0.49880295023824983,0.7499132795320733,1.6265598625202156,0.8589992083616497,0.36019625812339984,3.237528799161221,0.005253232997237149,0.7676140832751148,6.747408875607704,0
432.9999999959864,301.76322414875136,-307715.6252955138,60298.77408977827,-247416.8512057355,0.466295963097775,0.5479803473281208,0.5010881887897208,0.7501106547720102,1.4696564094336324,0.8312467880128551,0.3301585992231343,6.292740194259048,0.00791719846511716,0.7793107682562193,6.7784484361642825,0
433.99999999596275,301.6825661635722,-307882.0761732394,60282.65689179772,-247599.41928144166,0.45163502008187706,0.541660839644841,0.5006283295916297,0.7544837150563009,1.3788825290887818,0.8442404122735512,0.34361208268192145,1.920933393841657,0.0067458401693058735,0.7771304675293678,6.698567083258865,0
434.9999999959391,300.6752548464644,-307579.2078830325,60081.37445348967,-247497.83342954284,0.4565955279298377,0.535559237389647,0.4984454340082322,0.7592823764716936,1.4603307634488374,0.8548230665721277,0.3563776325638955,1.5531709139719654,0.007702209605725326,0.7680179829568843,6.779701373546942,0
435.99999999591546,295.8211312943386,-308164.70164959366,59111.41630070555,-249053.2853488881,0.4646781495080603,0.5403774332331399,0.5031087466163197,0.7604994043406812,1.2306248242180082,0.8304984717156124,0.32738972509929276,0.9458052153232974,0.008907416277728668,0.7707419127855459,6.774919963910547,0
436.9999999958918,297.76669869989576,-307525.18533794256,59500.18245932233,-248025.00287862023,0.4603912644353825,0.5440106886389833,0.5001799103580381,0.7398622323675319,1.1953722020768147,0.8433254763639045,0.34314556600586643,8.418229970237283,0.004828890562182851,0.7582429972105018,6.852620893522641,0
437.99999999586817,303.2515210187951,-307988.20336426795,60596.16777318169,-247392.03559108626,0.46046686711340534,0.5334138905140879,0.49809868647822897,0.7379271076334497,1.1420948725820619,0.8241192262667756,0.3260205397885466,1.5445459258663716,0.005352791370393413,0.7727520853260703,6.688019701086116,0
438.9999999958445,301.6866621905708,-307536.16707210103,60283.47536597512,-247252.69170612592,0.4681061005328555,0.5404817336048637,0.5015067440538215,0.7200119175289554,1.1162724233847516,0.8436884626432939,0.34218171858947244,5.466262804318026,0.005539477773026687,0.7817712999997468,6.688438700695201,0
439.9999999958209,299.9300561869964,-307485.3860513815,59932.467754384685,-247552.9182969968,0.46070070463224333,0.5423436734049589,0.4997592741691175,0.6925237037775327,1.1940266573977745,0.8483431597778186,0.3485838856087011,0.9548559339084985,0.00644242150468235,0.7680868815057291,6.726553445904823,0
440.9999999957972,300.10153779021505,-308553.03070899704,59966.733462150114,-248586.29724684692,0.44721413680426725,0.5440614638242582,0.49997213433719534,0.7128552188840004,1.2059886534639785,0.8288410725773588,0.3288689382401635,5.073935077286819,0.005552378440232646,0.7663777274659278,6.791107819828966,0
441.9999999957736,297.90193948239545,-309526.39691541856,59527.20647265158,-249999.190442767,0.45123200506226624,0.5467716300080632,0.5003683514220847,0.7563760482662829,1.1514326734192792,0.8354728424027057,0.335104490980621,3.4098181506904934,0.00401622637286954,0.7778671163549138,6.796630407541425,0
442.99999999574993,298.6328501552037,-309431.87214560714,59673.25812511453,-249758.6140204926,0.4639356557613281,0.5619378609844663,0.5022324899992889,0.7585712206936055,1.1565915689426447,0.8607885223174658,0.3585560323181769,5.918007850109204,0.0034336767783790896,0.7699039708423951,6.721269698448559,0
443.9999999957263,299.17378396029113,-308525.2753363331,59781.34831868435,-248743.92701764873,0.4506026208040442,0.543318074010168,0.4983368670085431,0.7107337847470898,1.213487384408267,0.8450814009987389,0.3467445339901957,0.7849765790076276,0.008659785031518298,0.7514584528259434,6.797215924651573,0
444.99999999570264,297.76665551240455,-309246.98775043525,59500.17382953391,-249746.81392090133,0.4595329068795877,0.5349572085165413,0.49789580070726397,0.7391187220249069,1.2555749998403165,0.8370796553907363,0.3391838546834723,6.199785578450181,0.008055221111419961,0.7651221519313864,6.940658141933728,0
445.999999995679,296.3391659520399,-309252.71548601845,59214.93075275158,-250037.78473326686,0.4610420484284241,0.5363301795717472,0.5000189825178051,0.7356044336791889,1.2242254515887545,0.8383590986434845,0.3383401161256794,8.040497965404155,0.007854891432329385,0.7581217889754636,6.869334528912276,0
446.99999999565534,298.54732003819674,-309120.48958556494,59656.1673705409,-249464.32221502403,0.4602476372064931,0.5431858887902435,0.5012139435106623,0.7515000494072339,1.275392131363244,0.8467043723676713,0.345490428857009,5.406674981057491,0.008339543677898532,0.7573777111135129,6.862271048272007,0
447.9999999956317,300.5827114059978,-308877.4197069793,60062.8822862419,-248814.5374207374,0.4673540734052217,0.5418790761554693,0.5024874424668118,0.7599784371400755,1.1503998082048499,0.8606801733200781,0.3581927308532663,9.554639855489341,0.009165076784315924,0.7698256869250777,6.922717704198718,0
448.99999999560805,300.63881756544833,-308310.7722301311,60074.09350206614,-248236.67872806493,0.4531800319417041,0.5357757902112432,0.4979239675898877,0.7327576175616866,1.2078146156845797,0.8167659355072591,0.31884196791737135,3.7556293867499524,0.0045679953886519475,0.7557438859769388,6.876345589986318,0
449.9999999955844,301.38192036574395,-307972.7742229779,60222.58140348921,-247750.1928194887,0.4582905614240387,0.5344386805029675,0.49967049582913825,0.7430579960551089,1.294828497623051,0.8261100826078482,0.32643958677871,6.187947981796188,0.005430683498278953,0.7790971211415076,6.716511257843815,0
450.99999999556076,297.29801387611434,-307380.85114022205,59406.529164132946,-247974.3219760891,0.46377745487799293,0.5402520236361452,0.5002800252473842,0.7507129144044296,1.3357035191812887,0.8180186623989206,0.3177386371515364,2.7907374088865478,0.007933360920220308,0.7830455492468609,6.73127928259251,0
451.9999999955371,298.4358020237529,-309050.21309997,59633.88367583668,-249416.32942413335,0.4594242143288989,0.5385567658879937,0.49857028415598215,0.7636967902351798,1.1772905276841321,0.8173341553082238,0.3187638711522417,4.173528274593013,0.0035933063129515606,0.7626775864730035,6.659112097210752,0
452.99999999551346,296.3142590728615,-309243.7438720213,59209.95382328943,-250033.7900487319,0.46028491296606333,0.5428427129440472,0.49986814720829625,0.721193305985496,1.2507156326771494,0.8418432022806068,0.3419750550723106,5.60827286796883,0.007321939419577535,0.7650331878456167,6.6575376954318415,0
453.9999999954898,296.58837839999904,-308847.5735304598,59264.72875296265,-249582.8447774971,0.45933808144307875,0.5406123027249521,0.5007369505024455,0.7393022520067856,1.258742313068133,0.8315385712360938,0.33080162073364827,4.415545741722167,0.005459882506666168,0.7748468159057413,6.668419901005372,0
454.99999999546617,302.83963370887136,-309011.1741318465,60513.863841277474,-248497.31029056903,0.461303347326234,0.5354619935245939,0.5001480291055149,0.7153777492698232,1.1643727383306874,0.8242461454950913,0.3240981163895764,2.3147681007230947,0.006764580366888356,0.7724750612806699,6.6683175238514565,0
455.9999999954425,301.46754601514994,-308144.1903120391,60239.69124748822,-247904.49906455088,0.4598519474882852,0.5490512644136913,0.49961167133497547,0.7244186667170993,1.1843272445292807,0.8316500834256997,0.3320384120907242,4.112686268106129,0.0061591864455862256,0.7658248248336914,6.6881645447091955,0
456.9999999954189,302.50212366293414,-308312.19029970607,60446.422084348975,-247865.7682153571,0.4563212973192039,0.5399705071405272,0.49916751688491096,0.7231990618988631,1.1811947261356295,0.8366486093805366,0.3374810924956257,6.347626037898987,0.008590500014542993,0.7740762220395668,6.536412054188915,0
457.9999999953952,297.4389300141433,-307592.7055270402,59434.687235404155,-248158.01829163602,0.458992147027836,0.5409172375185047,0.5008317165393195,0.7495978539877486,1.1903520156647467,0.8435281918633338,0.34269647532401437,10.555672556467998,0.005167114431813732,0.7712473823764161,6.572626825332023,0
458.9999999953716,302.7971050880927,-309066.1856634738,60505.36570932678,-248560.819954147,0.46053484144284335,0.5357245065592586,0.5013286251963467,0.7455597813619352,1.090799803213816,0.8410773244367227,0.339748699240376,6.626597067602677,0.0066033270864405075,0.7781234540926185,6.634795814234451,0
459.99999999534793,302.60205513275196,-308948.8052357887,60466.39053855675,-248482.41469723196,0.4593265374080424,0.5353520658840907,0.49880154200684645,0.7143370813184546,1.1727053067312934,0.8699290375207798,0.3711274955139333,3.0331374642982487,0.004983260051556412,0.7651119760198819,6.689801258172864,0
460.9999999953243,299.23236971087977,-307591.78824228235,59793.055010079865,-247798.73323220247,0.4543459127621998,0.5337422926674442,0.5015410046693191,0.7201813255389098,1.1027542041924576,0.8572929227920927,0.3557519181227736,7.752261501744529,0.004408634830001183,0.7553963952768754,6.668951138325227,0
461.99999999530064,303.9181202653554,-308223.30773731554,60729.368621264315,-247493.93911605122,0.462425079740054,0.5476229106503689,0.4999071846191711,0.7329032771312196,1.1191201466427199,0.831316718837666,0.3314095342184949,8.017260184109126,0.010980970345266837,0.7662677491736467,6.6899102502023595,0
462.999999995277,298.2483691602276,-307545.94155444764,59596.43056362728,-247949.51099082036,0.4575739167272146,0.5477111398660557,0.5017865059451816,0.7278525586040736,1.1410362339587685,0.8798020230110519,0.37801551706587033,7.174229127430591,0.005176949594020345,0.754262739090942,6.754892222618793,0
463.99999999525335,299.54110972539723,-307738.93175745243,59854.747896747474,-247884.18386070494,0.45645673120213015,0.5506664751066204,0.5017131377886208,0.7390109180663291,1.150982339899123,0.8523887265252401,0.3506755887366193,6.159705928112885,0.007929524494574658,0.7856583533689783,6.619978467017372,0
464.9999999952297,299.747458803225,-307983.95260557346,59895.98087489672,-248087.97173067674,0.4585122103114174,0.5395171366879481,0.5008568625514168,0.7491897317877849,1.095835710928963,0.8280403473681162,0.32718348481669934,4.127598439081708,0.008551307856634136,0.76072348437377,6.631077024324597,0
465.99999999520605,298.9715850131942,-308197.05212961044,59740.94462580036,-248456.10750381008,0.4619840331831404,0.5476799232054876,0.5018432739698909,0.7289826798161125,1.2032187089645596,0.822781659457134,0.32093838548724307,2.1368566869905834,0.006364688594277838,0.7722018342392911,6.6671343062257336,0
466.9999999951824,300.9838469581679,-308247.7288339995,60143.03778599808,-248104.6910480014,0.45490894926594283,0.5406848187445893,0.49801709832459046,0.7602792703701216,1.228337046716651,0.8299436699363449,0.3319265716117545,3.820737975673087,0.006456460733512549,0.7626273980102383,6.691189342313223,0
467.99999999515876,299.69082413834724,-307942.92836783826,59884.66405233576,-248058.2643155025,0.45975651253933236,0.5370144306489109,0.49855173499370564,0.7182098644042166,1.117176835680148,0.827245782135368,0.3286940471416624,2.510198274440717,0.0047508526589904254,0.7743942597688402,6.721667890437104,0
468.9999999951351,301.9540087310723,-308199.59906860115,60336.8969473983,-247862.70212120283,0.455966671364032,0.5388603027911323,0.5022549737354126,0.7243594454842537,1.076540983632679,0.8211000626699511,0.31884508893453845,1.8240940648450923,0.004210725943963837,0.7627439484991272,6.694882212362657,0
469.99999999511147,301.827157267822,-307966.82325576805,60311.5493002585,-247655.27395550953,0.454863475925972,0.5354115755264406,0.5006363455810279,0.7402715646177378,1.0944529975071973,0.8405468112927876,0.33991046571175976,2.9230376794711685,0.00653311206499174,0.748661066435222,6.670339419694287,0
470.9999999950878,298.6794912748847,-308829.7482342967,59682.57802268281,-249147.17021161388,0.46600357369189416,0.552928991309205,0.5019682518454646,0.7561021265393055,1.0956694327764822,0.8163791915654527,0.3144109397199881,5.257465258616563,0.004283188207448307,0.7769861949520385,6.730165425156304,0
471.9999999950642,299.0541645612328,-309518.47617029306,59757.44579331559,-249761.03037697746,0.45522278400001104,0.5483568779787156,0.49813898564666076,0.7626181537575789,1.08086760953136,0.8327693713040698,0.33463038565740905,6.345171516496701,0.007761280449874931,0.7573429138585563,6.657270460977006,0
472.9999999950405,297.49737784894603,-309014.94617714314,59446.3663682632,-249568.57980887993,0.4566002287277753,0.5379928103501985,0.4995586758725997,0.7288686958216655,1.0936149564912778,0.8653111074000683,0.3657524315274686,6.41015401216132,0.006511084941592049,0.7621198789078321,6.691374512752674,0
473.9999999950169,299.11620315098423,-310178.08350682305,59769.84243614317,-250408.24107067988,0.45971826662385684,0.54235021001349,0.49825892722915804,0.7321109637023033,1.097909903138655,0.8406175506720623,0.3423586234429043,2.913130256461249,0.005050892672173548,0.7620048750025941,6.729341278611017,0
474.99999999499323,296.69340526267507,-307874.61805694597,59285.71537611305,-248588.90268083292,0.4598204994186048,0.5404456745614006,0.49886083591523495,0.7346553804958734,1.0728490967817628,0.8376559409447885,0.3387951050295535,2.2215651438107393,0.010842885960677,0.7439100320960819,6.749646198490244,0
475.9999999949696,300.43156010070794,-309021.6375146252,60032.67900869952,-248988.9585059257,0.4627708709099725,0.5440338762755372,0.49951749629995157,0.7334533431262624,1.0895204110379737,0.8279865464203209,0.3284690501203693,2.255962497717757,0.00640938569978413,0.7712975774043525,6.694965812122284,0
476.99999999494594,301.1084934143738,-308402.3027510741,60167.944825366634,-248234.35792570745,0.4573121805868192,0.5396751497843688,0.4998421101705362,0.7134063003633475,1.0700036697290543,0.8283903830382554,0.3285482728677192,4.510033222999203,0.004331212686081692,0.7694369180656455,6.751027089012066,0
477.9999999949223,300.1132611091158,-308446.86664678203,59969.07603308457,-248477.79061369746,0.4614134298439607,0.534817323358947,0.4993321092656622,0.7276010354646143,1.0440032070438612,0.8518219560140669,0.35248984674840467,4.250759615785644,0.0033606130280360138,0.771588893025557,6.675942797859072,0
478.99999999489864,300.4838264503115,-307898.147073661,60043.12294803683,-247855.02412562416,0.4587894280048408,0.5469564922952994,0.4987500356526729,0.7381853973260428,1.061518715061883,0.8488195102953777,0.3500694746427048,4.260456487889359,0.00456630245141492,0.770281532526564,6.72129663783133,0
479.999999994875,303.34759182067484,-307323.49404501263,60615.364783007906,-246708.12926200472,0.4552723970802166,0.5476067941350298,0.5017372971275144,0.7126701524523624,1.0963650697146132,0.84189179368511,0.34015449655759566,3.775038934317055,0.005789236615269278,0.7645493007014554,6.712665897601866,0
480.99999999485135,300.6077024117986,-308257.0601177579,60067.87602601025,-248189.18409174762,0.45713620661467713,0.5388286055731064,0.4987491628184165,0.7178312705524874,1.187395910463593,0.8401232847555263,0.3413741219371098,5.252154996965913,0.005683780898463489,0.759940146545776,6.749809689444707,0
481.9999999948277,299.2353973529915,-307941.8143306463,59793.65999800785,-248148.15433263846,0.4630967690426038,0.5340042411467678,0.49808250853451375,0.7405498476794339,1.2326312363426943,0.8459269677080978,0.3478444591735841,9.129587857021704,0.0076221478464274664,0.7676525505959582,6.737544674798954,0
482.99999999480406,298.80752540887977,-308815.02280958043,59708.161992841284,-249106.86081673915,0.4640474656461486,0.5411547804926897,0.5014812597493192,0.7379415765013704,1.1148811773324923,0.8411447164125825,0.33966345666326325,4.510183481929826,0.0046770137896548864,0.7642404658946464,6.804321269431988,0
483.9999999947804,297.4843382604841,-307981.1084096418,59443.76077839681,-248537.34763124498,0.4632011415882604,0.5517981690867919,0.4992942246514962,0.7296820656894578,1.1181644280050564,0.8328212635719128,0.3335270389204166,5.489979801044239,0.006939597779880424,0.7708426013210001,6.878988065648514,0
484.99999999475676,299.8657771116412,-308096.37655961467,59919.623414407615,-248176.75314520707,0.44956221800160545,0.540694359701047,0.5006210071171551,0.7200611666379881,1.1118162728461947,0.8395163429724917,0.3388953358553366,2.653264817725198,0.0027617707138564776,0.7467345259938334,6.818201796408914,0
485.9999999947331,301.2710946336858,-308841.3655829998,60200.436041675945,-248640.92954132383,0.4484987585876006,0.5431321857467782,0.49777436258284324,0.7501782491999833,1.1115422303951004,0.8459365407450579,0.3481621781622146,5.520335455953812,0.006170313895343738,0.7584778662122135,6.768275294300103,0
486.99999999470947,299.71005584329987,-309148.79011920234,59888.50696008428,-249260.28315911806,0.4548722430825318,0.5343937237132557,0.49938251990953814,0.7223641746075318,1.0466813579292698,0.8395144812586377,0.34013196134909957,2.5964893934646214,0.007394521536530964,0.7516532743979365,6.836667902683722,0
487.9999999946858,303.6816940658673,-308818.76273434004,60682.12558814768,-248136.63714619237,0.4667386472510566,0.5398523590266642,0.501640037752735,0.756032871435055,1.0728667005320514,0.8401058785876847,0.3384658408349497,1.493446978953117,0.0051038579691735616,0.7770863397942822,6.717286221808386,0
488.9999999946622,299.52619935879716,-307053.455874939,59851.76848522459,-247201.6873897144,0.45896242558908007,0.5425601885665294,0.5019526244671544,0.742655101178963,1.0582144636004607,0.8234474623356869,0.3214948378685325,6.741232947132464,0.004782753401952788,0.7688636424979691,6.751853062722823,0
489.99999999463853,300.5915029174866,-308042.4270127169,60064.63901907992,-247977.78799363697,0.4568230453148665,0.5372509551395392,0.49855586212661146,0.7460238261317205,1.0965209949948242,0.8252710359670556,0.3267151738404442,2.5994917849894676,0.009526843119441613,0.7842794386284346,6.622318018739065,0
490.9999999946149,301.44151949346366,-307060.62575609237,60234.49058940295,-246826.1351666894,0.4605433882818888,0.5416451547922181,0.5001774705585994,0.7564426473272174,1.1038967453943949,0.8507185030691717,0.35054103251057234,10.136660768307724,0.008129570475699057,0.7556902425644747,6.771823450142495,0
491.99999999459124,298.89864078879197,-307578.2511802842,59726.36880291541,-247851.88237736878,0.4577880474597886,0.546703021371167,0.5001824140661092,0.7541364892925468,1.0924718563057265,0.8249355937065199,0.3247531796404107,5.13333190841532,0.0042501184594616725,0.7471247308747636,6.78385986104972,0
492.9999999945676,299.93669700686553,-307764.2225896665,59933.794732840026,-247830.42785682646,0.4468931324888623,0.5385531061499487,0.500379803555296,0.7522981893214196,1.0799210657881844,0.8371958507209776,0.3368160471656816,9.28945909478356,0.008136642111581932,0.7404755456663015,6.780166846668308,0
493.99999999454394,302.30150247976184,-307960.6592159532,60406.33366258766,-247554.32555336555,0.4635614141424862,0.5483315719480064,0.500733869728488,0.7508660871837343,1.0836676547039374,0.8281891736333015,0.3274553039048135,4.924488654748976,0.010264359393127047,0.7738804098975107,6.746926841349946,0
494.9999999945203,300.62164133316423,-308042.59302886575,60070.661321908556,-247971.9317069572,0.4605789900088073,0.5579147645556422,0.5011889704899016,0.7071599600630876,1.0416696794461906,0.8530160440616856,0.351827073571784,8.967675285750673,0.006952427238927535,0.7786958975921703,6.790167213470426,0
495.99999999449665,299.96164505839766,-308675.494187769,59938.77988942285,-248736.71429834617,0.46295825748187003,0.537086352808398,0.500584895609351,0.7775189080684495,1.096737365736681,0.8480322498880727,0.34744735427872164,4.825823653128479,0.006501371972619401,0.7688828008767823,6.706771469688597,0
496.999999994473,297.6646481128396,-308844.097121648,59479.79055997147,-249364.30656167655,0.4515476162493073,0.5391266442831997,0.5013949790263665,0.7474124304074623,1.0635337476362707,0.8481050522385478,0.3467100732121813,5.078126221810538,0.003930956067313,0.7538381547507758,6.678280817324331,0
497.99999999444935,303.093652476213,-308727.1447565551,60564.62224734139,-248162.5225092137,0.4476512941999953,0.5480077947826762,0.4999703857514796,0.7319369030856908,1.058942971742983,0.8376276314822809,0.3376572457308013,3.141585011068425,0.0052867596284438155,0.7513303546892356,6.717910582475767,0
498.9999999944257,299.1272634572458,-308606.91094759665,59772.052522910744,-248834.8584246859,0.45397597206229157,0.5448380708226538,0.49939794446311825,0.741603598507548,1.053880331280787,0.8442704745056513,0.34487253004253304,1.9360727552278838,0.0066682116918611815,0.750999426335774,6.659555317596698,0
499.99999999440206,303.59161269706055,-309698.61169248587,60664.1253957031,-249034.48629678276,0.4577928384886887,0.5380645338187398,0.5000049232057884,0.7413185458575651,1.1143663965333523,0.8446635358794237,0.3446586126736353,4.37530480065888,0.005654540088572013,0.7752378047116313,6.723073645963879,0
500.9999999943784,297.1798289176155,-308945.17219860153,59382.91327079991,-249562.25892780162,0.46787953727053533,0.5444901994653044,0.5001890259504194,0.7568644328849148,1.1316786931872227,0.8483506443029154,0.34816161835249604,3.6061644075030745,0.006919027600775994,0.7751733566593613,6.71332386149443,0
501.99999999435477,297.55915413004254,-309607.29887769977,59458.710596187106,-250148.58828151267,0.4608933291524768,0.5421788698266888,0.5028630734764885,0.7396936313308693,1.115535713610603,0.8559819785517491,0.35311890507526056,5.495443040333599,0.006138185637600405,0.7625491762278207,6.782050000570209,0
502.9999999943311,297.6043350534097,-309373.80499327695,59467.73871516672,-249906.06627811023,0.4603256536408735,0.537875037277777,0.497300935004849,0.7286470933647475,1.162086065948337,0.8363257181692223,0.3390247831643733,7.162234554247538,0.004551015904517906,0.7714199131802033,6.729321243877507,0
503.9999999943075,297.57547010966124,-308174.8408589619,59461.97087938383,-248712.8699795781,0.44842848895691034,0.5315074344052149,0.4981222857730139,0.7029257300050737,1.179750243360985,0.8086793882858959,0.31055710251288204,0.36465418352682577,0.0055923088219818635,0.7729260190039264,6.735879564463957,0
504.9999999942838,300.2006015672778,-308827.523215909,59986.528532707285,-248840.99468320174,0.45111099875552885,0.5376138606512075,0.4988387893089228,0.7167418946147439,1.2185018001756585,0.8426536350987248,0.34381484578980204,3.36530044482134,0.004782923635287393,0.7708145916964533,6.7340872582918365,0
505.9999999942602,297.7399741507959,-309160.32433291245,59494.84232036614,-249665.48201254633,0.4472477203737295,0.5456379165730194,0.501696300053517,0.7041322792654636,1.1927875674225206,0.8271354648473166,0.32543916479379964,3.288158794382746,0.005747373822883437,0.7693856516366075,6.695370833861475,0
506.99999999423653,298.4717627158098,-308985.9766880269,59641.06939454899,-249344.9072934779,0.4617329169959743,0.5411182523656555,0.498926790208859,0.7423675856463117,1.1664450127831008,0.841715728886869,0.34278893867800997,4.408194367560838,0.007375802714555946,0.7798729152025636,6.716872217815957,0
507.9999999942129,298.36697436112655,-309180.37076145643,59620.13043041872,-249560.24033103773,0.4583448205018452,0.5429794528021397,0.5001873570276147,0.7529865585541025,1.13064499189381,0.8256251214791577,0.32543776445154293,2.0095799889323716,0.004832107350615191,0.7649496304227767,6.700699550941977,0
508.99999999418924,300.27526236001205,-308614.8012542897,60001.447362817045,-248613.35389147265,0.459076388015637,0.5470600068524942,0.5002759590523388,0.7477471342006714,1.1032822609844715,0.8409473696081573,0.3406714105558185,2.4039542170999875,0.005990182525248145,0.7716435294424793,6.736867685579739,0
509.9999999941656,298.6240657759937,-307787.59122177726,59671.50281745901,-248116.08840431826,0.45761794942793355,0.53551748903236,0.499168981861957,0.7387926726015879,1.113590047288202,0.8485127301353492,0.3493437482733922,6.153235686362604,0.005363076093243179,0.7597941534165287,6.713976467448951,0
510.99999999414194,298.3388660745054,-308245.6138831964,59614.51379098295,-248631.10009221343,0.4647951323211226,0.5432663970269083,0.49940265793179944,0.7420085333517612,1.0488672574316809,0.8111855165524839,0.3117828586206845,5.9341520284781915,0.0038399221614501375,0.7755790730141783,6.680270508299529,0
511.9999999941183,299.6693418298609,-308102.06713761296,59880.37142565801,-248221.69571195496,0.4593663878021448,0.5404992334538825,0.5007804673738979,0.7634547059836319,1.0862839156116921,0.8336827562691496,0.33290228889525164,12.187909524692135,0.006250314918153896,0.7662583002552945,6.757100814693473,0
512.9999999940947,295.47778299074537,-307572.98971174145,59042.807934491,-248530.18177725046,0.4580665789963865,0.5352202528965329,0.4993557948797117,0.7290669946550494,1.0477162749376987,0.8197006309157231,0.3203448360360114,3.554855617663749,0.008184983365258447,0.7765442611582891,6.742527102806292,0
513.999999994071,302.050192187472,-308609.0655003111,60356.11646801742,-248252.94903229366,0.4565596968668766,0.5515271300168392,0.5013577160602398,0.7416778752238207,1.0498564786199651,0.8303334523619967,0.3289757363017569,2.7064490571385162,0.007338958614590555,0.7603414161619959,6.77557685439956,0
514.9999999940474,300.800087033038,-307809.85988496384,60106.31860577518,-247703.54127918865,0.45850012540763796,0.5428377163278171,0.4992392408182339,0.768953724937468,1.0845238856055737,0.8447496757452646,0.3455104349270307,4.1252847191337345,0.0067809939695414176,0.7585517447959127,6.745555627188352,0
515.9999999940237,304.37362707491405,-307435.8689009235,60820.38866614689,-246615.48023477662,0.45907506989136104,0.550902429765179,0.5028261702524744,0.7405766826608255,1.1164716050386403,0.8612243678198533,0.3583981975673789,3.5433575247466917,0.00406173230775917,0.7696107123046811,6.748138010499471,0
516.9999999940001,301.8572579986948,-307323.71689346666,60317.56407285367,-247006.152820613,0.45702708995965047,0.544055182904204,0.5026685271553716,0.7497096103418208,1.0853595859570726,0.8320924696090495,0.3294239424536779,5.14401193493331,0.004216297882075017,0.7759388202559929,6.723555678196973,0
517.9999999939764,300.0118272522139,-308252.86669896403,59948.80736966597,-248304.05932929806,0.4558726283620702,0.5459714303167686,0.49804376001913153,0.7582213623751457,1.1978694471909286,0.829198075778636,0.3311543157595045,5.643734725858278,0.0054332168751978,0.7616768967584351,6.703219461336442,0
518.9999999939528,299.3544951936994,-308032.8631674787,59817.45830481506,-248215.40486266365,0.45211331948917444,0.5409823858975624,0.4994140704448333,0.7373626768568275,1.1295642571946019,0.837216297002072,0.3378022265572387,4.037535753185757,0.0030795196013967455,0.7759310394398788,6.687285856745163,0
519.9999999939291,300.19246583256097,-309063.96321688034,59984.90283815446,-249079.06037872587,0.4605030027603725,0.5444284294924362,0.5013471303563342,0.7441093143612054,1.1421370038538292,0.8366529737728519,0.3353058434165177,4.418671055479837,0.006671763901965311,0.767921659289085,6.695931783482024,0
520.9999999939055,300.466849749038,-308978.1689697155,60039.7306384611,-248938.43833125438,0.4555564553366507,0.534831748862648,0.497557925929126,0.7468227191389234,1.161158396312942,0.8208114305504364,0.32325350462131036,2.288247144791976,0.006756931894408612,0.7639728846168854,6.6273018406051705,0
521.9999999938818,301.4309423890474,-308635.05266720615,60232.37705674331,-248402.67561046284,0.4583554619995782,0.5374782142083081,0.5003253397663598,0.7527565883150449,1.168077811585281,0.8154999035495809,0.31517456378322106,5.81467062327694,0.005478863361395111,0.7610078247317507,6.575143657710655,0
522.9999999938582,298.61069200604715,-308386.22623409657,59668.83045095374,-248717.39578314283,0.4569139839567531,0.5352085531049884,0.5005611940021881,0.7079575162566192,1.1685603647282239,0.8339583763522624,0.3333971823500743,4.158028981624355,0.003252703253025224,0.7840044453283208,6.5975191848174575,0
523.9999999938345,300.7099729155322,-308799.65122457966,60088.31186943708,-248711.33935514258,0.45967053099003774,0.5487949378006425,0.4998398426952064,0.738221108072372,1.198670541369598,0.85326623167402,0.3534263889788136,3.9306498995643326,0.006492722225885137,0.7634027652468038,6.639823577793223,0
524.9999999938109,300.3640558700348,-308506.76030826103,60019.190213413254,-248487.57009484776,0.45794047451537345,0.5339233280523021,0.5009769973385476,0.7562793329710136,1.2255965291617361,0.8341106743797155,0.3331336770411679,5.6426558003653575,0.006111314580223436,0.7828662599096212,6.665387998028578,0
525.9999999937872,301.8067435028502,-308462.0599275497,60307.47019152739,-248154.5897360223,0.4591092947915447,0.5386964692374736,0.49925591687181986,0.7272897404498169,1.2166924529976115,0.8458950356007868,0.34663911872896697,5.653561383828569,0.0045809182375612075,0.7729146872093224,6.63884555583752,0
526.9999999937636,300.54653638061757,-308290.8045189418,60055.65373912769,-248235.1507798141,0.4537730705458731,0.5420470056336395,0.49928785726547575,0.7433642515719718,1.164251911815212,0.8406290766892208,0.34134121942374507,1.6496430501037027,0.008381303318063166,0.7456713835480269,6.60844219724261,0
527.99999999374,301.2003878795574,-309109.2612532601,60186.307313412806,-248922.95393984727,0.4532132922204708,0.5504148843993004,0.5027311056243129,0.7408142572748986,1.2219445831925286,0.830569842549699,0.3278387369253861,1.2697938540969826,0.005573794355438532,0.7563779113007598,6.570715419653212,0
528.9999999937163,298.3924985759915,-308867.7728163423,59625.23071681148,-249242.5420995308,0.45606482290294625,0.5359209007368477,0.4978207815005653,0.7221843713435776,1.1791041528701314,0.8177535174383086,0.3199327359377433,5.358848528750529,0.005822213923710573,0.766280763780308,6.666801328481014,0
529.9999999936927,298.8376857191221,-308766.4387909798,59714.18867067424,-249052.25012030557,0.46227130592396515,0.5353801219042311,0.4990193065986986,0.7301382721212182,1.1449217115057095,0.8112399054126387,0.3122205988139401,6.3658344167565275,0.0031405333927295967,0.7504404624761793,6.605969504165522,0
530.999999993669,303.0475088157223,-309002.09078387637,60555.40175280481,-248446.68903107155,0.4648703425892666,0.5332983665881228,0.4990342819514235,0.7232156505682203,1.1873742223573167,0.8337218614742619,0.33468757952283834,5.152287443844939,0.0075667088685331734,0.7687168515707317,6.562561690972316,0
531.9999999936454,302.71550435790596,-308176.08969555795,60489.06013064346,-247687.0295649145,0.4562739602545136,0.5499256715777019,0.5013979253871134,0.7216697311176725,1.1577415283737782,0.8165976163329771,0.31519969094586375,6.284528588892696,0.008474380249333514,0.773019397820736,6.607535953039822,0
532.9999999936217,300.96951271617735,-308691.30713101104,60140.17349654739,-248551.13363446365,0.45702937062917603,0.5407260806959382,0.49975940868120616,0.7262115342936681,1.1718119116348475,0.8421968391293289,0.3424374304481227,4.740840106333501,0.00474214696683137,0.7702305020739377,6.66583474536111,0
533.9999999935981,302.50898646415556,-308075.7078340333,60447.793419446694,-247627.91441458662,0.4559088852914268,0.5395820472894464,0.5006534824423714,0.7375876518862654,1.1143896896229215,0.8236533542207619,0.3229998717783905,0.5683861584570182,0.005370413806555059,0.7597165914548665,6.6875460383972865,0
534.9999999935744,302.36610742065653,-308926.0543860728,60419.24311749915,-248506.81126857363,0.4566786215896168,0.5385298779501375,0.5015720958882852,0.7490158700539709,1.1361724618951392,0.8486158898445405,0.3470437939562553,7.389171210961721,0.006308410244093576,0.7618627216383871,6.645223624795896,0
535.9999999935508,303.98463983356015,-308313.8827016945,60742.66065983874,-247571.22204185577,0.4565139304370742,0.5421487822967404,0.5007129533765632,0.7330532919359776,1.140888548330473,0.861123166679088,0.36041021330252476,9.184661833053427,0.007048679659560475,0.7778509693072451,6.690808451797125,0
536.9999999935271,299.55124325064554,-307790.2285117926,59856.77279276124,-247933.45571903136,0.46000864365146654,0.5402753500435589,0.4993571150762156,0.713573834869317,1.145757414837508,0.8400795612511232,0.34072244617490755,3.8247993641039852,0.006347953328703224,0.7641511441603743,6.674246824427438,0
537.9999999935035,299.88947285380056,-308514.0734437634,59924.35833267802,-248589.7151110854,0.46322829165650603,0.539802020455781,0.500972061287623,0.7214750795837572,1.0689406696453148,0.841552599644666,0.34058053835704305,2.808249794799417,0.012118747338369415,0.7695490572136858,6.688585496952328,0
538.9999999934798,303.362721833179,-308383.4473502254,60618.388084500446,-247765.05926572497,0.45651244301898775,0.5401588036701535,0.5002565584654047,0.7525003802625587,1.08093977178352,0.8383676646796678,0.3381111062142631,4.304243763269972,0.005781582548555296,0.7558313472749374,6.634036680923799,0
539.9999999934562,302.9656610884203,-308528.93710426707,60539.046818792325,-247989.89028547474,0.45920220160048175,0.5438201170865522,0.5010457636822246,0.748953366459352,1.055391786729233,0.8264153020074861,0.3253695383252615,4.329887197595016,0.0031504928443167445,0.7728901048400001,6.593101710293183,0
540.9999999934325,297.1965999574612,-308567.6337532331,59386.26448480472,-249181.36926842842,0.44847854633338513,0.5473029900527955,0.5013457046143985,0.7559437834571785,1.0417001129853096,0.8491293088198535,0.34778360420545495,7.9273173010222795,0.006571597986380292,0.7685476399688138,6.656764939461688,0
541.9999999934089,299.97581545598706,-308733.2198523269,59941.61143924279,-248791.60841308412,0.4649691491742862,0.5414742811462568,0.4998836201027725,0.7404921519933039,1.0426747956692708,0.8128693987200827,0.3129857786173102,5.750868810572154,0.007176381243824279,0.7666244709974155,6.660452305926107,0
542.9999999933852,300.1563709893927,-308443.54375168495,59977.690313168525,-248465.85343851644,0.4658291610387828,0.5368463643440826,0.5012200490938588,0.7437844280420594,1.050525603845994,0.8503172048388982,0.3490971557450394,17.350500074208004,0.011097876015313538,0.7629171183158903,6.588586313945811,0
543.9999999933616,299.7220987327049,-308187.97287133057,59890.91338806991,-248297.05948326067,0.46858627582974144,0.5513148532383116,0.5017689331283511,0.7237558209114319,1.1373993011276724,0.840931746621368,0.3391628134930169,4.727213478526557,0.007910966327093554,0.7699129051823976,6.633243575987429,0
544.999999993338,296.89210058148086,-307795.3824927588,59325.418968806174,-248469.96352395264,0.46403930056707976,0.542213059078632,0.5022437958616196,0.7295665095058546,1.0530089065012467,0.8552721528838805,0.3530283570222609,6.857219597013106,0.005341788947928699,0.7771083925515985,6.699893086248295,0
545.9999999933143,297.55827067530606,-308589.898260009,59458.53406295406,-249131.36419705494,0.4609208711878683,0.5390301973393514,0.49853542216199986,0.7302083257910867,1.0366195379586345,0.8256709342703209,0.32713551210832104,3.0088624684428775,0.006052267824661919,0.776562160616753,6.716398059413436,0
546.9999999932907,301.652790441326,-308292.87903064163,60276.70706290737,-248016.17196773426,0.4644625109951521,0.5382554298981415,0.5000087942793592,0.740857754752339,1.0913991280154995,0.8434757618799661,0.3434669676006069,2.858643402196518,0.01096360699622285,0.7779488448066711,6.631236989501339,0
547.999999993267,300.3862041756173,-308022.42106006714,60023.6159206165,-247998.80513945065,0.4645283423945825,0.5350220807180723,0.49927696002250704,0.7280589663386667,1.0674590239720523,0.821632866714032,0.322355906691525,4.802849164959943,0.006100806450299015,0.7713787326790378,6.594241182791759,0
548.9999999932434,302.95655090068294,-308862.08939601947,60537.226407594644,-248324.86298842484,0.45622793822245633,0.5424329192694017,0.4995561858580176,0.7183205428545856,1.0629341068701699,0.8292603460156321,0.32970416015761456,2.962147216967464,0.006203772433355446,0.7655144843671886,6.60071740947636,0
549.9999999932197,302.5819573703788,-308645.03203395335,60462.374573932604,-248182.65746002074,0.45689908987059447,0.5348003002530932,0.49991571931117235,0.7255577397038833,1.078317941871223,0.8536126182414145,0.3536968989302422,2.7716190325318903,0.005047783152679586,0.7692154674463128,6.620292633259002,0
550.9999999931961,299.2957579618459,-308894.01675047074,59805.721344208985,-249088.29540626175,0.4611629086141251,0.5477786088530807,0.4990961533480091,0.7417610845221647,1.0624893562854432,0.8386503895149695,0.3395542361669604,9.414747721862812,0.006612393006562802,0.7655181923805578,6.710355888398951,0
551.9999999931724,300.4523185630655,-308731.9188538054,60036.82699537244,-248695.09185843298,0.4641545758533976,0.5357664634708161,0.5010635562564408,0.7509384855897716,1.0689653756090962,0.8524174594544138,0.351353903197973,3.7372397659795134,0.006053319891844778,0.7663314696456691,6.661806499826582,0
552.9999999931488,300.23072397315065,-308047.4892630824,59992.547636433046,-248054.94162664935,0.4624669993534063,0.5430461568950129,0.49914967325262105,0.7504144772621917,1.0721180173824436,0.8572841451773552,0.35813447192473413,9.11301934397369,0.003231441915332865,0.7637561195511289,6.757238558509314,0
553.9999999931251,306.29772423653736,-308856.17037763307,61204.86460884267,-247651.3057687904,0.46514555550326775,0.5433306493736705,0.5031544756569412,0.7292398746199042,1.125241905314038,0.8349722867274819,0.33181781107054076,4.994190364187,0.0034957237591603657,0.7665387568183561,6.608753306512483,0
554.9999999931015,300.04332317238277,-308330.56077904813,59955.10093105129,-248375.45984799683,0.4624435666712077,0.5362492516741728,0.500239599260675,0.7606063259693219,1.1337113016341789,0.8441433561531553,0.3439037568924803,9.303305604638847,0.006042089543493822,0.7789504255243624,6.672118402342335,0
555.9999999930778,299.7689175461769,-308011.72097687656,59900.268792674506,-248111.45218420206,0.46006596969296254,0.5475624819938056,0.5014967909714136,0.7677222902327401,1.0989575814165562,0.8483696236058119,0.3468728326343983,3.054511918600694,0.01131837711867667,0.7701715911412013,6.684128169892809,0
556.9999999930542,299.9928848006363,-308308.08359048376,59945.022260954975,-248363.06132952878,0.4534245017829015,0.5398117683162944,0.4997095815278951,0.7743121459761126,1.122530165704557,0.8483024089188995,0.34859282739100445,2.866026869091564,0.008710243675061858,0.7551699364690396,6.684263378181157,0
557.9999999930305,303.5514562988009,-308682.64395283535,60656.10128476728,-248026.54266806808,0.4645329364468407,0.5360589627062231,0.5021948837183304,0.741352485084529,1.1443712773566785,0.8464351322222752,0.34424024850394475,4.334194391086103,0.007101983506035987,0.7635735802380168,6.737406231900209,0
558.9999999930069,303.61163062998236,-308191.5327348388,60668.125408688116,-247523.40732615066,0.4633078153145682,0.5370065807691731,0.5004889160303696,0.7466325029504901,1.1365504755849862,0.8424202115064199,0.3419312954760503,4.711091342131442,0.007750418054205554,0.7696185026624827,6.646096813881705,0
559.9999999929832,301.16177965370713,-308442.11778520374,60178.59256057929,-248263.52522462443,0.4633666547470203,0.5402374643594747,0.499042213476701,0.7374876789065659,1.1654635316650293,0.8360192603139336,0.33697704683723256,4.559139062740969,0.009707697447216473,0.7629846896851011,6.686345001747746,0
560.9999999929596,300.21464104881574,-308155.7465614835,59989.33392268808,-248166.4126387954,0.452918112103716,0.5377893935618125,0.5005240821890464,0.7504369435100173,1.1355280108253467,0.8257534811120062,0.32522939892295977,9.729396307117199,0.005633476024624172,0.764752988800177,6.640880947438269,0
561.999999992936,298.03882833764754,-308416.80771563435,59554.559806317535,-248862.24790931682,0.45993899259921545,0.5437048159334106,0.49949560795557935,0.7259422859919216,1.0970932257302843,0.8343188633352733,0.33482325537969393,6.1522616543209985,0.007194438339335829,0.7668433946078892,6.617324796985638,0
562.9999999929123,302.94159127281455,-309311.1732674446,60534.23715261221,-248776.93611483238,0.4599352572490041,0.5394161499359509,0.500917227523249,0.7583097444970512,1.112415324664763,0.8223977768439997,0.32148054932075076,2.073795448393248,0.005528787325284233,0.7652509123161231,6.7266750166953475,0
563.9999999928887,299.93967226944545,-308379.38576563215,59934.38925421244,-248444.9965114197,0.45656033633890925,0.5452461202000256,0.49977250416271757,0.7425323977409715,1.1298368761621767,0.8183088412601032,0.3185363370973856,4.987427612360635,0.005018382987699319,0.7606219337776459,6.661138457102098,0
564.999999992865,296.41037165855835,-308322.5990933697,59229.15918241981,-249093.43991094985,0.4664805368704945,0.5405083456242572,0.500132340768309,0.7391542158789353,1.0920728768329333,0.8419238220800898,0.3417914813117807,4.434516508219211,0.005491873524631788,0.7675837388258886,6.737536597801068,0
565.9999999928414,297.92472683154136,-308578.8883622121,59531.75987448552,-249047.1284877266,0.46532882878386506,0.5372142844306715,0.5010154673616073,0.750576513760512,1.0870871510567812,0.8249357257745511,0.3239202584129438,1.6172667347893965,0.0035843806041894236,0.7661441723699767,6.66846258971411,0
566.9999999928177,298.6867726674918,-309155.8829261209,59684.03300133077,-249471.84992479012,0.45950763489135404,0.5377286668029007,0.5006057810183128,0.7450093766520798,1.112901250227086,0.8269258616653969,0.3263200806470842,4.554746141285433,0.004790359638769573,0.7642985342308783,6.58733504079602,0
567.9999999927941,296.7302512590331,-309067.96695068944,59293.07799764114,-249774.8889530483,0.46738353441830993,0.538281400779832,0.5008236562666842,0.7508153130372381,1.1550076498101056,0.8520237084890918,0.3512000522224076,3.144174333512184,0.005439917325099679,0.7720906123812048,6.62575158032196,0
568.9999999927704,298.47433623812793,-308430.1729347077,59641.58363958767,-248788.58929512004,0.4571779759079586,0.5393810819971989,0.498805113947133,0.7244194355698053,1.1588933135237731,0.8373172311126691,0.3385121171655361,5.059224807703427,0.004594521377149857,0.7711420315316815,6.678946028860399,0
569.9999999927468,299.66070334009777,-308942.9097929206,59878.64526984769,-249064.26452307287,0.45636464560762313,0.5422173596536686,0.5002392939975718,0.7529192951186161,1.061787156923284,0.8405317509975101,0.34029245699993826,9.453125565180287,0.006686156906573828,0.7694680021432911,6.6026107105912075,0
570.9999999927231,297.3626226269956,-308400.0872901892,59419.43938036158,-248980.64790982765,0.46201666945577813,0.5378123055729978,0.49788416457516393,0.7569477683104493,1.1006900052198287,0.8271555506919832,0.3292713861168193,5.612531032228699,0.0056589644814596584,0.7736908922814276,6.6753191446082845,0
571.9999999926995,299.8538457011985,-308006.91256903764,59917.239262313255,-248089.67330672438,0.45823507993959733,0.5420269330872074,0.5010484345746529,0.7724201581052679,1.1227598082086114,0.8236732664036084,0.3226248318289555,6.387049271298734,0.007041800965149593,0.7683906372299578,6.579041332388101,0
572.9999999926758,301.340318863444,-308409.7820836371,60214.26852972516,-248195.51355391194,0.4630377958904175,0.541504779755325,0.5008718203487015,0.7488206299567555,1.0811637993197607,0.8467500198702993,0.3458781995215978,10.161812647134363,0.0039570111043691165,0.7768502537521353,6.60614497673626,0
573.9999999926522,302.9815805360818,-308337.3899383894,60542.22786638646,-247795.16207200295,0.45480679354863884,0.5369788091166932,0.49846955437438717,0.7763069479020341,1.1298641610296833,0.8152371970234882,0.316767642649101,3.7189623043125586,0.005376048243320067,0.7461331746437292,6.632805997120471,0
574.9999999926285,302.2510192436266,-307486.5444875527,60396.24602762277,-247090.29845992994,0.4604688303287776,0.5371083231720508,0.500883007412209,0.7497332109958705,1.1261840944102168,0.8295823903674866,0.32869938295527756,8.057412430591265,0.004637877115409369,0.759200479584095,6.75131668519893,0
575.9999999926049,304.3695588221686,-307351.7659617006,60819.57574186186,-246532.19021983873,0.4591386633620391,0.5429682113740908,0.4988944395873442,0.7544218492531058,1.0828875005362608,0.8379017978348863,0.3390073582475421,1.9375581881951407,0.008685630007059448,0.7691608715100524,6.656402288436226,0
576.9999999925813,302.8897636143727,-307856.4632509425,60523.88087319214,-247332.5823777504,0.46250855802706325,0.5409500254124247,0.5020474122590498,0.7433740112251002,1.1199227741436815,0.8279194447207109,0.3258720324616611,6.93003872836492,0.005013626801072365,0.7689528556494034,6.653290811861787,0
577.9999999925576,301.0014824878149,-307801.617089876,60146.561743634535,-247655.05534624145,0.4480550649174617,0.5545394858422004,0.5007770007559377,0.7262108620264094,1.067857577980682,0.8390517678075137,0.338274767051576,6.473738397534068,0.004835964208908424,0.7607165999676297,6.700917285568892,0
578.999999992534,300.4202395704004,-307505.21098479535,60030.41692357791,-247474.79406121746,0.4579318590921364,0.5418745025293017,0.4980458718220948,0.7194992925410171,1.090752618211619,0.8363159558215485,0.3382700839994537,4.567315751237756,0.006104687345625231,0.7672385779167072,6.7543750248454515,0
579.9999999925103,304.07791142737756,-307890.9153088145,60761.29832776681,-247129.61698104767,0.45829185126114824,0.5515662472220937,0.5016309159131848,0.7415497740677637,1.1234276303323003,0.8331998473827762,0.33156893146959143,10.132025311566379,0.007678185138137584,0.7760526552735735,6.733239542695671,0
580.9999999924867,302.3611904114361,-307872.2395283682,60418.260593439045,-247453.97893492918,0.46199818414749316,0.536995090836978,0.4993080740604098,0.7534478051711488,1.108433010281387,0.8083672311950697,0.3090591571346599,4.2680856642761675,0.003930242030425634,0.7640989826858231,6.77769704197771,0
581.999999992463,302.44715789873493,-307944.1983241602,60435.43874399175,-247508.75958016844,0.46321030723192225,0.5465102256654939,0.49998778257057075,0.7255047551860424,1.142840787887895,0.8246385685699578,0.324650785999387,5.396842120614648,0.007888969432705053,0.7550741108059942,6.80168265518995,0
582.9999999924394,303.356901614054,-307722.03097425774,60617.225079700365,-247104.8058945574,0.4501810160616033,0.5387988231605938,0.4963591526981283,0.7501749251974603,1.1169447952675737,0.822676992109566,0.3263178394114377,7.378759543745712,0.0070273880799319975,0.7750667746976951,6.755534158797314,0
583.9999999924157,302.5455357350615,-307794.8764406843,60455.096748855765,-247339.77969182853,0.46112370752291776,0.5476677638456362,0.49928730766457335,0.7566636313989683,1.110509056177678,0.8473393983809356,0.3480520907163623,6.761107517864527,0.004098767212384897,0.7782934348039707,6.760949444773118,0
584.9999999923921,300.4910690402201,-307941.35904795397,60044.570173072134,-247896.78887488184,0.4670829564104828,0.541434219842138,0.50036566151764,0.7465872320605929,1.1087499564497563,0.8294214607620811,0.32905579924444117,4.931139379459331,0.005882233548166276,0.7634379888865817,6.726823822628921,0
585.9999999923684,301.0237107233566,-307609.5925749331,60151.003422560534,-247458.58915237256,0.45855305751516706,0.5400927265981572,0.5005718370928897,0.7622511709171356,1.12905275915938,0.8496421124013567,0.349070275308467,9.516599819157305,0.005265608604556226,0.7742903642076122,6.722085021367359,0
586.9999999923448,300.8611362704598,-307431.89448436536,60118.517554755905,-247313.37692960945,0.43942425209093017,0.5347683225012236,0.4970374854444863,0.7404589572750204,1.1543337808268959,0.8478126754554267,0.35077519001094043,1.994644533805969,0.008149491366938063,0.760693503226066,6.663872868214327,0
587.9999999923211,301.14693499041783,-308738.5036388198,60175.626277989206,-248562.87736083058,0.45395935743373617,0.5394533982794147,0.49834755555477134,0.708007531714804,1.2048052196461434,0.813368697628212,0.3150211420734406,4.328568632480036,0.006340355991491946,0.773573002391835,6.645860650484487,0
588.9999999922975,300.9792120538368,-307759.5835659979,60142.111632554515,-247617.4719334434,0.4608318395259925,0.5367852647369276,0.499921652746238,0.7530377910864452,1.1846373030801338,0.8354642950589044,0.3355426423126664,6.092070693031906,0.005016980288752167,0.7678954671607818,6.572815442538127,0
589.9999999922738,302.2412681542068,-307824.58143703407,60394.2975505023,-247430.28388653178,0.46526702493259897,0.5431906835958653,0.500609404567964,0.7268237714367096,1.1940103380027622,0.8326381954109274,0.33202879084296344,2.1252265354938253,0.0051751194714372796,0.7747254898264417,6.6717356745425604,0
590.9999999922502,302.30986879260496,-307982.84255394945,60408.00543160297,-247574.83712234648,0.46003862309037125,0.538816560081834,0.500360484995389,0.7353175503763776,1.0868567247298078,0.8427776465519413,0.34241716155655233,5.133857998564893,0.007772382338100195,0.7635379928089181,6.664391204664682,0
591.9999999922265,300.4051575228922,-307547.4858371122,60027.403206521856,-247520.08263059033,0.4654879963088989,0.534761117628392,0.4990460046918659,0.7079960286466189,1.0764509400708633,0.8239909053415402,0.3249449006496743,4.591323517513767,0.005593851498495389,0.7760719000557059,6.656965129344556,0
592.9999999922029,300.61294294593006,-308558.3314664527,60068.92319729692,-248489.40826915577,0.4630859332154902,0.5462520394463652,0.500568717260077,0.7319986743115043,1.0928065599956494,0.8339405708112579,0.33337185355118093,4.273160266625325,0.008366601892949136,0.7762344733887865,6.691537671438894,0
593.9999999921793,300.8984225372058,-308498.71379161533,60125.96815176458,-248372.74563985073,0.4476245567549557,0.5547946310176126,0.4994223351265384,0.735400425372621,1.1620510015375451,0.8312090563120242,0.33178672118548586,5.006406435952172,0.0034900347481710368,0.7720375986844843,6.6455035141063314,0
594.9999999921556,299.0466648123251,-308014.9936790988,59755.94718238847,-248259.04649671033,0.4547736816519441,0.5432645289545519,0.4994084983021099,0.727041706600378,1.109492694947118,0.8438700307388495,0.34446153243673955,4.822291143436829,0.007687520218961331,0.7612051081447646,6.687989087201686,0
595.999999992132,296.11512643833396,-308137.3631653995,59170.16284552151,-248967.200319878,0.4629049642113956,0.5362039521890143,0.5013382972035578,0.7177203743641982,1.084745363934875,0.8542632320325271,0.35292493482896925,5.354753528435953,0.004663992291017569,0.7540799279680854,6.654236890308724,0
596.9999999921083,300.8938797580883,-307860.4371355772,60125.06040691754,-247735.37672865967,0.4618148974109646,0.546292275113144,0.5005982867084525,0.7316946091017176,1.0356088179541096,0.840118097989146,0.33951981128069353,6.146848175005614,0.005457314645229568,0.7660469543153754,6.568821532064952,0
597.9999999920847,302.26145397437995,-308899.06335786683,60398.33111096637,-248500.73224690047,0.450932923260579,0.5494005789566669,0.49971472381596166,0.7558404949021611,1.0848661241910982,0.8156498815578443,0.3159351577418827,3.3470554576455123,0.006139858704513762,0.7659210209530851,6.6795135123721,0
598.999999992061,300.4398360132963,-306980.8310373011,60034.33271380212,-246946.498323499,0.45198288852198765,0.5380658423979101,0.5004303174337088,0.7384439194521564,1.070321051313492,0.8454176645025485,0.3449873470688397,3.300666742195017,0.005205744205185003,0.7663267428865925,6.662431611353952,0
599.9999999920374,301.38275690428503,-308459.3622019803,60222.74856185865,-248236.61364012165,0.46085135549895373,0.5427327250943357,0.5039992278232196,0.733306019034691,1.089131972178686,0.8507795446850456,0.346780316861826,1.5073203051167277,0.006269971354746425,0.7599518342031795,6.66113189175978,0
600.9999999920137,298.99861406031886,-308801.20938304486,59746.34561000255,-249054.8637730423,0.46256322291727736,0.5401209226650625,0.49829415241942554,0.7343870531016492,1.079262322327228,0.8349505425230379,0.33665639010361237,6.688316854645405,0.00447694114191646,0.7721329171327849,6.666044415017268,0
601.9999999919901,296.73085226774054,-308601.7138947947,59293.19809209062,-249308.5158027041,0.4619792508606837,0.548557806141516,0.49951379026218456,0.7526988222578961,1.0879517220263644,0.8697730919002504,0.37025930163806586,3.8708448493214487,0.007554422192384127,0.7672655878373096,6.6525300739832005,0
602.9999999919664,298.83996335592684,-309281.42726991605,59714.64379143171,-249566.78347848434,0.45358396827897174,0.5391492475381021,0.49944210677877754,0.7436447777116353,1.1135337449305718,0.8468489727149895,0.34740686593621195,7.471715182187469,0.008155407180331076,0.7727202782563217,6.710632611375601,0
603.9999999919428,300.0623214655017,-309740.8038339047,59958.89719810173,-249781.90663580294,0.45805892948265026,0.5411827213512499,0.49993021615040717,0.7439720668057737,1.0805764280574115,0.8320256665028148,0.3320954503524077,6.119492801666299,0.00521820465288284,0.7608130309299952,6.634072341627082,0
604.9999999919191,299.52990698949975,-309594.1703519467,59852.50934947925,-249741.66100246747,0.46399753167300517,0.5531256386817169,0.500538395350119,0.7279690684761349,1.0520125210285691,0.8646278422887002,0.36408944693858114,7.993077320132428,0.005074554598082349,0.7698507559073846,6.679934604203062,0
605.9999999918955,297.4931146675451,-307814.0264999629,59445.514493045725,-248368.51200691718,0.4570149301052844,0.5525735771636207,0.501636785153571,0.721955245421146,1.0709185407863568,0.8347812943144255,0.3331445091608545,2.341299980562038,0.008519761162246687,0.7765818749385973,6.594299080182424,0
606.9999999918718,303.504979903206,-308898.6733761709,60646.81430260971,-248251.8590735612,0.45859269840215156,0.5375546126056667,0.49998130244856004,0.7534839333430252,1.067114258731456,0.8270572614898081,0.32707595904124803,4.832449173433654,0.006123818210910426,0.7742859815357264,6.655975587846072,0
607.9999999918482,297.04565758867557,-308502.3410849045,59356.102957263865,-249146.23812764062,0.45794056183892895,0.5498501180843389,0.4995689880563261,0.7573746335169584,1.0945149645012466,0.8403224307171873,0.34075344266086116,5.21522763461131,0.00854557601788442,0.7684152063859795,6.663603402290022,0
608.9999999918246,297.48394178120554,-308460.6189070223,59443.681553320544,-249016.93735370174,0.4495077750940184,0.5309613072848354,0.49702044214477553,0.7567010924201121,1.1153614368138278,0.8336803929062537,0.3366599507614782,1.1870850035867488,0.006001395075589073,0.7552125354762103,6.724029241301267,0
609.9999999918009,302.61269487456445,-308367.46905344306,60468.51658751363,-247898.95246592944,0.4646794455835317,0.5347166608894041,0.4990905181998497,0.7433357831051962,1.0684635721537452,0.8273920952708218,0.32830157707097213,1.6231005418911923,0.004675918194605769,0.7631764925382605,6.628957769726174,0
610.9999999917773,301.83334333168233,-307963.4772293824,60312.78540869509,-247650.6918206873,0.4547331178645946,0.5370273694483245,0.4993033732166834,0.756045961144272,1.131125470866909,0.8490689287492516,0.34976555553256816,3.415412556676217,0.010418489243536751,0.7602548404946017,6.700124332918612,0
611.9999999917536,301.8148830583314,-307925.2310611503,60309.096649551015,-247616.1344115993,0.46109120486584665,0.5411631576144016,0.4999254528107365,0.7346602365814014,1.1263177425016804,0.8467771352736775,0.34685168246294096,5.977435438911327,0.00466817000330624,0.7628750740381318,6.664631747910889,0
612.99999999173,302.37862286955,-308361.02097178344,60421.74397302118,-247939.27699876227,0.46128050602075543,0.5400603603127649,0.49863796710418173,0.7374696441186224,1.0580270109627286,0.8219563103674292,0.3233183432632475,5.824887486082353,0.004886157588644199,0.7725452853723183,6.621458342521777,0
613.9999999917063,296.6512005913703,-307926.10485250084,59277.2819762257,-248648.82287627514,0.4560530973865511,0.5415324402159598,0.500093023393945,0.7641190338412089,1.1388147012325254,0.8028586090702544,0.3027655856763094,4.4948971564197,0.008314601603250878,0.772317635090392,6.678424476264958,0
614.9999999916827,297.2910968204153,-308713.20675225276,59405.14698782521,-249308.05976442754,0.4534649030055382,0.5460748162326441,0.49978120321279085,0.7361343975092849,1.0737223135814737,0.8497637864378911,0.34998258322510023,6.370243904546569,0.005139309784107148,0.7732042746705101,6.701748618390624,0
615.999999991659,297.53432733055246,-308490.74830045644,59453.74966836681,-249036.99863208964,0.45359901196044783,0.5439320781740076,0.4990537055722168,0.747865320962303,1.0858057084889694,0.833851146286585,0.3347974407143682,5.852869544032256,0.009927878360285134,0.75870033918447,6.665460202229134,0
616.9999999916354,301.81488005476575,-310016.6868538689,60309.096049374086,-249707.5908044948,0.45104374872336805,0.5426830717313957,0.49957889016628854,0.7586145370113024,1.0780063743255566,0.8411811923458059,0.34160230217951737,13.453341061615738,0.00720199980178859,0.7652135047574014,6.701265902482696,0
617.9999999916117,298.95767226965506,-308933.28086373303,59738.16456079409,-249195.11630293896,0.4548729782881997,0.5423626531474071,0.4997741914672265,0.7271581422827404,1.140632143989718,0.8467437029917229,0.34696951152449634,3.3670787201513384,0.0069229246853619005,0.7731722576646745,6.592690074396472,0
618.9999999915881,298.00603840872395,-309218.6658107275,59548.00767418758,-249670.65813653992,0.4594213293289595,0.5402951161846534,0.5023252177762272,0.7405227892620827,1.1422937045302337,0.8603440426708276,0.35801882489460046,9.348679645233435,0.007767271688702005,0.7777628175628548,6.592017231548375,0
619.9999999915644,300.75304151644974,-308832.5441171243,60096.91790101835,-248735.62621610594,0.4545636912834503,0.5376284562605829,0.4969120477057034,0.7157322580465788,1.198205219383004,0.8291808313411597,0.3322687836354563,4.918614125568056,0.0069819580711167895,0.7625901940296433,6.586970907337992,0
620.9999999915408,299.4187746974547,-308782.6559408647,59830.30273039567,-248952.35321046904,0.46031631530796613,0.5398392485182306,0.5016180133173426,0.7326731362979864,1.1102065982910174,0.8354371162901313,0.3338191029727887,2.512469990141314,0.0029377641564600665,0.7720348081529238,6.6496265825931715,0
621.9999999915171,298.4607540722423,-308891.09143656725,59638.86963109742,-249252.22180546983,0.46306244719449907,0.5461151976488203,0.49918471719298296,0.7273968572062293,1.1358370500268364,0.8329057498125543,0.3337210326195713,4.199572684353191,0.003589281574080822,0.7742917901141162,6.642059420339294,0
622.9999999914935,300.85024803516035,-308604.8319552513,60116.341851462676,-248488.49010378862,0.4562809048533625,0.5485209807080156,0.5022598506002307,0.7576371021903334,1.0950590576055568,0.8264326419155279,0.3241727913152972,4.141997277447203,0.005614185401206646,0.7661699262600621,6.695406779800578,0
623.9999999914698,298.35441666029146,-308449.0070942221,59617.62113205117,-248831.38596217096,0.45191851835191343,0.5337780688433305,0.49930122820796713,0.7565175240275588,1.0892656547322375,0.8225733191447762,0.32327209093680903,2.478495402568635,0.004721231762985687,0.7781798980452201,6.634958388206371,0
624.9999999914462,300.8106195321147,-307706.76801233366,60108.423225329854,-247598.34478700382,0.45979927280155497,0.5344618484221062,0.4993606695331596,0.760500703895179,1.082470186250192,0.8404498240186452,0.3410891544854856,1.7427206060009552,0.006139307894248508,0.7522195423325488,6.762099727261827,0
625.9999999914226,298.7427865092537,-307619.6029782826,59695.22577009782,-247924.3772081848,0.4495212940683535,0.5531837661599859,0.49950787612846426,0.7458523686391274,1.0846699465537215,0.8440014741410173,0.3444935980125531,1.2947721153492138,0.005913908474415847,0.761039498013,6.634665339989482,0
626.9999999913989,302.1103592692675,-307757.30232126825,60368.13914335523,-247389.16317791303,0.4575462491141833,0.5373896565932732,0.4998098350385153,0.7409634284882713,1.0802801002866609,0.8250276528218184,0.32521781778330316,0.44980793556643145,0.00472206683534378,0.7714365943208907,6.616482160356178,0
627.9999999913753,298.3378324447909,-307813.06717129843,59614.30724956351,-248198.75992173492,0.4589800267515469,0.5478635376101377,0.4993305967577843,0.7493007730992969,1.0595843492921624,0.8285921814159531,0.32926158465816885,5.918382281179267,0.003977778763297417,0.7651978501551344,6.66928022777924,0
628.9999999913516,300.904161073252,-307721.7484719795,60127.11483453095,-247594.63363744857,0.46367807041396425,0.5395566985521292,0.5021548432266824,0.7523860644030052,1.1535532289742978,0.8394632614477685,0.33730841822108615,3.74411802179545,0.010509767762889269,0.7680833015613704,6.625299577908791,0
629.999999991328,302.198372108486,-308050.9906493854,60385.72599915585,-247665.26465022954,0.4557185240784891,0.5399983285926115,0.49788719104255436,0.7370262794387181,1.0656400256907972,0.8418935886219858,0.34400639757943147,2.4345828959199434,0.006914467414612365,0.7543039141571235,6.693308842557506,0
630.9999999913043,297.0448345424925,-307855.7367974883,59355.938494957365,-248499.79830253092,0.4513991819718286,0.5438222204526113,0.5008171572534856,0.7400716279306998,1.0614858546808073,0.8073378870638357,0.30652072981035006,3.2731475540595083,0.008224108141452526,0.7794082181488212,6.60797348448061,0
631.9999999912807,298.045569265399,-308582.01720911264,59555.90678847809,-249026.11042063456,0.45764165077170915,0.5461390652093914,0.49975425439551563,0.727992825611314,1.0645057776461222,0.8162749279762322,0.3165206735807166,0.8775343468451976,0.008517417284973747,0.7650716837296074,6.6099307639861,0
632.999999991257,300.19628965590556,-308507.6849821424,59985.66692019483,-248522.01806194757,0.4631932211052714,0.542939169191083,0.4997423853059729,0.7351569427213311,1.1724785319733968,0.8290233977898902,0.3292810124839173,2.431496681842643,0.007595797168221413,0.7599240151106823,6.7344449266424675,0
633.9999999912334,299.8240750429424,-309031.474307145,59911.2904453169,-249120.1838618281,0.4573489205451242,0.5348737238866799,0.500845977540258,0.7147569917053982,1.1030172012249047,0.8287360913236851,0.32789011378342714,4.804119550805751,0.004251593515034377,0.7608955617750848,6.714272971055208,0
634.9999999912097,298.92504122980966,-309015.9967536619,59731.644178114904,-249284.352575547,0.4537913046069253,0.5422119043429001,0.4997075016429184,0.7195588060752662,1.1057708371630852,0.8364585157192851,0.3367510140763667,3.304760678572922,0.005422770245102337,0.7738638495475123,6.632825608484495,0
635.9999999911861,297.814570707594,-308804.76407985575,59509.74831475604,-249295.01576509973,0.4588014353648937,0.5376255108124877,0.4977693558315161,0.7464280644857997,1.133794219917771,0.827001534306584,0.32923217847506786,6.627939956209093,0.004945882804970118,0.7588604060185458,6.652776681355551,0
636.9999999911624,297.29138023228955,-308462.43441867083,59405.20361960541,-249057.23079906544,0.45919518306402907,0.5308328945595084,0.4979191709110246,0.7279685458099951,1.0586931597429876,0.843118223550472,0.34519905263944733,2.613407638248218,0.004138883315771981,0.7601152760910965,6.799033399979692,0
637.9999999911388,300.9041097898161,-308187.3238834492,60127.10458699889,-248060.21929645032,0.45460503262423035,0.5407326957126495,0.4988089655029342,0.7355434321447665,1.0738615734067487,0.8478700742261056,0.3490611087231714,4.51156065758675,0.006028744756136629,0.7827420568851249,6.854826279349439,0
638.9999999911151,297.944275779666,-307603.45962605625,59535.66617423422,-248067.79345182204,0.46450338394228297,0.5337686433433007,0.500318499444596,0.756404035549922,1.0871004807321718,0.8715250519048282,0.37120655246023215,6.710694764070943,0.005249886231531259,0.7646069208529429,6.809777329635864,0
639.9999999910915,304.52797285235664,-307834.4620670886,60851.23026784298,-246983.2317992456,0.46278429853971836,0.539640421948266,0.49936394302857645,0.758145933667655,1.0730644776662928,0.8202072446235861,0.3208433015950096,0.6451507700158914,0.002884004092608818,0.7673253519164724,6.742554700792795,0
640.9999999910679,297.15149866181827,-308360.4149410031,59377.252277154825,-248983.16266384826,0.4558232503779127,0.5413350231799701,0.4976175004094213,0.7310206826859131,1.0364462066305427,0.8409751936294355,0.3433576932200142,3.9189649990069224,0.00748940276281871,0.7657795090146751,6.758895312481428,0
641.9999999910442,300.1855702492952,-308334.25633277046,59983.52495250013,-248350.73138027033,0.46706036437749265,0.5346537001546725,0.49994850135017077,0.7368373230504246,1.0584754436832249,0.8228100208517608,0.32286151950159003,3.6640207552402253,0.00427110245448642,0.7708257853395395,6.80489752408441,0
642.9999999910206,301.1054365479018,-307932.6627625078,60167.33399778371,-247765.32876472408,0.4595974381749454,0.5422115530683236,0.4997561530122097,0.7335112781033333,1.0999528422914704,0.8175998518254648,0.3178436988132551,3.304175426365845,0.006838162882298079,0.7757407779528833,6.6845940856186985,0
643.9999999909969,298.90052101160177,-308279.7846964747,59726.74451182019,-248553.04018465447,0.4645723523071599,0.5448627294719888,0.49982852766264024,0.7470074726952589,1.1091238289059007,0.8221642366542801,0.3223357089916398,1.1500674143687597,0.010370567281587332,0.7744932169372142,6.841199359043458,0
644.9999999909733,296.121565288105,-307093.60632081144,59171.44946601291,-247922.15685479852,0.4571544449321996,0.5412180631171353,0.49890368051972356,0.7380124521015965,1.1374633488242498,0.8185862511886457,0.31968257066892214,2.0848976493128095,0.007151657432768143,0.7656685991945675,6.774732814271147,0
645.9999999909496,298.6055438673124,-308036.54036490014,59667.80174225199,-248368.73862264815,0.43740626046138775,0.5438746478940981,0.4992567650489124,0.7264177738459652,1.081287768289176,0.8478184228959609,0.34856165784704846,4.417694837323479,0.006872519530093312,0.7674361534335183,6.804396913152459,0
646.999999990926,302.6271402704117,-307739.82732903166,60471.40308789248,-247268.42424113918,0.45796481393315647,0.5415792967431248,0.5005423934518972,0.7307938497936828,1.1184265121961339,0.8260903529625017,0.32554795951060445,4.609836860701337,0.006383761788591931,0.7636789707106177,6.797008819233071,0
647.9999999909023,299.49883432892074,-307622.7795613236,59846.30036445164,-247776.47919687192,0.45821742997627535,0.5483168103793581,0.5004723934976526,0.7482112595221677,1.0851198313191537,0.8387351546729875,0.33826276117533494,1.0910983985212208,0.005872251039316997,0.7748093042695494,6.816437967572497,0
648.9999999908787,304.0952559839245,-308531.41221105075,60764.764142727734,-247766.648068323,0.4623137402195927,0.5367442615085025,0.4993932855376121,0.7184233138559066,1.0393437449915233,0.8258509585711387,0.3264576730335266,3.430867633050584,0.006808318181357134,0.7691585869810869,6.810737359139367,0
649.999999990855,302.9878501549206,-307873.2352334657,60543.4806709025,-247329.75456256318,0.45874510534647417,0.5392597412520432,0.5009266428404804,0.7404333497281748,1.1575420938949286,0.8477675273519016,0.34684088451142125,2.28466714781452,0.00996441405916374,0.7688756484719503,6.7065617751264455,0
650.9999999908314,300.48905042044333,-307631.569791242,60044.16680948058,-247587.40298176144,0.46577353439005,0.5359197045818949,0.499491481012391,0.7289286415428595,1.0640597172282558,0.8744398849421834,0.3749484039297924,2.5733253574372004,0.010809445293171759,0.7738792329463526,6.752221529898016,0
651.9999999908077,298.6050070426192,-308042.8826825223,59667.69447314725,-248375.18820937505,0.4526407429041963,0.541153400117075,0.49808066188303035,0.7559696024053615,1.107901393751277,0.8406609818330874,0.342580319950057,2.8895049772608346,0.00623365314201049,0.7590618761354486,6.65419607080203,0
652.9999999907841,301.194518123999,-307929.7509209113,60185.13441016928,-247744.61651074205,0.4598957293546481,0.5449106600555806,0.49994739569593005,0.7359326022186554,1.057425029010111,0.8015452755324761,0.30159787983654607,0.7021502089650903,0.0060775720739839716,0.7693054253508507,6.7237102874185695,0
653.9999999907604,300.30594831597864,-308619.13181665214,60007.579075956644,-248611.55274069548,0.45979795476283014,0.5435027985803407,0.5013956659144975,0.7288248014176308,1.0851220938111883,0.8204621040522613,0.3190664381377638,2.4164733009501256,0.005924257957461075,0.7541817608602734,6.6980491416949945,0
654.9999999907368,300.54449459121287,-308088.13761779945,60055.24574574678,-248032.89187205269,0.4593490730913188,0.5399719590940979,0.5001937074162591,0.7670253081823812,1.1056212898820483,0.8553370354831624,0.3551433280669033,8.508135958877586,0.008690202538550502,0.7680765563807093,6.769859744735399,0
655.9999999907131,298.907991490689,-307274.531897706,59728.23727400847,-247546.29462369753,0.45887170370174335,0.5421795152600168,0.4983315014425303,0.743297425503016,1.1091291474891705,0.8503556518513743,0.352024150408844,8.487224254518152,0.0036913605159230867,0.7730605026004822,6.756607772460924,0
656.9999999906895,300.5737276642556,-307890.4127358082,60061.08714167011,-247829.32559413806,0.4646910000847351,0.5425494990292341,0.5000293224631897,0.7500027879879072,1.070159654984547,0.84994553623771,0.3499162137745203,4.523876862045914,0.004675804616683398,0.7814368727355747,6.8200499945572375,0
657.9999999906659,298.5754990206799,-308460.58922026027,59661.79813652845,-248798.7910837318,0.46444403068547313,0.5444303184291339,0.502459458543328,0.7437550054427895,1.1107452489946184,0.8389355199386921,0.3364760613953641,6.57414862160265,0.007566032021163474,0.7662983582669747,6.683516582284049,0
658.9999999906422,302.24578283473284,-307522.77103237016,60395.1996806472,-247127.57135172296,0.45448003054475183,0.5373716406758486,0.501490343566462,0.7489530132260125,1.0805673095014185,0.8222885768625836,0.32079823329612156,3.874957375157416,0.0054325459646704915,0.7788100105739693,6.690610169924668,0
659.9999999906186,298.32124556911435,-307273.2514436003,59610.99283551556,-247662.25860808472,0.4544615623259629,0.5568687720416641,0.4998332661056253,0.744503824418171,1.047229129596868,0.8271983543997126,0.3273650882940873,4.852009541212775,0.005287163037147827,0.7647110906256334,6.704696777826285,0
660.9999999905949,300.37709368503204,-308311.6425862713,60021.79544890329,-248289.847137368,0.46020749749199696,0.543878357111609,0.4990743545269077,0.7268567849170804,1.1487684245181975,0.8220984650325982,0.3230241105056905,1.7271983553567232,0.006646374545973209,0.7696783920035575,6.7782906104883125,0
661.9999999905713,299.73033290267966,-308382.26747986255,59892.558752101664,-248489.70872776088,0.46331990110537813,0.5485105908744963,0.5001306209523281,0.7359887391974369,1.0733545635054718,0.8530083650847232,0.35287774413239514,7.42400531259772,0.004112792634162021,0.7723899212112961,6.736830256729277,0
662.9999999905476,300.87741669135863,-308517.2147500091,60121.7707325566,-248395.44401745254,0.470327184443863,0.542492573036752,0.5005416155716838,0.7426417606058067,1.146243383267965,0.8514858955274062,0.3509442799557224,5.576505659585511,0.004129409812853121,0.7696787798226197,6.76568929941071,0
663.999999990524,298.99015881620966,-308665.4204297308,59744.65607061003,-248920.76435912075,0.4555218260357914,0.5374382694953344,0.4995386476253418,0.72885261904531,1.1235939791215728,0.8205418649097872,0.3210032172844454,9.571795587004592,0.003913850782304038,0.7676423292839134,6.6571930228789284,0
664.9999999905003,302.16065332855067,-308329.55445877323,60378.18897672152,-247951.3654820517,0.46017805683496427,0.5345378673415624,0.5003647601395554,0.7215816031769151,1.093196270372596,0.8197487647765413,0.3193840046369859,1.662499475265314,0.005305650020104941,0.7700053413737828,6.612202155313659,0
665.9999999904767,304.6204197126966,-307763.6654954115,60869.703136306896,-246893.9623591046,0.4651263511290775,0.5385350782185547,0.499516544333576,0.7531001916152587,1.1293993778861946,0.8484554378732927,0.3489388935397167,3.0332474087796957,0.004762731162667061,0.7713253427826858,6.669990763604176,0
666.999999990453,299.2533159432856,-307608.69323871145,59797.24051724176,-247811.4527214697,0.4618083753608655,0.5416148236697529,0.5014732339771938,0.7373995842536942,1.0888286600767003,0.8421099222203554,0.3406366882431616,7.069250932821816,0.007332557809546352,0.7698112995197643,6.68097771494795,0
667.9999999904294,297.96924373639314,-307895.47273507016,59540.655308302565,-248354.8174267676,0.46404349185088023,0.5402996140486707,0.5004803674926087,0.7684294269262573,1.1262138662919625,0.8398988296474988,0.33941846215489013,8.334127159477434,0.005766633337531708,0.7757565766206724,6.804749261738266,0
668.9999999904057,298.55582399442704,-307690.4794888082,59657.86664366155,-248032.61284514665,0.4614757415604016,0.5404452254440155,0.501023054762741,0.7198661633974508,1.099682344154382,0.8489992477514261,0.3479761929886851,4.420891932572576,0.004468894355534515,0.7708716416396368,6.669785393340803,0
669.9999999903821,301.72955833371765,-307692.21804895345,60292.0469367894,-247400.17111216404,0.4635098006888403,0.5341966522685464,0.5007867762087737,0.7121285642879265,1.0656451056488496,0.8282509587622471,0.3274641825534734,2.570744577068415,0.008553065049010142,0.7679228868784804,6.725626042499314,0
670.9999999903584,298.6590028799058,-307391.7901046183,59678.4840012732,-247713.3061033451,0.4561446068463084,0.534224484266506,0.5007155483867786,0.7464679535763792,1.0643431389250715,0.8606136371559263,0.35989808876914775,13.949576891567027,0.004995670853469375,0.7703129335778112,6.679382681910191,0
671.9999999903348,298.68419386090966,-308741.25309329014,59683.51770038262,-249057.73539290752,0.44449345306648613,0.5421869503298034,0.4987042060027916,0.6841953186978831,1.0575632186629988,0.8618333415456625,0.3631291355428709,7.682111487878714,0.006189357004119027,0.7688094821235509,6.718407666026835,0
672.9999999903112,299.31142740541054,-308515.911278754,59808.85243561446,-248707.05884313956,0.45953553068507613,0.5398306378154176,0.5019252666367203,0.697609332245726,1.0658791433972397,0.8512510276984873,0.34932576106176694,3.3958167819216154,0.010400538585274989,0.7613383359747914,6.679670615252917,0
673.9999999902875,302.86012579158665,-308619.7936313846,60517.95859957602,-248101.8350318086,0.46227379164546445,0.5347353465443874,0.4994127226291661,0.7595620206287292,1.1057544014000733,0.8289812682152133,0.32956854558604726,3.808583892957313,0.005992967277382979,0.7645118253121214,6.697273719901026,0
674.9999999902639,298.70525208497304,-308946.4995180173,59687.72558588328,-249258.773932134,0.4565542131272746,0.5356945666792949,0.5008848816406045,0.7457199313407852,1.0794243305546907,0.8412354230094906,0.3403505413688861,5.385168200945549,0.00687759641224111,0.7700895505137222,6.659259383475138,0
675.9999999902402,300.58403475434136,-308216.90023297677,60063.14671966659,-248153.75351331016,0.4586637578164714,0.5431860075049711,0.49904815093615096,0.694273325122154,1.0477630765267882,0.8358453133176993,0.33679716238154833,2.3567824446581507,0.005607697091267745,0.7706444559225609,6.6455878338860686,0
676.9999999902166,299.7807094967244,-307879.68996203505,59902.625077686185,-247977.06488434886,0.45268623258697716,0.5498290338736265,0.5016068265840484,0.7368576035436396,1.0405341929458238,0.8521371303329685,0.35053030374892,0.8629382642620254,0.006641366956279684,0.7491191363794378,6.7115525228214,0
677.9999999901929,301.3991663057814,-307310.2982738926,60226.02751275325,-247084.27076113934,0.4519283541979555,0.5503377645723067,0.4999580661328411,0.7473844161072911,1.0755136782041816,0.8247520573675813,0.3247939912347402,2.4813788653431477,0.005535279931912547,0.7593741666603151,6.660541330854272,0
678.9999999901693,301.7065540743971,-308238.89280106546,60287.450191643315,-247951.44260942214,0.45706012284865416,0.5433231217488537,0.5008357418833027,0.7401438511783862,1.0612479135456923,0.860931725364863,0.36009598348156024,5.469617672376441,0.007721781169995621,0.7724352428902761,6.63707846931014,0
679.9999999901456,299.3612983615191,-307502.0365738976,59818.81772387818,-247683.2188500194,0.45661318033729037,0.5427428868001556,0.5022401759454306,0.730940337787592,1.0796687101185931,0.8350613075134572,0.3328211315680266,3.2416657111001537,0.008290985793457125,0.7736441751683323,6.674780211392658,0
680.999999990122,301.87419781489996,-307656.3592675356,60320.94901200044,-247335.4102555352,0.4544559773272292,0.5438660489290905,0.500434921700057,0.7489802480676726,1.051560387281829,0.852180000191859,0.35174507849180203,5.162475625639621,0.007569132411797152,0.7740058957947054,6.750627503560761,0
681.9999999900983,304.2085576591803,-308150.4069667007,60787.404251175394,-247363.00271552528,0.4563078068235349,0.5414307032541332,0.500503184971236,0.7299652346611474,1.0444602179987612,0.8421966451707,0.341693460199464,7.48554044798623,0.0048656670043206365,0.7731086231396862,6.6482995480385085,0
682.9999999900747,298.75479373193036,-307658.556620914,59697.625071104994,-247960.93154980903,0.4582625294256937,0.5459866881899735,0.5001249044593352,0.7466121513068007,1.0855463230905258,0.8419574632859315,0.34183255882659624,1.013625885824583,0.00779925679072804,0.7489534200660906,6.643831980774934,0
683.999999990051,300.1207537330564,-307188.7911775126,59970.57322029023,-247218.21795722237,0.4591385088499309,0.5498815531761885,0.50248384236613,0.7305302631689572,1.055406411771095,0.8439182904193563,0.3414344480532263,6.036723693906858,0.004307607371720761,0.7569505627458777,6.641598353448913,0
684.9999999900274,301.13809883950125,-308344.97191846184,60173.86062523465,-248171.11129322718,0.46035713140437473,0.5387848076040496,0.49909656472347613,0.7502606299443233,1.0737698119200614,0.8512730843342862,0.35217651961081003,8.986660294017513,0.006320035925788187,0.7660647691782225,6.646279239154417,0
685.9999999900037,297.7131082884201,-308139.02379050385,59489.47394398198,-248649.54984652187,0.46381931435886603,0.5336114600273039,0.49793575991122707,0.735307853349024,1.0593250000571075,0.8156764894270472,0.3177407295158201,3.0775086223853183,0.008650817744944594,0.7618593206926736,6.651033862434716,0
686.9999999899801,301.16912490324836,-307807.1436871579,60180.06029921433,-247627.08338794357,0.4574348988030952,0.5431520378152912,0.4990986204075116,0.7340988490659921,1.0750367340323344,0.8340599907366218,0.3349613703291103,2.338236789719488,0.007705351782744265,0.7692398282477475,6.668398052512302,0
687.9999999899565,300.68338892773795,-308131.73133416986,60082.99981764902,-248048.73151652084,0.46503581964547,0.5432708764514622,0.4982367281378672,0.7263769499967946,1.0822740553317196,0.8440523466314186,0.3458156184935514,1.5676840752948535,0.0035668307212654905,0.7645519087743988,6.666301796388439,0
688.9999999899328,301.7142763718648,-306833.13927130494,60288.993272553096,-246544.14599875186,0.4560558549083651,0.5413896676489536,0.5001859317471015,0.7410169434642437,1.0850460777492987,0.8410946407469522,0.3409087089998507,4.39434855106069,0.00357251607986516,0.7652533293999415,6.695458478492853,0
689.9999999899092,303.0198534331294,-307746.4600621918,60549.87561332231,-247196.58444886951,0.45522844017564257,0.5384489416932992,0.5012793789996709,0.725832872517437,1.0700489715856136,0.8371441054476045,0.33586472644793364,2.428163829873188,0.005285911496088931,0.7768304237576293,6.792921215619188,0
690.9999999898855,302.3048732835814,-308007.2023779489,60407.00722159602,-247600.1951563529,0.45322409186731555,0.5329376597144959,0.5027355804924664,0.748877964956737,1.11618009706757,0.8335749304331088,0.33083934994064246,0.6030836032660509,0.005636096695789996,0.769244958005026,6.83214135439254,0
691.9999999898619,298.662147737754,-308143.57281877706,59679.11241142315,-248464.4604073539,0.45645319924993544,0.5422688799859774,0.4980589557119726,0.7237076497073165,1.0697796969242113,0.8362073003428185,0.3381483446308459,2.708507564692727,0.007871792038660305,0.7765232669663682,6.742201100565325,0
692.9999999898382,301.50249435288794,-308085.8772265408,60246.67467606213,-247839.2025504787,0.4568316475515761,0.5371226388059682,0.49910707373643143,0.7450622109233294,1.0616601819634521,0.8364075429499871,0.33730046921355566,1.6527799031265284,0.005176124632644708,0.7638564099937932,6.674333835688003,0
693.9999999898146,303.69338281747895,-307828.4859901406,60684.46125179528,-247144.0247383453,0.45763627689206565,0.5372851569390926,0.49875671229301516,0.7280682841229424,1.0855605679355627,0.8585571287792281,0.3598004164862129,5.873986233965,0.009120572737050737,0.7592795178803442,6.744301266387481,0
694.9999999897909,299.3029953231529,-307949.2387976437,59807.1675244574,-248142.0712731863,0.4591994230613188,0.5343355019627944,0.4997533593740034,0.7248055638678519,1.0574127473082768,0.8388793268951822,0.3391259675211788,5.6530118282775,0.008723719556405865,0.76850252695017,6.70893218176613,0
695.9999999897673,296.61118002868557,-308671.0339528406,59269.28500815552,-249401.7489446851,0.4633923907212756,0.5445011595890339,0.5007326590883467,0.7471829061115405,1.100515454459714,0.8163980717406869,0.31566541265234016,1.042079217638809,0.006033326791133524,0.7707812779672374,6.716835057709488,0
696.9999999897436,298.3566591075237,-308472.08841664996,59618.06922117616,-248854.0191954738,0.45672893764912037,0.5456169902643411,0.49994134127759515,0.7462648942039678,1.0728976762495956,0.8472067186884831,0.3472653774108879,1.950346132443178,0.007217395428801658,0.7707643438472287,6.658681323258705,0
697.99999998972,302.6582055340558,-308707.12030758057,60477.61059485361,-248229.50971272695,0.4530576167484664,0.5441087193909055,0.5019465878642629,0.7256482032197287,1.0576062070188428,0.8429452775956995,0.34099868973143654,4.926959295529792,0.005666879530605059,0.767149169932102,6.692072287260693,0
698.9999999896963,295.27598777826194,-308953.3837527018,59002.484916455054,-249950.89883624675,0.45949376249161533,0.5402363387568307,0.5021757389435801,0.7215078828098616,1.0580543901406223,0.8434362001361602,0.34126046119258,0.4785052978947525,0.007343600000318111,0.7653525429180372,6.7125592718958735,0
699.9999999896727,300.64570333063494,-309645.0239759791,60075.469425857365,-249569.5545501217,0.45719072566043484,0.5336497787429639,0.49933616161786804,0.7306321741726611,1.046185564889317,0.8490003109150248,0.3496641492971568,4.842007868338084,0.006966376851288154,0.7619714938359063,6.689463708123604,0
700.999999989649,298.37463802340835,-309467.5792549304,59621.66179475887,-249845.9174601715,0.4647831450181217,0.5371397604338632,0.500696066838435,0.8001774155869761,1.1128469093481854,0.8391189240353205,0.3384228571968855,6.894111452466142,0.004984757532272342,0.7823924124882566,6.651608281087206,0
701.9999999896254,299.5141171730677,-309764.91371694766,59849.35420498926,-249915.5595119584,0.4612704620643857,0.5407803169008876,0.4993418764947926,0.7530422710285558,1.0811068575866862,0.8255952816478933,0.3262534051531007,3.0502552940517536,0.008979069154733331,0.7710050768098231,6.7538492170706235,0
702.9999999896017,299.906827284301,-309193.89087126125,59927.82612066695,-249266.0647505943,0.46217219325019254,0.5537973714375566,0.5011518282097791,0.7156371273660564,1.039062238087018,0.8612469492507859,0.3600951210410068,5.60367950009332,0.004181273686369466,0.7742576604350946,6.825185307043234,0
703.9999999895781,300.5471843608727,-308544.7536298055,60055.78321950133,-248488.9704103042,0.45481712352970627,0.5496872868511158,0.498693321484815,0.7566197682260309,1.0653339967179356,0.8261456558063394,0.3274523343215244,8.711043027429122,0.009990559205969649,0.7673069758191353,6.672613988424111,0
704.9999999895545,299.66090435641917,-308043.83433269104,59878.685437226566,-248165.1488954645,0.45890333410079887,0.5380704361472253,0.49944918587061854,0.7466264258675075,1.1329031528134408,0.8569473113324686,0.35749812546185006,9.049639195047497,0.00778509091419402,0.7648689499281769,6.625224837032377,0
705.9999999895308,301.9112860565044,-307902.148650324,60328.36003933223,-247573.78861099173,0.4688100652721383,0.5467207989152869,0.5014712212541792,0.7606247552423415,1.1162059666731352,0.8464355137915034,0.3449642925373242,4.071373296604881,0.0071010924426673375,0.7709501631271074,6.603510206818896,0
706.9999999895072,304.0681804055425,-307620.4073961787,60759.35386058082,-246861.05353559786,0.45543255211273603,0.5321897877740309,0.4976132037206837,0.7477668255165639,1.0728905503514135,0.8461792151559848,0.34856601143530114,0.5044254245889139,0.003960973422438659,0.7648440874861819,6.671306499320671,0
707.9999999894835,301.9659479724664,-308486.34889939753,60339.28266428496,-248147.06623511258,0.4627595348749889,0.5441376281495582,0.5021312668146977,0.7524926292860705,1.1153437129103025,0.8388276077771051,0.3366963409624074,8.871645882673457,0.005490865773373999,0.7595181950830243,6.655139516707827,0
708.9999999894599,303.4279565345084,-308932.8145211055,60631.4233790741,-248301.3911420314,0.4621085093201245,0.534371417118102,0.4979569616309702,0.7621328173634665,1.1041556210510173,0.8518007752421415,0.3538438136111713,5.384386613700893,0.0070566935762556415,0.7720650761046848,6.7010125932602325,0
709.9999999894362,301.876270126035,-308744.51640526345,60321.36310427868,-248423.15330098476,0.4553707748913878,0.541383686771395,0.49814734338507044,0.7506108576191703,1.0991772236239665,0.8646720292263708,0.3665246858413003,7.180019941480845,0.007240512056459247,0.7780377126952462,6.673801995277842,0
710.9999999894126,302.8801845805573,-308822.1983519043,60521.96677647719,-248300.2315754271,0.4588560596971014,0.541653685090937,0.5006472061895796,0.7573220429345504,1.07670946909996,0.833559640929967,0.33291243474038745,6.2218059525572125,0.009929327456391402,0.7628024576387205,6.660029994180434,0
711.9999999893889,299.0857499022257,-307227.1255128239,59763.75722290232,-247463.3682899216,0.46363694179955184,0.5492758233017501,0.4989469376656112,0.7443023472574017,1.0881966322489014,0.8244921698587443,0.3255452321931331,6.203734385326542,0.007710464724686528,0.7664982631234292,6.562005074977424,0
712.9999999893653,297.04003319936487,-307625.3024073164,59354.97908346713,-248270.32332384927,0.45681364572179106,0.5380862113459894,0.49903076155619674,0.7221865503239364,1.0431430321997794,0.8232999343006155,0.3242691727444188,4.179291450728892,0.005741310703874822,0.7783359772916931,6.719388911552116,0
713.9999999893416,300.61477232083456,-308385.43561453,60069.288745698,-248316.146868832,0.45662617190641974,0.5390104230324404,0.4984272155833385,0.7249794521082267,1.0901431171203697,0.8439316011048248,0.34550438552148627,4.187650545733675,0.004185198348863087,0.7642516202334999,6.710690323193319,0
714.999999989318,297.75802960809636,-307263.30097979726,59498.45018856783,-247764.85079122943,0.46462732844944155,0.5342080113054353,0.49858090677899525,0.7271795036893209,1.133708134686147,0.8345864242871601,0.3360055175081649,2.374738765224146,0.005537318873794433,0.763607350532201,6.692724412236402,0
715.9999999892943,299.1954176118245,-307833.3109777351,59785.67118695376,-248047.63979078134,0.4620723466701584,0.5402059285444771,0.49971936418289614,0.7446344573593713,1.1216048578909295,0.8309942450366576,0.3312748808537615,0.7099609078939515,0.006026048262627133,0.7655272877606194,6.674700394773794,0
716.9999999892707,300.719221070255,-307758.576060819,60090.159849402,-247668.41621141697,0.4675914904004488,0.5398666002547561,0.5021593725859197,0.7806226322455281,1.1154061914645013,0.8276303445781887,0.32547097199226904,6.2098489785777655,0.004915711460607936,0.7746259167771647,6.651378736628587,0
717.999999989247,300.33364631342033,-308562.6111530885,60013.113730801306,-248549.4974222872,0.45527577727862867,0.5494759609669075,0.49999258961588283,0.7563281439412002,1.1312772037554883,0.8230144724738921,0.3230218828580093,4.862000175244697,0.007694626956196159,0.7612610197550715,6.655585411271403,0
718.9999999892234,300.8262178017144,-308422.92593307653,60111.5400946483,-248311.38583842822,0.4554833810414549,0.5512201633535483,0.5023451904610692,0.7417722761528527,1.1437100209071023,0.8213881584348559,0.31904296797378673,4.1210039534913125,0.007618542816266442,0.7678933484372408,6.653731033914923,0
719.9999999891998,299.62465373819396,-307860.45449281903,59871.44178503819,-247989.01270778084,0.4640765171818171,0.5346593683332124,0.49998185903734904,0.7382912581530379,1.1309499107257786,0.8262846124177704,0.32630275338042136,3.45495031469477,0.006824523246798271,0.7759605722254044,6.619391572237291,0
