time_ps,temperature_K,potential_energy_kJ_mol,kinetic_energy_kJ_mol,yb_energy_kJ_mol,carbon_plane_nm,lowest_O_height_nm,highest_O_height_nm,mean_O_height_nm,waters_below_graphene
500.0,296.336631989927,-77486.17357270571,39855.72043855117,0.4763686454984494,0.4991351726218292,0.25965713586858946,2.6720067744451206,1.1144624494031221,0
502.0,303.7388514480604,-77236.90213549498,40851.28007411522,0.1115708222282186,0.49839321381499047,0.2802329486480384,2.6846640588078667,1.107438932684091,0
504.0,298.37804192878684,-76643.51964667905,40130.279352436795,0.3298406971247113,0.5011382391053957,0.2671909776968583,2.8003919558471098,1.0959243691976366,0
506.0,299.13559983360886,-76866.52634395391,40232.16691141947,0.11401562829380299,0.5006999290638301,0.27043489056694914,2.586292932674408,1.0900503411523188,0
508.0,300.5789132520961,-76701.26938832202,40426.284984929836,0.2994572275807706,0.4992284783959337,0.26589195228095025,2.588729274114223,1.098328358363634,0
510.0,301.56200229090393,-77121.56897959742,40558.50529678875,0.1847819965320568,0.49823923429628414,0.26609417559536774,2.550630402138441,1.1022268775613027,0
512.0,298.97176856963466,-76570.88871458545,40210.132466969575,0.00855025982542684,0.4991956748813931,0.2593114129407252,2.6673708409726715,1.0995844428756327,0
514.0,300.6055330262822,-77423.54534346482,40429.86520473249,0.5845559708750664,0.5012818156157869,0.28204032290302206,2.517724161200942,1.0942191253980247,0
516.0,297.19601940914504,-77843.36410479457,39971.303532341364,1.5597497831969456,0.49818382921707516,0.2652296877831025,2.4849191681746503,1.0828305404911613,0
518.0,302.57012503282874,-77060.05326592701,40694.092510222654,0.13983546805169028,0.49957027824610234,0.2700955684615295,2.6180011311556455,1.0838091243369405,0
520.0,299.637320618203,-77122.47577185044,40299.64572156425,0.0003276383758907929,0.49953898683996895,0.27290328824412685,2.4983142108245637,1.0951795022852877,0
522.0,301.4079288509331,-77003.9513102267,40537.7832284125,0.4942198137149236,0.4999546232625109,0.26758431711293246,2.5619650271746686,1.0966438784045667,0
524.0,300.90109008573387,-77114.78784188745,40469.61607675949,1.9998245987818086,0.4985917952726144,0.26253978307083187,2.5227178321101382,1.1130161481974004,0
526.0,301.07505081141966,-76968.31792052416,40493.012880602684,0.5386049727224788,0.49862591106621823,0.28068772462025604,2.5132905907913305,1.1223528441142048,0
528.0,300.1330987492221,-77266.50492479547,40366.32527601811,0.0945909475595964,0.4979694848140296,0.2760357442938407,2.4692796491898865,1.1164008240146988,0
530.0,298.98404130940776,-77181.5219953598,40211.78308600417,0.11906082722041535,0.4996136165443368,0.27558187041220683,2.484447636454589,1.1206009880584447,0
532.0,301.3711748846521,-76933.45582594222,40532.840013004854,0.025776990069243506,0.501208941277314,0.24694918993984416,2.5910770931453637,1.1289813204045596,0
534.0,303.484735510593,-76570.99022087746,40817.102815317776,0.011254605095593393,0.5001632419018202,0.2647912792185688,2.7926354563108866,1.1395418776196973,0
536.0,301.1158191988709,-77031.39351399092,40498.496014571225,0.27294337245707057,0.4993198153857233,0.2697662282034123,2.6712052309722285,1.1401651371441042,0
538.0,300.5973133588632,-77016.49269423494,40428.75970263998,0.33365142951968935,0.5008994629149401,0.2665317142373298,2.5988818513218246,1.1423173405333735,0
540.0,304.07188323588457,-77313.35976475815,40896.07110026524,0.3738170109540844,0.49919576831965023,0.25003183971975645,2.5950542876626144,1.144238746505139,0
542.0,302.0368092343,-76804.97406769847,40622.36433666244,0.0004740481829060535,0.5001694221432837,0.2544392428385096,2.550944831648099,1.1376454372868419,0
544.0,299.80410728974385,-77498.73660410626,40322.077652808024,0.3138942662233677,0.4985393432791968,0.2571833596327172,2.5422979261611434,1.1531775317406279,0
546.0,297.94476366036866,-77323.32637612673,40072.00570121044,0.011485772220271303,0.5004539500485374,0.26486349987914304,2.571979952032724,1.149336433556232,0
548.0,299.2433146628926,-76676.63518973929,40246.65399016566,0.28518110826847576,0.5017728620223475,0.2817882177019354,2.5705761549849324,1.1606459880383386,0
550.0,299.1082695317067,-77694.40369351453,40228.4911293712,0.007759309264527276,0.49986268431191383,0.2809416267175495,2.691184167851894,1.1609557051884656,0
552.0,298.270671989998,-77159.48964130378,40115.83865965056,0.12280343292687579,0.49993034358733585,0.28541414694869843,2.595117492092578,1.156252966829879,0
554.0,294.8879721001197,-77371.71255106688,39660.8832927316,0.0007081549189770092,0.5003025749505832,0.2632221817657281,2.666684831193941,1.153784583260818,0
556.0,298.81172519799253,-76703.53663289582,40188.607474141725,0.28103775421101135,0.5002068007037551,0.2816968337864322,2.673042365313502,1.1761725052188978,0
558.0,300.4329919174828,-76458.1695581841,40406.659331903706,0.12146556336679502,0.50045608902748,0.25860203735774456,2.62719062130552,1.1608940864121178,0
560.0,296.92171407680326,-76908.61141501006,39934.41090598193,0.25193697484317007,0.49971484223202844,0.2668757023163103,2.6637269733035063,1.1529282520099442,0
562.0,295.7078292279317,-77511.52197628026,39771.149769968,0.3834300263612577,0.5008183702982024,0.2743206063008615,2.665120425983239,1.1497603439369717,0
564.0,301.5291537131943,-77518.66467139812,40554.08733563017,0.07700096924077404,0.4995326556308706,0.2722709226449764,2.5349722984057497,1.138322421480583,0
566.0,304.36661566729543,-77267.20586424973,40935.711064152274,0.17015952542594961,0.5000351586649727,0.2729714504210343,2.608026843577296,1.1416339071425632,0
568.0,302.7656103333398,-77422.5942054626,40720.38425631795,1.1118751183865137,0.49893031223596335,0.2748045190636393,2.5600299765693815,1.1442685993100306,0
570.0,304.2631416379675,-76400.75444509904,40921.794350724536,0.9376331203421855,0.4996661250144214,0.27315052008668506,2.6195860620077482,1.149044397642868,0
572.0,296.6163665281275,-76843.27449827513,39893.343264580675,0.32169665753230725,0.4992876436088451,0.260218403557737,2.776658435259179,1.1416192040225397,0
574.0,298.18693376438273,-76906.24877233896,40104.576308156145,0.4050541659101662,0.4997059999957184,0.26936515572789943,2.5429715882224078,1.1460466950377168,0
576.0,301.5065478139229,-76534.9440574809,40551.04696091991,0.625155913912334,0.4993511427037106,0.2609196164582229,2.524735304039313,1.143204511387753,0
578.0,296.7620230846136,-77231.94839810836,39912.933306339495,0.3079164667768037,0.5010171590412982,0.27344919610670027,2.6290608770540995,1.149586282626403,0
580.0,298.93156082828483,-77513.17747014342,40204.72473695678,0.10244465782085319,0.5004192147426291,0.26899487856729365,2.5015800341211536,1.138831585530087,0
582.0,299.308875095168,-77376.01610937726,40255.471523938155,0.04467797220726406,0.5020965307292974,0.2729859036715764,2.565493275959511,1.1550394522068819,0
584.0,305.03311156379175,-77039.66532567178,41025.35126133553,0.4658255230456269,0.5006612249708684,0.27528501099960967,2.5117141227523803,1.1502885393404536,0
586.0,299.49007437445493,-77532.22098893824,40279.84187521883,0.00013453307446231193,0.5012667544993239,0.26965936835701343,2.6659400996383225,1.1476039867849894,0
588.0,299.91846961269175,-77488.28469135799,40337.45878453483,0.6431839886158257,0.5003043413145121,0.2717487505083267,2.5632142249191596,1.1641794549586026,0
590.0,301.5003254962121,-77167.34195618168,40550.21009187171,0.14326928094127944,0.50109751348881,0.2585370152551063,2.577055484748902,1.1588421379078013,0
592.0,298.2037836706052,-77388.66357589385,40106.84253203576,0.0060016999050682114,0.5006559916258699,0.2779307401149276,2.601993804986584,1.1696483379504907,0
594.0,297.139905480761,-77399.66054195457,39963.75650372271,0.703555277821801,0.4997723880987582,0.2786943080065018,2.6307063120071885,1.1861994737116062,0
596.0,299.0181503755059,-77447.1965763804,40216.37057623007,0.14727693587986912,0.49920596873342726,0.2810520679662488,2.688733123417187,1.19176095229044,0
598.0,301.92034376189963,-76994.04607187316,40606.70034238146,0.002421395631770517,0.49786212165007093,0.27526996721753383,2.7661027224022536,1.1976298563757954,0
600.0,300.5690918281174,-77335.75011625129,40424.96405499359,0.09427450145896864,0.4994541958062035,0.2697296248716537,2.7413610674994526,1.200914263065678,0
602.0,299.41739715094576,-77195.88475563144,40270.06717040768,0.2920459132204648,0.5006553009545587,0.2662326551631935,2.659611286462621,1.2009997960647731,0
604.0,301.5619996132274,-77494.95896691014,40558.50493665533,0.3332973864612773,0.49974681950488975,0.2764280107379795,2.6895326559465174,1.2035423476460794,0
606.0,303.9961642290436,-76963.04788043327,40885.887291573505,0.1989731146579403,0.4999347252796422,0.2731559197075146,2.727422096259895,1.2148198458903918,0
608.0,299.17157016961875,-77275.6108786324,40237.00473267182,0.10733953702206438,0.4998217594626416,0.2658064342515084,2.743191909976342,1.2209507322589161,0
610.0,295.93885823076573,-77302.9972115258,39802.22195732573,0.00899036344354077,0.500289594549742,0.26792967177761484,2.775696054905097,1.213463948470927,0
612.0,296.34242165517014,-77760.4923160366,39856.49911811506,0.004166417821483119,0.5008132853118942,0.25678238385093877,2.862633924616466,1.2071183866606903,0
614.0,300.4706385578081,-78182.45033432147,40411.72260728137,0.17651892000373248,0.5011411597489484,0.2711325536061038,2.762151565918393,1.2054402307746923,0
616.0,299.47916329032034,-77484.74434865196,40278.37439171526,0.025400496557121875,0.5000640349297683,0.2591444139635677,2.8111311773255663,1.21321139773643,0
618.0,298.1591272312672,-77816.77510903729,40100.83647551117,0.29079101675019337,0.5025588168769204,0.2540917528478286,2.8560661430318834,1.2080836395188002,0
620.0,299.6921666160989,-77637.35961654165,40307.0222201923,0.5896515818445897,0.5009359893571449,0.26984545359980927,2.8128071246974957,1.2140792434173462,0
622.0,302.02488446267154,-76789.61222855141,40620.76051751552,0.23938466026780386,0.5010679833080544,0.2676441068900167,2.788656144155027,1.213686509425817,0
624.0,304.7342952797627,-76955.56871249794,40985.16204072256,1.6761867968615134,0.5006788653173008,0.27029142850241994,2.781150873183908,1.2053714061886485,0
626.0,299.8766325406823,-76625.81378720538,40331.831918106676,0.13045710509108505,0.5005577217775304,0.28154961972360615,2.817871275056767,1.2022083318977836,0
628.0,299.90265439464656,-77232.58603966876,40335.331720780174,0.3312092184965657,0.5011558883498201,0.27310814878999246,2.8297485042953605,1.1890407644668564,0
630.0,299.98784322309126,-76992.88414717885,40346.78917073558,0.028307966339369328,0.4992525811848098,0.25831215861158,2.8096860083250546,1.2044231224987134,0
632.0,298.6229941919012,-77559.59471529699,40163.22414516768,0.2746095203285374,0.49970015587667005,0.26486841527193494,2.662038095458368,1.1966581360612183,0
634.0,299.2403245228252,-77394.09634146339,40246.25183203287,0.014012295496926858,0.4999740540667855,0.2719254214778434,2.6393556063924484,1.1981466734173827,0
636.0,298.54930734277553,-76871.05446134333,40153.31365101436,0.005241410246313361,0.4983171217632973,0.2637760387113604,2.614660961777612,1.1988875361315026,0
638.0,299.13112762152656,-77118.64131005912,40231.56542238554,0.0264565727318422,0.4989134460845644,0.26488777521707657,2.6617747136389136,1.2009943205236344,0
640.0,300.6076001296417,-76813.72126415756,40430.143219276484,0.5755801783930373,0.5001215852781742,0.26613897764278527,2.679561497656108,1.201618942268885,0
642.0,298.57494761614464,-77024.98863990721,40156.76213310213,0.040744710652443304,0.4988011052382731,0.2733514004611916,2.71693194402285,1.2015649837119884,0
644.0,298.726778277301,-78370.64100626111,40177.18255950845,0.14668795425732298,0.500106418455715,0.2742888369804978,2.772279341473343,1.2045370896774006,0
646.0,302.02319542612616,-77101.86921895551,40620.53335097215,0.06394741860135816,0.4997122798132441,0.26467786842548974,2.834594964529672,1.1933355711878773,0
648.0,300.0917860662337,-76685.3816434273,40360.768937158835,1.1416919686201834,0.5007559091218212,0.2578060130833766,2.7177897668095365,1.1837171966126137,0
650.0,298.6896837770538,-77144.93536152155,40172.193544071066,0.07583099949332674,0.499909824538781,0.26421475942520084,2.7729920232538365,1.193276146885602,0
652.0,300.3564777319433,-77437.14592656028,40396.36857585384,0.014662249813821054,0.5008535255523787,0.26235961851709266,2.768502626643156,1.1878031645562164,0
654.0,302.20539200208475,-76713.30454551696,40645.037833416674,0.16855493700142882,0.4992227541445363,0.27635508515633844,2.737608115077155,1.193651636485356,0
656.0,301.4665247280965,-76760.55869711912,40545.66406610508,0.29176165079791444,0.5005174720264407,0.2769593805806838,2.6319619039378894,1.1796019024866602,0
658.0,305.09945508180454,-77143.86172940047,41034.2741160264,0.9770873956296643,0.49883081400207213,0.269173226199318,2.6000145337079883,1.174248720711114,0
660.0,298.97908164963013,-76394.5750337796,40211.116037815635,0.15252915931218367,0.5003828681539492,0.2779073366183745,2.6503143801836972,1.1588551272463177,0
662.0,297.7504224266183,-77131.36138265778,40045.86782608502,0.07736596832131491,0.49921069809008434,0.2640550533326482,2.6108224275620247,1.148921674825986,0
664.0,302.50101973495805,-77744.93492740137,40684.79821064767,0.2649397893459068,0.5000524105592505,0.26195274283255476,2.5498826375776407,1.135829842964388,0
666.0,299.3484944392306,-77409.79219402734,40260.80011760649,0.0012297216509319718,0.4983753927440076,0.25968399129211656,2.662514989687105,1.143864670469712,0
668.0,301.96932209477023,-77208.8465432548,40613.28767088462,0.023527997795818132,0.4999682455369758,0.2769492679911901,2.593001571883968,1.135750350202721,0
670.0,300.6201558533614,-77070.32725754986,40431.831898165474,0.8319024183415672,0.5007941056199279,0.28042771721566595,2.526247828198551,1.1242435458234301,0
672.0,301.90715588354186,-77134.50848337228,40604.926642014165,0.47799438170017094,0.501282387276531,0.2585387777026421,2.598146231831714,1.132278242220422,0
674.0,303.5433414860293,-77212.70080539922,40824.98501117501,0.2577536454254523,0.5015752999087415,0.2603137622628331,2.554560148284426,1.137121292546009,0
676.0,298.65875267336224,-77468.90666678536,40168.03347309602,0.173704601325876,0.5000072402665205,0.26730146677741473,2.644981876545791,1.142355733394156,0
678.0,300.1200815634378,-76942.82761428901,40364.574532905346,0.012380454921972392,0.5019968178419759,0.2803064353207617,2.6826374157935162,1.1359879268037916,0
680.0,304.0383381951151,-77326.47909424338,40891.55946848341,0.3755509768704704,0.5003440219827178,0.2679811860392344,2.5349307072914113,1.1206408678925175,0
682.0,299.5078360820392,-76588.576160989,40282.23073159219,0.0006312902581375945,0.4993970174792107,0.26464998352656577,2.609867949061226,1.1172154191390213,0
684.0,298.162240484427,-76773.62629798811,40101.25519170822,0.061400585478979655,0.5006515884226457,0.2579531007101319,2.5735190585655157,1.1166441076832399,0
686.0,298.1351163783408,-76610.03286795388,40097.60714191411,0.12120734820908076,0.49891434834614484,0.2653437112875237,2.7226706852018783,1.1012911549220141,0
688.0,297.57388279191275,-76748.4573128483,40022.124172524884,0.04680920501899141,0.49887919235439604,0.2755676549914008,2.618250581009532,1.1005403646897687,0
690.0,300.32702770012787,-77021.45572284586,40392.40770126652,0.18005363525881232,0.5009391132868968,0.2749909816564158,2.5826118137418383,1.0962563007750394,0
692.0,300.7088394444261,-76799.82395870786,40443.759375336376,0.3834281060122925,0.49926592413480037,0.2749595613422266,2.536846164929551,1.1171510540637317,0
694.0,300.6934795721348,-76930.24377325701,40441.69355319382,0.26110007306808736,0.4996343717150139,0.27348972468375765,2.514249450399201,1.1185984870415882,0
696.0,300.37508858249737,-76496.17267525592,40398.87163749636,0.012594100738477967,0.49895823647398135,0.27184883582324953,2.7272031757125395,1.1177943843842646,0
698.0,296.9536742842637,-77071.98595501867,39938.70938600833,0.27651578178486713,0.5001876607862623,0.2691282592978965,2.8166231705709643,1.1258935835841652,0
700.0,296.362119752861,-77257.13083856273,39859.14840878651,0.2785602079614651,0.5001141979973268,0.2538860956204251,2.6945861384454304,1.109385583935394,0
702.0,300.60563750165073,-77718.15986062551,40429.879256120774,0.09727127482132326,0.5011025927890067,0.25069785309092296,2.578011214084885,1.113831372994168,0
704.0,298.2258330985749,-77247.49778647278,40109.8080642789,0.10305942763446659,0.49850146687764235,0.26631956318752,2.4739283740758173,1.1040408877443213,0
706.0,302.69110649094,-77268.37162668095,40710.36388086068,0.19678678919672385,0.4997088718463579,0.2694510637979829,2.57213898484508,1.1131850101043068,0
708.0,304.3056854834011,-77267.3629059022,40927.51627446577,0.03156177039716172,0.4989953277694483,0.2571461440928924,2.6834399525926442,1.1103394928201016,0
710.0,296.6888835494272,-77780.83883564081,39903.09642303614,0.0017728800477739052,0.5000970634975209,0.2682267280336331,2.643890458723298,1.1149219366185572,0
712.0,298.90906724836896,-77390.63741475274,40201.69946860986,0.1676177856634,0.5005481541824853,0.2717559758947473,2.6275949245629353,1.113806044858008,0
714.0,297.99457196213484,-77728.33984557667,40078.70465617048,0.12038319534342601,0.5012029334674296,0.2685349928746944,2.47875547639062,1.0999190908816587,0
716.0,298.61249998044826,-77070.02234935714,40161.812728850084,0.13554831211799798,0.49903776292218716,0.2685639396323758,2.541699014734709,1.0992788323155516,0
718.0,302.5203670776617,-76915.87238353607,40687.400326615745,1.0869504258070883,0.4993476131687984,0.26901384070462764,2.614013256440626,1.0946579915621575,0
720.0,304.2247827929622,-76513.18162997812,40916.6352875584,0.35512428275442454,0.49923272669029295,0.2818992071554609,2.7533892518471195,1.1041925036282452,0
722.0,299.6467931985445,-77930.9938916358,40300.91973386367,1.2009096227709979e-05,0.4973132238812572,0.27291659134114754,2.707944506033797,1.0902696823229217,0
724.0,299.4992461215915,-77350.98889023869,40281.07542703237,0.0013640993324652176,0.49884490515967644,0.2669034329806627,2.7529143161625194,1.1050166664862522,0
726.0,295.3868033779673,-77378.97224031307,39727.973479396656,0.04069999335812496,0.5002407121065561,0.2616885499346312,2.655464241634132,1.1108944161670509,0
728.0,299.05848684536574,-77212.66599357908,40221.795619551296,0.05268966077782833,0.5007801519627728,0.26845007401064347,2.6249034159110414,1.0897771200520825,0
730.0,304.87846669816815,-77012.23835390841,41004.5523392105,0.45951987677274353,0.49934717463912076,0.2653148814052781,2.71793316663276,1.0876421268977678,0
732.0,301.268459143054,-76252.52884831722,40519.02528529373,0.6663605746107812,0.5000947524714155,0.2634465002814058,2.457364783921097,1.0835433552692424,0
734.0,302.67717496757564,-77062.93021398853,40708.490164146126,0.12432173286868642,0.4997125059228283,0.2581719590730506,2.580773305634404,1.07517562412163,0
736.0,302.6597988249074,-77748.87627239036,40706.153164228715,0.29076876852097117,0.5009160960516392,0.25858042563418016,2.5114103807234858,1.084374543709871,0
738.0,297.560926743245,-77207.72389136779,40020.38165203316,0.08485456121870887,0.5006260414737331,0.2695136452626399,2.61455587344064,1.0773762778778961,0
740.0,300.060493020525,-77286.7603123167,40356.560186883646,0.2321391916150744,0.49997747199139375,0.2613954571315015,2.5180100907734575,1.0820286218878854,0
742.0,302.4563745342768,-77523.05329477589,40678.79366566338,1.7996238860515794,0.4986067528127555,0.2589306357980761,2.4111084524168986,1.0742695690786463,0
744.0,303.02549173681473,-76819.36249419302,40755.336940009205,0.00298015327650862,0.5010851257359251,0.2719019498297376,2.5961329842419345,1.0759823288238544,0
746.0,302.05778698480816,-76628.68573756726,40625.18573391619,0.21968292075448775,0.49760525353149787,0.2593940897113287,2.528172881898511,1.0696834192504117,0
748.0,299.2904576330418,-77077.59867467335,40252.994472023376,0.1156235942184942,0.49996008114770063,0.25280712556371243,2.5935495436417115,1.0726410423479598,0
750.0,303.59698177831905,-77217.1817796512,40832.199348732225,1.0700581232450785,0.5017126743177421,0.2703567028402588,2.4677102542851537,1.0708009329631456,0
752.0,304.8672211482538,-77093.27501315589,41003.03987181639,0.1971787350269119,0.5004297140386541,0.2642475922743678,2.4975186569415073,1.0720764115404027,0
754.0,300.5105491894636,-76785.43558852619,40417.09037760091,0.031405588326302754,0.5005701471545152,0.265013610609661,2.5793817805822643,1.0740233066624072,0
756.0,302.5082343573239,-76924.48648178903,40685.76853945971,0.04339200377656512,0.5010513240119009,0.2584490424579128,2.512852725530766,1.0726339446196687,0
758.0,298.8422689704691,-77286.98541871307,40192.71545110289,0.18900441455401534,0.49852280252876596,0.26207484550347576,2.641476709841401,1.067179887081397,0
760.0,301.015286956985,-77014.43559842615,40484.974956102145,0.10529035292568115,0.49958658567870495,0.2739981470508117,2.416465356446325,1.070309535354328,0
762.0,298.8079842566035,-77227.07031944115,40188.104337174904,0.06326660585835615,0.5003719437130847,0.25802943792428423,2.4308408435612767,1.068809557141662,0
764.0,297.6479849469172,-76841.82281288551,40032.09052313742,0.5810133060227599,0.5009432636692636,0.27216906150673215,2.458487114016812,1.0625757615183964,0
766.0,297.844388279552,-76659.5934718129,40058.50573973123,0.06651451330092031,0.4996673249720148,0.270014344313933,2.492227545430113,1.0619918071672758,0
768.0,297.6523249073673,-76928.37835082866,40032.6742250215,0.13084025198472388,0.498430210998322,0.2666111316773188,2.4083121421691853,1.0671484499873256,0
770.0,298.50592496387054,-77431.00200673798,40147.47894892577,0.2908548067815742,0.5001089903357211,0.26806441213915677,2.4084791401018792,1.0669976046875473,0
772.0,300.4771799540319,-77036.76774613152,40412.60239071355,0.23458010928840836,0.49960171952139243,0.2674368857896172,2.506377611143582,1.0792048688923723,0
774.0,305.74516364516364,-78078.17165004322,41121.11852609209,0.12154917237252974,0.5002997152526811,0.26174185425337715,2.396946923619601,1.0788326166650701,0
776.0,297.97618125731873,-77710.5696046165,40076.23120297336,0.009147383522001798,0.4994852072275133,0.2751214469542927,2.4575142803740935,1.0837683880946025,0
778.0,303.1894795079626,-77858.80206459598,40777.39243385187,0.2243844990991666,0.5006534777072021,0.27228002202215984,2.5645396039674906,1.0871478995916792,0
780.0,300.23916408400805,-76781.46217447275,40380.59050641863,0.01078793869510788,0.5004362004860377,0.2504887143053032,2.5083613255552897,1.093909657574275,0
782.0,297.3078593374177,-76856.81085249991,39986.34541523371,0.1129187255440663,0.500948803275253,0.2588967258861855,2.5616758809064195,1.0925281114538004,0
784.0,300.2611331462922,-77091.89541632857,40383.5452298992,0.0400528871706353,0.5011649731194764,0.2666174825936788,2.5522873072227727,1.0996647048816452,0
786.0,301.4379407700226,-77705.73818473669,40541.81967388677,0.0013305900349273368,0.4998409866951333,0.2711961450986672,2.5210924585012933,1.1012037105987218,0
788.0,298.8980658407998,-77534.41531066166,40200.21983707878,0.0342539625973999,0.49942932905074805,0.2564265517250531,2.5190453540346103,1.1005544296594745,0
790.0,301.3424553675057,-77173.83329507057,40528.977388803345,0.012486356277838093,0.5003291495511208,0.26816687257537253,2.5269803137432945,1.09157412822618,0
792.0,298.56390283610904,-77148.71649202064,40155.27666820213,0.10292068880030385,0.4998567247063869,0.2728105836165929,2.5254274650815454,1.101093201272728,0
794.0,296.368686179101,-77021.78276626975,39860.031558624396,0.030236454305365364,0.49882186282582097,0.26526922470677317,2.5776766501519655,1.0957605085215976,0
796.0,301.46596472083223,-77325.85624374019,40545.588748069575,0.014110379935430933,0.5012984790269922,0.2741103008946769,2.589117799276757,1.0970203247133934,0
798.0,298.3023369090759,-76303.3356456689,40120.09742494058,0.4379322554918619,0.5010479348600311,0.27267254119422,2.5555540217136627,1.1029896020137027,0
800.0,298.0818754780184,-76382.27819712646,40090.44652047862,0.11572541793509575,0.5005071994119966,0.2680151885634542,2.706159377745531,1.0877106702342274,0
802.0,298.7096551976546,-77161.76156170585,40174.87959523822,0.20550034193286923,0.5012337562855331,0.26980839184037086,2.5867509080853033,1.1046614905575154,0
804.0,301.2255150921871,-77186.65411920194,40513.24953602387,0.0604149288656918,0.49884541342595473,0.27341604529635016,2.557535567500885,1.105702628777558,0
806.0,300.00331027491075,-77212.82822953851,40348.8694079617,0.37730080414526157,0.500321552772506,0.2534575328344606,2.6357652581802484,1.103420287341689,0
808.0,298.7810155924373,-77507.48689902853,40184.47719350255,0.007903148681963625,0.5008212749409128,0.2730733287821995,2.4911696950054445,1.0925316063392185,0
810.0,299.82787577762866,-77315.80972801626,40325.27438958007,0.8617162688776154,0.49883992130041843,0.27398833543111767,2.5439874706847414,1.0948740800568617,0
812.0,297.70463137726205,-77252.50574220973,40039.709170472735,0.021187908361303808,0.49712709734905314,0.26570274196507504,2.556977051301776,1.1122939847147315,0
814.0,298.48808768331975,-77346.96789095388,40145.07992838537,0.05598142436229659,0.4997298467345181,0.27000259567690793,2.4698281625336604,1.0989340910440637,0
816.0,300.2082526051085,-77513.73023713974,40376.43307487502,0.004496967361592525,0.49963338657587075,0.26187535632942127,2.569429982124037,1.1132197605855887,0
818.0,299.5266063916118,-77554.9709572657,40284.75523963511,0.076258245970636,0.5009000638040431,0.273044231035644,2.5636196761360526,1.1143734947661346,0
820.0,300.05499101775865,-76848.81002290221,40355.820196411885,0.012950877366186159,0.4998799220239859,0.26334112707695934,2.6096662788817966,1.1212706595100383,0
822.0,297.3765535372336,-77122.09021245653,39995.58442427969,0.013302065816625065,0.49970359403094233,0.27965313279801907,2.6755969923448,1.127931264215861,0
824.0,300.03138024007507,-76742.20447950053,40352.644670833506,0.26118610211305315,0.498246430388338,0.2744042541951173,2.7398741900762897,1.1383361009566206,0
826.0,296.7397444019468,-76937.1666890427,39909.9369405438,1.6458252677560306,0.49976157708905555,0.2514987104766284,2.7300239200039207,1.1382346899780258,0
828.0,300.67253752724423,-77315.70738047245,40438.876958158085,0.11640597107122215,0.49839867522459863,0.25206838930044934,2.7548499546464393,1.1431155558366812,0
830.0,298.1528901227627,-77366.18849417916,40099.9976171789,0.2989378424967527,0.4978660576929742,0.2800670488581306,2.640449612124222,1.1352173335187143,0
832.0,301.2633548397918,-77336.09905243327,40518.338783316285,0.18002538180687552,0.5009854381450223,0.25863979413268035,2.713043189595126,1.1386149368911442,0
834.0,299.9370181537263,-76848.66022785334,40339.95346587426,0.22010060264575879,0.5004108336157135,0.26938970893396486,2.720443706151855,1.1364943868208612,0
836.0,299.06071048258906,-77097.2670476964,40222.094687077755,0.11840492807130176,0.500354396684129,0.2684476237288428,2.7779724422982657,1.1338753479546624,0
838.0,301.68666414519095,-77016.17932416243,40575.27166138044,0.03352936965688342,0.5003825859435168,0.2738752192579482,2.585041616445614,1.1126863107142546,0
840.0,299.7965120733428,-77526.19380635954,40321.056136097395,0.0038072326954653336,0.5007255565621914,0.2643437241024028,2.5668733472041256,1.0999079349234004,0
842.0,299.1706480257599,-76880.64388450107,40236.88070916654,0.0631855792256686,0.5005750518544219,0.26672085151772884,2.537886203669065,1.1088966201221266,0
844.0,298.1339242127103,-77523.64018235693,40097.446801898885,0.40291089265769703,0.5012022483754232,0.27296177209725203,2.5253139076069835,1.0911867463321894,0
846.0,297.24977413681444,-76833.52050096903,39978.53326085604,0.03922564928992988,0.5017613346239037,0.27884734891405405,2.493951236207735,1.0940923404110228,0
848.0,298.3858920803257,-77806.2076486185,40131.33515658436,0.00041468938303276586,0.49962615355448986,0.25580664331830266,2.5043539950236666,1.0847726513909366,0
850.0,305.17213600103923,-77147.96180386445,41044.049317893216,0.03843338086249407,0.49952900537581224,0.26751702707783653,2.662546246217158,1.0966223933553305,0
852.0,300.81972869190855,-77322.1635577305,40458.673396656064,0.002386321897422793,0.49987547382784997,0.2700918617884291,2.4895938238357074,1.0901198431212946,0
854.0,301.9434701958474,-77621.68664309022,40609.81072627148,0.24980719472472984,0.5008199238242018,0.2745284703276215,2.4590921980763705,1.092755034060855,0
856.0,298.6577992410467,-78198.7299467047,40167.90524145765,0.015421668979101459,0.500083529294747,0.26312742616176754,2.4550934753834657,1.0816879126434384,0
858.0,299.43763163474557,-77536.4808590383,40272.78860219331,0.48209713554328454,0.4996272283755188,0.26649521486039424,2.6296950114466258,1.092226373199075,0
860.0,298.86228809994543,-77715.65932414122,40195.4079188632,0.13705684544913313,0.4994458492175339,0.27308310862011653,2.706987184821972,1.0889321750165226,0
862.0,297.9515766094596,-77446.90660933382,40072.922007076864,0.46024663074522265,0.5019873673565868,0.26331285995213427,2.639369160740249,1.1088090528840766,0
864.0,303.08741088216453,-77338.89500432019,40763.664739816755,0.3036815794876375,0.49987324031896013,0.2751280884118847,2.752814808994147,1.0906387929944823,0
866.0,298.94908573471537,-76376.7474519047,40207.0817448188,0.30395621815335633,0.4981577922186164,0.2721123117100333,2.6162079627143098,1.09606026931209,0
868.0,300.20806368494783,-77737.46672423149,40376.40766610575,0.0002532656978103526,0.4987570943755624,0.2704568290066835,2.676193465957852,1.0976092251266267,0
870.0,302.9982387142161,-76936.57367100194,40751.67155162133,0.0175668302347113,0.50031953455428,0.27252111173333937,2.6210545894832546,1.09528853693844,0
872.0,301.5543036860766,-77472.91867815948,40557.469874877854,0.22339145337963656,0.49998723990273175,0.26481891776380817,2.473361221527829,1.0949754584268416,0
874.0,301.942149707483,-77134.92820997583,40609.63312752258,1.0072288736456803,0.49954710494952353,0.2727083007586861,2.5472326921324937,1.1010481471616473,0
876.0,300.11448829115307,-77224.42470705777,40363.822267162774,0.4586232652921983,0.4985786975311862,0.26615634372539265,2.506191413331337,1.102870479172006,0
878.0,296.2162029154929,-76852.9785080651,39839.52336061623,0.10256626324830215,0.5001566383784573,0.27481791598839234,2.7015273102725663,1.1014222680824888,0
880.0,301.5020951099314,-77703.54871441517,40550.44809562173,0.07041213575132176,0.5005578417405467,0.2684207476737215,2.571611995422534,1.1031014592246096,0
882.0,302.51228937084676,-77264.27635233395,40686.31391747881,0.1345895143973343,0.5005986871677323,0.26869989576650466,2.6262551384138306,1.1203505672353555,0
884.0,295.9033891324411,-77701.47558273247,39797.4515499092,0.04349188438123843,0.5000955952302921,0.26229884069175435,2.59135226471513,1.0985229789409157,0
886.0,300.06317981931346,-77220.62757893244,40356.92154720778,0.015662862204194276,0.49893590915337754,0.26166682241541067,2.542973778111363,1.0986130167526649,0
888.0,297.76933860400777,-76638.34476046474,40048.41195258312,0.08277761526568125,0.4997416191815825,0.27782957840320915,2.6897823887367327,1.1085656942679785,0
890.0,302.60061928888473,-76515.36530905799,40698.19382748535,0.19923212513847766,0.49924610632084043,0.27374232703769863,2.5702109339736934,1.1093423764804888,0
892.0,301.3805753872076,-77059.79403039778,40534.10433122066,0.7471238212655205,0.4998771957368666,0.26172040696109433,2.5613631145072357,1.1121879160058445,0
894.0,300.72164361281176,-76758.88618659484,40445.481468727936,0.604056126437781,0.5007737247619726,0.27302118096137495,2.542249142275214,1.1014873707439596,0
896.0,299.50893126540564,-76864.82910272118,40282.37802800232,0.0602026599209522,0.4981787429216055,0.2700653180628379,2.630007807592375,1.094496249922905,0
898.0,299.23575125377357,-77294.34770279261,40245.63675136738,0.21949341250544677,0.5005646424159287,0.2687378515132166,2.553012748676226,1.1066353010474432,0
900.0,299.4694391978617,-77588.91056003945,40277.066552357195,0.2695153431563088,0.49776811689785655,0.27110900583841774,2.5595809978874398,1.1090724808070245,0
902.0,306.33475114776826,-77652.84336650057,41200.414948272766,0.23297187573930786,0.5012826880663244,0.2723888567560053,2.598526163705352,1.1039818538395605,0
904.0,300.20917429201074,-76968.57126225438,40376.55703692204,0.8348869876846932,0.5000799301070415,0.2727703765433489,2.6927143856763083,1.1168874181885204,0
906.0,300.5515815398314,-77395.99924790184,40422.609013195215,0.3863281925754428,0.5008416017839066,0.27685485611853533,2.570957145833849,1.1123934182525352,0
908.0,298.0192193659891,-77557.9134988325,40082.01960252374,0.008668990170414368,0.4983037960501961,0.2702585781834757,2.6485564937362853,1.1138095437448348,0
910.0,301.87106428340525,-76892.39249470376,40600.07251137373,0.0784900672466962,0.49858777592927545,0.2760029993473034,2.6247303859558193,1.1134855980097917,0
912.0,300.2680744693057,-77097.91563695914,40384.47880138391,0.05669344649138314,0.49960404238858375,0.27602836469618913,2.5952772391763252,1.1181882750480738,0
914.0,299.0676186967046,-77269.33949065534,40223.0238055896,0.00850273310168511,0.5003899035243221,0.2589691502470465,2.606891995359714,1.1219159949067052,0
916.0,301.22325543804925,-77136.65349809953,40512.945624411586,0.3810896762478488,0.5009453849007487,0.2682884592089222,2.5955687645482795,1.116985624936412,0
918.0,301.5502202618544,-77040.27975104097,40556.920675768924,0.03161171807581224,0.5011510868553675,0.27687759256476063,2.6701745739019476,1.1350489719291204,0
920.0,299.3662787876596,-76738.89524632192,40263.19201905454,0.036513048668439,0.501374321517673,0.2695284118272455,2.6465316632985534,1.1488840653530543,0
922.0,302.88762658059113,-77249.24859394482,40736.79480065989,0.15867541191568804,0.49859322231287717,0.27055430124694435,2.6763011964914085,1.1619814742853953,0
924.0,302.6404177705042,-76984.60202003457,40703.54651421413,0.12942285967880904,0.498696005284506,0.26363993460297047,2.6338987495109496,1.1625009830431066,0
926.0,298.6434787005615,-77049.92021097557,40165.97920398374,0.08002055305485647,0.5007001133275173,0.2657030948135528,2.6304132721894726,1.1516908902010536,0
928.0,294.47594742664023,-77407.37724120589,39605.46813838598,0.0033850450200748248,0.5002786346777819,0.2654990219371529,2.6744736445319948,1.1562903473084407,0
930.0,296.44832237047217,-77660.42234026571,39870.74220805969,0.42093206532211347,0.5005686793907105,0.2761526831424088,2.729264276784491,1.1515873369840612,0
932.0,297.36941798695307,-77785.92679342849,39994.624730247786,0.12144367651686205,0.4999303727792891,0.27140951923287127,2.5504487094668455,1.1360320053289368,0
934.0,295.1327373410163,-77513.11297329876,39693.80293195657,2.2262590728675446e-06,0.501470192822255,0.27049817679376653,2.693052958914118,1.136635155047705,0
936.0,298.01972627431735,-77356.19393466064,40082.08777903125,0.06149716398749673,0.49751233615035545,0.2664290935740224,2.5580180244665116,1.137957356076902,0
938.0,300.7008448796709,-77819.36603245721,40442.684148369764,0.13811633154186356,0.4993634066250173,0.278935029944125,2.65887802096209,1.144197014273352,0
940.0,299.64633602529153,-77916.65286016895,40300.858246462536,0.050394990545548024,0.501274065652673,0.2645701121383227,2.6118050884994517,1.1412765699615135,0
942.0,301.4297725768836,-76982.15414546267,40540.72109481455,0.0028827167081675563,0.5007961046986362,0.2736503695591659,2.61449844723353,1.1530009170419682,0
944.0,298.64678170427453,-77087.93932115193,40166.42344063349,0.6491542840556507,0.49832580007474253,0.2684325004894757,2.6136896104487835,1.1561102865894668,0
946.0,299.26501095373834,-76729.03088191897,40249.572027320544,0.027125539380174018,0.4996954521876405,0.26593354932423247,2.607574817146912,1.168822920301941,0
948.0,300.99371595626025,-77133.31246482092,40482.07376981042,0.0719432856402618,0.500746467204306,0.27779280116180405,2.636493354988839,1.167780181661263,0
950.0,298.64093247618996,-77489.99528586399,40165.63675018029,0.10665670522363556,0.5012504351460589,0.2578230586976611,2.6881622633573232,1.1632227360124467,0
952.0,300.2669096697817,-77139.51744670095,40384.32214196626,0.1459684835362027,0.5013129002104583,0.24965036865425094,2.6717521362488763,1.1548312022634029,0
954.0,298.8427202881283,-77177.6771148463,40192.77615095743,0.008881288323392926,0.5016147601221772,0.27504226334743853,2.7199223360861633,1.1537457248189886,0
956.0,299.114026404802,-77431.03436360392,40229.26539856345,0.3526002742581687,0.5004416759791356,0.2771909238508089,2.6113933670237235,1.1459744318578042,0
958.0,304.8980841060422,-77806.64950222569,41007.19077752542,0.00953721511729463,0.49949247026401117,0.27336132975306854,2.674204549199215,1.151644811454148,0
960.0,295.3075549558397,-77450.01581183483,39717.314982887794,0.00892488165343855,0.49976519526894847,0.26088067762585887,2.6484708191412354,1.1449430397629285,0
962.0,300.8100231082229,-76864.32080353936,40457.36804663075,0.024313390460863876,0.49882438781202393,0.2691016420407933,2.5979536375624455,1.1496277884241937,0
964.0,300.4572251433635,-76613.71429030783,40409.91857349506,0.0034914485769963247,0.5003412568208437,0.2551688367782111,2.632755175236943,1.1465506167625978,0
966.0,302.1769751335951,-77374.59503556066,40641.21591386978,0.000540326300093151,0.5013474657815703,0.26580522108996474,2.6147376035826437,1.1494016839593817,0
968.0,300.256538057955,-77803.32159136923,40382.927214654424,0.2759991336173598,0.5000860926200112,0.2721502282418906,2.663289862028646,1.153772762839286,0
970.0,299.4650889608109,-76779.84831383952,40276.4814683243,0.15884062055427095,0.5006285819802727,0.2632130080897461,2.574947436498128,1.1533942587030628,0
972.0,302.4147076343611,-77108.55187157553,40673.189686487975,0.01841828982871567,0.5001558384029519,0.2764912435415292,2.7455204665532698,1.165264366310643,0
974.0,296.5879945818743,-77325.95244102343,39889.52738683862,0.015809636196119213,0.5013293120094704,0.2699238525221763,2.7816436179412034,1.1460607096691595,0
976.0,300.51377172848896,-76921.45380292158,40417.523792172826,0.027739109804216747,0.5006176165365953,0.26983885115445083,2.7594487551846987,1.1660221690912351,0
978.0,299.7310238677811,-77258.96866838809,40312.248316438505,0.35109024016154666,0.4998822904790175,0.2619311492447262,2.8660893097050217,1.1694138692976501,0
980.0,302.01301586592876,-77437.70638907969,40619.16425359566,0.1009249330393829,0.5019187396417794,0.27445218982483455,2.7699018911739315,1.176826340590691,0
982.0,297.6075313179305,-76954.23981624772,40026.64972252904,0.06746299440297045,0.49923053827396124,0.26759427816159764,2.8318438238896295,1.173921302036253,0
984.0,303.3266541166979,-76915.38152015151,40795.841698191245,0.06097701706489287,0.49950258668045444,0.2595527498344753,2.8257442952280223,1.1933893822818549,0
986.0,300.2315605154681,-76828.35994795745,40379.56786638919,0.12270636523789039,0.5003005405846064,0.25655631829192627,2.8180893852610653,1.2147909150402774,0
988.0,304.8518764058613,-76656.73403152137,41000.97608456576,1.1388895515695505e-05,0.4994420534008197,0.270877397455368,2.868964334747254,1.215498079096608,0
990.0,298.74269740469936,-76932.2358732993,40179.32359852531,0.1416783768939789,0.49848352470692653,0.2735488065141732,2.785924717176471,1.196772946745123,0
992.0,303.0762971317664,-76529.30372341559,40762.16999876528,0.005054387670897616,0.4991778823188999,0.2757147161111215,2.9438085903266877,1.1937337549702636,0
994.0,302.79626057998024,-77335.90191451192,40724.50655349489,0.5899243790360195,0.4997223748152797,0.2694700592497179,2.8030152820743215,1.195922115669666,0
996.0,298.4983855097754,-77105.92711504304,40146.46493195238,0.02222723480966256,0.5015201181552862,0.2686736078437195,2.9016771880752237,1.1990001853567378,0
998.0,300.65468724947107,-76877.93508148903,40436.47618955955,0.11408807258934704,0.4996696035462019,0.2555057951590957,2.6759476629986563,1.1902938867309474,0
1000.0,301.0332332202174,-76480.55912882055,40487.38863424077,0.22343965996829912,0.5000153905332707,0.25822864790167,2.660888580521455,1.179227028134803,0
1002.0,301.09644251478795,-76594.40625697712,40495.88995234176,0.00228937151872892,0.49933027929537377,0.2597515438215361,2.6864786512648147,1.1786088020564152,0
1004.0,299.7933552129632,-76878.58780006203,40320.631554958345,0.290447303627302,0.500350138684771,0.25557011329625323,2.6636998183186926,1.1715417742913259,0
1006.0,303.91404000443504,-76367.63361615583,40874.84201473664,0.023455585122229006,0.5011987954259169,0.26234701427094087,2.6418235675046704,1.1544183257893326,0
1008.0,300.46360100069484,-76876.90633810416,40410.77609281574,0.0020688860623603034,0.5001306855648451,0.2723837090727701,2.5398281584731377,1.1514201602492216,0
1010.0,303.32466060124455,-76983.3162817196,40795.57358083408,0.133283888442808,0.49962469105189705,0.27113861734855,2.616037908722945,1.1472821876689896,0
1012.0,298.3259090941737,-77068.2136556129,40123.26776001888,0.5374031825288047,0.4997696368460378,0.2692263356165263,2.517476849673413,1.1600059108662002,0
1014.0,301.59944446702923,-77008.32713272143,40563.541072805514,0.34504099472489863,0.4983981398038982,0.2724147367707674,2.4899526090248525,1.1610406046600288,0
1016.0,298.5810889930163,-77424.89593467908,40157.588116032624,2.495175996743264e-05,0.49944225409644133,0.2684341522133296,2.5764943759101606,1.169331555242475,0
1018.0,300.97254113082346,-77421.1603227515,40479.22586701394,8.727539381946508e-08,0.5010915663046036,0.26585023424234255,2.635318362653761,1.1820584218590746,0
1020.0,298.62988045273147,-76939.95902962261,40164.15031107796,0.47679968738691936,0.5002465008753425,0.2708008503917563,2.6655016044616744,1.1793641217546527,0
1022.0,299.07519258351283,-77807.45631610276,40224.042453582035,0.0002507965289229326,0.5012292527244999,0.26986563628205706,2.7024588288610114,1.178122613387493,0
1024.0,295.9133924210892,-77390.76433003251,39798.79693968821,0.7063063668181143,0.5003441559829032,0.2619495881743683,2.6352159616816433,1.172106163015665,0
1026.0,300.0222701490409,-76706.07888486027,40351.41941144188,0.6181608817976606,0.49973758960532505,0.26132822316495125,2.583232134714044,1.153578045794125,0
1028.0,302.76542077481434,-77011.09185135353,40720.35876169197,0.055446240561491326,0.5008838935038836,0.2654552661302573,2.487695607561433,1.1492538051397365,0
1030.0,296.5665574038929,-77272.68634214252,39886.64419900295,0.043547669163717335,0.499979941884441,0.26657538012031373,2.683491438766715,1.1511429247792964,0
1032.0,298.89080347803855,-77559.3281351038,40199.243087434326,0.07956397876335827,0.4990744089614811,0.2728117731672722,2.5781591794780097,1.1456067416113795,0
1034.0,301.37752412927915,-77525.82758960198,40533.69395305659,0.014839026757412823,0.49826471243223985,0.2484032519866875,2.484281982237525,1.1439541540265414,0
1036.0,299.5763267521302,-77519.80976170069,40291.442366959265,0.04718420329862047,0.49849386791858014,0.2639797321510831,2.5074890891982125,1.1516710293220804,0
1038.0,300.34021170170274,-77413.43009802594,40394.180880226886,0.010438905614373764,0.5012642268889628,0.27649919413842017,2.5683651377353067,1.1477336319479514,0
1040.0,302.2673810577062,-77170.22864784428,40653.375035788544,0.13467990937866067,0.4991136673119873,0.26981626451093904,2.612035345117641,1.1472877486089343,0
1042.0,300.47545673330154,-76826.52924006281,40412.37062657686,0.33863618640333626,0.5009321103964661,0.27074917837651724,2.664525275631238,1.1496839072859957,0
1044.0,300.0138757073208,-77024.13892088446,40350.290403123916,0.11662167614517278,0.49917086005145167,0.2645654938611131,2.6407625374583272,1.1362749792951854,0
1046.0,302.8055162574538,-77046.82552307076,40725.751393497885,0.3263507538737913,0.49954686621567623,0.255874554477557,2.65185993155986,1.1512060364954715,0
1048.0,298.32663858885047,-77605.35491210024,40123.3658732211,0.08721724774506795,0.4995597110727089,0.26176647065406555,2.6176489178868865,1.1461670160976256,0
1050.0,301.08937266489636,-76272.00750056002,40494.93909466706,0.06162165446742088,0.5011747879293127,0.25683539540745937,2.583505847770428,1.1376664688427314,0
1052.0,296.92201633219776,-76669.55477999372,39934.45155774483,0.030172753471633684,0.5000411871193114,0.267890166617308,2.5040720730155606,1.1373347943383447,0
1054.0,298.0161766911082,-76500.64329997846,40081.610378734484,0.7456345308199629,0.5007777103887493,0.2748952942417363,2.537322433496595,1.1423993116856206,0
1056.0,300.57990036474524,-77301.66268568288,40426.41774639615,0.2510393557395177,0.4984657247345547,0.2585506769288644,2.584014200238899,1.125775580023656,0
1058.0,299.7494215609279,-76962.72282411344,40314.72270952939,0.0025771067359078043,0.5003908627430348,0.2665736831595814,2.510343810730089,1.13695226680406,0
1060.0,299.54866479239956,-77193.38322057645,40287.72197867515,0.06847486219340365,0.5009946397435667,0.26797126157903683,2.571595299606166,1.1518562321503776,0
1062.0,299.99643785545607,-77329.81835477415,40347.945103643724,0.009681013397140371,0.50014324842652,0.27980174238132327,2.601706187321531,1.1408908522929073,0
1064.0,296.5731786386163,-76924.74397819245,39887.53472029396,0.2737139383082171,0.5003028215944901,0.26139357309906674,2.5332170128695757,1.1515552413996621,0
1066.0,303.4352390441183,-77379.99087603064,40810.445800566464,0.0067963117865269505,0.4992722096724736,0.2641938048590777,2.5028198528152457,1.155706613683396,0
1068.0,300.1509589355345,-76964.9569122101,40368.72737726313,0.06635564324733036,0.5001160971417677,0.2608007669259793,2.701346770405375,1.1768449640581653,0
1070.0,295.9601475463082,-77258.066826339,39805.08525844004,0.06621704789418757,0.4998315395167396,0.25272858260128533,2.503845618865371,1.1727305095573382,0
1072.0,299.03542981862824,-77857.68593504559,40218.694570566484,0.0021388920891676163,0.49842543563513664,0.26971436356865597,2.591963701364404,1.1807296022940938,0
1074.0,295.49384117632235,-77378.78814292711,39742.369501039175,0.0555682729217204,0.49895689031536966,0.2585110705883035,2.7027159549174513,1.1822725076216434,0
1076.0,301.6472448796016,-77129.88671103306,40569.969977215806,0.053636747228261034,0.5001940437813669,0.27304012743084594,2.7900988541907483,1.188356855853578,0
1078.0,299.9335610998146,-76923.61462199467,40339.48851028197,0.2011985112498078,0.5009877496168331,0.25965994170988416,2.6211334785877938,1.1907070475033954,0
1080.0,301.5418560302613,-77653.96424602496,40555.79573055435,0.0009369631414215612,0.5001160350672266,0.27013821019271245,2.6122324218363557,1.1861333889286436,0
1082.0,300.8027698641944,-77108.48879687313,40456.39252340795,0.13057624122454667,0.49846145968798755,0.27344164348233096,2.648201982711433,1.1950106461796077,0
1084.0,300.9315851408498,-77060.51475316519,40473.71750149155,0.015177570576619328,0.49833938912127435,0.28158191439296504,2.844123100225981,1.2060221798881,0
1086.0,300.4714878945081,-77245.65057214175,40411.83683860622,0.2303123576371473,0.4980076615166452,0.26304958645083787,2.741732758703627,1.2064581449587235,0
1088.0,301.6981115315058,-77432.82675520086,40576.81127471023,0.025499394078096867,0.5000807778440646,0.2743600513776221,2.6841840822211696,1.197663663798738,0
1090.0,299.8868216426018,-77067.51962053694,40333.20229879467,0.32801919048621286,0.49830321441015696,0.2757694405195343,2.637332375667661,1.1964594039169612,0
1092.0,303.3378391642557,-76352.89879475744,40797.34602833619,0.0708389506207,0.500723272555022,0.27983695744202286,2.656133886658046,1.2190959838687414,0
1094.0,299.3654638326948,-77469.70319131075,40263.08241189248,0.0646236216229324,0.49980465109852046,0.25298413073410086,2.647099866100406,1.210140553913346,0
1096.0,298.7619580894141,-77254.23851954937,40181.91405944906,0.4227354344072361,0.49874910974848774,0.2777644599406366,2.7689909633663774,1.209511498827302,0
1098.0,301.01863329952215,-76745.92204092874,40485.4250215961,0.5258332659360414,0.49728933216127863,0.26359971507644014,2.7688595056734733,1.2073433475829107,0
1100.0,299.08747896533777,-76753.73297061853,40225.694907400946,0.1884105244876263,0.4996552898996334,0.2621928991368993,2.740509348253975,1.1944257225304635,0
1102.0,299.54973839271133,-76958.99372191029,40287.8663722778,0.0096841940589097,0.4999097790540387,0.27308591301808877,2.7402258816180014,1.207739049293976,0
1104.0,300.52860869240527,-78112.00698168506,40419.51928588562,0.21081743140509815,0.5005980280718498,0.2676382910241708,2.680008241713778,1.1986962234929768,0
1106.0,301.23526965802347,-77028.71247554023,40514.56147389116,0.038889508804733845,0.5005248390406083,0.27236692585810807,2.607278589524668,1.1962134471116506,0
1108.0,298.7191331418055,-77396.4091375178,40176.154328941826,0.4467674343974909,0.4998856276979319,0.27291158342119803,2.672530913490096,1.188013348661621,0
1110.0,301.52015733134436,-77944.59462416999,40552.87736952654,0.46476496176640697,0.5008486384174222,0.25887085128949816,2.6887739642546906,1.186762656647349,0
1112.0,296.2262403239863,-77056.04465950502,39840.87333933521,0.1262347962265226,0.5005419838710493,0.28023427606491,2.836734272921397,1.1890211924651801,0
1114.0,300.6548672173672,-76857.36655749427,40436.500394296265,0.3483195910194748,0.4987174369608647,0.2723327497410486,2.8040362378394885,1.1811512239032758,0
1116.0,302.0979696064562,-77445.89286973083,40630.59008546105,0.13797403837208352,0.5012649373086743,0.26807351143741076,2.8223161427268426,1.180592208478758,0
1118.0,298.9453635875916,-77148.84890486137,40206.58113558194,0.05731036625287508,0.49992394515824634,0.2728815556451559,2.7835593599376742,1.1796373947946293,0
1120.0,297.8674257828174,-77740.2166097624,40061.60416291159,0.0936922598766904,0.49898284526982717,0.2741885787133582,2.6410458334752906,1.189572460620804,0
1122.0,301.24368793234214,-77716.03871584171,40515.69368756845,0.004464604827463481,0.5002199229851684,0.26849706045351895,2.793615713099937,1.1905544927688045,0
1124.0,296.95407578313615,-77473.77479674586,39938.76338549773,0.010123819745535077,0.5018428047302216,0.2752391146617986,2.5944323009643138,1.1741055268266356,0
1126.0,298.36584552896636,-76880.58356219472,40128.639000724834,0.07161744884350457,0.5000634676731641,0.2668700739891898,2.604359319687382,1.163306864278498,0
1128.0,298.1219456868308,-76791.00682121702,40095.83575308756,0.14760346732535892,0.5010790436299023,0.2656030688802299,2.610243376460934,1.1635343260200421,0
1130.0,300.59539265258064,-77336.26030104293,40428.501377733846,1.0730283600979393,0.5022142138004776,0.27136983395224823,2.6340602602706444,1.162366066402303,0
1132.0,297.8360807130266,-77291.3055486686,40057.388415670626,0.0028284317232277634,0.5015128813470681,0.2663253246533178,2.579669202355433,1.156648107089595,0
1134.0,300.9713349019182,-77172.5161840195,40479.06363556213,0.006690384641984173,0.5000580783297266,0.2655265803928659,2.538810772481013,1.1606313143274336,0
1136.0,297.5723078705311,-77336.9437491839,40021.91235387162,0.0032844438408249164,0.5007689934739881,0.27146005890440983,2.6223477129486987,1.1532186932219495,0
1138.0,303.50789181014045,-77303.53448819544,40820.21721597407,0.10904067053359616,0.499692252454166,0.2606314028434525,2.610664612375371,1.1600685939724418,0
1140.0,300.662973242081,-77691.43971017608,40437.59061204185,0.0003949420041462692,0.5008399572699018,0.2580167162823288,2.634685854907227,1.1616115001601675,0
1142.0,300.04610378609823,-77168.41472179675,40354.624910435414,0.15603787786910317,0.49889548801659783,0.2721627588160436,2.6208490045064385,1.159947251411157,0
1144.0,301.1850236694561,-76161.86747614574,40507.80365235539,0.21017901457976865,0.5001443852523851,0.26931977347209657,2.5818699830041947,1.1520851910751015,0
1146.0,299.84551865952415,-76970.8208604136,40327.64726452244,0.7780707711042063,0.4999477716154428,0.2591502082062198,2.726340325970646,1.1597736715056792,0
1148.0,298.59513695220494,-76347.42494368611,40159.47749275394,0.10895465999000822,0.49921441273601613,0.266272690278557,2.6462136476712317,1.1577525388214183,0
1150.0,298.2569714898332,-77280.86421425559,40113.996014342854,0.24547680056599017,0.4993365717002811,0.25773252539243363,2.5909644522515904,1.1546384609551055,0
1152.0,297.7340296448816,-77088.40812608134,40043.66308304762,0.030855561554317824,0.5014224747684283,0.2670435456828587,2.615601629955411,1.15616982668755,0
1154.0,298.52389736939955,-77513.06483665667,40149.89614306597,0.1496237224350267,0.5016947273082385,0.25786727585677627,2.6318068775378074,1.1400456384836268,0
1156.0,301.698316841381,-77401.1729738015,40576.83888781001,7.972892196562183e-05,0.4988473238114293,0.2614569981783021,2.6218608961425267,1.1468541405480017,0
1158.0,299.69715629363566,-77040.76357367297,40307.69330561177,0.6667917570171294,0.4980866676850833,0.2615280970941099,2.744410954345429,1.1536341021750407,0
1160.0,303.0977972605437,-76777.10585672583,40765.06165315234,0.12065664605720536,0.5011068673343972,0.26329105030579936,2.5622264340425813,1.1426478117048613,0
1162.0,299.67033445443803,-76979.43031290034,40304.085909126465,0.013427836584164606,0.5012391061430808,0.2716142261455119,2.494897556715035,1.1481734322481496,0
1164.0,300.857357466284,-76868.97189492942,40463.73426915732,0.4330593006140257,0.5005629333213001,0.2487188014912448,2.4938474999596827,1.1374252599002816,0
1166.0,302.1027233065656,-76997.29763676866,40631.229433156055,0.008033151442359417,0.5005344585801152,0.25703697819227767,2.528472700099333,1.151163500550797,0
1168.0,299.30048225224573,-77604.72488873661,40254.3427306501,9.50258357466936e-05,0.5004690947592063,0.24558601144687064,2.560645230675804,1.1609833618398504,0
1170.0,299.72110931082875,-77892.6859000246,40310.9148606065,0.010567559829823376,0.49722796292254096,0.283619256742726,2.659777446216356,1.165549553265336,0
1172.0,298.4793668373716,-77389.37681966217,40143.90702041323,0.2969235044741213,0.5003460457080449,0.2691516404199801,2.6636794907244523,1.1640135122078614,0
1174.0,300.98199880907015,-76667.84684726759,40480.497875059875,0.010577182663752058,0.4983325466238859,0.2753720641384921,2.5569732876136935,1.1409605214843366,0
1176.0,302.7955000575945,-77079.06494718883,40724.40426722879,0.24916170492096554,0.5001003982898954,0.26953711126245816,2.645677649365552,1.1400575212344526,0
1178.0,300.41508312602514,-77890.16087376047,40404.25069352196,0.6074096176784703,0.49931857978204636,0.2693603620798323,2.6602918719507067,1.130727289275384,0
1180.0,306.0806808786003,-77719.21525072842,41166.243831621716,1.0180730540953038,0.4999370591707002,0.26719672412237494,2.55112516598079,1.1130436456352846,0
1182.0,302.22335961488744,-77268.50025495666,40647.454382960364,0.10367493180923833,0.5000732177763739,0.27832795870451876,2.5299748913942284,1.1250113093611087,0
1184.0,299.7885847969976,-76639.22547375143,40319.98995906848,0.13514187551168286,0.49958272137840243,0.2582727763312179,2.519427752150868,1.1235282196486445,0
1186.0,302.2578066445118,-77876.31921973231,40652.08732750531,0.2710374852813849,0.49961675778108966,0.2559798167039112,2.5494054508483397,1.1333157251937847,0
1188.0,298.3619503527171,-77764.4112236565,40128.115119979455,0.01318734795679056,0.5015098507728697,0.26746075064339014,2.598027647893936,1.133002969886671,0
1190.0,299.26664951026737,-76924.58288352739,40249.79240456688,0.21844712402156374,0.5003387943872538,0.25368638077325045,2.537347540111292,1.1359371650083172,0
1192.0,301.9964450986543,-77343.82034678315,40616.935572438335,0.006830972499572564,0.5006792614026114,0.2797240743961975,2.609289496119862,1.1433402909046757,0
1194.0,297.34894497492286,-77047.20624489209,39991.871217668086,0.0008596268350993408,0.5002099038594952,0.26619214021253024,2.6701649416663895,1.1582980078095775,0
1196.0,300.26550521528134,-77534.01124091772,40384.133250213126,0.25966670417738164,0.5011538889373369,0.27957767147106316,2.6431924021097344,1.1556790542624957,0
1198.0,296.975520503974,-76582.16610421229,39941.64758780798,0.04284020813231016,0.5006358448879505,0.26470996711484684,2.6083108725171886,1.1588547453490257,0
1200.0,302.32189692583523,-77157.08153238823,40660.70713369701,0.22755963711783198,0.49797839001818245,0.2640628694872684,2.602649243538004,1.1506736992747737,0
1202.0,296.4318909992487,-77218.62273791188,39868.53227493901,0.9009749622515499,0.5005924914383443,0.2663467002780521,2.586515625550022,1.1450995073317358,0
1204.0,302.8006815008286,-77609.40191892616,40725.10114412727,0.05582678583012199,0.4977471932563927,0.2677377969536001,2.5345326952918956,1.146361967905047,0
1206.0,304.1671140941876,-76914.94265786617,40908.87915048894,0.025730703667419554,0.5021440921346226,0.2596771649429671,2.564070195385613,1.153543576156499,0
1208.0,301.32523704881856,-76484.25043634139,40526.6616153824,0.002232429029271088,0.49992483536773036,0.2663225029028189,2.5316016012778118,1.1374499828909865,0
1210.0,301.307317462582,-76736.37712359114,40524.25152515958,0.12398388335829648,0.5012590411011711,0.2665836718005993,2.5700916171847656,1.1410576690979186,0
1212.0,296.97257111233046,-77315.87655055267,39941.25091012416,0.05359296360247956,0.5008222942876475,0.26246145609117777,2.4622411117707483,1.1471710329218374,0
1214.0,298.1202989846246,-77082.07905035652,40095.614280290436,0.17717348626265336,0.49766587472071366,0.28153106941908446,2.569865048100016,1.1566876435592939,0
1216.0,300.68014108424575,-76620.47432015114,40439.899596635674,0.06783558124722687,0.5003757876421686,0.2762302058951194,2.630287533918798,1.1624709639134607,0
1218.0,301.4583569154972,-77147.49570871913,40544.56553821344,0.015950589236365678,0.4997372610186541,0.27819083155374646,2.495325916657298,1.1689459497744694,0
1220.0,298.38413231013124,-76586.46838303795,40131.09847673673,0.01733862162854259,0.5009972667581112,0.2662768757473182,2.6706742377172374,1.1871727169472006,0
1222.0,302.73687761465834,-77263.22663599148,40716.519856579325,0.002339103788743172,0.5007044534164156,0.2613036281121628,2.588157303321881,1.1710416264800299,0
1224.0,300.36297980308876,-77075.90220523102,40397.24307026956,1.4275634972871505,0.49935700772127656,0.2749676374559906,2.608395844775301,1.1583413957508817,0
1226.0,296.723463887257,-77093.64910878462,39907.7472968345,0.08609391006487742,0.5005602707028385,0.2675010435072074,2.588230423909898,1.1513056820143956,0
1228.0,299.5881316839413,-77001.51066765841,40293.03006828022,0.002038197709756332,0.5011079406637464,0.2684017773848264,2.6463363979783425,1.1594364023544652,0
1230.0,297.3931640215387,-77346.47635725164,39997.818447169026,0.2806351724023017,0.5016768890827886,0.2736068954229002,2.616304188757744,1.1591727996961447,0
1232.0,299.9888697965765,-78433.98470245895,40346.92723947708,0.28095694675790495,0.497791225608463,0.2598738275439362,2.6272651776554916,1.1553203437585757,0
1234.0,297.226215598676,-78263.67430075095,39975.364761222096,0.05349543284959711,0.4994097902171243,0.269439090806212,2.70893213153254,1.169934923580673,0
1236.0,300.092258061587,-77075.23169222171,40360.83241805461,0.06157423907924501,0.49930692234000607,0.2599854970863297,2.682920286238696,1.1736554708920008,0
1238.0,297.75733802829853,-77644.3158337205,40046.79793818551,0.36495016590571244,0.4980485212843554,0.2697578324632196,2.7469114937521453,1.1632449958552173,0
1240.0,298.73846634434443,-77019.4070110753,40178.75454313202,0.5090763096076901,0.49658745247535363,0.24813071353810068,2.7897041819653547,1.1608573115080605,0
1242.0,301.26772661082964,-77491.71351460565,40518.92676355732,0.24524655305311505,0.4987564920229472,0.26794887956383723,2.7072623086859853,1.1549536076308455,0
1244.0,302.5517948177344,-77651.47302796727,40691.62719257538,0.6236420766634371,0.4998334663528816,0.24709903769824204,2.690539999829352,1.1479348809348213,0
1246.0,301.2164895281884,-76824.78212650178,40512.03564507452,0.5106942665340802,0.5014985789193508,0.27349690035668905,2.6397280614438565,1.1415237199618051,0
1248.0,302.49919360454925,-76907.91497145,40684.55260569978,0.05520815487025729,0.5001851571346788,0.2588046223111212,2.567519304709224,1.144653162548846,0
1250.0,303.53398873312494,-77951.20633341267,40823.727115036476,0.4621580921823118,0.5001041266042962,0.265518666158589,2.7115413005701567,1.1553688953739878,0
1252.0,302.7897956466908,-77936.73262935306,40723.63705392573,0.029388338247060903,0.5010474596726905,0.24812426619393813,2.630461062381038,1.1544768382688289,0
1254.0,301.20810544453036,-77404.26303067047,40510.90802986149,0.028230892376892826,0.5012007317257192,0.26488272927112333,2.6236141467668883,1.160547581902653,0
1256.0,300.3407919552859,-77665.86829309678,40394.25892128593,0.05597721873500835,0.5001874007494753,0.27187498498775353,2.7633861128957515,1.1638685565725573,0
1258.0,302.9178690328808,-78036.81278507959,40740.86225163866,0.001372839856741754,0.5007072051114145,0.2612459243713523,2.7162698123712623,1.1674265549464333,0
1260.0,298.257032477327,-77119.12495035096,40114.00421684043,0.08877970566574682,0.4981193810645242,0.24802761418480895,2.8164749628350187,1.1840160171960266,0
1262.0,302.3116429786591,-76911.12020352611,40659.32803166262,0.004122726653881423,0.5015306217796656,0.2667274260652521,2.923549431493087,1.1873581515090619,0
1264.0,297.7867412210457,-76882.47953883512,40050.75251316419,0.01207118742099169,0.5010966571027472,0.26437619675359925,2.7890815150607176,1.1754991651889737,0
1266.0,303.8650578693008,-76402.80870246259,40868.254174849004,0.02044825818069287,0.5017104810183762,0.2730941431731556,2.652120151114035,1.146946028724781,0
1268.0,301.57833613168475,-77136.11220430688,40560.70211257719,0.6457101786300662,0.4994002001980594,0.2627867169264465,2.6548764267218887,1.139361663719471,0
1270.0,297.44571414640495,-76724.60891007097,40004.88616293408,0.06164150641996891,0.5011939619219036,0.2611604097030803,2.6452078884723234,1.1356673085316362,0
1272.0,299.0327124557999,-77549.71201488399,40218.32909953954,0.3811394010807064,0.5003749322445863,0.26615737185596045,2.7743903828273666,1.1517292570552726,0
1274.0,299.46668576175705,-77152.66303094721,40276.69622966407,0.6132643418599448,0.49934035950253736,0.27401928319414887,2.6323730400223067,1.151319041856681,0
1276.0,299.35867709957006,-76788.77689463657,40262.1696319358,0.3515222887951164,0.5004776321447929,0.25975807275906837,2.630368615188831,1.1429888655469773,0
1278.0,302.69353712744476,-77714.54834786034,40710.690788703185,0.01885216376467433,0.5007507692685292,0.2684186270124448,2.6909333951270242,1.1375835536179508,0
1280.0,296.78349392736567,-77346.09826152388,39915.82102191,0.320697785713485,0.49874948466038643,0.2619319892228715,2.6527474097455865,1.1321456824689957,0
1282.0,301.61788303936805,-76946.77944059635,40566.020963933,0.035041752551963415,0.5000417801547382,0.2620038258387293,2.7275580384280684,1.1396147245436399,0
1284.0,301.49481249480124,-77222.42359492916,40549.46862214003,0.10737019579663058,0.5002167786168012,0.2659938367561131,2.7139135120652202,1.143550670043282,0
1286.0,303.06364130827626,-78136.7283583195,40760.467856982956,0.07929780758375411,0.5015252502333625,0.2597808934582537,2.662833353738837,1.1413721931322192,0
1288.0,302.25436500522494,-77344.36432588927,40651.62444509909,0.29396613493626106,0.5010049650134984,0.26706192142130325,2.66209912115208,1.1391590006750334,0
1290.0,299.49575055663956,-76631.0048252357,40280.60529190744,0.0009227735989047888,0.49953658774655485,0.2819587989806177,2.783268029249761,1.1219476483733344,0
1292.0,304.75724811078004,-76870.11953578203,40988.24907593031,0.012989172061782501,0.49962572866250665,0.2677657895579785,2.6133058438611285,1.1185546880500818,0
1294.0,308.0130996522886,-76865.43032632244,41426.144006288436,0.002192236454268943,0.4996760881958449,0.2518248472146722,2.630161663216838,1.1182968194632577,0
1296.0,303.97669032846716,-76820.70248756849,40883.26815423631,0.15740931114522635,0.501265740993141,0.270344863631237,2.5738722638728713,1.12278786027212,0
1298.0,298.83282668746,-76789.81733531773,40191.44551363555,0.07971514279548765,0.5029272061456566,0.2668412696172895,2.5387750723200675,1.1197967955885857,0
1300.0,300.73228190108256,-76678.90206253505,40446.91226262074,0.15125721872059453,0.5013401177789831,0.264348035846816,2.615552822863539,1.127640980197924,0
1302.0,297.55651693813434,-77179.45090629242,40019.78855640911,0.0013619923039750487,0.5000530476526864,0.2617812843815114,2.6825360408772685,1.1293552720136089,0
1304.0,299.4096225600798,-77187.95395162178,40269.021528773716,0.2696669094818027,0.5000390825062295,0.26622944371968327,2.690724141027485,1.129847865718077,0
1306.0,299.8541207002642,-77427.64701544528,40328.80419381814,0.010621253267438383,0.4986755848231195,0.26857810213173633,2.6184226178976346,1.1288085139351351,0
1308.0,298.65305357877855,-77549.45430434472,40167.266974810074,0.22682064727751625,0.49987960304110957,0.2752042029980747,2.586227645227638,1.1215499448914499,0
1310.0,295.535137293007,-76992.80817255413,39747.923611817605,0.0975558165140699,0.5008134746356866,0.2720712562352877,2.5573641379054144,1.1237476140171052,0
1312.0,297.16569217854743,-77342.65291058202,39967.22467912549,0.14596428706076678,0.49773311392600955,0.26290925798684545,2.5619442971111543,1.1280775900406772,0
1314.0,298.32122675928997,-77416.65510782355,40122.63801057186,0.31909324957460733,0.4992584666427567,0.2704739198512937,2.628046367147726,1.1304212748366311,0
1316.0,296.8886545734972,-77329.77690679114,39929.96457643855,0.009971142451194941,0.5014736251171215,0.264515000327032,2.624343905217353,1.1440579083268319,0
1318.0,298.36739349814064,-77525.2856898657,40128.84719444777,0.5246759929886503,0.49978380914984927,0.28360242455662904,2.622862070405497,1.153269955935481,0
1320.0,300.32565170952694,-76356.16755366034,40392.22263775834,0.47743429009394767,0.5004603051291814,0.2583257772235621,2.620950575831795,1.1493359607258906,0
1322.0,302.62449689189305,-76210.22449173732,40701.405239668355,0.02712434845466203,0.500746078811262,0.2619185112121539,2.619150747888958,1.1602886522198432,0
1324.0,300.66294578807833,-76690.1690978962,40437.58691962269,0.16305149822187723,0.5021476943861639,0.27078479049891835,2.677237312559878,1.1738648867940846,0
1326.0,303.84029721317705,-76863.56615308335,40864.92399666038,0.04599589400305346,0.5010526910000358,0.26633143038176554,2.7969198239189104,1.175395678425457,0
1328.0,302.55521609061856,-77061.1176630219,40692.08733580742,0.051683477813983476,0.5007834932142387,0.26959411272385914,2.706110810235022,1.1719002632079563,0
1330.0,299.0363626599976,-77392.0790516201,40218.82003283074,0.4855505707749676,0.5001695828218401,0.27202642549129596,2.68483994873959,1.1744286158754103,0
1332.0,299.3818410658042,-77148.85922889784,40265.285063721196,0.8697204440426312,0.5000207269808923,0.2639856654957884,2.7992114492270943,1.1837575371848337,0
1334.0,298.5347881440903,-77256.42017367925,40151.36089505603,0.6592313290552224,0.4990378767806681,0.2656663664807963,2.7227035876376116,1.1855956823015772,0
1336.0,304.0842860263532,-77181.50788440194,40897.73921043528,0.021615476721734757,0.49979308056280214,0.27884501690046815,2.7480976250424685,1.1905531973183998,0
1338.0,298.59267025755435,-77186.29322109115,40159.14573528021,0.1504181070163192,0.49956921324887954,0.2612000117353915,2.7649628224941725,1.177362408924262,0
1340.0,299.94583144019674,-76712.6048651404,40341.13880661109,0.030986912098042524,0.49862379067769513,0.2591579617356974,2.8063304831406546,1.1692134985804659,0
1342.0,299.35646174557024,-77379.96423035813,40261.87167845939,0.30578934229263643,0.49868152950288325,0.27337577579565275,2.747328764251414,1.171082803961427,0
1344.0,300.6658390399446,-77201.56376771489,40437.976046801356,0.03961014209680902,0.49973651620890824,0.26880825977932576,2.692054597846309,1.1618359364995166,0
1346.0,299.94868043861896,-77286.37583025079,40341.521981933976,0.2794258256339505,0.49884485252925204,0.27054368182700783,2.7614304719806033,1.1772515652278621,0
1348.0,302.5178116639687,-77293.96848890709,40687.05663689682,0.4985622650461584,0.49978459835155925,0.27116119281220613,2.788544458844627,1.174986999826411,0
1350.0,301.8566470937262,-77118.47054951417,40598.133475090915,7.5628111081688246e-06,0.49882294729451676,0.2634744526236212,2.668873961570601,1.1695039182729237,0
1352.0,299.039597851305,-77230.47161458549,40219.255149068136,0.25706215910569713,0.500972047303421,0.2606654719400009,2.7220791196534146,1.1730883805642498,0
1354.0,304.0879622138778,-77910.11980501306,40898.23363834746,0.04995535863084592,0.5006723413469878,0.25976626942735237,2.797195573029132,1.1617315774235144,0
1356.0,296.9111988122617,-77332.22300414299,39932.99665813451,0.24189314272060297,0.49877055538860265,0.2710143424573847,2.7587325295385665,1.1569406869129755,0
1358.0,297.5753193460971,-76764.59381387033,40022.31738151691,0.07817743906328026,0.49978201211311163,0.28680547289282593,2.7293087175905595,1.1657254653123201,0
1360.0,302.3343957224972,-77344.7194608103,40662.38815619576,0.06443179966233174,0.4997896169319537,0.27035326329287435,2.5961206775176486,1.150100657384001,0
1362.0,300.9476053646269,-77065.4844171562,40475.87213744032,0.11260296579293229,0.49891075850009503,0.27004770144360013,2.6692918115639372,1.1420928511264408,0
1364.0,300.0128233462794,-77080.92213602085,40350.14886609157,0.25436190108093215,0.4987891748505988,0.26714511538124674,2.490674804186939,1.139373860931429,0
1366.0,300.7320781293769,-77539.36560376058,40446.884856396675,0.4232500583131287,0.49898953859673256,0.26138844321472987,2.5375120637244626,1.1305676581234876,0
1368.0,294.1954731434338,-76685.51070772263,39567.745820538825,0.16291299422522074,0.49838910169652373,0.2649779251860175,2.5086513526304026,1.118403144008044,0
1370.0,300.61298920405835,-76737.41141634341,40430.868021478396,0.18211073659152457,0.5003471140138012,0.27393567988359413,2.570921015573281,1.1231287047189968,0
1372.0,301.36733980571984,-76828.92214673536,40532.32421503294,0.030711204178180813,0.501387878653115,0.25877708263879295,2.5631117914645047,1.1203919850859292,0
1374.0,300.6926072793871,-76459.52751231776,40441.576234401145,0.20510674929990977,0.5016496412833676,0.2721845931925625,2.558478056757345,1.1175512161851806,0
1376.0,300.7478787302922,-76591.64467507799,40449.00995422415,0.128262520351831,0.5027508807027974,0.26729699647995386,2.674578471154928,1.1308625759808357,0
1378.0,301.5676383639277,-76757.38946933311,40559.26331900591,0.060075782299965554,0.4999476544870089,0.26985883764680213,2.5327424527426037,1.1255349462490394,0
1380.0,304.65388825014907,-77162.26056886266,40974.347717592624,0.09761714745061743,0.4982546104193731,0.278367615716494,2.545319016331563,1.128817756543061,0
1382.0,296.79194298685115,-77020.31048545358,39916.957376030514,0.01369608235337536,0.4992313449623445,0.2751351061984048,2.5603724732491977,1.139856756107119,0
1384.0,298.8113838472611,-76715.15167194384,40188.561564261356,0.017972784102739267,0.49894291300315036,0.2681992021384377,2.587307274592012,1.1370368494711085,0
1386.0,302.10052529067053,-77167.34922641178,40630.933811563664,0.8459357459874762,0.4992857089417086,0.25521691820614195,2.691272743776179,1.1414780625933338,0
1388.0,300.47489813315775,-77289.72299223382,40412.295497791674,0.009386729300983955,0.49952167122930996,0.2737699203897002,2.6491946947745006,1.1510005729468227,0
1390.0,300.7790451732501,-77435.30656169751,40453.20167709436,0.3468442427400602,0.4983178114085342,0.26285538970774797,2.653984502167119,1.1448307748355864,0
1392.0,300.73811275293707,-77036.70771628374,40447.696481567524,0.2610643648652947,0.5001599853084346,0.27588841641576534,2.5427079894253035,1.1493705575387272,0
1394.0,301.06230515454587,-77354.71870765719,40491.29865670212,0.029352669359286827,0.5000298288260933,0.2702087767213829,2.733119357062457,1.1557907566044139,0
1396.0,299.37651213023565,-77038.06743923831,40264.568349878464,0.05793349304776475,0.4995516355013409,0.2631295901957918,2.7970118750545225,1.1630612548264665,0
1398.0,300.7618589750505,-77792.78020375618,40450.89022371026,0.2565638855964954,0.49852651988079105,0.24747708410779784,2.5856089377846914,1.147535124287882,0
1400.0,300.07441428519917,-77729.32307623536,40358.43252385825,0.09703186749884479,0.5000759501906723,0.272084924124805,2.6965704761038363,1.158568482585041,0
1402.0,299.8558234807023,-76262.12181454326,40329.03320884289,0.0008892503712228102,0.4990919770691813,0.26500133305660944,2.664307083287941,1.155901669457007,0
1404.0,298.7148412227489,-77019.27118452417,40175.577088372826,0.6733467917783871,0.49731374063089606,0.25676956023920927,2.8584850741802343,1.1590149928405755,0
1406.0,298.37350492304336,-76681.73358987214,40129.669148995774,0.4175600409702514,0.49981089337680135,0.2565787213829193,2.941615747989277,1.1590482786510128,0
1408.0,301.0604650658908,-77048.16529588809,40491.05117444343,0.012659206157144212,0.5021864678420684,0.26666631323266166,2.67803389588261,1.1635166349014738,0
1410.0,302.27453608256224,-76926.98741015582,40654.33734904857,0.5023486605127158,0.4998795319850419,0.26858994690075094,2.680245710111641,1.1638890590934097,0
1412.0,299.23008369282104,-77620.49026497232,40244.8744941892,0.4410695307863237,0.4999930834869928,0.2686685176199153,2.7329077983917327,1.1696513370046098,0
1414.0,300.4280495368484,-76957.80931412743,40405.99460766916,0.4800510250366375,0.4995071028876028,0.26025984436593497,2.6296670954229375,1.1612199461360222,0
1416.0,304.2130402183073,-77541.38401115173,40915.055972947404,0.0032019943649221,0.49992251507270075,0.27489943813950285,2.5503918613389267,1.150915996474804,0
1418.0,296.55343521356974,-77407.44935498445,39884.879333331264,0.027183392137331886,0.4991663825954922,0.2707096036735501,2.5636186451992895,1.1506694112189375,0
1420.0,297.97961704418054,-76848.17488481617,40076.69329825915,0.035362466685538066,0.500291258700182,0.2577367698369396,2.5233600396867555,1.1530548829502196,0
1422.0,299.1716876174868,-77291.36505333101,40237.02052879315,0.1562838866067863,0.4997773623558427,0.24975983595448914,2.5345620149660175,1.1562117641452028,0
1424.0,300.78231883085886,-77874.47010139807,40453.64196684724,0.247837844349377,0.5015481822434454,0.26936520738836245,2.6582368776828544,1.1646241780447788,0
1426.0,304.0228816399029,-77491.90792914468,40889.48064299583,0.07807810326998642,0.49963199650143286,0.281148154173414,2.752190243782566,1.1400988703508612,0
1428.0,301.77671980833065,-77210.63196923619,40587.38367503836,0.009707881948965328,0.4998241154918904,0.25544465181540027,2.6745424898439647,1.1509176336408902,0
1430.0,299.637934117615,-77280.82051501586,40299.72823401265,0.06546020978007588,0.49857806603651605,0.2666321492536458,2.6367795170951203,1.1528752464230245,0
1432.0,298.9894864737895,-77610.32077374274,40212.515432011765,0.4990760328521941,0.5002071999819238,0.2721914870626405,2.628814797925136,1.1591322403668427,0
1434.0,299.19028541334774,-77211.32260619267,40239.52183464802,0.2735646306905045,0.5011578065953773,0.2762887449891068,2.763694756329058,1.143866919477578,0
1436.0,293.4629894689846,-77279.06774347648,39469.23061383417,0.23598668534725353,0.5015671614142764,0.2546308060266885,2.773729191576858,1.1502157805639808,0
1438.0,295.8283106970262,-77137.98700871493,39787.35389470955,0.0013019317257975914,0.5020735338841386,0.27161139507003573,2.680921723237963,1.1537927050123387,0
1440.0,300.0719242381309,-77351.18087918579,40358.09762560701,0.0006355691101189115,0.5001613139353807,0.2619679524957559,2.7163739580751938,1.1517961021542136,0
1442.0,298.4202373352279,-76976.00130614836,40135.95441296378,0.5565132250597491,0.5013806294522348,0.26513262451629294,2.619640813249639,1.1561671476970887,0
1444.0,302.10885566500184,-77534.54014832899,40632.05420315436,0.0003958254695986012,0.5008428861464775,0.27258212095386547,2.698146843724169,1.1500462663123268,0
1446.0,304.6725036406286,-77106.83229349519,40976.85138983127,0.0005000595751777572,0.5007977453395673,0.2620991186016992,2.7418379507507433,1.172002665324547,0
1448.0,301.0060438246723,-76865.7207751607,40483.73180335738,0.0527596652848424,0.5005161252679651,0.24963923007219702,2.638064693998875,1.166847196507746,0
1450.0,296.74878204104374,-76721.71415126219,39911.152455530435,0.3155771973774385,0.4981509907080267,0.2651122813566261,2.7929649950266384,1.1751359846341545,0
1452.0,299.05743552831717,-77206.43353595468,40221.654222930505,0.03480901245518176,0.5007044903886129,0.24464507276411251,2.729694239899289,1.1747315301030277,0
1454.0,298.02585735701587,-77830.18988771469,40082.91237744954,0.19343430428672218,0.4998290013999176,0.2656670810674586,2.70042149909981,1.1692319781285934,0
1456.0,298.78532206350144,-76617.64102915884,40185.05639124013,0.3061808340841443,0.5009056667719864,0.26543561366286994,2.6844792718538404,1.1661062484455305,0
1458.0,299.69598472667104,-77657.68135682493,40307.535736008904,0.15317770473158474,0.5001545666475872,0.264959028329243,2.8451927460692166,1.1708511401502637,0
1460.0,298.2957749421403,-76833.76864072098,40119.21487485571,0.10609551814768411,0.4977381830977249,0.269295604782562,2.724563817988374,1.1760636140431704,0
1462.0,299.3134913190899,-77286.26039944927,40256.09238180806,0.008508653300303797,0.49839838647695817,0.26614558325747834,2.7129093053966913,1.1737166184780423,0
1464.0,296.7355045726622,-76440.74407619494,39909.36670577552,0.04113927802454657,0.4984009367796525,0.2641639327131748,2.7905877993836516,1.1871140880630726,0
1466.0,299.98805728110597,-77404.15314774413,40346.817960414184,0.08760707070696253,0.499958470820877,0.2729003068047076,2.6807569922256977,1.1773877669267876,0
1468.0,301.5787261971888,-77628.64511371078,40560.7545743386,0.3473784431958611,0.5002888498103328,0.2573958917150605,2.748261738198635,1.183294305596364,0
1470.0,294.65441725565324,-76678.2073994953,39629.47139294176,0.014094449499146722,0.5013440458630166,0.2698015017607881,2.7326670734268936,1.1898852573820036,0
1472.0,301.229165128362,-77006.3964027497,40513.74044671689,0.011309813073536392,0.4996680776792808,0.2636646650918315,2.8109753009139924,1.1844509041274502,0
1474.0,303.0769462965472,-77641.82844734471,40762.25730801844,0.00257498597239929,0.5002022357503957,0.25831537073974364,2.7152851048017626,1.1785462672935407,0
1476.0,296.72871905962563,-77366.92566479847,39908.454089914296,1.2502564069253177,0.5010263674054031,0.25377994270888704,2.9402277605903087,1.1892768843936972,0
1478.0,303.9757559218604,-77354.5387066449,40883.142481455856,0.015617720791710185,0.49899816616793613,0.2636095029123955,2.755440131584344,1.179125092206752,0
1480.0,302.5229243387933,-77200.34943321499,40687.74426480544,0.2786735403235066,0.49888008455720584,0.2825151089430867,2.821560317692048,1.2039543543887095,0
1482.0,301.9408096149249,-77339.12982324837,40609.452892112604,0.003501024882237068,0.49931592473382697,0.27569064157659146,2.748461579622583,1.1950787442834856,0
1484.0,298.40001452884803,-76871.09453267069,40133.234551729794,0.00025221847027433224,0.4986182987539971,0.2726518028453979,2.8258435592715534,1.1847410598033183,0
1486.0,299.60325757528807,-76989.44775140972,40295.06442121476,0.8457959927004762,0.5008734552433891,0.25895260881750104,2.737088443963441,1.1797824357611288,0
1488.0,303.0344424027822,-77627.09054244775,40756.54075756676,0.459050853603871,0.49995967394915125,0.27215829336599734,2.7617548339034617,1.1686158590985307,0
1490.0,299.90899894827976,-77795.90156482032,40336.18502991787,0.06089008313742248,0.5001407588407004,0.279371992753216,2.7190388706022213,1.1699967940384441,0
1492.0,296.0873268052295,-76895.70656839258,39822.1902007319,0.10944035289618867,0.5011363631783078,0.2626524161787457,2.5930153151971567,1.1615219319557748,0
1494.0,300.066442763269,-76597.53188433126,40357.36039603056,0.12024008902530771,0.49903171241274974,0.27561351224202996,2.5902958385805537,1.1670232838526438,0
1496.0,298.9301913800832,-77223.55857366079,40204.54055336694,0.7553481889492438,0.5000565405788187,0.2799288037567156,2.5962154997290616,1.1466069361442923,0
1498.0,301.3275112030255,-77510.10918815108,40526.96747717781,0.14404925284528566,0.49889076097030954,0.2616029531213388,2.6595744654408926,1.158942766449153,0
1500.0,299.7276431112308,-77427.62533110683,40311.79362244056,0.15411854247459245,0.5001896084698229,0.2650568072815601,2.5465951333012544,1.1312468627398033,0
1502.0,300.1945309406369,-77282.39697681111,40374.58758307923,0.0815603500355503,0.5005469301886204,0.2652288001985291,2.5630643253497842,1.135518689472982,0
1504.0,303.55086560726903,-76935.92180101655,40825.99696595989,0.2871107795023761,0.4977129654874154,0.2627200567011284,2.4592794938918496,1.1404060935814178,0
1506.0,305.9387916938692,-76834.13748480065,41147.16048157511,0.035961811105813125,0.4994045744963667,0.25080694922996777,2.5171230603970103,1.1367997642911563,0
1508.0,302.27869162390533,-77473.54019267473,40654.89624753145,0.0036647068785916957,0.5000283341234947,0.27323406263453875,2.589017012386681,1.152930593550796,0
1510.0,298.9909070623632,-76923.50442063552,40212.70649371302,0.039827158180289826,0.4993993869854394,0.2731231902941753,2.4837871288567666,1.134154698007877,0
1512.0,302.5272842631833,-77086.60063002422,40688.33065173457,0.12832210451196316,0.49980504815285093,0.27287153719389184,2.4895605363445106,1.1315074757369157,0
1514.0,300.4194502064131,-76915.17825018673,40404.83804289522,0.003900681512870315,0.5004906110012012,0.2725335925577067,2.5456343100459953,1.1328969314282813,0
1516.0,300.79649721045064,-76875.79979902902,40455.54888442771,0.062229780908656794,0.4987544646087288,0.2550995835873135,2.4601410270507933,1.121715612958344,0
1518.0,297.7260782645588,-77843.42177378992,40042.593664160326,0.14153642219264428,0.49916743256167867,0.27316324063694725,2.4519026585804493,1.1109449169500505,0
1520.0,297.29416415378006,-77419.05639032659,39984.50348497098,0.04072580135441103,0.4998555202137366,0.2738256531414086,2.420637822072996,1.115388572437795,0
1522.0,300.74203967445135,-77312.8233681561,40448.224631884295,0.37247520324418376,0.4981177901152487,0.2589871207246828,2.5538145972247044,1.1300805679061388,0
1524.0,299.1959914141916,-77952.64407669497,40240.28926178967,1.4057322067324285,0.4998021313292534,0.2734830708962776,2.477007038967074,1.1192091318190085,0
1526.0,295.9055702995851,-77325.58063328429,39797.74490543308,1.812662920079954e-05,0.5006409410137594,0.26239787140194915,2.4752275608886944,1.1183016215259565,0
1528.0,293.92219002898764,-77280.57380551216,39530.99067711696,0.10706546976279749,0.5003467913163165,0.27422584488944446,2.4826518680778604,1.093569873025804,0
1530.0,298.3705679569075,-77065.39293273678,40129.27414247747,0.40008913544327845,0.5002809244758071,0.26101413433818,2.5664763065366296,1.1005749073566358,0
1532.0,301.6953390372082,-77272.03595539392,40576.43838879025,0.08162200730277477,0.5007764277297533,0.278812503372839,2.4963950825987675,1.09978438361927,0
1534.0,302.2579702940618,-76965.44446369458,40652.109337510185,0.0616440775645,0.49992919090800825,0.2641439915192346,2.4254492772472434,1.1088937481558316,0
1536.0,300.8759962638862,-77143.66957193846,40466.24108953101,0.21179792772863232,0.4968646253105197,0.271893834508211,2.4745723595530635,1.1051996988843609,0
1538.0,301.64636891050793,-77234.1834443846,40569.8521639739,0.3586957324650151,0.4990972047402429,0.25233526223586056,2.615438165741159,1.101303339568571,0
1540.0,302.743644669994,-76589.75925485534,40717.429989976736,0.47870770586247546,0.501205887317467,0.2651821635804581,2.7320629860085868,1.0959875666593475,0
1542.0,300.4810174643274,-77631.38551021321,40413.11851569106,0.26335964512798427,0.5002194218102459,0.27618346560152085,2.4095165494615935,1.0917509506003706,0
1544.0,299.32794637136817,-77056.08294463903,40258.0365104116,0.45917648754840884,0.5000928546560317,0.2645688719499908,2.4978144836109095,1.1065362153906972,0
1546.0,298.7240777041796,-76911.61078144074,40176.81934660889,0.3706380428649695,0.49954692766102105,0.2704852789833273,2.471001605996699,1.093556252425674,0
1548.0,300.1497421292465,-77162.27288642584,40368.5637232089,0.7459557214481953,0.5002317977831567,0.2795884075349441,2.536787620547878,1.0956170060739476,0
1550.0,298.955410169638,-77458.91909907397,40207.93234809561,0.24913159182384836,0.4995146980517785,0.27254356720632267,2.482276742076704,1.1029740516265534,0
1552.0,300.060542102095,-77848.04681665672,40356.566788097,0.0376979557819748,0.4992651897295558,0.2708884532169289,2.4901579097610735,1.0950508801699255,0
1554.0,304.4871877843208,-77129.46377049608,40951.92738056438,0.19459504426335333,0.4988787250949281,0.2597194641612321,2.611088466640458,1.0967855195936773,0
1556.0,301.84295734952906,-77115.50543321762,40596.29227640436,0.036791984370981315,0.500304423437703,0.2756786027768636,2.634167336723587,1.0961997705728963,0
1558.0,304.63178172094666,-77112.00268201972,40971.37450553362,0.012239016879785647,0.4994136524203207,0.2693901926046521,2.5686454617596817,1.0913429259293628,0
1560.0,299.17344506155547,-76852.33016012423,40237.25689578908,0.6316612154678399,0.5001965171646892,0.26885389201608456,2.501193709809534,1.08824887541752,0
1562.0,301.51674030321743,-76478.3386421582,40552.41779719206,0.08992799784152031,0.5003943320845581,0.26245322197951193,2.476645267040655,1.0990702377889812,0
1564.0,301.82038431806575,-77026.68496568885,40593.25632224165,0.2870072394620842,0.49899485703630014,0.27052411355046463,2.4774402200536736,1.0924306107577864,0
1566.0,308.25361357452323,-76853.78005000215,41458.49186548422,0.01071016822436125,0.5008193899324972,0.2561959328310103,2.4006785890162923,1.1027032302892605,0
1568.0,301.7930572102292,-77043.1603875655,40589.580969778435,0.0858026046690367,0.5002947052689849,0.27053550618463607,2.4693228173488393,1.1083075222523209,0
1570.0,296.12857267347744,-77231.80144328729,39827.73755335953,0.12149571402827809,0.49881937554477984,0.2526245965090417,2.4483952270188745,1.105614890372604,0
1572.0,298.87817359997547,-77159.15856675687,40197.54443517566,0.29076030129292524,0.5003581533079519,0.26165292418646013,2.499196413481035,1.106571899695081,0
1574.0,299.6133400001951,-77635.15882767003,40296.42045440491,0.758046103561104,0.49984930979747694,0.2577490850935769,2.5278401150311565,1.0969567871922974,0
1576.0,298.67781013691587,-77234.37607608142,40170.59660184105,0.3678325062153204,0.5013023003456817,0.25748583459684926,2.617713053432265,1.108010869713275,0
1578.0,296.5870681187863,-77223.65775980393,39889.40278241971,0.6460251867093051,0.4983294455647458,0.2703764660371657,2.584473217784936,1.1077989012945582,0
1580.0,295.4864387129406,-76502.30289559509,39741.37390859716,0.018613816968868078,0.49886066282588537,0.2748327737430878,2.6250329522973583,1.1191425918052915,0
1582.0,303.2243084823387,-76975.81324656785,40782.0767479597,0.018738571272383146,0.5017903420879758,0.274585739607924,2.5567363301845236,1.1323195272302449,0
1584.0,300.28996406272796,-77424.55759974197,40387.42283671998,0.2122318117452593,0.49892869840202075,0.2540267918232459,2.7237635903280415,1.1292130097542672,0
1586.0,297.01208692193813,-77703.74976427224,39946.56557895214,1.4377629324120202,0.5005449079089629,0.2757936938693025,2.7761583971898682,1.1213961690887884,0
1588.0,300.69652364976207,-78362.33366830624,40442.1029656451,0.37193689274568276,0.498913734743687,0.27486444300212937,2.591000306896718,1.131423167498922,0
1590.0,299.8338068716108,-77546.84619904554,40326.07209056648,0.22711342221235498,0.5014721590404885,0.26482947443892446,2.4756905486491694,1.127074604562914,0
1592.0,298.98219677891404,-77277.44570137793,40211.53500634152,0.8844933161793673,0.5003778838265828,0.27074980590007336,2.7445978929039088,1.1382009642490887,0
1594.0,297.85988365377943,-76807.72074039117,40060.58978617244,0.15512252332019305,0.5032877733698331,0.2636417590782927,2.587770709099215,1.134673742794383,0
1596.0,297.80125244395134,-77331.28211750335,40052.704196422055,0.0014740864812975774,0.5013926608054975,0.2664362857437048,2.5720957411774164,1.1582112177961497,0
1598.0,301.8814874192054,-77725.22627894336,40601.47436838937,0.07283903821613313,0.49966426840220146,0.27379686985476104,2.6350917270570213,1.1567469043079124,0
1600.0,297.2989076746367,-77033.91027014295,39985.141463609965,0.042760085237332,0.500367036258414,0.2627853602261785,2.629824778344881,1.1376692163950142,0
1602.0,298.92489049829936,-77398.90119259909,40203.8276126109,0.004136877288855188,0.4993608201033294,0.2635730573825309,2.5427572419101496,1.1266013666880312,0
1604.0,299.1964474298684,-76781.26742340776,40240.35059350289,0.08305453461595916,0.49978567224148884,0.2670786801490266,2.5452033450182063,1.1207885738157704,0
1606.0,296.96270028951596,-76881.61749848025,39939.92333630397,0.1467377248258927,0.5015301442191745,0.2794057702646683,2.648433593872404,1.1283600613987044,0
1608.0,303.7254732646522,-77138.88549627073,40849.48077871824,0.04385043464302468,0.49963987186330533,0.23977046599672786,2.5147007094896523,1.1184775459717762,0
1610.0,296.53969940410286,-77364.49830246321,39883.0319391079,0.04787390434706036,0.5006206962864367,0.2681558687527511,2.519798228035977,1.1155320728260127,0
1612.0,296.7945841605106,-77240.62529957865,39917.312600014455,0.008969207034774754,0.4990677347608837,0.2619662262424913,2.4690474202094292,1.1078779614533565,0
1614.0,299.2847957744549,-77036.56873449532,40252.23298178342,0.045637021756094874,0.5000913475540552,0.26665441548049085,2.5978729556428197,1.0975751728713055,0
1616.0,303.9689383284804,-77028.19630228681,40882.22555095694,0.01899581223328164,0.5014951127091596,0.26702822459100306,2.440122431205621,1.0956145372783666,0
1618.0,297.77773843999273,-77327.35025672277,40049.54168640137,0.36616135732253413,0.5008734142430064,0.2651184151590017,2.4769875226695257,1.0911353915407498,0
1620.0,301.18891866940476,-77904.69926097023,40508.32750938926,0.0284775249991558,0.4985859840552684,0.27600771453827316,2.42873421075901,1.0912531969090122,0
1622.0,302.7524554548979,-77461.31566253514,40718.614994266005,0.24558470061886611,0.4986478090881091,0.2570829243909442,2.4476151712437217,1.0895239884053904,0
1624.0,300.14866385811655,-77135.11833477789,40368.418701405746,0.5241443725940232,0.49923797831020256,0.25074491489918094,2.580951390146768,1.089405812177478,0
1626.0,303.96224600898,-76815.80808863859,40881.325469136806,0.31076731981842526,0.5012836075821246,0.2706819548466901,2.3880091809125044,1.0848714628557237,0
1628.0,298.93409249751426,-77122.12685191224,40205.06523317006,0.03307080539996603,0.5005797252866996,0.2588477102188197,2.5067812015896904,1.0784583862546933,0
1630.0,297.0127350790017,-76992.9961163142,39946.65275267262,0.00034970855539845564,0.49889336269834605,0.25919032590715463,2.530882794902909,1.0741368806665603,0
1632.0,299.20524660930073,-77232.89504847897,40241.53403691719,0.058438854345895956,0.5000163694597956,0.2752376958889703,2.4249252605284726,1.0836174088099928,0
1634.0,304.53615804846163,-77547.41456856858,40958.51362386577,0.12710005831937016,0.5000220068039504,0.2697097091662023,2.4084059662640507,1.091366024272517,0
1636.0,301.08570158748813,-77201.66469363694,40494.44535403868,0.06948219806360313,0.5004145990551344,0.2689392363905557,2.354530986781646,1.08186560586872,0
1638.0,299.54693401318156,-77474.21429923188,40287.48919796158,0.00011382480366257885,0.49936428921910864,0.259664240866098,2.4997253310028644,1.077920719145399,0
1640.0,299.62309653227976,-77904.0668411851,40297.73265672228,0.7765402239650356,0.5020764788929306,0.2570323909738963,2.4105308912553207,1.090900743523703,0
1642.0,301.6923703298694,-77468.4009507182,40576.03911324688,0.15333440065488338,0.5005677611552192,0.27279780487638916,2.4414541628241775,1.0776655825633565,0
1644.0,299.93849444187435,-77185.26741872134,40340.1520188757,0.07572948458477582,0.49981597159810826,0.2580804030651758,2.565567726396012,1.0729980779823922,0
1646.0,300.8263260201285,-77194.83121456474,40459.560702647934,0.00063939340188841,0.49914769581515667,0.2784512349652741,2.4610829237027656,1.0726553056450894,0
1648.0,299.2425217956197,-77669.31621337077,40246.547353682145,0.10086416233445512,0.5004754599955937,0.2747000706172905,2.4770529975715525,1.0810161194616106,0
1650.0,300.2499049902293,-77622.0183095322,40382.03510188675,0.21790019264027957,0.4996990521388705,0.2667361681720816,2.478106261003335,1.106154021123103,0
1652.0,301.39349870909757,-77502.70117250027,40535.84245013267,0.34774896489600193,0.49916532599666563,0.2640467124887228,2.482398963638972,1.1068132723875737,0
1654.0,301.34228953701756,-76810.1839933988,40528.95508547375,0.3004226608524539,0.4994150961260717,0.2713008613921002,2.501653233140498,1.1006289831686034,0
1656.0,302.644604963821,-77371.81571202457,40704.10966972122,0.3302922740154358,0.4997662901752202,0.2749954826392729,2.583635209148987,1.1178002093866373,0
1658.0,300.494619386439,-76982.24918922246,40414.9479027684,0.29292065375087734,0.5006712217769816,0.2538554701518493,2.693233833468797,1.113247195404956,0
1660.0,300.6367610057157,-76632.15464728908,40434.06520393543,0.03013795545707478,0.4998181730485804,0.2588993680274026,2.6587730948777426,1.1070765954972022,0
1662.0,298.0585442261865,-77486.25357371988,40087.308589659035,0.011923390644912185,0.5001300234995825,0.2699517804937155,2.512869314245333,1.095853699807766,0
1664.0,303.99925825972474,-77133.29805339815,40886.30342244814,0.18360380424562053,0.4996306159382063,0.26666278454468645,2.581297963736635,1.1065476585485627,0
1666.0,299.4534647204796,-76822.1609615779,40274.918069058265,0.10175367540816015,0.4988251268597003,0.2820105500877646,2.5584133003700624,1.1069023164125902,0
1668.0,297.6619191991657,-76858.54709440516,40033.964606872556,0.032343588940716726,0.5008869588238406,0.26595331074139017,2.641065096584239,1.0985421498299315,0
1670.0,301.0074880647485,-77354.3330095692,40483.92604606149,0.08812264354584287,0.49918970866976686,0.2733793181639229,2.5561579477203233,1.1221253035970968,0
1672.0,296.4740234876839,-77075.43601105816,39874.1988733247,0.010285665916711947,0.4993361780574922,0.2680989190580171,2.602805573359644,1.1193075725341548,0
1674.0,297.4907631906782,-77181.19667269697,40010.94502276023,0.015834576562934688,0.5000722146233796,0.2618041887853857,2.574484084429969,1.1237874356432471,0
1676.0,301.9665349728065,-76437.37920478988,40612.91281762039,0.11633083959706546,0.4996395474958021,0.2788824966196298,2.6042681937235783,1.1205111465805242,0
1678.0,302.0315976674529,-76677.34197132057,40621.66340829624,1.8454143588913607e-05,0.5003069188725388,0.2606232205390867,2.5555341811267813,1.1164667335457443,0
1680.0,299.5997646800749,-76995.12649059971,40294.59464515568,0.007687707670127204,0.49869136498334227,0.26354386307645145,2.461509061686728,1.0978994838324398,0
1682.0,302.9630096589244,-76849.26880333037,40746.93342873186,0.747065900813289,0.5010214189261222,0.26604645243040337,2.5203932915878795,1.102188197553702,0
1684.0,303.5626549089409,-77956.41231028375,40827.582565109224,0.35965658406057305,0.501773954295015,0.27272373305642106,2.59164180996958,1.0972347575640649,0
1686.0,298.64747504128326,-76741.77460854047,40166.516690819284,0.551147594504173,0.5004556013311665,0.27022354086669886,2.4486331303613458,1.0880769822789966,0
1688.0,300.51778974217416,-77502.47656544182,40418.06419390811,0.023643385175500752,0.4987858587663884,0.26501593828012654,2.4346251260924925,1.0827587034552202,0
1690.0,298.54028752015967,-76717.496372703,40152.10053225084,0.529557235013595,0.5000358905203153,0.2606166787220219,2.410979326626013,1.0782915320268391,0
1692.0,300.7176345260754,-76551.72698781395,40444.94226762038,0.6154188215564205,0.5016690739934122,0.2738236868330881,2.367845480784702,1.0767615573223135,0
1694.0,304.0922467194134,-76511.86609563895,40898.80988183683,0.06418457195083085,0.499718895595333,0.27407805406179586,2.511245972970638,1.0803904690304842,0
1696.0,298.5152338047025,-77150.54005140637,40148.730939121226,8.008090577335271e-06,0.49802373803456557,0.26919711755898224,2.3706988391113724,1.080616541586915,0
1698.0,304.19075196721735,-76628.11458099773,40912.05832024905,0.39923538557651167,0.5008115501589953,0.25970931792481056,2.4153437465039973,1.079109284769908,0
1700.0,299.13588738584593,-77902.74227181682,40232.20558568493,0.002809702515535751,0.5002969922039596,0.25903901601348067,2.590332400375474,1.0975335619311304,0
1702.0,301.17530909943133,-77726.4852257258,40506.49709371467,0.0702216664688933,0.5014705695226377,0.2649461101955529,2.5031917314959924,1.0938549037252168,0
1704.0,301.05394147346556,-78378.90988846845,40490.173785528634,0.001377907718493774,0.49956891989471114,0.2756447418903029,2.5354061722842105,1.1005955886505645,0
1706.0,298.62072477675883,-77564.6118725799,40162.91892075156,0.7835605347639989,0.49864677579528716,0.2738648972625256,2.512155368897019,1.083602604078256,0
1708.0,301.1225091515674,-77066.30218065903,40499.39577806866,0.3658083500665516,0.49974608667899845,0.25607272089983524,2.5049794813753135,1.079046622897943,0
1710.0,299.3497036656007,-77417.28146800143,40260.96275220158,0.00857220021027233,0.500449878743079,0.277301348260809,2.4329981304486923,1.0711300083640662,0
1712.0,302.4859727072285,-76793.56484510866,40682.7744644554,0.4527510807732401,0.49927035746770343,0.25879302737120835,2.4695672106410784,1.0815126962665274,0
1714.0,301.3205034700944,-77388.58056122006,40526.02497390802,0.02904928039573769,0.49945541658600034,0.2786420397233804,2.4373992951086993,1.0801118133173757,0
1716.0,300.98433539917477,-77331.39273277333,40480.81213415557,0.048371836827744846,0.49955275015445616,0.26707996811809237,2.4538926419977907,1.0946822677997181,0
1718.0,301.152862668205,-77608.72241471102,40503.47816661884,0.12451245087572693,0.500328034374581,0.27388509899198776,2.58617133285553,1.096125909307662,0
1720.0,300.59202446969823,-76686.95205270324,40428.048374828184,0.06950276890945793,0.4989472558766862,0.2552981671666058,2.4314795924249903,1.0979590449524428,0
1722.0,300.3848446597494,-77035.82659097563,40400.18377864112,0.10053829141597578,0.49903542055823946,0.2699470648053883,2.524544244648258,1.0909798803043211,0
1724.0,300.8577388142832,-76733.59913222294,40463.78555846011,0.0639748818719272,0.4997936387215015,0.27551026295173264,2.604585241898613,1.0906439627936735,0
1726.0,299.2449734735806,-76340.24312015867,40246.87709148998,0.43003257980501003,0.4994971900375084,0.26921628831599326,2.5925850696372907,1.083231490778198,0
1728.0,301.2946489844269,-76756.65781142574,40522.5476813913,0.06948994669971585,0.5014617007534311,0.2547573426144575,2.5813528014903113,1.0901521162409396,0
1730.0,301.29197767358636,-77341.08233548468,40522.188404114815,0.2425177902099378,0.49997937547277377,0.27238158300487986,2.4787202455405883,1.0939088530023895,0
1732.0,297.49790519825837,-77454.15800068469,40011.90558526502,0.32679275948606945,0.49980910307404836,0.27230475399488574,2.5637684404107843,1.1030508456914574,0
1734.0,299.2002327070693,-77462.63791276724,40240.85969340353,0.0003392556641597907,0.500724135102438,0.2669282907085343,2.4935135319274515,1.1139152819304468,0
1736.0,299.08806936156134,-77490.77630380262,40225.77431259185,0.2203326270928906,0.5017301502683944,0.2694376470639357,2.493723751547619,1.1102034814486035,0
1738.0,300.38222268777724,-77253.7000330959,40399.83113718327,0.09888243397363004,0.5007796761259661,0.2674351960915716,2.557681523382193,1.105618186761118,0
1740.0,298.95544579489587,-77247.2454948267,40207.937139505666,0.31328025956778605,0.4993342164429757,0.2687488437139214,2.5609887562389906,1.107125247684508,0
1742.0,295.03929076090196,-76827.00086261414,39681.23485777699,0.8481118723493171,0.5002608537100194,0.2532057000484197,2.5807491198082366,1.1073865957924893,0
1744.0,301.4774785506085,-76622.53951665107,40547.137297695925,0.15220113573877098,0.5007666760547694,0.26969329884421056,2.610148224060215,1.10303136962234,0
1746.0,302.8148638497225,-76931.55323517649,40727.008595558036,0.000668598557527505,0.5011093099606254,0.25543647606866826,2.4789562312703275,1.0987798694262432,0
1748.0,299.84791734081386,-76991.24019710999,40327.96987455638,0.021021481575125654,0.4990832477311424,0.2580436405805178,2.4709394698606073,1.0906809087875695,0
1750.0,301.29534994763617,-76894.23975599487,40522.641957261,0.01963537295306139,0.4994474172485834,0.26983745063817005,2.4787257419914033,1.0944000108961798,0
1752.0,304.5035408456539,-77022.70538168319,40954.12678141614,0.4057391698686236,0.4984794964744654,0.2654717215248053,2.6169150026598174,1.090875811146837,0
1754.0,296.0941271068349,-76986.17815615318,39823.104805577954,0.2815274503121925,0.49855126351737283,0.2642038484115398,2.4373657181832846,1.0822843380490998,0
1756.0,299.15049020681806,-77746.29003406898,40234.16958840161,0.14143754180255372,0.5001476198251726,0.2596323825982205,2.488481087263308,1.0807376415512608,0
1758.0,299.98957344344683,-77359.91060884041,40347.0218762851,0.18118493616531905,0.500911270985217,0.2623931530984336,2.426682790118374,1.0769718948701332,0
1760.0,303.43827468410154,-77616.88520464674,40810.854078198936,0.07306681131953435,0.5004123725512898,0.26749790282653263,2.4842113254898597,1.0874846495141925,0
1762.0,301.9943898510799,-76912.23716005438,40616.65915243515,0.4247678536532533,0.4992049023380949,0.2772372262405065,2.5236091499925166,1.0929996151705184,0
1764.0,298.9078326797573,-77032.29837447859,40201.5334256164,0.18785629233485063,0.5007639511110957,0.2730975766794079,2.6455341937908274,1.0989657730007456,0
1766.0,294.0319758450377,-77001.66805566743,39545.75629270497,0.026364275524697486,0.5007432706903006,0.2570507608415278,2.6831428965237762,1.0969944743961602,0
1768.0,298.9253845125469,-77336.4592849249,40203.89405493229,0.10754048846866653,0.5005784751329299,0.2589630336504798,2.578626831804328,1.1066602634304992,0
1770.0,297.65793426202396,-77349.95718166966,40033.42865375863,0.08077908197303456,0.5002380059197237,0.2668368648870657,2.5276891776954864,1.1101794499261357,0
1772.0,294.54280332512917,-77817.88060140249,39614.45990555952,0.210806562757142,0.4991041440768682,0.26773855832562576,2.54759982265483,1.1013058923113515,0
1774.0,300.3105354844909,-77789.33170127543,40390.18958489182,1.441002106149519,0.49961455350092393,0.26798032900662033,2.5740908523392343,1.1034204627920252,0
1776.0,299.57607541924335,-77765.23796568753,40291.40856400615,0.024935983615704014,0.500198412795936,0.26380246390087625,2.52918828760168,1.1052180742515982,0
1778.0,303.95541185740115,-77463.91559317173,40880.40631164712,0.0006584880596628453,0.5006707863754185,0.2658877290566508,2.520510755832711,1.1088950530521737,0
1780.0,303.4192317737892,-76295.85741262895,40808.29290678841,0.7184546330912208,0.5002877160226294,0.2743233580087491,2.4944175084335076,1.1255065312554828,0
1782.0,302.24916239236535,-77075.95530445152,40650.92472099718,0.7910689181179514,0.4997444251507243,0.27531514286847864,2.438838554903376,1.1221433146340458,0
1784.0,302.0557039735624,-77648.17778415256,40624.90557984504,0.229764605227882,0.49901657638855784,0.26154428005752856,2.4819732264098753,1.120371000686221,0
1786.0,299.4201565428104,-77110.79080665286,40270.438294119245,0.013807790847534477,0.5008259849280187,0.2536609631869865,2.570682134455945,1.1357416317333815,0
1788.0,300.5542485569217,-77298.5738057082,40422.96771298486,0.006559584126114829,0.5011970063386061,0.275614814853966,2.5190632717049524,1.1377729072680343,0
1790.0,302.27838269672213,-77057.96580835583,40654.854698448005,0.19051257440373592,0.5004981829415068,0.2725628723914725,2.5692813631161107,1.1354468931322264,0
1792.0,299.67303675220813,-76962.78660591936,40304.449353982214,0.35224768833717407,0.5001331863250899,0.2745458394891843,2.59886439866728,1.140753931715807,0
1794.0,298.63682962913646,-77618.07870428264,40165.084938802574,0.1332154802906278,0.4996766163603055,0.2655115768209257,2.6602473133434104,1.1506680236008875,0
1796.0,304.0603317444283,-76765.62528995075,40894.517485340766,0.013932067277357362,0.5018088230014021,0.2572482179759704,2.726566172330172,1.1560136080397214,0
1798.0,300.9532727555048,-77253.97983717534,40476.63437174436,0.7366244685538503,0.5011641032742851,0.2697081383213893,2.637871004071271,1.1594270679188021,0
1800.0,300.075186003417,-77015.83589948039,40358.53631590495,0.5354997613389634,0.5001238423009249,0.2668327328798936,2.5808338576781273,1.159555679673845,0
1802.0,295.9911908695901,-77086.31418474356,39809.260422360545,0.01229963581072689,0.4992357575555099,0.2823235941292073,2.646418509799496,1.1749296552478314,0
1804.0,303.5905558267474,-77327.33441116707,40831.33509199936,0.006260241651481497,0.498414931489016,0.2595541593919633,2.5583269658895382,1.1610107332938127,0
1806.0,299.5597885739739,-76925.78013876977,40289.218068867136,0.18007667673871233,0.5002271419924098,0.25668929048942046,2.471828063472328,1.1422625602118752,0
1808.0,298.70083556954444,-76621.82861315273,40173.69340158416,0.44439298640950403,0.4996872060552698,0.26190769014914855,2.586550217394147,1.1560321563453189,0
1810.0,300.14346875212584,-77143.3934821618,40367.71998693827,0.6631604472230895,0.5010904351079073,0.2763200611961001,2.6006434029693866,1.1514415643451568,0
1812.0,297.12803901275146,-77590.35685794288,39962.160526106294,0.05226966730434502,0.5012263117179856,0.2642606114630457,2.5430308752046695,1.162641881997148,0
1814.0,300.8094023356448,-76832.38695791748,40457.28455597972,1.9186727708548303,0.4997564423176319,0.26950708153578257,2.5600046388902813,1.1588097045818129,0
1816.0,300.186999706864,-76474.01672098646,40373.574671696,0.08446606439266872,0.5001958453894862,0.2759051905164184,2.585623433250616,1.1606785370049333,0
1818.0,299.96268461183644,-77533.16125517257,40343.405469672165,0.16497444834151803,0.49911117229795016,0.26893435636113866,2.542086734766735,1.1371480377177776,0
1820.0,297.95746708216143,-76664.50223478512,40073.71424471444,0.17499778984018735,0.49822124270718776,0.2543382552366457,2.574495641955857,1.1482587458519609,0
1822.0,299.2254280231972,-77346.45295802376,40244.24833107958,0.07280069221720195,0.5011156582077063,0.27206282872365084,2.6824431600021255,1.1581346678392284,0
1824.0,299.8740523859431,-76720.48941801942,40331.48490084701,0.26974466999961944,0.4989357211664601,0.2580201314789595,2.6182465662396632,1.1561479713561598,0
1826.0,300.2110661814298,-77147.4838296395,40376.8114861114,0.02474174354221181,0.5005013762962002,0.2663110320579182,2.82869503754426,1.1549008445645614,0
1828.0,298.1387482130573,-77191.98255902377,40098.09560460658,0.45993365527303437,0.5008198402711198,0.2592962779471456,2.799653046881652,1.1555048451827146,0
1830.0,297.1057000019401,-76665.84274396801,39959.15604649203,0.09502756654028216,0.500750869816741,0.2617424979590298,2.653113321522881,1.1673275216988754,0
1832.0,304.7272284275744,-76956.67604102776,40984.2115862232,0.055167250991528353,0.5008627195455763,0.26843383098978213,2.5947825199566705,1.1747070875588403,0
1834.0,295.3384169230927,-76748.11900183372,39721.465755375015,0.43459168482259275,0.5004447840519264,0.26407843796523967,2.7479657240341764,1.1669673860484233,0
1836.0,294.6482287173865,-77517.67499960214,39628.63906705135,0.055678187467639556,0.500843067894059,0.26634778455522135,2.879186239204828,1.1639877510330279,0
1838.0,296.9247023757717,-76850.81237248343,39934.81281649658,0.09780875712254804,0.499773679005478,0.27019306560791356,2.804067369003456,1.1635799527455182,0
1840.0,299.8206642833042,-77625.5693357205,40324.30448147316,0.051492857693654276,0.4991796464957981,0.27027890620672407,2.799817646022574,1.1601324672678237,0
1842.0,299.9128200134588,-76656.4066954027,40336.69894311359,0.12627436872380882,0.49986488405786195,0.2702733811666949,2.728821890088023,1.1546530553974288,0
1844.0,301.51407996030014,-76508.16422650148,40552.05999504363,0.07197066270811463,0.4997533867143787,0.2591173673900872,2.5068328027425606,1.1421943329021116,0
1846.0,297.33531089542356,-76356.07460936205,39990.037505591004,0.08241666241830625,0.49945084999973516,0.2723716757517865,2.569897371514931,1.1434327645125797,0
1848.0,299.6906756938115,-77916.98804677546,40306.821698976,0.0027421109817687746,0.5003365778294133,0.26190674826157445,2.552175984246384,1.1388688707196486,0
1850.0,300.21610815000275,-77571.50361798436,40377.489604400565,0.006315895701395208,0.5007945448048106,0.2710576576683006,2.6845474385448056,1.1505588847045343,0
1852.0,300.29232215905523,-76736.73158998438,40387.73998828966,0.05889272282404436,0.498546141819446,0.26479904073257077,2.614005900794659,1.1483702110457048,0
1854.0,300.8143971726987,-76875.7509938227,40457.95633532715,0.032284903219928815,0.5007321534550805,0.2775977021455066,2.7979090665524766,1.1582681505064576,0
1856.0,301.6724819149298,-76968.12329933431,40573.364225905156,0.36541020126086887,0.5005726538532601,0.266155843765158,2.560898380332682,1.1692399510710323,0
1858.0,299.7451473907697,-76580.3234315872,40314.147856094,0.02261917007064193,0.5003967732672656,0.2736406091522401,2.563703769090413,1.1584554211652092,0
1860.0,304.10025945417675,-77182.67990366276,40899.887552574095,0.09830650498074106,0.49999000521400355,0.2643916502461486,2.582905555748946,1.1518597323287714,0
1862.0,298.200634686972,-77728.18653818918,40106.41901027772,0.9892354383163803,0.49820632335716,0.26743832506307486,2.680550482272984,1.144323380192696,0
1864.0,302.4033568193351,-76348.02351966687,40671.66306148928,1.0352391168547472,0.49728156460997636,0.276259325968707,2.522118477713343,1.1421679221526406,0
1866.0,300.1372577794208,-77300.57917622884,40366.88464373375,0.1873114971680636,0.49968007174203105,0.2594753277971052,2.500458033052371,1.1252630390886862,0
1868.0,300.2987829903877,-77455.03667647438,40388.60893616713,0.008165437097871481,0.4986957003809379,0.25408615371252796,2.467364857618077,1.1187789163049155,0
1870.0,300.58696238668347,-76947.6981617331,40427.367551252246,0.002570443736387443,0.49948075365387623,0.2788463752265119,2.5253908995294063,1.1294020808925456,0
1872.0,302.3133207833765,-77496.68957219296,40659.55368758413,0.8483701213600752,0.49919789566414846,0.261372130852853,2.553975580323699,1.134030228720887,0
1874.0,298.52823867950684,-77632.78686874395,40150.48002647185,0.37810537809622796,0.5003649816835072,0.2771386303512271,2.5985924984858357,1.1341874934304925,0
1876.0,300.06811253702284,-77248.04766184685,40357.58497182966,0.11363644207032265,0.5006542507457536,0.278623265953698,2.5512330765392406,1.1376070248420578,0
1878.0,296.77784196897693,-77505.79004415427,39915.06086319469,0.0037842007443763094,0.49981859130603007,0.2620222888688521,2.7069710569657213,1.1301474325819039,0
1880.0,299.2998530885182,-77128.61958396225,40254.25811143355,0.430704315240314,0.4999690435489438,0.261097876683395,2.5640280319588666,1.1259901879880978,0
1882.0,298.4203388144728,-77089.01534007653,40135.96806138918,0.057085976537739024,0.49925405141392293,0.2657893123680393,2.43566659330939,1.1256111406100868,0
1884.0,300.7545597394221,-77707.40044050815,40449.908514858864,0.0006343589201964308,0.5002565639994279,0.26468502943631034,2.4959739548223263,1.1303956425977786,0
1886.0,295.77771167618414,-76750.2696199466,39780.5485921872,0.00607179362687246,0.5003327362784875,0.2526447643990124,2.5325887645589056,1.1290718364649293,0
1888.0,295.2195420031645,-77421.59588185174,39705.47770305763,0.01219706361395812,0.4999239228807137,0.2641551440653463,2.544398457841998,1.1206377608690878,0
1890.0,297.76217817969706,-77306.32974601001,40047.448913124805,0.012194937582295506,0.5000279059006998,0.2738224559435556,2.555103366012,1.1485913695952876,0
1892.0,301.39311569544344,-77042.5084553305,40535.79093680804,0.4741654954793124,0.4996529748601147,0.2755075939267834,2.5937762199299614,1.1497429769796421,0
1894.0,301.2088917689544,-77450.45104463783,40511.01378636621,0.06921121634617952,0.5006770452011737,0.2769841250022529,2.5283704067919057,1.1423830760339633,0
1896.0,296.9511514985766,-77010.82199767197,39938.370084584836,0.3200037059926568,0.5007168229241344,0.27451909402027963,2.745270374168046,1.1497700569973797,0
1898.0,302.215927095799,-76869.90499276575,40646.45474818367,0.17849401143468208,0.5006041448119786,0.27051110969200554,2.6167599685957317,1.1603876252762777,0
1900.0,302.13656399237664,-77241.59540616896,40635.780827643044,0.17331474872210162,0.5006073227237655,0.2659242557215711,2.5435965040458592,1.1538247528954164,0
1902.0,297.6360006580833,-77116.58750058978,40030.478699239,0.5341054632000122,0.4985469716754331,0.2662318755167999,2.6222810122991453,1.141541457397647,0
1904.0,298.87074071170287,-76487.47222992731,40196.54475074564,0.0010159063474666024,0.4984458968854626,0.2678136422825017,2.7955869520835903,1.1480217295506066,0
1906.0,300.12920605539904,-76897.01539522968,40365.80172914602,0.16087895807796215,0.4991863151737154,0.2651546290983005,2.8357215528744826,1.1386861048528036,0
1908.0,299.57387184666186,-76763.72850185004,40291.11219506862,0.01245009490139891,0.4982119258575337,0.2484844382320781,2.5886438781815984,1.130882925369825,0
1910.0,301.4115851015844,-76235.03706661426,40538.274974919965,0.005402354253020158,0.5006767066299264,0.26561195392538484,2.6192134544315646,1.1267830686979619,0
1912.0,300.87634951297207,-76395.25343527773,40466.28859967756,0.056297367443180035,0.5001833124557168,0.2695639082713702,2.527889434045379,1.1079359133697795,0
1914.0,296.46472070502193,-76744.73392412846,39872.947697921285,0.0016861750213294688,0.49988679411952797,0.26929608305574027,2.677277701094295,1.1066506743860305,0
1916.0,302.4332787234256,-76783.88194996724,40675.687400419,0.1871189551009261,0.500467712431662,0.2770219711041607,2.623183882785265,1.1132963483442702,0
1918.0,294.3811544737574,-76621.68080193072,39592.71898414112,0.03454429020879774,0.5010227566524711,0.2551562869844074,2.6843628513685722,1.1149544719675772,0
1920.0,302.22930651015497,-77232.32522898423,40648.254209136656,0.06778871439967747,0.49947989047368546,0.2789780452052608,2.601333349125768,1.1063791127874538,0
1922.0,302.2028353269181,-77746.04104975227,40644.69397403618,0.02713074044920864,0.5001189621743212,0.27382689441532904,2.574078482105568,1.1307293180877673,0
1924.0,299.0174229893421,-77496.2875054963,40216.272746611765,0.2051064612847243,0.5002435703218123,0.27173119991649297,2.5419944658348843,1.1206076762051478,0
1926.0,299.39019019977803,-77910.44748988072,40266.407978385265,0.006404646910559808,0.49904698865833214,0.27370562160892203,2.6717838358859076,1.1253640309333717,0
1928.0,299.65733017981523,-77656.11250329926,40302.3369024971,0.0004540426131125917,0.5010764325353534,0.2651103032786424,2.591253349736106,1.1308870305538445,0
1930.0,304.0326630979983,-77263.74687565584,40890.79619773071,0.02940797889876048,0.500543174457987,0.27661763584835797,2.5369850115087695,1.1418596105057297,0
1932.0,298.11020621647907,-77087.17902887007,40094.25685598903,0.5317910806292586,0.5008664260139153,0.26932902805858805,2.5583042450485314,1.135550350874429,0
1934.0,305.9947481442056,-77047.9148149502,41154.686330223536,0.06737171319822016,0.49893850398441325,0.2689426969854258,2.5540789488585736,1.1360811397269033,0
1936.0,302.6185679498005,-77254.0554766776,40700.60782809979,0.02415928929155374,0.5001922792764137,0.27775622938739186,2.5332369755674673,1.137454564611121,0
1938.0,303.6025427868348,-77450.13657595695,40832.947275167346,0.32088767079384456,0.4988347458254397,0.2684728307182351,2.619190830808287,1.1317062058490186,0
1940.0,302.15178163737767,-77716.38000976306,40637.827520962135,0.004647130599563145,0.49954681081812696,0.2659102217549986,2.5508450575123236,1.1333636345540834,0
1942.0,301.1256027893987,-77362.01659381774,40499.81185610706,0.15303118123236747,0.5015591815714673,0.26601754083629836,2.511672917075634,1.118961508259238,0
1944.0,300.9524187648697,-77377.2187752612,40476.519514489686,0.058482666010353,0.5010267346645391,0.26773318674425306,2.59461061585689,1.1197772847249925,0
1946.0,302.6352302559298,-77088.47976335906,40702.848820752275,0.05592976591403722,0.5005352465880043,0.27760396771017437,2.5483125742173947,1.1115581279170048,0
1948.0,295.5438756643263,-77167.26074573374,39749.09887686012,0.0635610281203023,0.4985323681731107,0.2611382741069352,2.5450095438846474,1.1178979563414126,0
1950.0,300.83330269211837,-76987.14881592547,40460.499028384285,0.13085125703596043,0.49900166859867906,0.27062823379073403,2.6002295802597026,1.109077128062339,0
1952.0,304.2078814147168,-77199.70646564232,40914.36214096207,0.47328899360093285,0.500412274784855,0.2768135386829853,2.659301361391295,1.122699728112473,0
1954.0,301.6954557662892,-77384.61096948339,40576.454088238504,0.24452841112752188,0.4985672090297096,0.25746070929342485,2.6496818327168574,1.113432698089119,0
1956.0,298.0978349391121,-77242.43415286054,40092.59298416564,0.006036646182554865,0.5000594315408258,0.26814408056744443,2.614323373273451,1.1120573901581088,0
1958.0,301.2597768607179,-77328.37324522901,40517.85756392486,0.01717375199835441,0.5012332692805872,0.2711135236563903,2.5881774077436317,1.1103494694193503,0
1960.0,298.7169975580732,-77394.07851026882,40175.867104147386,0.11367932212558167,0.500247834292913,0.26187488390881775,2.5377757548385285,1.1121837982168543,0
1962.0,302.11020352351284,-77313.67230667418,40632.235483044205,0.027231423975902055,0.5014924356353953,0.27008368397303595,2.5352384929192944,1.1161359030529778,0
1964.0,300.3183744719974,-76643.57599954377,40391.24388753569,0.3583866511205717,0.4999408622260665,0.2688340440713569,2.4421498693209984,1.1187750353815067,0
1966.0,302.7562272167636,-76848.84397432499,40719.12227642504,0.004235969735540341,0.4997931969154215,0.2674803545753856,2.5515227678044616,1.1354431417899369,0
1968.0,301.7591340712612,-77869.98530331894,40585.01848577493,0.15809157608322255,0.49933013323076575,0.26815608224925563,2.488155643811238,1.1241590100632044,0
1970.0,296.4213257809291,-76699.27048979595,39867.111308570835,0.10131097721715397,0.49983339525744613,0.2692437201099,2.7624035591863327,1.143390755158041,0
1972.0,297.53107719022734,-77265.54283660871,40016.36704394269,0.9843996982045092,0.49937567348204304,0.2534635865925391,2.746564303879484,1.1407890056472263,0
1974.0,303.0191264759354,-77458.0547652418,40754.48084585567,0.1009268112174984,0.49899051281171053,0.2680875750183675,2.7286192332960493,1.1397294671553149,0
1976.0,301.70590846296415,-76817.0488346332,40577.85992103652,0.09700491564885838,0.4979997491689325,0.2620617685620974,2.705148013647965,1.1332233142968884,0
1978.0,301.3636454854642,-77093.38994092715,40531.82734836367,0.3893129729462492,0.4999063614992021,0.25338931471705206,2.5178729296312072,1.1221257794790922,0
1980.0,299.67281277310195,-77522.50575641112,40304.419229968924,0.2458389225538032,0.5001382802922608,0.2751815636108125,2.5104378155122276,1.1250814264931381,0
1982.0,298.4417616971423,-76773.7415725512,40138.84932658049,0.0009061827187184796,0.4990978367130455,0.2569950129184279,2.5365531214885975,1.1177765081421478,0
1984.0,303.34376767333225,-76829.1439840002,40798.14338166638,0.10391764560734908,0.5002345974756467,0.2683074495785921,2.508654112616467,1.1155884921435886,0
1986.0,303.6631763413791,-77399.44454863213,40841.10216976436,0.017074830315501693,0.4999963088287405,0.27196172265643986,2.493882281730899,1.1136821909358767,0
1988.0,303.0963335049548,-77205.35852220154,40764.86478571429,0.10389285633770162,0.5007878162803344,0.27049279223668454,2.513820899772002,1.1171567658559527,0
1990.0,298.63005934195667,-77436.51123845438,40164.1743707391,0.4551162828248226,0.5000423501247504,0.2588693187104967,2.578324301522465,1.107882953711106,0
1992.0,298.04502710124365,-77549.6835973803,40085.490607355474,0.4474756811314856,0.49947982837089405,0.27596715427009905,2.584561944447302,1.1257900705551775,0
1994.0,302.2187935544312,-77432.43919794133,40646.84027181309,0.19822389720670727,0.5004008512836614,0.2768770568446345,2.821571283697622,1.1287682025714587,0
1996.0,300.9220294334311,-76689.67496099637,40472.432309036885,0.4193081600671608,0.5000921479257668,0.24723315530836965,2.6656648964704135,1.1219761415357568,0
1998.0,299.2424905613673,-77268.58849585266,40246.54315283925,0.0020124534208074327,0.50090695296562,0.2585260230291786,2.5067105009641573,1.1114896253495037,0
2000.0,304.89900880054233,-76776.3270081745,41007.31514407856,0.041249473599603466,0.4987397204929428,0.25565583148350013,2.473155693046127,1.113678946219717,0
2002.0,301.7373729974598,-77051.72671722947,40582.09173565278,0.33890300972572734,0.5015768199600016,0.2604569626295602,2.5598077063456004,1.1295336505340074,0
2004.0,300.79547986117944,-76426.07972097967,40455.41205629456,0.44485013195163425,0.5004426052100652,0.26062402658425254,2.593423523376003,1.135893212573285,0
2006.0,301.3529784203305,-76744.3499175323,40530.39268413396,0.8805130418737236,0.5001987345767888,0.26427384272837273,2.58278947955442,1.1427757301949502,0
2008.0,302.27825269018007,-77650.86413787294,40654.83721325098,0.15052245064490677,0.4984684465598053,0.26746455511162787,2.5230569297792966,1.135088820168966,0
2010.0,301.5820632785857,-76919.42333916295,40561.20339425783,0.05213292191099816,0.49884099069951454,0.268191445590291,2.484620346255087,1.1384952036529208,0
2012.0,303.6472993992424,-76646.49706274853,40838.96680444361,0.12570297968832247,0.49983238539940705,0.25893188864565003,2.5350989300045876,1.1225839211860702,0
2014.0,301.03472342476266,-77127.34152290632,40487.589058924525,0.0784456147988446,0.5004038382280913,0.274203182450949,2.552273947204885,1.1301706010710615,0
2016.0,302.73405424419855,-77069.0934758836,40716.14012808277,0.18028883020157413,0.5008702135332587,0.25294239284375253,2.498187526626407,1.143542972938726,0
2018.0,298.89050362684924,-77533.18089594378,40199.20275902439,0.016560450362212386,0.50057758635923,0.2560813058743333,2.6073011013800476,1.1396598379050575,0
2020.0,298.4443413139124,-76972.97693443007,40139.196271486144,0.1681662768272803,0.4988568429170533,0.26267829726996633,2.6019018063000026,1.1493825794527686,0
2022.0,303.78705863058707,-76794.71797910286,40857.76368694773,0.028869017630146862,0.500025313230945,0.25300187676967767,2.729966791889578,1.1429565817604708,0
2024.0,301.5338274254559,-76772.66956399346,40554.715925379794,0.038159638607524284,0.5020620510229423,0.2671946789554718,2.6890031302787674,1.142113140898148,0
2026.0,302.98617343918033,-77486.09448439046,40750.04883550416,0.1260241914011825,0.4992662867981116,0.2581082348611049,2.587049051530513,1.1344795339616782,0
2028.0,298.3214597516639,-77006.88336041465,40122.669346822324,0.18160135979178357,0.49948141326177203,0.27817077594450595,2.770305877784246,1.1419150609467135,0
2030.0,295.7042002844598,-77184.13360631594,39770.66169613274,0.4723869686738908,0.49815248928854505,0.2626566102608424,2.6164964961632773,1.1218382650330245,0
2032.0,299.3736478261271,-77085.33194092952,40264.18311602116,0.034113406169575526,0.49999146793563176,0.2810166802760653,2.7615010697959774,1.1367946483983546,0
2034.0,302.1757303581383,-76908.49488457118,40641.04849810927,0.02150419810149909,0.5008184755720697,0.2775627407980561,2.8057470049317974,1.1289163712971662,0
2036.0,300.45002952214685,-76797.40315693826,40408.950800237784,0.6229547901121436,0.49903785154467917,0.2739419275488353,2.7463313833942267,1.1281374670235729,0
2038.0,300.57079295799286,-76764.04207241733,40425.19284802633,0.01982941625316842,0.500355496012697,0.2545435409947019,2.7667135023484426,1.1188670288450933,0
2040.0,299.72281667555797,-76899.07300505904,40311.14449219432,0.19227021995723603,0.4984972092752596,0.2753230820570504,2.6818163750080997,1.1134867040209089,0
2042.0,299.55134179417604,-76888.9138999501,40288.08202135263,0.2382434129968033,0.4982935332991864,0.2740961982826598,2.6949546673171376,1.1217064753192136,0
2044.0,301.314999237003,-77460.97260271385,40525.28468346925,0.04150093544147808,0.4998636726269463,0.2648368593158239,2.6674289328376988,1.112531072316124,0
2046.0,299.6741792965924,-76989.57065166754,40304.60302020046,0.0007027959648932471,0.49858224238342935,0.2645153623575374,2.51083014985076,1.1124128800971864,0
2048.0,300.4640715072086,-77844.78426438919,40410.839373470415,0.00010368289829775358,0.5000358025908533,0.27596828124922057,2.752802747155888,1.106523748328716,0
2050.0,297.20328111490477,-76794.3785746214,39972.280193622566,0.006390905789215009,0.49838779526758953,0.2662756716711991,2.6783150683154773,1.1103096968014148,0
2052.0,302.6388717256106,-77563.17347866297,40703.33857929684,0.2918080434856034,0.4996244519608784,0.2772748171417971,2.599930743820744,1.0994155539144874,0
2054.0,300.4508656483364,-77055.0360721813,40409.063254818364,0.10564205989999688,0.5009966594822741,0.2737260342856149,2.539851231474687,1.1022036493551919,0
2056.0,300.32704136591053,-76352.92898109707,40392.40953924251,0.9110975513933501,0.4990734584891191,0.2740608120291169,2.4930765887589197,1.0927542298345865,0
2058.0,300.54084496819985,-77112.40356217476,40421.16500070664,0.009808045511256067,0.5005353721941086,0.27012176483153816,2.532104984908762,1.0795773343234343,0
2060.0,296.93066811654927,-77016.14013839269,39935.61517729498,0.07663455538874707,0.4982427881620352,0.2682309609432861,2.4721612964273265,1.0963317303465516,0
2062.0,301.36721232927954,-77921.84674881177,40532.307070121315,0.04976660325155245,0.5003620305133966,0.2637547764271192,2.479623984285436,1.091593252774084,0
2064.0,295.980416760216,-77480.06849051767,39807.81136124277,0.0025163166180010624,0.5013052089186636,0.26455462047154343,2.42152868276655,1.0958512315988793,0
2066.0,302.63096115871565,-77319.36178738286,40702.27464960121,0.9651187376397313,0.5017631950326477,0.2577483604344254,2.3808959321503917,1.0888044605453293,0
2068.0,298.0278121523785,-77225.1258352563,40083.17528715788,0.32610203803540866,0.5000004504868268,0.24867142529638875,2.451581112039779,1.1039309526205128,0
2070.0,304.00402025991593,-77653.99577681441,40886.94388646055,0.058812000498310466,0.4995040702287588,0.2755359352844708,2.4535185159673754,1.1011776727876255,0
2072.0,299.7329224539243,-76684.77157097042,40312.50366630208,0.1450080220379536,0.4999375851175533,0.2795516677878232,2.626655141953212,1.1105291723810782,0
2074.0,299.79249421814416,-76785.45702791587,40320.51575567772,0.0764878797301257,0.5014762564383677,0.26751373383710586,2.582312817180318,1.1066180889110528,0
2076.0,302.4923416619344,-77326.82137542672,40683.631055409205,0.08157153914506396,0.49888930678846044,0.2725214747862018,2.565197830932524,1.1231372034130411,0
2078.0,300.3789790852085,-77498.34967669728,40399.39488967541,0.05421473626473272,0.49877143678023894,0.27071810029868915,2.5278888064977414,1.1251687805358366,0
2080.0,301.22706094714687,-77126.91941378219,40513.45744539606,0.12240526995460617,0.4995622106497151,0.26496481182297266,2.4977486228069368,1.108171446404857,0
2082.0,300.01024025812217,-77903.39031410357,40349.801454302586,0.4113571804052713,0.5007793035979917,0.27770835577746933,2.5507288706399924,1.0992753353726843,0
2084.0,304.5970717544044,-76992.81995035091,40966.70619735433,0.7116430017761122,0.5010471006413977,0.2680821518901282,2.531767455051646,1.096647240087707,0
2086.0,300.3665947406266,-76667.43254050927,40397.729260380256,0.017290525217708238,0.5011590417367644,0.2524556226273882,2.5407639167256715,1.1048844625688579,0
2088.0,303.17056972137976,-77160.57761374325,40774.8491668837,0.003173575302727924,0.5013289325033171,0.2677811194504073,2.546197926996707,1.1087292802083488,0
2090.0,301.7098451922473,-77319.54597932508,40578.3893904467,0.011529958847665998,0.5008382958676342,0.25871447619270704,2.645550088912163,1.1168950224138146,0
2092.0,298.0395451094859,-77451.55866561818,40084.753308259256,0.0469846043720947,0.5012361482362708,0.277695712666425,2.6707748080571063,1.1068232479822735,0
2094.0,300.3093362252869,-77091.67513076751,40390.028290828224,0.08159672753975515,0.5003383987711839,0.2774060121198989,2.7510104366654393,1.1150568959741045,0
2096.0,302.9141077804636,-77144.02839899261,40740.35638294523,0.0024938454899714217,0.5009956891541264,0.26418748515047497,2.653013056883947,1.1277791317323738,0
2098.0,298.2933481568682,-77364.5504857169,40118.888484983756,0.41224612396534305,0.5000548672954146,0.261992972916655,2.701049535693716,1.1338680240887953,0
2100.0,297.191992974989,-77563.74155732803,39970.76199809698,0.29157120758689803,0.4998275117770083,0.28095363038597015,2.7671575781750146,1.1323146630302532,0
2102.0,302.25574449242276,-76345.92568428512,40651.80997888118,0.033975753731170996,0.49968523709767854,0.26085184814650675,2.7997522505169465,1.1293594008141714,0
2104.0,296.9038113034727,-76623.97984329995,39932.003077006666,0.19107659756503875,0.5019553134309894,0.25877358241900816,2.6309158447018115,1.131085729292563,0
2106.0,302.9076772022904,-77082.13751284382,40739.491503958765,2.319814223010678e-06,0.5007214247638992,0.2724912684940398,2.5818700288693215,1.1278841873682508,0
2108.0,300.19493249012055,-77193.51491940499,40374.64158937556,0.03396947032936437,0.5012728169978349,0.27574112902901593,2.4358423270170437,1.1222322083865908,0
2110.0,297.89821843111486,-77317.78514758311,40065.745612363404,0.18941053038204866,0.4998962770575101,0.2509484363242776,2.5062164102128994,1.1281408512888604,0
2112.0,297.2511994903371,-77583.57573611289,39978.72496341791,0.0884383425745585,0.4999039838981131,0.267195100542004,2.4758763566679836,1.1214785443605544,0
2114.0,301.1705430702913,-77497.60906572232,40505.8560878298,0.05333529168274424,0.4999133737125934,0.26009681106602106,2.5391432773613767,1.1172064985353931,0
2116.0,298.5032567006625,-76989.26629875344,40147.12008153985,0.0009822263127112136,0.5001787700248822,0.27574535281259827,2.5816901342923506,1.1247170956708188,0
2118.0,296.06930829168874,-77963.23178772745,39819.76680530631,2.6923054802726054e-05,0.5003099817630188,0.26819318124734104,2.609653905296666,1.1280920448410132,0
2120.0,299.82998518704585,-77782.85981234978,40325.558094066604,0.06765936114219738,0.5000718149142241,0.24387713058707938,2.5441900372444595,1.1285170176871306,0
2122.0,302.37126033151736,-77584.96673500037,40667.346252470656,0.18047031515512726,0.4996914810154616,0.27549298140810746,2.6379909268907573,1.1044957169728278,0
2124.0,298.4791341176396,-77093.64151230152,40143.87572083169,0.8447074259846226,0.5001960315409982,0.2658144396941652,2.5179376151676043,1.1228533114137993,0
2126.0,302.11585981776614,-77881.01997759996,40632.99622491052,0.45019849073799106,0.5000182008546901,0.26969261771746744,2.65604191366166,1.1218452790197422,0
2128.0,297.83550491463467,-77376.32348640938,40057.3109738114,0.007059155462581912,0.49887353118256506,0.2720521932923933,2.524249494189329,1.1147609207465707,0
2130.0,302.0382290356269,-77733.25810627558,40622.55529248313,0.013567952917000884,0.5000272186186868,0.2714694899580873,2.560338703654538,1.1212839097218987,0
2132.0,300.863082120425,-76854.2451882133,40464.50420506946,1.4556030732710725,0.4999439587461276,0.2679363218375246,2.5383674846856596,1.1198856611603232,0
2134.0,302.54233217217404,-76952.86705226009,40690.354516451844,0.2820317906782779,0.5012639121160766,0.25554168609626593,2.5423246288625627,1.1151514504707662,0
2136.0,297.7993303061825,-78183.32551690063,40052.445678988544,0.004200222652601392,0.5013473508174593,0.26548799855165073,2.5559347604196834,1.1080014255691863,0
2138.0,298.1798693077049,-77506.10601064365,40103.62617584037,0.027489592030327633,0.5003749690980374,0.26321807332255076,2.4740740257180844,1.108771450186957,0
2140.0,301.8925288244501,-77319.78005072894,40602.95937939771,0.4713184640453106,0.4995879820026575,0.27166597387627645,2.4888538095432593,1.1065169080618258,0
2142.0,299.6883747999186,-76767.67630098073,40306.51224083328,0.027832844348118595,0.500999499783541,0.2600472611294711,2.409697564975536,1.0939807327022149,0
2144.0,300.8278588932748,-76982.37253942469,40459.766866034406,0.17686835707959006,0.5000657618277375,0.2815344987709705,2.449376882344286,1.090543940786154,0
2146.0,298.07401596344755,-77192.99913469632,40089.38945705243,0.10908082316674966,0.49936379261745806,0.2738035157062498,2.4651228943238555,1.0911861066360644,0
2148.0,295.093507686342,-76427.49862428033,39688.526749464036,0.0066005505666294284,0.4997381113623076,0.27369925017674834,2.615415703900788,1.1034004809563547,0
2150.0,299.9444313370217,-76469.12060206069,40340.95050008835,0.06099644109044969,0.5011080782261882,0.26841411205660726,2.4655193694886326,1.111373169175989,0
2152.0,294.1630960930737,-76778.40647949267,39563.39127733196,0.26119276291365995,0.4996294738473617,0.2781350076226518,2.5332382347132647,1.104774931370057,0
2154.0,301.1979709704981,-77082.65155925951,40509.54499633739,0.029168301643013518,0.5003640102217493,0.2591944999796778,2.531189255308525,1.112804023024518,0
2156.0,297.2654369616221,-77276.32061579754,39980.63982852073,0.004827551854862106,0.5007848767061003,0.2700204009202849,2.485956657172915,1.1119691773239928,0
2158.0,299.8277282355667,-77431.35384692228,40325.254545947726,0.7593995909375884,0.5002077357009425,0.25195654000476875,2.584404969738256,1.1223865153587753,0
2160.0,301.79462741859385,-77755.64306983189,40589.79215455566,0.04193604756165527,0.5002552688832619,0.27933886857810697,2.599560339210326,1.1287988090996528,0
2162.0,299.2867342936294,-77121.28920460376,40252.49370242996,0.06108430274262415,0.49978334585983186,0.26959422872308314,2.6145642880742774,1.1470259644606589,0
2164.0,299.2378307944329,-76749.57618294435,40245.91643866288,0.544386511698633,0.500210423678764,0.25528943643445257,2.6866707309641686,1.1471723740337076,0
2166.0,297.42631728370657,-77372.42092688743,40002.27738678684,3.0281362476352694e-06,0.49999661010498386,0.24690589163567267,2.6480754310076575,1.14353451131558,0
2168.0,301.6744200443536,-77311.488203082,40573.62489413227,0.00918828024034786,0.5008664597903136,0.2465340469423838,2.5744582275523866,1.131166939940759,0
2170.0,300.7322362379743,-77223.74846694164,40446.906121172535,0.00527948955849907,0.5015103683165667,0.26683996144326505,2.785729465995096,1.1335580427100584,0
2172.0,299.1886991949371,-77385.03738374205,40239.3084966037,0.06862770356457244,0.49925203980678945,0.273262366693934,2.6012923216195265,1.140598052599351,0
2174.0,296.8002611470908,-77368.9797099178,39918.07612489004,0.1021442431845912,0.4998686053660741,0.27206317738985214,2.538925167021973,1.1374583236134461,0
2176.0,302.4243075888704,-77472.86364111572,40674.48082994391,0.015357388787239754,0.49972188167153164,0.2781081413497153,2.559732327282939,1.137872709360276,0
2178.0,300.33317501365474,-77155.48074825993,40393.23448264596,0.31430887808410124,0.49934189043830557,0.2570837356599931,2.643492226341632,1.1393753838126173,0
2180.0,298.0070539948956,-76772.79613984958,40080.38342401257,0.006208492572090707,0.5018798040680104,0.2765671609068854,2.624142177359695,1.1459314851239535,0
2182.0,302.6516713723996,-77168.32885195967,40705.060064557394,0.5817480614236117,0.5010568697312747,0.2683938633233822,2.6455167293352284,1.1440935363661462,0
2184.0,298.02916704292517,-77330.32826657163,40083.35751281959,0.6582840710547981,0.49827446992215807,0.26764893201689366,2.7140443378232963,1.1626097992025417,0
2186.0,296.2294725033288,-76982.06279895594,39841.30805047914,0.6490686989897532,0.501895623463698,0.26750520757257923,2.6647812674384763,1.1539436194940393,0
2188.0,299.9650641366216,-77909.52396526642,40343.725503256865,0.03247080790068217,0.5004236303981059,0.2679871332438858,2.7985938835528943,1.157294181232185,0
2190.0,300.75533278930186,-77101.00586158677,40450.012486007094,0.6655760980071598,0.4993051002765946,0.27802959859659204,2.7230719940341954,1.1314707563730497,0
2192.0,301.67800855269815,-76867.57518941083,40574.10752965529,0.562400290818356,0.4993944724609829,0.26944233605349144,2.610930347769189,1.1295393263210227,0
2194.0,304.5196963213321,-76749.6425091431,40956.29960803517,0.16871054603131386,0.49939112111530193,0.2796068084395493,2.553051558942549,1.1423274245478443,0
2196.0,303.7867038921004,-77075.24023735803,40857.7159764846,0.027638554985345908,0.49905614541630655,0.26949868410331795,2.5658289765125217,1.1474487619157472,0
2198.0,298.64391170254015,-77558.0452227639,40166.03744047544,0.09208989175789983,0.5000509226853985,0.24845401241564635,2.558099416605836,1.138829369614764,0
2200.0,296.31113484486553,-77234.11070711003,39852.29120646897,0.4833880062117357,0.4994939725877173,0.2541320145778222,2.572876357261724,1.1415824577044429,0
2202.0,300.7023151574072,-77297.10532588046,40442.881893002384,0.00402799322081372,0.49987885994259634,0.25253115444102087,2.5818130887526514,1.1539429136244643,0
2204.0,298.0437141880809,-76825.21106800542,40085.31402743141,0.011478331773278942,0.5003167839207119,0.27026747716464716,2.546502368740957,1.1392470348582402,0
2206.0,303.90244428452587,-76656.9014234459,40873.28245131757,0.0004884750216304096,0.5006198485713448,0.2800488743124617,2.6661732182156883,1.138537443774099,0
2208.0,299.93533382369367,-77428.94643202645,40339.72693233214,0.10507871894757825,0.4988439587709603,0.2660182451962818,2.67020003958379,1.1495632874893695,0
2210.0,301.5712124177209,-77909.40527221293,40559.74401046771,0.21019334060436015,0.4998653595007602,0.25617013614611955,2.5423183593329877,1.16865551762256,0
2212.0,298.21686627009933,-76993.1111533785,40108.602072948896,1.7654654572173227,0.5002899220927992,0.25658356228580836,2.4676751978278615,1.1567105739368329,0
2214.0,302.46317201365486,-76808.00744161755,40679.70789093469,0.0010726858690860235,0.4997993911970017,0.26921943653088354,2.5363460856471653,1.1561907580127055,0
2216.0,300.3087574704051,-77049.97143131623,40389.95045133664,0.06535398318913148,0.5004812968874736,0.275424916878359,2.4334409646031343,1.1522480297877238,0
2218.0,299.5761124127037,-77255.93272265512,40291.41353943225,0.3544093214545162,0.5013706831014894,0.27276707765124575,2.501246271127132,1.1459898701650564,0
2220.0,301.7215467112265,-76916.0183071827,40579.963183284955,0.026638625423715184,0.5010221071524577,0.2566033093228366,2.58393812320102,1.1533468310827797,0
2222.0,296.8110152096143,-77129.70901271445,39919.52248981171,0.0059135834348215885,0.5011477941882495,0.26579608200073,2.623528962896543,1.1365947198332762,0
2224.0,301.3154226725421,-76935.80559967761,40525.34163332508,0.14466589935937876,0.4999341637519699,0.27108858795146057,2.526350553692925,1.1482143702012495,0
2226.0,302.5660669412037,-76762.89356015006,40693.54671821498,0.09377085663654884,0.5006967084758673,0.2549852083947415,2.4949195207304276,1.1471086154244592,0
2228.0,296.35210454238813,-76576.8267711727,39857.80141558469,0.025892352382892714,0.5004589857502397,0.2736776496562845,2.55271951830031,1.1566556744849599,0
2230.0,305.7909844264706,-77265.8336111767,41127.28118049557,0.32898251497810604,0.4994201022748387,0.26715203443348245,2.492982349891592,1.1364206290090024,0
2232.0,300.0965765542695,-76382.28191277443,40361.41323263671,0.02753456083546032,0.4989296134948285,0.26713462346086664,2.6864869848197106,1.1604548829472068,0
2234.0,306.4903747055763,-77414.63410307048,41221.34549935583,0.0005901908185416559,0.4996584918935019,0.2743986126439177,2.6407795803822633,1.1531295350469808,0
2236.0,300.0396306259779,-76653.2298113394,40353.754304400725,0.16693569315807374,0.4998620421962987,0.2596287740617753,2.731569087966022,1.1638223346599263,0
2238.0,299.9837914221526,-77091.05231430917,40346.24422479218,0.0644991003250188,0.5015043551139657,0.2686567867869616,2.569895262190421,1.1513879956680009,0
2240.0,300.2059548687373,-77456.43457016523,40376.124041402385,0.03432841633956344,0.4998074018118207,0.27255491747915095,2.5982438960631287,1.1442702714213027,0
2242.0,299.763923757639,-77263.06878766918,40316.673178811514,0.0001564033735892728,0.5012252624950398,0.2612442183494269,2.5776063372758893,1.1459469386646324,0
2244.0,298.8829230656576,-76661.26270333654,40198.18321336244,0.21443496919767285,0.4996278665995899,0.27324657292998356,2.6153424609458176,1.1302418636695186,0
2246.0,303.6126215818825,-76980.97204284568,40834.30282016048,0.40602936953946633,0.49880445299014226,0.26912694511778074,2.5794031719509727,1.1263430556453635,0
2248.0,300.395191799711,-77005.23455970152,40401.57541461565,0.0001288036281245202,0.500890996792525,0.2598739116442834,2.509551086834324,1.1218956388818988,0
2250.0,295.3770586818679,-77583.82616100891,39726.662868957144,0.017133847714659513,0.49974588963039185,0.2687110589677509,2.531229046385929,1.1239892431624694,0
2252.0,298.6803526935873,-77368.5418230131,40170.9385623581,0.04862709019976357,0.5004109682275464,0.26115098386064184,2.6237634598166526,1.1406947185718377,0
2254.0,296.2525253888148,-76708.79722256749,39844.40854248737,0.12869909177677424,0.49857183849477543,0.2590160900126262,2.5915232418227174,1.147920751695136,0
2256.0,299.47872420941775,-77076.8576050254,40278.31533764021,0.12778126526844275,0.49944298966397654,0.2805374577460153,2.693058141345232,1.1497306008964423,0
2258.0,304.392962463951,-76638.87403806252,40939.254569910925,0.566402736085437,0.5016080284621085,0.2776756645340057,2.7209251540987083,1.1624615476253597,0
2260.0,301.4665558481909,-76427.2863760388,40545.66825159431,0.012569620769838901,0.5003025617820102,0.2655738939273965,2.9723195528828055,1.1788565286108503,0
2262.0,300.80981643360036,-76740.69727165217,40457.34024997962,0.008282132914824209,0.5001003196801176,0.2800070848957833,2.865327424532511,1.1638720379677907,0
2264.0,298.311969880128,-76840.2293051075,40121.393008948085,0.013732601972882244,0.5002819376155744,0.2756815730499861,2.7563187598160055,1.1619891558374098,0
2266.0,300.146232957455,-77609.70174646622,40368.09175803553,0.5431945912719981,0.4990496383718524,0.26807908440842015,2.720934957719434,1.1623935180165168,0
2268.0,299.2646140605021,-77257.967489962,40249.518647265024,0.13142117455224675,0.49970383258148415,0.269449924800276,2.700565897058973,1.1672580153435557,0
2270.0,301.59454546803,-77203.60988159408,40562.88218317303,0.055584146315032765,0.4992797130158351,0.2724473572770664,2.6859667372838407,1.1738339171953898,0
2272.0,300.7917890111163,-77364.99691205262,40454.91565634795,0.008798627986957751,0.5025218780018372,0.24602024229172414,2.706089681972222,1.1598998869336117,0
2274.0,301.37634291213413,-77197.20027380309,40533.53508555515,1.6297952768044748,0.5007517940872158,0.27667759145368265,2.5782829144833235,1.156030223422942,0
2276.0,301.26136756851406,-77034.25326066697,40518.07150576794,0.01001407777336903,0.4997839484079381,0.2705050779310462,2.801230140986625,1.162052332545988,0
2278.0,297.07627323590555,-77511.56836372125,39955.19830103003,0.22306394224323942,0.5005506214471716,0.2641045065796046,2.5845311333954903,1.1684669161730012,0
2280.0,298.2136691603394,-77038.06360394496,40108.172078479605,0.030217274494449553,0.5015345607644373,0.2730332205125897,2.675977893827298,1.1705405394209933,0
2282.0,299.38160675165557,-76840.12452128669,40265.25354969898,0.01612813159627163,0.49918465498409803,0.27043529618196394,2.6985781127805137,1.179928342543564,0
2284.0,303.744716866985,-77091.55229170388,40852.06894215136,0.12430535057434498,0.5001869942143705,0.27256580481175174,2.619674388750351,1.1783064497430147,0
2286.0,301.4417050007971,-76112.81780808233,40542.32594315361,0.05964783049934289,0.4986433699136373,0.25709443852783814,2.586697604651587,1.1756075379107316,0
2288.0,300.94562942174656,-76955.17108696746,40475.60638350193,0.08478578030538626,0.499593386019357,0.2606766297918125,2.628550775233058,1.1693510523396555,0
2290.0,303.5288448283609,-76804.73793434049,40823.035286865044,0.05294457973046823,0.4997628989043369,0.2558796915201692,2.6395235471953806,1.1748894704211397,0
2292.0,301.4080221101503,-77049.50612622488,40537.795771287354,0.3252659219395216,0.5000128356002457,0.27143388210064157,2.552142160866695,1.1768612683411566,0
2294.0,296.3060683680966,-77024.55892104504,39851.60979195617,0.7105796577811836,0.4994730841001674,0.26543145019430575,2.7162322867551594,1.17036182852243,0
2296.0,302.9464987624971,-77359.8357055902,40744.71279988899,0.01979082550810591,0.5007508404653525,0.27285917830911544,2.592927663992322,1.1586708965647412,0
2298.0,301.0368489504401,-76822.71926862933,40487.874930963415,0.49787491617071866,0.5006569931053965,0.2654315517911424,2.6678969100407794,1.1565159056088357,0
2300.0,303.61317354432316,-76431.86728170002,40834.37705620947,0.02992647725181311,0.49950884703292675,0.26572109391607945,2.5704416389574485,1.1541328941200635,0
2302.0,301.97258622839826,-77160.0984525443,40613.72667971211,0.023143325806231674,0.49989002432772667,0.27736150839005935,2.71011611583242,1.1476189862092037,0
2304.0,298.0340456609404,-77680.28196526051,40084.01366131678,0.06940067731783811,0.500241298151769,0.2875162712368251,2.550547237092532,1.1481844399099683,0
2306.0,299.77512933138235,-77083.88206417649,40318.1802696206,0.0036533248908047094,0.5008490570457906,0.27465520445511715,2.648189053932562,1.1416976945359691,0
2308.0,301.6141533472221,-77292.7188055563,40565.51933993028,0.2805176951333323,0.49883160983161995,0.2665399145204476,2.6778723638990334,1.1426553443657024,0
2310.0,301.9743731489371,-77552.50762345805,40613.96701113845,0.5272878399640747,0.49940461755700344,0.2578434859615972,2.7089898757318642,1.130273400249909,0
2312.0,296.87769900329056,-77629.48333228205,39928.491109791954,0.0019339939517066648,0.4998469903250303,0.26878528186541606,2.569848263977589,1.1291874868024048,0
2314.0,297.47049748954845,-77667.8201194863,40008.2193924077,0.05065555208595752,0.5005227687436854,0.2723210843915037,2.534971858358731,1.1240914098359258,0
2316.0,297.1219762209737,-76787.97876026097,39961.34511245814,0.0029330730018639595,0.5004255115317595,0.26476882740118723,2.6116118023343584,1.129316592357751,0
2318.0,302.70440757736037,-77860.82218384685,40712.152807117745,0.14890187784714368,0.4998211298684104,0.27623840282450524,2.5305088376187537,1.1239761730919469,0
2320.0,301.40451100819666,-77306.0534213006,40537.32354651732,3.989441779693357e-05,0.4992133654390789,0.2627240985514627,2.521192713049249,1.1303249162317777,0
2322.0,302.2660671958736,-77824.91153078002,40653.19832827336,0.10796120338424293,0.4999493005994749,0.26483439710781215,2.6436773323300216,1.1623620307430806,0
2324.0,300.163210327289,-76824.38176234707,40370.37512510136,0.09765610797317187,0.5010500150951916,0.2736935181728718,2.6338600639043794,1.1481965112700678,0
2326.0,300.6053099168546,-77621.87098636723,40429.83519768639,0.1595826908927706,0.4999099298974477,0.2711135055575484,2.577590815909468,1.1513743732911443,0
2328.0,299.07101750594444,-77159.8669334316,40223.48092757947,0.5319438871962464,0.4994126258856026,0.27617639895853846,2.6554317387714423,1.152922533553696,0
2330.0,301.58635022896425,-77249.50111658685,40561.77996656573,0.17490742122769415,0.49954035847426614,0.26316866650640747,2.806727369319063,1.148178829469236,0
2332.0,299.24375394797113,-77010.87454767455,40246.71307170129,0.03891870139588114,0.500046390594685,0.26572295318800854,2.882911725236811,1.1578609830708604,0
2334.0,300.00296567558775,-76974.51780653035,40348.823061162824,0.3137154285135315,0.49924764746605016,0.2734539451312274,2.8965944757722104,1.1648542255720005,0
2336.0,297.9130491276903,-76699.08334959624,40067.74026315176,1.0671607883147962,0.49864542848357585,0.25612657120622606,2.8618517545239732,1.1627502624520047,0
2338.0,297.5292444109817,-76907.74515006354,40016.12054476117,0.39200009015749493,0.4998565271866455,0.2666097856401388,2.611999622963074,1.1592568689546245,0
2340.0,298.7816186844057,-77745.47786667291,40184.558306204446,0.229286392553129,0.5000595857210663,0.2717753740578879,2.6028029257923837,1.1477624605434982,0
2342.0,298.4164087665159,-76964.37563964014,40135.43949058229,0.1163568270081125,0.5018389825671624,0.2641626713683559,2.713146847168027,1.149861486285406,0
2344.0,300.13122478169055,-76778.40255038557,40366.073237228484,0.037685121411626714,0.5034286343822391,0.2645046619154169,2.5521676605439505,1.1368205830903375,0
2346.0,302.2531884480597,-77050.31158800074,40651.46620434045,0.4743908488094271,0.5018832290325405,0.27409683460812795,2.557081864800398,1.1488017756418119,0
2348.0,300.7852301584255,-76858.38534550602,40454.03352511265,0.4034085711458819,0.49952819276290283,0.25785097051021066,2.511426348040565,1.168277983588069,0
2350.0,297.56128774570476,-76807.69656335597,40020.430204967764,0.09979300458616734,0.5009844287528347,0.2706894504422428,2.5689509782042226,1.1769483873281423,0
2352.0,301.17550170568074,-76087.57141411898,40506.52299824351,0.4921642156062097,0.5008365070052694,0.24143517871467957,2.6382155058149888,1.1832061977915578,0
2354.0,301.9169891246465,-77337.51940307615,40606.24916129178,0.46989397601797894,0.49949455678291427,0.26142655429719325,2.6843555636917023,1.1646950142131438,0
2356.0,299.2307201730341,-76849.62171556277,40244.960097434625,0.08387000805345736,0.499576544629431,0.2642303244708396,2.6600828976252404,1.1663288153522329,0
2358.0,301.13592407014943,-76759.98885967082,40501.200014153554,0.15329985557016007,0.4994030769819601,0.2649635977395069,2.703707213125209,1.1827114447674907,0
2360.0,303.2821128562528,-77057.23186246527,40789.85113262276,0.03806889404150857,0.501109991256196,0.27458376474323454,2.6254650588628126,1.1663269479811202,0
2362.0,297.6343732110668,-77205.3447533109,40030.25981616376,0.20788644832191253,0.5000191394001682,0.2684894584270424,2.5995110530421104,1.1635936679538603,0
2364.0,297.5779342406413,-77131.05335703713,40022.66907109787,0.6486315504521064,0.49932961304671225,0.26591383038574284,2.6385122952987237,1.1529605532180869,0
2366.0,302.90305358134736,-77181.57109522342,40738.869651228364,0.2550478174736267,0.498979886440864,0.26606205674009076,2.5720360459368905,1.1717888009878024,0
2368.0,298.51567734416886,-77880.03115080716,40148.79059284968,0.09008225634702362,0.5002019548697616,0.2684974810729015,2.6706400314720407,1.1612625948006723,0
2370.0,303.98883601994714,-77383.22248673125,40884.90168594284,0.339158552814809,0.49924683682390025,0.27115149942182803,2.664669308050698,1.1495347431483895,0
2372.0,299.15391884718423,-78116.0844542021,40234.63072252128,0.08959323284108352,0.49901640355219423,0.2700110883534699,2.6765451978987995,1.1455648508183216,0
2374.0,294.372632920199,-77167.36275878747,39591.57287994858,0.31791051515111146,0.501506778703642,0.27373049307656583,2.5132903382725056,1.1532614667698233,0
2376.0,301.74613693072723,-76966.0198337771,40583.27043864304,0.0185937679321049,0.49958919012341246,0.265233204637715,2.491224547829801,1.1431237241173737,0
2378.0,298.4153427888187,-77527.2399661903,40135.296122181266,0.12207100469424209,0.49988707505955754,0.276253051961341,2.562500172036668,1.125642924070707,0
2380.0,301.9308077280073,-77289.02510656044,40608.10769085899,0.03420655994685984,0.49962353287162115,0.2689759046658376,2.607755680810114,1.1260205667730396,0
2382.0,300.00995531258593,-77474.8915237987,40349.76313062469,0.005487332301448888,0.49935796947712624,0.26546601665280506,2.526257457613269,1.1331647091302002,0
2384.0,298.6212669053554,-77689.59659637464,40162.99183420017,0.22588852018397632,0.5004094218362064,0.26849833156828484,2.6292994691351517,1.1279114576425413,0
2386.0,304.0519251662845,-76719.38541820005,40893.38684473756,0.2999392275614864,0.5018613417594617,0.2657249378970794,2.629150118175195,1.1308949852995098,0
2388.0,300.59764938496266,-77261.29390923423,40428.80489638532,0.0005301676898508635,0.49910659883791786,0.26803873644461906,2.56978499490898,1.117996255748701,0
2390.0,299.0656429904689,-77493.97450578003,40222.75808347867,0.40198423327191857,0.4992093598012063,0.2752813581514574,2.616685431377584,1.113726732232707,0
2392.0,300.2967309586262,-76736.24954019522,40388.332948673895,0.49862140706326363,0.5009496229994417,0.2711640935845514,2.582655717043939,1.10556320538631,0
2394.0,300.26592241655317,-76731.46245131979,40384.189361592755,0.12175729338214393,0.5002261804332914,0.27182990986930344,2.7413244509913457,1.09584789495178,0
2396.0,299.8943157900488,-77109.08197486459,40334.21022226186,0.10519425821288084,0.49934973774979846,0.28590982703434803,2.528128578340689,1.097355439505848,0
2398.0,300.564013577313,-76882.90308965137,40424.281056934866,0.13921735632349228,0.49988984651674784,0.2644866781319708,2.5417481629053036,1.0989401392407456,0
2400.0,300.11571157936527,-77176.83247849217,40363.98679300176,0.3113290619385377,0.4980549005932509,0.2690727740374705,2.636940799425454,1.0917588645075307,0
2402.0,297.41435160880724,-77015.894602463,40000.668066364844,0.04159791203609272,0.49904736926826454,0.26177184173178547,2.6362039207713264,1.1090484604669517,0
2404.0,301.7494907640141,-77335.38029888645,40583.721511603486,0.22045535193331256,0.49968852877796444,0.2582546171711133,2.4516436708799336,1.11349576668844,0
2406.0,300.7387417833585,-77629.78884464398,40447.7810828551,0.0021390427813516035,0.5001198599554214,0.27010772899722724,2.4966428219582655,1.1061301684614104,0
2408.0,299.9351737964561,-77450.23216891673,40339.70540950926,0.009617221902855367,0.5007315709087544,0.2710408007097286,2.6131171069743364,1.1196605351464957,0
2410.0,300.73882694372054,-77257.4044431377,40447.79253647648,0.09396410885763877,0.49755257889965915,0.25882500577449136,2.5852020962506317,1.1232884473650337,0
2412.0,299.254240902239,-77135.4524012584,40248.12351196562,1.2817179314028624,0.5000276537057807,0.26245103406417203,2.5702304374331084,1.1269007880578397,0
2414.0,297.7634379401818,-77362.135135283,40047.618344292874,0.18251816601470747,0.5001206772632141,0.27409365684854037,2.702631356702182,1.1298880203083985,0
2416.0,299.3284214902146,-77009.82249503618,40258.100411400796,0.010154784294287149,0.49908828675136446,0.2751620881725562,2.578262353569958,1.1519074490616408,0
2418.0,294.66589819126887,-77010.49945024168,39631.015518476284,0.00010089421950879596,0.5006097847962867,0.2750903692830631,2.671882755494855,1.1387332197149507,0
2420.0,299.18001300064867,-77131.31278094708,40238.14024909778,0.08330350885292954,0.5011462318504489,0.273367091728852,2.604029683238156,1.1494468637620219,0
2422.0,302.4438522522798,-76724.71535924764,40677.10948451043,0.22194750763965485,0.5011402946470457,0.274012464167143,2.660319610825333,1.1427390860257998,0
2424.0,301.71726879137736,-77008.40503515082,40579.387825535836,0.002429675467587533,0.5007247903558542,0.2599459222592285,2.5894543738461375,1.1467885878087363,0
2426.0,300.84016567711285,-77487.74769640458,40461.42206381692,0.005173269465844615,0.4986089304564197,0.2628046849564664,2.574075996623549,1.1522875415154927,0
2428.0,301.2573831006562,-77193.77443518711,40517.53561577023,0.3190801396763428,0.49930236807311523,0.2617467669846629,2.640468757926536,1.1393394416965805,0
2430.0,295.16668555685413,-77070.10081995407,39698.36878866734,0.17714313664774048,0.49880973592320715,0.27053865474278566,2.5856175036861684,1.1240108178783763,0
2432.0,299.93877968179476,-77297.22718930605,40340.19038214671,1.606732092019308,0.4989985467693572,0.27446387279322737,2.442363814102759,1.1194942219667596,0
2434.0,301.0059613532127,-76486.76661523152,40483.72071137926,0.2439641985363394,0.4986104179109045,0.27576119124771453,2.4921281799318136,1.1112440080772152,0
2436.0,301.43948536605626,-76188.64872474491,40542.02741394002,0.10313685892153375,0.5003270349343196,0.271563916661995,2.4165295395387387,1.11196504598224,0
2438.0,296.96868253213916,-77286.47123747494,39940.72791651393,0.7849347373022452,0.4987418577985707,0.2729522859902218,2.455622361614246,1.1022745346828322,0
2440.0,299.91067299018545,-77512.50256564142,40336.41017976097,0.08408134340391253,0.4986024658571483,0.2808272001949633,2.4873456996187056,1.0974890621185538,0
2442.0,296.9168135879019,-76899.75172424153,39933.75181596544,0.30362419377702543,0.4985082140000575,0.27266117234710874,2.4374597323687994,1.0904068348044165,0
2444.0,296.78331510363387,-77265.07383633743,39915.796971057374,0.5328101636753213,0.5000588731575734,0.2715456302514069,2.4557147056006863,1.0956910187367037,0
2446.0,297.0980011392135,-77348.29804374184,39958.12058989504,0.05328191872761155,0.49932387159545477,0.26135369225160254,2.479815636263335,1.0813984215154413,0
2448.0,298.58983655703327,-77111.60914841678,40158.76461744468,1.1522374059357439e-07,0.5019574701350547,0.27467608704738056,2.3674769464580114,1.0758836085312835,0
2450.0,300.59292444177464,-77049.98019838531,40428.16941634518,0.07744483499308719,0.5001346811944181,0.2696959271695054,2.422641719580013,1.0844701111960349,0
2452.0,301.3307172515475,-77096.86958713538,40527.398673863645,0.6278991697331157,0.49977018386244054,0.27063839499174247,2.369309267559456,1.087057141112378,0
2454.0,298.21536799678177,-77567.3259008337,40108.40056305764,0.49940592477401047,0.49881001796109986,0.27042588331929457,2.3578634999137993,1.0773565112365917,0
2456.0,300.2858999429731,-77249.5801976989,40386.87623396051,0.21266401439753507,0.49800392135429467,0.27357052268732324,2.5451928609154795,1.070180857550609,0
2458.0,301.8246340484939,-77501.88350431703,40593.82788866173,0.0708853425006965,0.4998993415684088,0.2745229637911594,2.3257107651128623,1.0562020270853472,0
2460.0,301.48828766417995,-76731.41786869522,40548.591066694375,0.2615789776726966,0.5005169368124976,0.27092874435483283,2.3064720757555626,1.0483224215852027,0
2462.0,300.2210244893325,-77346.05618183035,40378.15082621641,0.23624522923468302,0.49954934462231504,0.2734535565705102,2.3140327861224583,1.0477078421709851,0
2464.0,297.8601983955799,-77468.54314248846,40060.63211729137,0.029337845205622125,0.5024607530468492,0.27359008105367777,2.288779880571857,1.0559313051169041,0
2466.0,300.04798069482536,-77152.36749958107,40354.8773448004,0.023372942148381894,0.4988348567757473,0.27172164950959304,2.349320422609648,1.0581604303642802,0
2468.0,303.4685174345544,-77694.12288492499,40814.9215692791,0.012411514863338453,0.4990978364620951,0.2772343845291711,2.4223774073921867,1.0722231832622737,0
2470.0,304.0473772393529,-76998.36682347511,40892.7751724541,0.03639154388795164,0.49948807145299035,0.25768074188189183,2.4510597219500845,1.0752091558838766,0
2472.0,303.0954068928091,-77497.95769614051,40764.74016124789,0.34431992051042487,0.49914905094040085,0.2710937651623282,2.4267687277981786,1.0660503220302113,0
2474.0,298.0088670603366,-76370.4159372655,40080.627271790916,0.0011162017006252688,0.49981657470077173,0.2761539096262113,2.4765277999325668,1.0634763885211185,0
2476.0,300.82393543562483,-77026.03863994125,40459.23918158919,0.8639196060009354,0.5001590068082241,0.2536505597793416,2.4298669649327858,1.0652782947647172,0
2478.0,301.42820820941233,-76821.28942978126,40540.510695606805,0.10664133913759771,0.4989631395226008,0.2602491637664,2.376325462233908,1.0658990023028034,0
2480.0,304.27947948713353,-77603.30081406632,40923.99170561973,0.6289761009974146,0.5014338436455317,0.2618906574635105,2.4604060939087917,1.0643651242825765,0
2482.0,305.152059034669,-77087.0429241102,41041.349071374476,0.7369168813394517,0.5014001651863044,0.2659244641332751,2.334763335955857,1.0617987037653476,0
2484.0,298.1939526488301,-77221.68448437576,40105.5203112463,0.01333465021015341,0.500483011950034,0.25045447705820656,2.341034728169494,1.069195101183852,0
2486.0,297.14221681845567,-77336.83102692454,39964.067366501906,0.2117938591969495,0.5020638932491606,0.27277971428027126,2.386110534926684,1.0695507437279164,0
2488.0,301.84976573000256,-77049.53903618432,40597.20796781574,0.01655352607120412,0.49999947883145085,0.25473454283568214,2.613792091185009,1.070652483057989,0
2490.0,303.1389973737745,-77400.33417609299,40770.602851970514,0.5946288016697672,0.49964137243682255,0.27220169379597053,2.434792437089659,1.0660887519070965,0
2492.0,301.17801304750435,-76998.32219560363,40506.860760527496,1.1387990211337662,0.501240483565828,0.264512156468069,2.540348242294064,1.0702876224677842,0
2494.0,297.9529878546353,-77186.94528751541,40073.11181214017,0.19015377152617954,0.5006740900611152,0.27246626011740005,2.4935602605070377,1.065773569682666,0
2496.0,300.4998007942977,-77275.60802166571,40415.64477490907,0.5679861908108143,0.4994920213320891,0.27996621103360203,2.5447798233436165,1.0724066472808311,0
2498.0,300.20093291453804,-77602.44144985033,40375.44861494135,0.23032986739303446,0.49928060866545004,0.26574822634643697,2.48657075758478,1.060513748926942,0
2500.0,301.1540091067919,-77598.85645761492,40503.632356586895,4.1302646545710306e-05,0.5002682423165721,0.27481131341550813,2.525677671430505,1.0680734400043876,0
2502.0,296.04846970252356,-76918.13553612563,39816.964124522216,0.007617764574899084,0.5007851422521064,0.261793114402032,2.5314136553055056,1.067884470365599,0
2504.0,302.2104543062242,-76764.5740747219,40645.718686732725,0.42409853614643667,0.49879347458227147,0.2807410558855546,2.558562010826165,1.0710231092506028,0
2506.0,301.86770296364983,-76710.19723205303,40599.62043152259,0.3682699066720136,0.5001570841787363,0.2664428474945847,2.548052210892687,1.0668994294578067,0
2508.0,299.82411768949834,-77435.6751944347,40324.768946466604,0.035218775056774634,0.5001461737225102,0.2651582731144738,2.4539683974723046,1.066667231435607,0
2510.0,300.8470337522335,-76377.53671641578,40462.34578384478,0.5272185843563957,0.5009599622552826,0.2642752393843971,2.4796060380336185,1.0712321863786423,0
2512.0,299.47680733717516,-76933.02217798342,40278.05752839232,0.07455058747437311,0.5005539262482154,0.27590011488642985,2.5099448731475538,1.0782307991550653,0
2514.0,300.3333721415891,-77559.90435626113,40393.26099531768,0.0009597347617364591,0.497819856204659,0.273263683070533,2.6464373446194838,1.0817762889903237,0
2516.0,302.42099275693926,-77518.68567458563,40674.03500246095,0.3938829029676662,0.49987578430033164,0.2668576444087831,2.5415760038737476,1.1057019475435053,0
2518.0,305.9940379490536,-76926.57546116726,41154.59081270603,0.003943700650673984,0.5007428721546657,0.27475220938447176,2.506899609731727,1.1206530389604927,0
2520.0,305.1435366418985,-76889.8569253555,41040.20285431232,0.22698022067331938,0.4997782302946052,0.25038043010161903,2.497502977774357,1.1018083206696025,0
2522.0,300.56617209005907,-77836.08019150177,40424.57136556122,0.03334215207651981,0.49980314885717086,0.27399933619776035,2.5718844478710112,1.0950196863355999,0
2524.0,298.27116332155407,-77774.3973856169,40115.90474116404,0.35788549357499,0.501159850803436,0.27322849293248563,2.531781096417621,1.1018862211008353,0
2526.0,296.1518132711849,-77507.32541178819,39830.86329167556,0.03761300609907845,0.49919622398281727,0.25351138881462665,2.478205370500309,1.1082847902612363,0
2528.0,298.57683811404786,-77426.41838142066,40157.016395139915,0.27217892684450923,0.501129770067262,0.26766123493025884,2.498414066642166,1.0957100616387399,0
2530.0,302.7933115560722,-77196.81132779224,40724.10992526956,0.11036377271041774,0.49953069899050545,0.2741070741512614,2.4474794727095803,1.1006557082878963,0
2532.0,297.7534807039077,-77351.45022236812,40046.27914831627,0.11194373317754368,0.49867023931994164,0.2673510624122321,2.4674213863100087,1.0952546652567545,0
2534.0,301.49771568066615,-77030.87768173462,40549.859085389326,0.8915049634296306,0.49917818054261587,0.2749215336534563,2.4467288122081765,1.0923516673885247,0
2536.0,298.23225689303905,-77219.00124212913,40110.672030892136,0.10955937731022304,0.5005358959686046,0.2693000841344506,2.3897895835098018,1.093960564613358,0
2538.0,301.58296799246955,-78361.17768599698,40561.325073523025,0.00010817273246078257,0.500971133897188,0.27164253118465564,2.485192517594666,1.0999386285317558,0
2540.0,299.7633263169086,-77034.96522930323,40316.59282617144,0.32950851660942876,0.5007313741516618,0.2773093971012369,2.4556788902098896,1.089477209239204,0
2542.0,298.5718679870575,-76062.22524278739,40156.34793916624,0.00932001785354362,0.5007397258542564,0.26949305040880633,2.5240863755355245,1.1090622535293964,0
2544.0,296.9773505958687,-77389.83574211213,39941.89372555492,0.2544743344563115,0.5012593171421197,0.26199878120696585,2.547193036952544,1.1032021729816859,0
2546.0,295.3370622634376,-77218.13614524179,39721.283560767006,0.08696922533613156,0.4997582803383879,0.27678848671599454,2.5821063250438714,1.11484530828549,0
2548.0,297.6015778977527,-76139.93216397532,40025.84901878658,0.10818968191653082,0.5011995916794969,0.26822616489525886,2.530872222164569,1.098451692391058,0
2550.0,299.3147358334186,-77109.04678448697,40256.25976244822,0.005042766338276609,0.5002051690250277,0.2619578312030967,2.514250214353121,1.1131059475143403,0
2552.0,300.3709974057128,-76928.89129956311,40398.32139570851,0.1454673614640012,0.500845296329871,0.27605206839853735,2.6052493303499826,1.1190032456570942,0
2554.0,296.2561382777492,-77609.04365917225,39844.89445707167,0.07791203891388448,0.5003583498189619,0.2504227009732849,2.451909626544362,1.1087061851784163,0
2556.0,296.89438443828294,-77083.77913275757,39930.73521315503,0.33618609537819805,0.4998119054735518,0.27594654924732576,2.446118170164508,1.1278798452879282,0
2558.0,298.50598630068885,-76950.1821735244,40147.48719840565,0.6997459670900746,0.49981799087409307,0.27128561720700806,2.4420993860212823,1.1095328496116528,0
2560.0,300.9086571512333,-77361.30371895013,40470.63380732172,0.45994668469605043,0.49944728495729207,0.2686573005993219,2.4386415098863092,1.1097797113827215,0
2562.0,299.5979528878075,-77193.2895978858,40294.350968612496,0.03598473019419923,0.4991425849929029,0.2725767392954879,2.3967399134537075,1.1093524385328848,0
2564.0,302.2713101916303,-76821.22409225989,40653.90348366282,0.12919677868723262,0.49896476895172454,0.27451079309113874,2.524200806201902,1.1038647070263286,0
2566.0,298.87020027305294,-76644.76565017737,40196.472064585985,0.2688227005592182,0.5027234887180954,0.2743143139528368,2.447526131179275,1.107971999246625,0
2568.0,299.1492634630103,-77474.93647152511,40234.00459780317,0.21838231343340075,0.500122396728715,0.2615823538207227,2.524862619685601,1.111442659508193,0
2570.0,298.0960841545459,-77352.224375027,40092.357512837814,0.006121297005403237,0.500214307372817,0.2563269665616478,2.479821608888384,1.107854435453467,0
2572.0,297.4857445385929,-77301.21293478354,40010.27004041617,0.1255182221706301,0.5002016515155029,0.2648212344811972,2.443494175584846,1.0874617460008233,0
2574.0,297.03481320566806,-77948.98743044992,39949.622144739726,0.2194363211011995,0.49978844827201335,0.2671059207253213,2.4588116434068152,1.0997861345725122,0
2576.0,300.6368117928768,-77281.57026286959,40434.07203454183,0.5326452510924327,0.5006556982160031,0.278282577966958,2.5340803689871167,1.1015727246878801,0
2578.0,299.5200232856441,-77654.32444869156,40283.86984646146,0.3022555733645371,0.4995329523366054,0.27272360462050443,2.4949891327751503,1.1081800269041806,0
2580.0,298.25900033219864,-77556.6412483448,40114.268882984135,0.13707127147188436,0.4994823403695958,0.277731706749506,2.4860044560357046,1.0990321746185217,0
2582.0,296.27766270150073,-76964.19138820411,39847.78937900515,0.5769686662556534,0.5001822624433022,0.26896833962706623,2.536869947578027,1.1041118028675383,0
2584.0,299.80838407045945,-77439.98151256249,40322.652857349676,0.05795254144946555,0.5006219733070398,0.26494442707293975,2.47602586237529,1.0892313843459949,0
2586.0,302.57799334242605,-77084.97602054593,40695.15075653371,0.24539014366942227,0.49931860727443916,0.265257536308286,2.4601638498748013,1.0974744574861743,0
2588.0,299.45118988242734,-76175.77260988974,40274.61211528925,0.05646851144702351,0.4998307388349222,0.27142382653184177,2.4649857745779444,1.083631893255841,0
2590.0,298.49840717518885,-76562.35392370773,40146.46784583668,1.145994291909191,0.4978678514343807,0.2716781021601816,2.5900736345308153,1.0911321658169413,0
2592.0,301.6581630033055,-77287.7884135166,40571.43840750447,0.8160978442691766,0.5002504522311313,0.27686581416121103,2.563447514525831,1.0891210644535707,0
2594.0,301.838556467379,-77136.31399535132,40595.70038087164,0.015450702639379109,0.49973130965063245,0.25307082740250436,2.5117608481293296,1.0816868578961123,0
2596.0,300.2425219637598,-76917.95488852507,40381.042123607345,0.06930667612718659,0.5001608118295265,0.2571303924998082,2.552681046058386,1.0873902382827183,0
2598.0,300.50851332006937,-77567.83193738782,40416.816563861175,0.211615619280528,0.4991870257145534,0.24881819232214375,2.638161730505617,1.1033739666366633,0
2600.0,300.06654055973803,-76896.83482024539,40357.37354914196,0.1484041675506529,0.5007946423402174,0.2694275903592436,2.668572985129323,1.0945387486883758,0
2602.0,300.5573173878861,-76745.87154796883,40423.38045462995,0.40873212060728037,0.500011764316756,0.26866713452421676,2.4190164938634706,1.0902543561771245,0
2604.0,299.0186965563234,-76947.62411860761,40216.4440346811,1.5145602865168566,0.4998109493197534,0.26900205280337647,2.4587218298708873,1.0918442407347897,0
2606.0,299.9523839810409,-76958.47822845331,40342.02008893617,0.8276447276599469,0.5013184612983126,0.2603256359699062,2.5992138209148568,1.097962583387237,0
2608.0,302.0407320487219,-77246.25281730678,40622.89193459686,0.20550896229502802,0.49917942553138944,0.27018025607758217,2.536929987922205,1.0866912918867009,0
2610.0,301.21836045595353,-77042.42403187859,40512.28727503153,0.010133278731585442,0.5007016678019927,0.26730687355685934,2.4388003480968035,1.0830894042258237,0
2612.0,300.50014554577547,-77073.34037456359,40415.69114217196,0.12841248015885645,0.4985997187635956,0.2643926378657461,2.347550960188742,1.0818523016611732,0
2614.0,299.1952437248901,-77131.10841180058,40240.18870150599,0.04236337998937968,0.4996904181839509,0.25886911210370245,2.3450690560929432,1.08621444070705,0
2616.0,301.03802582567374,-76578.63967735507,40488.03321450058,0.04688558407327579,0.5008461433625324,0.27990802176978247,2.4730502496572884,1.0915757560933308,0
2618.0,298.7303338804947,-76968.39784519083,40177.66076946152,0.016675421187416415,0.499738319268811,0.27027064566097375,2.411344186639279,1.0924851998871201,0
2620.0,299.4989233576859,-77124.46819454222,40281.03201698244,0.2440973781798002,0.5004223520765556,0.2756857313516696,2.4491101548741163,1.0916705258109138,0
2622.0,299.86935608047247,-77399.37971314695,40330.853272429435,0.16939087422347723,0.4998806896717231,0.2725573339425476,2.595067160780293,1.096635909307408,0
2624.0,300.0182460408392,-76949.21990023158,40350.87819002614,0.003697021586662155,0.5015784081828714,0.2680424973447395,2.3775491724814244,1.104669782995031,0
2626.0,301.87863514749085,-77363.08637350437,40601.090752825854,1.5495715965670052,0.500643729539368,0.26594144640420825,2.4129883221618886,1.0991975767923943,0
2628.0,300.62015073703657,-77093.07868902956,40431.83121004666,0.0041189214360804706,0.5007045391560174,0.25553615521500017,2.3969955127174023,1.1056652466757482,0
2630.0,300.2930114662765,-76852.2252534423,40387.83269649019,0.013931096092192964,0.49711958872605294,0.2753725407428304,2.360486528922235,1.1097775375768761,0
2632.0,301.3179302088261,-76866.43390329357,40525.67888378397,0.1082198109826907,0.5001338421636762,0.26885513183413934,2.50829711105626,1.1129515036111888,0
2634.0,297.3365367686123,-76982.90568272001,39990.202379095754,0.01065451019454873,0.4989017502094983,0.27219249891419023,2.445233613316198,1.1065707646594312,0
2636.0,300.9249566799962,-76056.72349973465,40472.82600832399,0.0394106735695879,0.49992414165021526,0.2590422275941363,2.5930156543178207,1.1033389628144932,0
2638.0,302.0710407646704,-76988.59463350847,40626.96829768968,0.8046268572350462,0.5013560545267298,0.27016986512177565,2.38429730881989,1.0858564518172833,0
2640.0,302.81054172513285,-77573.82294842636,40726.427292503504,0.09434391258301454,0.5003282471031011,0.2714115550495936,2.4912068890888692,1.0985566582453703,0
2642.0,302.00442051250917,-77840.47309787862,40618.00822370945,0.12269800733357843,0.4984271075296316,0.2758845481567225,2.451753919181816,1.0944980083241425,0
2644.0,304.4321782705535,-77087.90595650533,40944.528889910536,0.1419302217201189,0.4999216402077139,0.27397429698893483,2.408111044570137,1.0990345312594791,0
2646.0,304.22698992590057,-77248.65859644068,40916.932135345225,0.7624211066757941,0.5014890262017357,0.271881152246674,2.410412804218328,1.111406109469296,0
2648.0,299.48992273653795,-77315.09341787663,40279.8214807155,0.15311952010458815,0.5007360349365219,0.27164458456129836,2.522649622006008,1.1170809555731536,0
2650.0,299.6610382979545,-77607.50058168184,40302.83562490925,0.06329860003315821,0.5000476252014571,0.2678555876066776,2.439387273133203,1.1180610684062438,0
2652.0,299.56049508768365,-77243.34062735224,40289.313091250006,0.09456366811102414,0.49905113600544826,0.260017465885218,2.426569232905848,1.0912546604923694,0
2654.0,304.2597057381466,-76985.97253784246,40921.33224024634,0.039176514786998434,0.5004206660802564,0.272590790821265,2.409746058752377,1.0990894041704116,0
2656.0,305.3927118728749,-77403.16015565989,41073.71561403871,0.0004548588884377613,0.49976915609083644,0.26409344325481005,2.5540207412821077,1.0957987076822926,0
2658.0,303.5942395885289,-77440.65757836646,40831.83053860932,0.9026036101063659,0.5002205008271773,0.27796731645623785,2.538215249441303,1.1029544590647018,0
2660.0,298.29986786523415,-77509.5732410429,40119.76535151298,0.001007789376292504,0.500998669491938,0.2679988235075007,2.4731589664434677,1.100346089837219,0
2662.0,298.6613455187579,-76951.12759580964,40168.38219718232,0.023101449641387842,0.5008132622155894,0.2725300340904664,2.457709955505792,1.0960470225108876,0
2664.0,298.88392872594636,-77032.6836612859,40198.31846938886,0.08529154660848727,0.4993480965540446,0.2802503563058259,2.511713448544078,1.1019130712156213,0
2666.0,300.4710821281322,-77092.57791781204,40411.78226516003,0.6366623543532031,0.4989537580256918,0.2617314995934578,2.6440452454823533,1.1031024827782037,0
2668.0,295.22082316657935,-77194.01527542702,39705.65001280737,0.06316807302008054,0.4996117867928245,0.27365161591268183,2.5015283664322414,1.09691500577561,0
2670.0,299.3888563698706,-77364.68460307491,40266.22858526891,0.11993674550379006,0.5013347274677195,0.2817532534632198,2.4742251312305705,1.0992163893733835,0
2672.0,299.47591250887945,-76416.04391216952,40277.9371786868,0.014970822309857202,0.5008340220520662,0.264839030853274,2.5049235727476376,1.1147223501763779,0
2674.0,302.78979025230615,-77107.89220221003,40723.63632840934,0.02219127540765943,0.49995329291248536,0.2625426784059016,2.5632231951171334,1.1212797246260777,0
2676.0,300.04376634171007,-77341.73915531533,40354.310536443074,0.3007929147881497,0.5004238235895736,0.2644374208153012,2.4866223307670103,1.1279009304499552,0
2678.0,302.049816777225,-77426.59070933028,40624.11378286127,0.056120352628432846,0.5002263088407897,0.2719502348650089,2.457777815999923,1.1259104726980187,0
2680.0,296.75115961812344,-76863.36825774726,39911.47222715898,0.051546243386300684,0.4987453344007542,0.28085721785246553,2.569325637890811,1.1187575450471894,0
2682.0,297.86441049656986,-76777.17723240273,40061.19862274965,0.9711885383508494,0.4988883133739779,0.26197217669590556,2.4316530289808296,1.1059071712032893,0
2684.0,300.3255388654203,-77531.92961821565,40392.20746081874,0.09214018524435495,0.4984873670805356,0.27419741703559103,2.455166603453307,1.118418689032221,0
2686.0,296.94680323000796,-76792.74847285624,39937.785265302446,0.0037384976904672323,0.5015325332919041,0.2612829749500083,2.4833729968740954,1.1186794652086993,0
2688.0,301.06215940830225,-76758.38926198182,40491.279054597915,0.07278412090450058,0.49885629996730096,0.26317967061595193,2.4253115550486637,1.1144864795545761,0
2690.0,301.84187561664197,-76760.97363648238,40596.14678901305,0.7191470071487193,0.4989401938476714,0.2640696944106704,2.4903815990111884,1.116461996075851,0
2692.0,297.6282498414109,-75755.57275966578,40029.43625510919,0.022061222730684737,0.4979984855627336,0.27160428742795334,2.508424098068153,1.1326784026647714,0
2694.0,296.4226232875615,-77475.57980490942,39867.28581639749,0.19428192038799966,0.4987876363001162,0.27276409840494203,2.504445951022524,1.1233885622756556,0
2696.0,294.94944979918364,-77526.71693493146,39669.151720332484,0.32403418214513,0.5011853607476829,0.2759727623993403,2.440168637200167,1.1097139655419046,0
2698.0,292.10732961080095,-77391.30938443332,39286.90148376776,0.0042589865110665755,0.5006566807576585,0.2710661642965073,2.600158576574791,1.1121689562072672,0
2700.0,299.83947174149387,-77592.74738890235,40326.83398580995,0.0006233640422914788,0.4996367068514073,0.27235401806806175,2.408575345518078,1.111551873976686,0
2702.0,303.6574243350434,-76873.31156279624,40840.328555125714,0.01884306433697023,0.500984337088344,0.2726564510744198,2.4321016519675602,1.1058938316568478,0
2704.0,299.1953134495711,-76489.5314084097,40240.198079109345,0.03740186041791129,0.502051212991873,0.2725955557754334,2.421836286495102,1.1113073763150965,0
2706.0,298.54792255793205,-77069.126452139,40153.12740472675,0.3450000426442678,0.4999226508964125,0.2584225543281664,2.491158186517221,1.1201588082578118,0
2708.0,296.63420645332684,-76933.11319725879,39895.74264081241,0.054076658555514065,0.5009108160770522,0.2674364545273714,2.431316830245823,1.124355999164813,0
2710.0,299.9191445381877,-77109.20440004952,40337.54955846886,0.15569345783858604,0.4993127847657934,0.2674418421323675,2.5136856166045316,1.1138994181872264,0
2712.0,300.8604704418072,-77793.69731026993,40464.152948013696,0.3595109077446375,0.5000790419576996,0.270154154895644,2.5161528177285724,1.123322919152008,0
2714.0,298.103264908044,-77405.56154231413,40093.32328646505,0.34190098884939574,0.5000580423631693,0.27749173725948917,2.5021700959074407,1.1335756901044445,0
2716.0,300.6925529906549,-77565.7573238482,40441.56893285183,0.31955624680228656,0.5008305624992672,0.2780783091197191,2.4376847611548342,1.1243997872177611,0
2718.0,300.10771255864984,-77004.35603151494,40362.9109667319,0.12581371227704313,0.4983192349211609,0.2649426376967121,2.5497293261725114,1.132991792049538,0
2720.0,299.4947803863792,-77140.1801791992,40280.47480910343,0.22261973652680114,0.5013011793122825,0.26469903559990804,2.6130412604706925,1.1256176474611734,0
2722.0,299.7388025787259,-77460.55804647307,40313.29451220143,0.6925343911464754,0.500968851125381,0.26367595483676143,2.631165375629652,1.1154795584981743,0
2724.0,303.9937978243861,-76569.06102409179,40885.56902257706,0.2154793061671888,0.4985167758563107,0.27275163415489034,2.6620101397725606,1.1123704921125113,0
2726.0,298.36080260158724,-77379.55937940488,40127.96075348127,0.07284478494750192,0.4987731152295423,0.27071471271453346,2.563347021982385,1.119178083225761,0
2728.0,303.5381859579011,-77261.46709915681,40824.29161972215,0.2747372972478661,0.4995870523729403,0.27969911612894316,2.688050716546536,1.1304377677743451,0
2730.0,301.54587175230347,-76742.49370131409,40556.33582407569,0.027018473695792567,0.5003128151135363,0.2720260999467974,2.5079798258477433,1.123111162192627,0
2732.0,300.7051331249553,-77105.32842226222,40443.260894835694,0.17828922230245928,0.5002374705281821,0.27285592334115794,2.593808595134215,1.1357273362634197,0
2734.0,299.18917599930853,-76384.10036705458,40239.37262428715,0.6105042934795784,0.5019122479171132,0.2766976676841202,2.6354013648208454,1.1313965787313152,0
2736.0,301.45089958373677,-77256.453959462,40543.56256626271,0.08679591947181797,0.500571802961117,0.26595772896020975,2.5452151322098846,1.1155458646561431,0
2738.0,297.9477282878185,-77350.4111824301,40072.404428030175,0.28657349901955387,0.49971589284670315,0.27437830421883036,2.6681975595701726,1.1269958993777973,0
2740.0,302.9805241608097,-76777.34248654428,40749.289037237206,0.0007587752510261129,0.49895295507139825,0.27995905819488587,2.612539339795423,1.1424560614224935,0
2742.0,300.7435771059113,-77663.67637579236,40448.43140834001,0.17507741289460504,0.4986493367405383,0.26885726109615843,2.6575432090666267,1.1479514724199424,0
2744.0,301.00909373663325,-77308.22396936244,40484.14200049589,0.0027870844355815795,0.4987287318263695,0.2721421105316098,2.5749591989560643,1.155008432470294,0
2746.0,300.19182909610765,-77268.89527487312,40374.22419918199,0.09159110746503336,0.49827258869752566,0.2787671293390257,2.6347802484563045,1.1638759600822157,0
2748.0,298.9177289257081,-76813.32457525446,40202.86441871488,0.06993056416487625,0.5005537206954879,0.26678889731008615,2.646912707114487,1.157116942643713,0
2750.0,303.87224233155297,-77566.8636707341,40869.22044728417,0.2295223014560657,0.5015551918950967,0.272546899769055,2.6405740794080437,1.170253122650286,0
2752.0,299.6680154317388,-77670.31777960027,40303.77401275452,0.06808544867979152,0.5012022080748804,0.2712760923022113,2.7869974807038203,1.1764279646605047,0
2754.0,298.34215085888576,-76364.49557597016,40125.45219205972,0.0075353819997377594,0.5015745697975555,0.25896382322297695,2.6508541861353114,1.167673476579966,0
2756.0,302.926104148815,-77050.38803065417,40741.969831475304,0.28886088776058566,0.5019687706107389,0.28200256275421387,2.646782170242736,1.1593879101155935,0
2758.0,304.14202663931843,-77140.38452038902,40905.50501958563,0.18701982495264707,0.4986128092916809,0.26542135448967613,2.6578737838963327,1.1673280124380783,0
2760.0,298.42595134331566,-77861.5385280808,40136.722917037674,0.25353934530812744,0.500910985755546,0.2777983509032411,2.6048621210543033,1.1555981359386964,0
2762.0,299.87668434268005,-77010.01510220766,40331.83888520328,0.04696403820365436,0.49918109769540286,0.25755329702953234,2.5714979035695817,1.153314846448722,0
2764.0,300.35706124196054,-76924.5392313595,40396.447054886165,0.0005534963038581062,0.5005348936734598,0.2663682953279175,2.67530690715322,1.1438974226880954,0
2766.0,302.07575048244814,-76606.66208471358,40627.60172999211,0.03356414824164385,0.4987396139833193,0.2784899392801861,2.658002066812783,1.132886388960987,0
2768.0,303.0024905494666,-77051.63777164614,40752.24340112896,1.154100800537622e-08,0.4991126708959644,0.26396851886786415,2.5622090340741512,1.1425156054577112,0
2770.0,301.1339451821087,-77197.87034137012,40500.933864106555,0.40402503773673876,0.4987580454076793,0.27002291924917776,2.602320356047255,1.1283327760855117,0
2772.0,300.5546347019565,-76870.65551249136,40423.019647463734,0.3043091435927886,0.4993634957170538,0.2523024587015295,2.696634326218815,1.1497735350269178,0
2774.0,299.32424509772824,-77384.99870835699,40257.538708548665,0.019123479617825307,0.49919642970431016,0.262156296734316,2.5546185982429344,1.1434785799047216,0
2776.0,302.5032375078313,-76879.01226188347,40685.09648944985,0.016864226834666145,0.4998123784685149,0.25371493954376123,2.5409289656919727,1.128607783887274,0
2778.0,303.91874224905354,-76848.86835050036,40875.47444193841,0.2502858925958948,0.49983787841613486,0.2797867159804754,2.620913659629873,1.1372674080858804,0
2780.0,296.71777409797363,-77610.48377132101,39906.98205006258,0.06541952855735662,0.4999917160938198,0.2699071919146126,2.6703736545726504,1.1496554343668024,0
2782.0,297.54317145091244,-76474.2381200263,40017.993658477455,0.16412459436973328,0.5005508178879702,0.26349703989772755,2.7122893224152156,1.1603004268134585,0
2784.0,300.5302635166683,-76604.95275840629,40419.74185105672,0.0807171238548736,0.5001328246767878,0.27026697642513775,2.8507785017217895,1.1743778942722065,0
2786.0,300.9982619322763,-76761.5678530701,40482.68517970598,0.00023399139278678318,0.5003771554654752,0.2588931594376003,2.6888954963470786,1.1728595967628692,0
2788.0,298.05038058766894,-76821.30365872406,40086.21062315947,0.2006149905434115,0.5004108659321937,0.2702743383134598,2.7110769982244722,1.1716796468325645,0
2790.0,301.77318504533855,-76853.5538888512,40586.90826798293,0.0005651277658194517,0.5009266605453965,0.2700715209648864,2.595779448201291,1.1725249535462847,0
2792.0,296.92456031941026,-76453.11345473793,39934.79371066215,0.12053713453418696,0.49946724541814985,0.26578075771982995,2.589477410018575,1.1693182806630267,0
2794.0,301.6663473443178,-76993.88023830089,40572.53915838083,1.4307236352631336,0.49885592268839735,0.2643068775148773,2.8089044962490934,1.1607275741316991,0
2796.0,300.83359351070163,-76416.19611806306,40460.53814195615,0.43213560846350735,0.5002704086060823,0.26611118197916506,2.6602489683102424,1.1690717206872403,0
2798.0,301.4135504000036,-76324.29021597968,40538.53929723424,0.04638890064984169,0.49830832496796756,0.25900639505375384,2.698283086496937,1.1743336732178655,0
2800.0,304.3292050005915,-76941.77222098364,40930.67952598719,0.11569328409743942,0.4992615767987381,0.26981182675480325,2.7807337005586907,1.1765655795946037,0
2802.0,301.32562905592977,-77827.15700090607,40526.714338279766,0.004339052095000665,0.49951255710771436,0.26421646998816106,2.588744251130826,1.1792915945554396,0
2804.0,299.6247704361011,-77416.3891145835,40297.95778799375,0.08232229545309441,0.49944917207158196,0.26224957550044276,2.575758137819289,1.1668481540347222,0
2806.0,298.3141725945611,-77497.06883426674,40121.68926246917,0.06190867496707795,0.49922372903932644,0.2710117220187902,2.695392933620961,1.1774854147234814,0
2808.0,296.4175641621133,-77681.80329718627,39866.60539059872,0.0005149470524575103,0.5005307898755836,0.2741952361024612,2.670895639232206,1.1629153736467228,0
2810.0,299.4731562875378,-77626.58409275278,40277.56648139392,0.07327437220032476,0.4989460611559817,0.2735115845563163,2.6824026884199395,1.1684687524158008,0
2812.0,305.86449547004463,-77367.414762537,41137.168029725646,0.09254190723740693,0.4991584549232077,0.26736813735692194,2.5611198491000278,1.1522012523293943,0
2814.0,296.80513512717846,-76813.76108954241,39918.73164961033,0.2755326807433434,0.499990755824464,0.2622597858879742,2.5805577528745642,1.1563341627423016,0
2816.0,293.5285035665584,-77029.91445504106,39478.041915832684,0.4972956793597264,0.4998989744194848,0.26186511600713375,2.5775879320743327,1.1471490243932545,0
2818.0,303.016877933283,-77313.91591441422,40754.17842867982,0.4246816466234198,0.4998327480789749,0.26575267986508283,2.4897662138667225,1.133091312184602,0
2820.0,299.6598714603,-77145.27252850961,40302.678691373745,0.09945637308933135,0.5002252461316773,0.263683074728961,2.605639085140382,1.1519349647697734,0
2822.0,296.23616719103114,-77293.03181641549,39842.208450809994,0.1951731488898185,0.49903001178628964,0.2646524846270654,2.537344414295517,1.1494654804951052,0
2824.0,294.93541688439007,-76698.56752193987,39667.26436700328,0.0024302594906722673,0.5000003339802936,0.2621867805768425,2.6751837145605344,1.1485394576577828,0
2826.0,299.37290234153915,-76976.65938690887,40264.082852259875,0.3635159478909237,0.5001587667845868,0.2628022828033991,2.635487142913327,1.1514645281274005,0
2828.0,298.9482528548203,-76832.71627640375,40206.969726847776,0.05214064495226589,0.500086000793626,0.2615218530101445,2.575761454404077,1.123543337291588,0
2830.0,301.89751987946187,-76985.24283748679,40603.63065008033,0.5619639143465727,0.5015287078060366,0.25154664476279875,2.540804234884215,1.1249335716421573,0
2832.0,299.7396787652536,-77216.04501877096,40313.412354687076,0.21151727988591645,0.4993667670733994,0.2591986422411055,2.6254604804665767,1.1242227079463252,0
2834.0,305.40455933253776,-76600.44059721008,41075.30903513235,0.05742415321927356,0.5006630015510675,0.27483910541059464,3.2771777300958296,1.1237504467592885,0
2836.0,299.8091031653483,-76420.26836143318,40322.74957183505,0.054382039116954904,0.5005146439198468,0.27308550069914383,3.550546468437392,1.1044347947381516,0
2838.0,297.980957366006,-77289.78821670229,40076.873564504385,0.00794770869510902,0.500393428919283,0.26555088808405014,3.4172578025119105,1.1044624513527532,0
2840.0,294.22199032516187,-77209.80024764745,39571.31224219475,0.2439600491342184,0.49997530580172933,0.26683664664481954,3.608166476873724,1.1024973503662934,0
2842.0,298.9694747002335,-76874.85084878968,40209.8239535841,0.00012112427839051772,0.5013101426598346,0.2631826845847606,2.947598668264706,1.1139346265542982,0
2844.0,300.22454740510847,-76989.07981324196,40378.62463988351,0.06745550439595191,0.5012522015543072,0.25053660837333724,2.563240554502586,1.118421277255574,0
2846.0,299.9737137128139,-77674.25099463377,40344.888825821195,0.18381610265747547,0.5001408998642826,0.2593155726063846,2.6327830418594846,1.1121325231537864,0
2848.0,299.74713304224935,-77039.07124038483,40314.41491578801,1.2506918694840614,0.49910033803232745,0.26125073622917083,2.5301068611710638,1.1071572224810835,0
2850.0,301.8129410175279,-77766.90040226514,40592.255237416655,0.0466421265042205,0.49985200851738665,0.25847743767974174,2.686662274887233,1.119072946775211,0
2852.0,300.1407852317657,-77243.35477344855,40367.35906754552,0.0002727748438501373,0.5003284903790023,0.2633378898381441,2.6706074481658413,1.118963545197826,0
2854.0,303.51469874214285,-76794.58760936081,40821.1327125737,6.020271159024006e-05,0.5008994034189731,0.26155462582497524,2.6051166195638196,1.1230816801057217,0
2856.0,303.1532342642903,-76577.39688858227,40772.517638962934,0.043988148602704745,0.499133615937946,0.26118010067519976,2.587455176205158,1.1320276168301238,0
2858.0,298.4936351998368,-77132.57961591962,40145.82604021754,0.0023771171285059036,0.4996375283674969,0.2655626491664587,2.5054614700846582,1.132379749270891,0
2860.0,294.7392791620542,-76481.45755476446,39640.88487359951,0.0671711149188335,0.5007433729340822,0.2606349395564247,2.579686497187374,1.135589237845929,0
2862.0,304.4085879232498,-76863.95942074968,40941.35611211094,0.31234282045790107,0.4982823816719287,0.26560434441166575,2.5176459385753582,1.1509781251264797,0
2864.0,300.5333764489706,-77090.8331772188,40420.160524100116,0.2721486044533404,0.49808665849851913,0.2605081838947049,2.5958332446014043,1.1476121713042449,0
2866.0,301.5577184677622,-76482.25297578995,40557.92914507778,0.02681438506896799,0.500431340746741,0.2502189488517551,2.607254896400078,1.1409730535816562,0
2868.0,299.2982305669621,-76799.38226008823,40254.03989080685,0.4691383568115088,0.5011104054505751,0.26856529696935993,2.6074726065357012,1.1410760157596544,0
2870.0,297.36201847577985,-77021.74592353473,39993.62953486232,0.22505362306802512,0.5014499782524808,0.2752538975176755,2.6529016566791555,1.1546051151055063,0
2872.0,299.36766592872607,-77498.52884072857,40263.37858224176,0.04113526193525833,0.5010098933569643,0.26942031175705494,2.638127718803319,1.1515477344664637,0
2874.0,301.7926517195187,-77216.70257641992,40589.52643340778,0.8160798147225076,0.5012127957375847,0.272201601594521,2.6659521985470906,1.1557106322053778,0
2876.0,297.71911592071933,-77022.14844247082,40041.657265484944,0.0009474378082525713,0.49979963900189717,0.2645718072576758,2.6429361662423387,1.1485747752622542,0
2878.0,299.73467381920693,-77194.93007519539,40312.73921573322,0.2014473719342882,0.49869464951437364,0.26533951875125766,2.6571214046064777,1.1566618733433927,0
2880.0,301.33891456579676,-77048.1808756626,40528.50116957223,0.08847338295361226,0.5007590230358819,0.26949611403938356,2.7000945472667572,1.1642630826510503,0
2882.0,305.2605357438101,-77190.63360259891,41055.93861895957,0.000422971329735141,0.49972800610898493,0.2667844269645695,2.665821650160385,1.1608369053345968,0
2884.0,297.7627670890385,-77204.21833698975,40047.52811833787,0.004822354528590448,0.5018672333836199,0.27525721095319866,2.63593300645183,1.1564955840116444,0
2886.0,304.1411896514259,-76690.43567890418,40905.39244911052,0.17197043214685195,0.5005350094102526,0.25438331714246554,2.5272378271891154,1.1477277914910673,0
2888.0,299.0390058205739,-77169.74957388744,40219.17552404455,0.15232289052381207,0.49896233894971975,0.2580794988490698,2.743060313743624,1.1495781376461554,0
2890.0,298.5459211585136,-76611.45748423063,40152.8582270177,0.26403496682912553,0.49955918399639515,0.2635418974415819,2.6288785318150842,1.152499526369665,0
2892.0,298.1632720827805,-77301.38331522571,40101.3939362681,0.20310842307579757,0.49835568832264526,0.258281888128897,2.6766465653814766,1.1501306308182975,0
2894.0,299.379824105507,-77418.68134908844,40265.01379315568,0.00163100064781785,0.49934980466523937,0.26282940424214063,2.6526941324378908,1.159201297949274,0
2896.0,301.0855603874955,-77604.82633384911,40494.426363381346,0.11481511913280341,0.49957557332172803,0.2638794553655223,2.6068101217810025,1.1690340875772671,0
2898.0,301.87479502147465,-77503.3026142813,40600.57427604766,0.06147092693842393,0.49823560700207165,0.2691888229795059,2.5965823461587347,1.153531075273529,0
2900.0,296.74419987463364,-77680.59892840183,39910.53617821697,0.02474752229473923,0.4989409817539194,0.27421007922340196,2.5894288645540278,1.168446937873128,0
2902.0,300.6630703911014,-78067.55330154218,40437.603678074796,0.08019894905879987,0.5004920177671365,0.2514293107493587,2.627614704689563,1.1604972613089157,0
2904.0,301.2998398756557,-77315.17473381269,40523.245828995445,0.2334724081479217,0.5001308853736932,0.27507880648252203,2.713769944964941,1.1593887255037678,0
2906.0,302.57901522979813,-76902.62902426941,40695.2881950176,0.26325677445137313,0.5008934378424843,0.2747406962863732,2.767812677126959,1.1383641601945627,0
2908.0,296.9127054469218,-77108.96242072433,39933.1992925824,0.037327799035093465,0.4991746658402387,0.26776889276494426,2.6778915192431305,1.132681496077189,0
2910.0,303.0643403247636,-77286.48109159933,40760.56187102878,0.000626052476940313,0.4990319824479194,0.2717022511300811,2.591877329832952,1.1247597500136315,0
2912.0,302.11573350640975,-77428.15109495283,40632.97923669656,0.06751792906613538,0.5013738867256893,0.2708593448129052,2.6878674935107565,1.128751719004811,0
2914.0,298.6847735721101,-77369.71320141375,40171.533147297916,0.23395608819490887,0.5023014477053719,0.2751156025473881,2.677437781120616,1.1401720821974877,0
2916.0,301.3361298610671,-77925.21901147591,40528.12664141327,0.011226669503550194,0.49939678024488204,0.2808452700589798,2.6225553896188005,1.1307041030369316,0
2918.0,303.10776632721434,-77771.59508008906,40766.40244025514,0.01718686474331543,0.499731816171391,0.2663567558432543,2.5805492560336805,1.1185456495815085,0
2920.0,303.6874682626867,-77701.12483554741,40844.36930558233,0.10673114371682903,0.4996292295466033,0.26571968948789443,2.625959287891877,1.1201872216345576,0
2922.0,298.88196268302505,-78049.89411518117,40198.054046942954,0.24085775423416747,0.5012290047469969,0.2680690970408586,2.6167830713907057,1.1159748942605108,0
2924.0,299.8082301240833,-77182.90038486186,40322.632152370716,0.06597673218294065,0.5019530088163375,0.2746646452869228,2.70174035915793,1.1166011597496954,0
2926.0,302.58594171504876,-77660.74779361475,40696.21977090114,0.03165014861857708,0.49990769702121807,0.25574102322460746,2.531134887802251,1.1248898469541997,0
2928.0,305.3214531855259,-77390.39880539116,41064.13169488998,0.1236078346233834,0.5001634249473412,0.2734594341433165,2.6485973165585124,1.1316943046600991,0
2930.0,299.3073927308945,-76864.17477726948,40255.27215372976,0.057515981060982414,0.5002933762338796,0.2721052885471248,2.529240950392089,1.1335007319216466,0
2932.0,299.50617104277796,-77478.91776574368,40282.00679255749,0.044992763298830146,0.4992166076506559,0.2839071249463704,2.591340381361295,1.114066006596637,0
2934.0,300.17216893669945,-76792.02689650562,40371.58001101028,0.1972794196260424,0.49970397459458493,0.2677933868715068,2.6258228314050776,1.1213403970528497,0
2936.0,297.1541901270505,-76735.73390056065,39965.67771361585,0.26585400089078637,0.5010564296557575,0.2626940410545683,2.524731434519123,1.1313536190001163,0
2938.0,299.59582207240567,-77515.40244938293,40294.06438513346,0.11221659842116997,0.502177258053109,0.2789872732361405,2.5719881568231813,1.1111215436855848,0
2940.0,299.8777720690524,-77738.19210765557,40331.98517868687,0.009964693571660235,0.50140944541345,0.25779841535887804,2.5787261571178943,1.11222795298957,0
2942.0,302.6383747944633,-77880.72755195666,40703.27174466775,0.04066276669978993,0.5022829837437998,0.27009243231074154,2.765179811111811,1.1185078900544025,0
2944.0,297.74573694218765,-76751.50684351043,40045.237653040494,0.05639007448104839,0.5022567993381071,0.26325697970264494,2.614954918816607,1.129491528533362,0
2946.0,302.683885598324,-77264.68376262276,40709.39270873293,0.0005608793656189475,0.5008771879797277,0.24557887617790464,2.5500784864523753,1.1096197427336993,0
2948.0,301.547432930588,-77286.0773722236,40556.54579435458,0.013555557473242016,0.4997515354678223,0.27141869356803433,2.4905830151746113,1.0990568994900756,0
2950.0,298.9513146372366,-77352.25788312766,40207.381520500174,0.003140273170198921,0.49962740302592246,0.2789513159937653,2.6257888041431734,1.1226570137552963,0
2952.0,301.4919948212302,-76932.24423038436,40549.089659845085,0.40880994654460423,0.4995603986990174,0.263622852109129,2.6001558402776865,1.1177225907779773,0
2954.0,301.73957873249645,-77354.28887874167,40582.388395429174,0.16293650567699358,0.5010651696801045,0.27494087871683903,2.594072560699657,1.1104935426271465,0
2956.0,298.1289743497643,-77285.33188078343,40096.781071332734,0.0035253283550063575,0.500028897836272,0.25309194797114853,2.6385841849120637,1.1215128872958897,0
2958.0,299.51717720897676,-76834.00848593155,40283.48706409926,0.058216910835669725,0.4997702148996058,0.2671892980218754,2.7084724330606944,1.122857674257593,0
2960.0,301.2292497655753,-76960.67424041848,40513.7518299775,0.13295476534109502,0.4990925197559687,0.26259721591075935,2.616747194962163,1.1266718503965292,0
2962.0,299.66975930411667,-76497.45740916475,40304.008554429325,0.09727500175496671,0.49998898524382274,0.2667651477423084,2.5918680212273753,1.1371075934680437,0
2964.0,302.98407020719856,-76911.76284044865,40749.76596185024,0.08207969874066946,0.5013329443670788,0.2707833285054445,2.7047262948973514,1.1319947193989246,0
2966.0,299.2831327070197,-76569.88653735572,40252.00930794896,0.6453680688785838,0.5006387993687601,0.27275020516973736,2.6409037102079775,1.1349504622778979,0
2968.0,301.34946596968877,-77490.46474176075,40529.92027797246,0.16590208377302046,0.4991435625253958,0.269847923340483,2.720584996871858,1.1295746969033198,0
2970.0,301.0773672794056,-77541.36235231278,40493.32443337911,0.0008951972878211813,0.5006955773119368,0.26370611414765976,2.5779403639286236,1.116214783451914,0
2972.0,296.98202729505016,-77455.49384716677,39942.52271702958,0.2684862776891979,0.5003087883209215,0.2653621640770035,2.542463192834696,1.118445052751191,0
2974.0,301.9623387790697,-77153.2272866331,40612.348451604084,0.04369255952705223,0.499734605505762,0.26773261540712945,2.6342155880337925,1.1237248628234344,0
2976.0,303.5622932190932,-77265.46508626279,40827.53391972455,0.0017264281047184612,0.4994461765817673,0.2533706940400661,2.6436607558496896,1.1280126380591105,0
2978.0,301.7963438740175,-76765.95204722544,40590.02300879413,0.36731078569062786,0.49888836201258,0.25855886800239236,2.6184665297744116,1.1302282178925889,0
2980.0,302.2757767716863,-76800.97911677242,40654.504215218796,0.1044854679813874,0.5007975641478335,0.2714922684495644,2.62946515570484,1.127316099267898,0
2982.0,298.247916588477,-76683.08038991352,40112.778177673026,0.0030296651042563323,0.500542653767577,0.2530663767322079,2.818446196659708,1.1320215419060162,0
2984.0,296.13563889931874,-76863.53575476923,39828.687923618505,0.12492246773962924,0.5001656934276465,0.2715879536057869,2.741007284238201,1.1369549133594967,0
2986.0,300.5243519246963,-77394.39261649153,40418.94677298824,0.42857674813890695,0.5018565212792562,0.2612145691283986,2.7667634590148023,1.1441347206500734,0
2988.0,296.55269938438227,-77225.60187938367,39884.78036817063,0.038095430882734024,0.5005868482746643,0.26677177169319566,2.725546878689948,1.1301476222899889,0
2990.0,301.4452640410618,-77548.62331998767,40542.80461537468,0.020459368933491786,0.500564372332496,0.2665975943767579,2.6672506067942496,1.1253698896092963,0
2992.0,298.96797084524246,-76593.82483298017,40209.621692987086,0.17160563270037718,0.4994688841078104,0.27019774087189047,2.6983684673670503,1.140611960814155,0
2994.0,302.95739387563424,-77059.31186151667,40746.1781353773,0.2952603001946758,0.5004552994101945,0.2598448847383552,2.5663002391267304,1.1337784110678937,0
2996.0,302.2105870946213,-76975.15355592791,40645.73654607464,0.00762820806230676,0.49975623101395994,0.27699186583627056,2.5974007301587583,1.1507521315913338,0
2998.0,297.02757298044656,-77326.10595941672,39948.648372478085,0.019604224077967105,0.5003910949935593,0.27200234012181834,2.60056006876657,1.1555206529244944,0
3000.0,304.8255203919227,-77338.11166170635,40997.431339130955,1.5730611092818703,0.5005839888858713,0.2726645674431142,2.5762765715282687,1.143138333361239,0
3002.0,301.12348127766086,-77128.46310129343,40499.52652392196,0.5195201256139832,0.49915438298309955,0.2816386736424643,2.504534353963188,1.138228997482702,0
3004.0,299.28544388016593,-77184.66622764012,40252.32014859725,0.054014209786481845,0.49874092637013817,0.2767649277602859,2.5989024441461734,1.1404205950772655,0
3006.0,298.61970025296426,-77234.51468529482,40162.7811276827,0.023548587319730162,0.4991516190588798,0.25093526306134556,2.5691233983070547,1.1367529283687938,0
3008.0,298.6224803640779,-76953.79569853598,40163.155038024415,0.0639551301990896,0.5012221966708464,0.26723304479263865,2.639334458530675,1.1490503317517389,0
3010.0,304.53682890795847,-75802.54490236251,40958.60385094428,0.6256702888974984,0.4996258371426868,0.25280695353462945,2.713336879065559,1.1487484607599527,0
3012.0,301.79072325688816,-76966.52024053445,40589.26706531359,0.005172844814970436,0.5027774121983605,0.2444561913069755,2.6915437894538905,1.1561602393594625,0
3014.0,298.6707632538087,-76909.12288510683,40169.648833078216,0.2681239931119569,0.49875051815755317,0.2718365046441366,2.822509280203161,1.1606709982690495,0
3016.0,299.4112845707117,-77413.07757652388,40269.24506047368,0.15471241904394903,0.4975267110740915,0.2697436387128651,2.7057403139247382,1.1565833909184025,0
3018.0,295.88429656325087,-77404.09959595476,39794.88369964044,0.03924686678990593,0.5008010293440788,0.2661909008976564,2.761842671295742,1.1657659556926372,0
3020.0,298.8030070495031,-77429.14283986075,40187.434928963616,0.03591141213291146,0.5018890678466945,0.27377428203500576,2.8642137479522587,1.1715068754825562,0
3022.0,304.0950319845013,-77614.10716619261,40899.184485361024,0.8982467795791595,0.49792461098768154,0.2686614351416448,2.7478041611715365,1.1736353436383924,0
3024.0,301.0038140734751,-77306.8653672958,40483.43191353355,1.0115354812410544,0.5021073630240726,0.26185995538120743,2.8460452163152583,1.168350842043633,0
3026.0,299.9681487134248,-76577.69885961479,40344.14036263457,0.09353301615562062,0.5015175752882824,0.27030662940028105,2.8156962555642977,1.1684333957645225,0
3028.0,302.1577234417112,-77216.61383731803,40638.626662434544,0.004996294890838882,0.4998607037085405,0.24989985889733402,2.851681051040747,1.1487848067522193,0
3030.0,301.6950859348793,-77804.1767127281,40576.40434785648,0.22603016536400886,0.49779878118065823,0.2594021148089698,2.780092973534299,1.1607547971424124,0
3032.0,298.00945743290913,-77555.67708731687,40080.70667380088,0.0017254893621030558,0.4990764044557438,0.27445028598863025,2.884874718381147,1.1561259157898836,0
3034.0,301.8687320788874,-77057.99463195505,40599.758842116426,0.062095029712280855,0.4999408151341624,0.2705482963232316,2.9010245178636795,1.1590432358507985,0
3036.0,302.4589840278844,-77493.12926405494,40679.14462884675,1.329274444404648,0.4990030883407674,0.26878985977957576,2.7983855382196663,1.1595631129702242,0
3038.0,297.7712075852467,-76548.53683471854,40048.66332074258,0.34526342817262073,0.49810927469753913,0.26855456322486376,2.863710920063626,1.1544585101657228,0
3040.0,304.2004080845248,-77208.34176135436,40913.35701730632,0.13244787932753557,0.49912179694058667,0.2714634410985898,2.8054139587223887,1.1427235782617629,0
3042.0,300.8082066708328,-77291.8991561433,40457.123745342964,0.20544621787822523,0.500095878557335,0.27544673554484367,2.8375758486086124,1.1574919356940307,0
3044.0,302.03905168768,-76668.4252537411,40622.66593486314,0.10063108527787143,0.4991330293126609,0.2664834217167943,2.731411813977195,1.146745445248443,0
3046.0,297.8736850113395,-77240.78684314282,40062.445996270035,0.005286225020163758,0.5007396617476898,0.2648300316906069,2.6407093038059193,1.1369426932992241,0
3048.0,300.8775684633752,-77438.3021532516,40466.45254210401,0.010259488712661758,0.5007552990466689,0.26392606462296364,2.7166204366105857,1.1506520797327788,0
3050.0,304.6306187764662,-76724.26535429363,40971.218095609576,0.0007111491459461457,0.4985596420612783,0.26995091222066386,2.6954954977107333,1.1440285890037232,0
3052.0,299.4214465615475,-76898.15338533733,40270.61179486332,0.2900580230214015,0.49816457786224444,0.26593913427873583,2.711209231028331,1.1320413044438298,0
3054.0,301.6053770871162,-77730.9664467572,40564.338979045,0.0003054872282281642,0.5007165885372409,0.2715370292667192,2.572822734547021,1.1203826567411372,0
3056.0,299.38500297724966,-76253.23917887744,40265.71032420207,0.0630543388473777,0.4999531619150683,0.27154184814981736,2.649333060240204,1.1150762220761765,0
3058.0,299.2272753608473,-76570.04137261945,40244.496788290024,0.8744453161616726,0.49963394847060316,0.26587095758181745,2.516573884696306,1.1119231197174144,0
3060.0,301.92914743810064,-76713.39254366362,40607.884390587526,0.017646409094512226,0.49989825673811794,0.27769238808055074,2.6268640302675648,1.121755540946592,0
3062.0,300.54148654142955,-76973.09932818357,40421.25128893605,0.24220464322027496,0.4984022566660324,0.2777156866621238,2.646122899674474,1.1198518043877201,0
3064.0,300.40679252368557,-76740.24393152376,40403.135651055236,0.6252998304194654,0.49968580726163864,0.250251548788963,2.650287484652057,1.11012414908417,0
3066.0,299.1122650602806,-77172.74564749456,40229.02850697712,0.7401736119760318,0.49898910823739934,0.27642204762946326,2.540090009669367,1.0989725218783037,0
3068.0,302.27064415897826,-76537.93506129656,40653.81390576958,0.568892117667118,0.500299888206156,0.26658914599796035,2.5117118097512137,1.1059265224300456,0
3070.0,301.0206793255538,-76850.43185002066,40485.70020135021,0.011963717634048394,0.49962189401381063,0.27855205121647875,2.5494620314362146,1.1035215972538677,0
3072.0,298.75591485014394,-76899.6563235235,40181.101275510475,0.026353862558180032,0.4999140963198606,0.2707822700034658,2.655377104417307,1.1114904354226367,0
3074.0,294.7461807102579,-77020.86588525772,39641.81309558122,0.04143032278738353,0.5005388796377118,0.26537145449531063,2.554069287130507,1.1110621670370093,0
3076.0,301.89059369661805,-77011.85870627186,40602.69911486893,0.17293884451051822,0.5009776353268951,0.2776784184030656,2.445486725344142,1.1003150207417958,0
3078.0,300.90592517336785,-77287.46757306193,40470.26637064905,0.1983215336282815,0.5015731382088287,0.28167814927459855,2.52881215390119,1.1077322389832525,0
3080.0,296.2453392440748,-76467.18361472955,39843.44204376643,0.3290919352623369,0.4988887144419478,0.26769555171461024,2.5852545285372543,1.1155115273979175,0
3082.0,297.6091522126237,-77183.31413849734,40026.867724351214,0.7597928243937249,0.500334201445008,0.2581073667961129,2.5185551979666227,1.0993919823724156,0
3084.0,300.4988030125374,-77045.0885614386,40415.51057850335,0.030652951174479602,0.5000364801901074,0.26599543868872577,2.5496394266341302,1.1172910525243795,0
3086.0,301.48960056441194,-77005.62024326564,40548.76764487932,0.17458547876012,0.5005497617845609,0.2718986988398602,2.7613496705236793,1.1168737811157072,0
3088.0,302.5901425302363,-76852.10473254346,40696.78475847829,0.3716080283076879,0.5008248855321734,0.2678150418884223,2.69543308816578,1.1093343110660177,0
3090.0,301.22062228336705,-76686.1737834909,40512.591478937975,0.07057723452175306,0.49937029424057017,0.2641005114118616,2.586407968822487,1.113473488716021,0
3092.0,301.7699778652498,-76497.08773729822,40586.476919107314,0.12707424662667077,0.5003914360327074,0.2726925261278551,2.619417622406573,1.1194530858160974,0
3094.0,301.63323830691877,-77057.8218578319,40568.08616676213,1.5411579620125776e-05,0.500913654294906,0.2707608327319049,2.569954509954207,1.1187266197226735,0
3096.0,301.4207530922319,-77099.83516866597,40539.50802150545,0.7530931841228398,0.49992976987590776,0.27591835264210207,2.6336015154377472,1.1262323841578454,0
3098.0,302.5477841373466,-77777.44951998803,40691.08777713007,0.6097651653561311,0.4998896969102133,0.27046033877762393,2.6224062896385365,1.1273023197315468,0
3100.0,300.51546269741317,-77383.48599048157,40417.751218611,0.2121006080923767,0.49907578374855754,0.279156467362522,2.5510882485079462,1.1214525969397682,0
3102.0,301.82858703904384,-77049.30901419162,40594.35954512686,0.07330057927225725,0.49954153506831545,0.27149375201165094,2.578647654493798,1.1149988049505282,0
3104.0,300.5562730826933,-77229.46974154294,40423.24000106692,0.019319737592255214,0.4985955288186035,0.2733352770208666,2.735692790442991,1.1054634181667362,0
3106.0,301.5037896017159,-76948.4764456983,40550.6759958661,0.41005574176973747,0.4997159550521138,0.23365332571844827,2.594956251172341,1.1023198563907366,0
3108.0,299.2127494482771,-77767.27930768311,40242.54312934943,0.8668878325863604,0.4988605143697456,0.2531579806898154,2.600136089924373,1.099572752305416,0
3110.0,298.33526337346257,-77766.05749778775,40124.52586144811,0.9787408373859992,0.4997694515334701,0.2753793387286698,2.5195838900508614,1.0996082236082163,0
3112.0,299.30121249978305,-77293.60394825717,40254.44094510811,0.005058059492002744,0.500203767665462,0.2679788757489525,2.461878266600258,1.0916281193912736,0
3114.0,298.72899036132,-77355.23916138685,40177.48007318962,1.6307933007966102,0.5006957830366456,0.27634583914140887,2.5279956932424827,1.0921304854471119,0
3116.0,298.5074612903201,-76870.43466195487,40147.6855767634,0.14795706509511,0.5003826718191416,0.2751165776915655,2.474318752092022,1.0850313434366512,0
3118.0,300.0529502103765,-77559.80535133777,40355.545718538706,0.2420578468674406,0.4986393616207686,0.27130929108786817,2.4825681390548118,1.0732473987677837,0
3120.0,298.4761553191715,-76907.12760422449,40143.47508808442,0.00956416069737527,0.49991001193995055,0.26507176182480363,2.468026537080379,1.0860105058632177,0
3122.0,301.451258664684,-77249.14779020206,40543.610860763976,0.0039292059455920455,0.499851066009808,0.2571432175410838,2.430512220226791,1.0903055329049596,0
3124.0,299.4280967850044,-77677.32881271024,40271.50621498672,0.002795530285391533,0.49984153375987406,0.26482380553819906,2.541528782134289,1.103484445295736,0
3126.0,299.8988938006964,-77070.84665514436,40334.825940647104,0.50482685702662,0.5004797940624197,0.26540007070785077,2.4094012718352307,1.1011988029633957,0
3128.0,297.9889760015012,-77573.30635938072,40077.952028859094,0.1604324607295281,0.49956686697344505,0.2576038398587019,2.5234133384439814,1.1032840147694751,0
3130.0,297.1726108309828,-77067.72650128987,39968.15520153652,0.11187817582293255,0.49960476216621064,0.2744723528691063,2.4878489122214695,1.099082087635621,0
3132.0,302.3318713119123,-77154.7381036221,40662.04863623204,0.32480285916788837,0.5020943175265836,0.2719899828880822,2.4958999088374196,1.1200987645824512,0
3134.0,299.2430374719524,-76876.73386077478,40246.6167094402,0.024361402763961412,0.5018765125475892,0.26873902170335406,2.54074193496934,1.1061080860379333,0
3136.0,301.90315160645736,-77565.16796713741,40604.388087779516,0.6515427343375856,0.4997976195562462,0.2649493662087156,2.528186817631714,1.115058630842213,0
3138.0,299.78940740011274,-77255.8159756927,40320.100594866584,0.13684397625927602,0.501394216988331,0.2754982131959951,2.5420367789385736,1.104247429460468,0
3140.0,301.2843481658525,-77796.04570981057,40521.16227540004,0.3510143032336206,0.49946768395013724,0.26396897238402534,2.5743856621348438,1.108167882545729,0
3142.0,300.81161224296403,-77623.76910870487,40457.581776906205,0.0003566509820050122,0.5010404615470557,0.2669519617676658,2.4938242406087534,1.1107058053306105,0
3144.0,302.6176082715196,-77531.93502643378,40700.4787564119,0.5042992534236926,0.500531226702458,0.259935696057114,2.5040234730853665,1.1111704316793423,0
3146.0,304.98311921744914,-77463.75475047459,41018.62755334668,0.3003501795608508,0.4999768074944036,0.2674726630298924,2.568660952483841,1.1111608028565583,0
3148.0,300.1781800578294,-76771.94503985788,40372.388475227715,0.04047491443580542,0.5021527513147456,0.272158157986509,2.6544385197264053,1.1262273524484263,0
3150.0,301.79578779097096,-77502.02996862994,40589.94821854531,2.8586603466207612e-05,0.4997608663864412,0.25795630924046337,2.589119745911735,1.1100818759642197,0
3152.0,297.9000197444475,-77439.06647045212,40065.987879544904,0.01427834098278863,0.49920125323739595,0.25916706150808977,2.61286145047855,1.1205378401814325,0
3154.0,299.9304679939513,-77083.18809767696,40339.07250379048,0.012022350963276751,0.5011309142235505,0.2796293124761351,2.5976800371638347,1.1308374027756396,0
3156.0,298.7753693721915,-77296.20994566346,40183.71780653733,0.526381338195818,0.500391083166587,0.27709503721353457,2.7422925242536103,1.1283963475039005,0
3158.0,304.00913596941035,-77423.50970131031,40887.63192251632,0.7371608906012185,0.5011041230552707,0.2667967686118117,2.649610527625269,1.136752689871659,0
3160.0,301.17550010477186,-77594.07155078289,40506.52278292968,0.7576404950459605,0.49998149099923156,0.26009874912804504,2.532370676787086,1.12866208020094,0
3162.0,302.21950162417954,-77638.66126990318,40646.935503474975,0.08286986054156874,0.4997816525734985,0.26216131069138215,2.569182427604465,1.1219920718845333,0
3164.0,295.82061639106524,-77056.22316142195,39786.319050973594,0.14546510661939213,0.4996999161623222,0.2737461500725353,2.5003776432163023,1.1369008579903452,0
3166.0,300.47790050607375,-77196.73009482771,40412.69930117835,1.797153704737533,0.5009099485777575,0.27432112616801896,2.5685364127312864,1.13079213454068,0
3168.0,295.4064463545535,-77696.45105820126,39730.61535656906,0.04272300864776364,0.5002759038488183,0.2568219298903913,2.520827178137912,1.125036167261565,0
3170.0,301.3082595794544,-77472.93003689742,40524.37823493028,0.8503034999331717,0.5008789913273417,0.24549891798237633,2.4944349590832915,1.119155880033086,0
3172.0,301.10272689350126,-77368.25779043545,40496.73516826881,0.0402371143415776,0.4994825883262001,0.2754495226855807,2.534752298900076,1.1170110895497931,0
3174.0,296.2189050275807,-77769.81307902664,39839.88678049869,0.009981538574401207,0.4992016898127264,0.2652530829834382,2.595911860513808,1.123689626704899,0
3176.0,300.7118064377006,-77522.75227345899,40444.15842034711,0.7084984026798173,0.5000778220568007,0.2618468546779471,2.5248897069371257,1.1163547914466285,0
3178.0,302.68186815683487,-77702.34678211063,40709.12137344963,0.40954486406093216,0.5000880680648951,0.27092861603518403,2.5772121614294887,1.1233676338416496,0
3180.0,295.4315786700146,-77602.49656997318,39733.99552098634,0.03901745749101895,0.49899255933578734,0.2573216140195158,2.609789432595799,1.1321681347668693,0
3182.0,301.39863471686056,-77219.80864936893,40536.53321619894,0.1009080850916482,0.5001437561555105,0.27620497544735356,2.5149951839526197,1.1295515566994985,0
3184.0,295.10055369688865,-76839.22354414559,39689.47440087206,0.3586928970273577,0.499163913743922,0.27498444152288093,2.503940476266975,1.1410484458765011,0
3186.0,300.9417799079218,-77281.73264154524,40475.088644112795,1.0823846335795184,0.49986916368038453,0.2621410517062042,2.587131090794744,1.1407083236405864,0
3188.0,298.0726280264982,-76856.6418111521,40089.20278682314,0.24275112467350032,0.5000658431171505,0.26336625091509447,2.673142628870816,1.155968839573471,0
3190.0,301.10897847468317,-77285.73625217692,40497.57597310017,0.057667281815843185,0.5000950474998527,0.2770625898756285,2.624214115721495,1.1480523803861549,0
3192.0,301.81601717110755,-77594.35360248794,40592.668963915035,0.2404356524003539,0.49955247536654424,0.2693655039364957,2.6367480041572384,1.1458722610079963,0
3194.0,303.9654134993117,-77120.87193554325,40881.75147994858,0.1388251822376117,0.5006135807070716,0.26775445206107984,2.6301499745045613,1.150604962832686,0
3196.0,301.438856314963,-77241.36794759077,40541.942809872184,0.07471966547732668,0.5010819155061177,0.27118710185321815,2.541884326990458,1.1588153885892545,0
3198.0,299.317362129279,-77970.33134049375,40256.612985446336,0.02424703596443397,0.5030515160913843,0.272660732062851,2.535776717612426,1.1458500123282305,0
3200.0,298.63241862824646,-77212.31997533096,40164.49168235248,0.2071915439422538,0.500981517147864,0.27297115141664197,2.5158596150694907,1.1405559680513304,0
3202.0,296.9576990515413,-77047.46190515405,39939.25069606632,0.16259212599963502,0.49943237131570234,0.2495595362474599,2.6379151976364277,1.138101111110586,0
3204.0,301.883643653668,-77063.4473792481,40601.764370598554,0.10399651007635845,0.4981189172423258,0.2498835237213447,2.487798733604859,1.1369635074066269,0
3206.0,300.5787880482121,-77255.73222358432,40426.268145665104,0.6736110279761934,0.5004711332697461,0.26110213446034025,2.7026986944459193,1.1273056929126404,0
3208.0,298.5304782277957,-77510.00653121411,40150.78123395305,0.14169607045089208,0.5001019154341826,0.2628802725686096,2.465513749511441,1.1272355456366274,0
3210.0,296.2073514020363,-77221.3740724827,39838.33287855056,0.003355662585868434,0.5006196376717744,0.2663074601604061,2.4782479074880603,1.1255937517323626,0
3212.0,299.62152144292133,-76887.02552286722,40297.52081547702,0.021214209787202194,0.4991166517148254,0.26905127736713624,2.4982901925539056,1.1249666984472533,0
3214.0,299.94342963538344,-76414.45056127931,40340.815776479634,0.015643218361924966,0.5006202435198138,0.2698500510204268,2.4938589475676496,1.1192358117558379,0
3216.0,300.25051188785113,-77437.8348758613,40382.11672642904,0.1440979478934174,0.49734682454968404,0.26208816870400564,2.5188863915929405,1.1202606201689478,0
3218.0,296.5746700065265,-77300.75388973951,39887.73530144419,0.08771291733956312,0.4994053976669039,0.2734842112327434,2.5430441570931577,1.1238111400943236,0
3220.0,301.3058470059758,-77381.73434380337,40524.053756469904,0.2747547874648265,0.5009430140817734,0.27006097562419207,2.553017012560364,1.1278897574186115,0
3222.0,299.4366986694234,-77919.23863533488,40272.663123258055,0.30889462297683695,0.49955160360439604,0.27081661492126524,2.491925623477772,1.1305464588385488,0
3224.0,300.853676627401,-77473.75664558739,40463.23921566186,0.08961014934015295,0.5005125744241257,0.25848753222587195,2.5249808729270056,1.1204688378708003,0
3226.0,302.98618464355707,-77530.941958496,40750.05034243398,0.04703046478707558,0.5016410857718366,0.2575894656999481,2.592534235332842,1.117656345143839,0
3228.0,297.5243379572284,-76935.33797056379,40015.46065250343,0.14949258133023371,0.4988780749470311,0.2649274620624347,2.6643305470767142,1.1264488223771623,0
3230.0,296.4726409169835,-77064.73929357214,39874.01292482771,0.06767641891581587,0.5005007290240814,0.2658334884898602,2.5869506438487817,1.122910658793352,0
3232.0,302.09884553992623,-76518.5934506366,40630.70789391176,0.029911937974378643,0.4993389579421499,0.27293934244472284,2.6574007465563994,1.1119640478470396,0
3234.0,304.1692159701377,-77213.44180846156,40909.16184176373,0.20168136217189295,0.5004483545590951,0.26490055334656837,2.5846102523681957,1.1087665545220122,0
3236.0,303.6189486031386,-76427.79262381792,40835.153771285564,0.02916940387252752,0.49910026131680396,0.265248326636793,2.591845763033221,1.1143869372917574,0
3238.0,294.65876558008796,-77455.56008891063,39630.05621973784,0.04380803540916894,0.4997629475793566,0.27420647476108173,2.6511204139424924,1.1139634478661582,0
3240.0,297.0701887584118,-77586.18342777505,39954.37997076699,0.3730128768505212,0.5004530416249737,0.27500916760414895,2.5073659599871814,1.1092543145180387,0
3242.0,300.96964840317844,-77429.79419019294,40478.83681034028,0.04346717846376255,0.49956900117913755,0.2525481991117842,2.5046601991072515,1.111957270217203,0
3244.0,303.6241025307414,-76735.7144956271,40835.84694747616,0.5826499945071165,0.4990291006686692,0.26011274726803174,2.385577216518601,1.1056890284658554,0
3246.0,304.37176114643495,-77717.8797602161,40936.40310406894,0.0704724473466852,0.5012564235323164,0.28226474750744324,2.411435215581095,1.0915147195653683,0
3248.0,307.3516245243017,-78030.71172580076,41337.17907609717,0.6269204645029245,0.49990956368071593,0.2640170654420776,2.383457108466062,1.0811805421508602,0
3250.0,301.05449514388727,-77473.23302717309,40490.2482512921,0.024398194519271502,0.4990313374827658,0.27690824740367487,2.793301528487625,1.0862651300903041,0
3252.0,300.95929215300845,-77014.87334123615,40477.44394909058,0.007517953451510317,0.4986649639625488,0.2720432027454541,2.5520650203598105,1.0923916899459991,0
3254.0,296.9079397227123,-77151.21551049454,39932.55832770909,0.19127752393745465,0.5008294066402015,0.27136748198644745,2.5537749762884787,1.0962566426622502,0
3256.0,298.6359727957579,-76704.89493990934,40164.969699213834,0.06048070088936982,0.4983954724108187,0.2658643261663066,2.4793300456924334,1.0821206452175172,0
3258.0,300.6643663165562,-77365.29696188413,40437.77797324138,0.21681347170383317,0.5000071460041687,0.2551692410138281,2.4861375411405398,1.081057997438047,0
3260.0,298.0208154595584,-76868.42878436577,40082.23426872502,0.030045878578976268,0.5016519283640822,0.2709750848317781,2.508328517467196,1.0802148435535204,0
3262.0,301.8713271644083,-77511.29318764701,40600.10786748781,0.5741599283884667,0.5019581481369624,0.2677673731026111,2.516741533502751,1.0830749364915653,0
3264.0,303.54982859351435,-77485.43577253749,40825.857493056996,0.5338744223838657,0.4997012822384073,0.2655097835742927,2.472904146933702,1.0983104130393044,0
3266.0,297.1941149038776,-77005.64471365523,39971.04738638667,0.10592048397619425,0.500926183268663,0.2646203345034489,2.5599483976672532,1.1065669834860232,0
3268.0,300.2202407982509,-77118.03824767389,40378.04542388243,0.44181603544777875,0.49956208067234964,0.26625480063567786,2.471151284017912,1.1046818011596424,0
3270.0,300.44400967054537,-76886.47192286141,40408.141161817795,0.1675262197737347,0.4997947456762229,0.26845715618407223,2.3973609455541225,1.0927890096316955,0
3272.0,302.5606021327345,-76101.32486435142,40692.81173018081,0.02266587262988843,0.49921959988723874,0.26022785625884504,2.4186885049887668,1.1007947544997654,0
3274.0,301.8207121249495,-77140.61345223349,40593.30041054565,0.08848337140978801,0.49918600321460055,0.2664249578248578,2.46328413885897,1.1010130723423082,0
3276.0,303.5904809621066,-77607.3555845858,40831.32502309841,0.009624964588518274,0.5006047801569119,0.2645419667849188,2.5351299379759245,1.1064049895572736,0
3278.0,299.6088732118355,-77404.41657340468,40295.8196948332,0.001625005761840077,0.4988901670960944,0.2766524746767713,2.4685970516926172,1.1080208905398299,0
3280.0,298.1110935521344,-76436.43741581182,40094.376197973776,0.025847017706317643,0.49852937260699975,0.2728335479941883,2.617121732195966,1.087045354554132,0
3282.0,303.9531459960852,-77075.63247904798,40880.10156520199,0.0886643985572168,0.4999991054382439,0.2713025107653041,2.5167734384993548,1.0981210341101146,0
3284.0,295.868174012881,-76677.53857982659,39792.715301302436,0.21291656870458844,0.5009372959675565,0.26337657963409666,2.514826960072835,1.0895632044692058,0
3286.0,303.1517462467733,-77394.45405090414,40772.31750842299,1.0313910029926905,0.4984206948764794,0.2737331739150672,2.466276847657003,1.1008051941077732,0
3288.0,301.4592504167874,-77183.12111092592,40544.6857094437,0.0022384307706128886,0.4997866540005064,0.26203357194299765,2.539130337157185,1.0870721612867977,0
3290.0,302.1970680973226,-76445.544161606,40643.91831194905,0.06768924633982602,0.5001634211181946,0.2731783196252332,2.539169041749631,1.1092965463144255,0
3292.0,303.3011365801612,-76830.15380458103,40792.409723562734,1.0127811166042813,0.5003717883927451,0.2786606394787078,2.5345341170054274,1.1137357776691148,0
3294.0,300.1966829243674,-77507.96691488451,40374.87701358728,0.008818530961963169,0.5013238203634395,0.25931419214642315,2.485122292532748,1.1039537362587173,0
3296.0,300.9595368914728,-77381.56583815347,40477.4768651285,0.0006746491744217721,0.5005812084043474,0.275858631954904,2.4218845862841176,1.1045628538149976,0
3298.0,297.2259403341103,-76996.04371714522,39975.32773958389,0.0028857774983371905,0.5010528885773797,0.2522470705224751,2.550102108721593,1.1104870334993182,0
3300.0,296.72032806083877,-77418.98445667874,39907.32554465277,0.0251502614300679,0.5003670276243137,0.2639416630798168,2.4748599843255126,1.109954114276063,0
3302.0,295.1669566081974,-77073.97080411506,39698.40524364926,0.26005627770095646,0.5001800713379234,0.26499628663029307,2.601341956740238,1.127452032102441,0
3304.0,295.280500822312,-77583.3904533115,39713.67634403526,0.005711185169922898,0.5011990371578722,0.27431806946484183,2.506981956604231,1.1213983410982205,0
3306.0,295.3533799105938,-77120.92491071334,39723.47819859799,0.002136872600165587,0.5008824151457566,0.27566030149786125,2.5116693305249846,1.1217311887136852,0
3308.0,297.67402932517297,-77388.50987517089,40035.593355209814,0.05515433023621695,0.4993464579131451,0.2574621562857666,2.4722597736685237,1.1266273317593178,0
3310.0,298.45515856779525,-76795.93236721738,40140.651135313725,0.05981620499438471,0.498682168202093,0.2682905098025701,2.536692746280144,1.1380708755127196,0
3312.0,301.1746404204589,-76807.29393654945,40506.40715990524,0.36066459748101587,0.5000149555219947,0.2679330414909996,2.4792983042575503,1.1410242291066135,0
3314.0,301.4950511295511,-76772.81969533279,40549.50071726041,0.02547418771549584,0.5011865597826026,0.2538260447814591,2.479468574190062,1.1423639296432841,0
3316.0,296.40828375036256,-76514.41251138411,39865.35722396536,0.020154740580982596,0.4978520570549926,0.2500696386072728,2.5945237590925805,1.1598914091827606,0
3318.0,301.5811923423332,-77376.17560245481,40561.08625790663,1.5367962406884368,0.49991900626121644,0.2778718918916565,2.635338392936119,1.1608629122049325,0
3320.0,301.11588287177443,-76705.16394231457,40498.5045782423,0.015964973400656588,0.5001273402556776,0.2747298494490853,2.675246273355195,1.1612242578638623,0
3322.0,302.6052977041181,-77026.92422249401,40698.82304975997,0.005872419569927918,0.5004037917197666,0.25527066820059563,2.6473834516219297,1.1597941424631042,0
3324.0,298.44594966948216,-76975.05684160162,40139.41258686209,0.0007773571372264406,0.5016650528627618,0.2766589185531019,2.5716649049037703,1.1646669021451845,0
3326.0,298.29705637923627,-77014.45560399815,40119.38722141412,0.10721390186858382,0.4991004804809156,0.2711285169233,2.555170307069517,1.152950233697897,0
3328.0,296.3715144714408,-76509.41875684867,39860.41194908795,0.020987567025034355,0.5006312530336984,0.2666002081821838,2.581598379518817,1.1527804956813157,0
3330.0,300.328388625944,-76856.86055892613,40392.59073864027,0.020849486657913606,0.5007157876809545,0.26713267026283405,2.5236432127964594,1.1573543342576875,0
3332.0,297.6126167766054,-76680.16343863867,40027.33369000848,1.1429903315937167,0.5009838129496613,0.27158342757858533,2.6081155126242255,1.1720017276029664,0
3334.0,300.2453538766234,-76377.09856940527,40381.42300101234,0.02958177877065332,0.5020393647024141,0.25517811802168555,2.482926254048005,1.1629067203522871,0
3336.0,298.6825949071372,-77051.75565932761,40171.24012830291,0.13058748484162855,0.5005198145385134,0.2795658301310485,2.6294137974194087,1.182249693408346,0
3338.0,301.2088469871549,-77206.15811704413,40511.00776344941,0.013534577594068514,0.5000553600778731,0.2771276811824136,2.612096228176231,1.171208137092674,0
3340.0,297.55010988309533,-76728.90337086329,40018.92684116063,0.4179118089192009,0.49940588407229025,0.26234209748176884,2.59125710955116,1.1721494655919913,0
3342.0,297.91315626807983,-77440.76155053684,40067.75467297138,0.05767635286915285,0.49998060949416884,0.262576416391381,2.7051531196299097,1.1750060335187855,0
3344.0,299.12679716768736,-76735.23544563155,40230.98299909069,0.08433002681121127,0.5010716967969993,0.2762502241117044,2.746180422186483,1.1865919010583508,0
3346.0,303.07639581550643,-77488.02004201559,40762.18327120996,0.011126577620483582,0.5014190379863696,0.24892265249315526,2.6918271599409747,1.1867370387653988,0
3348.0,302.3163117576499,-77256.66022521467,40659.95595791323,0.04742118067436319,0.5016669773762098,0.27164570870162796,2.6825204592739227,1.1909250834787308,0
3350.0,301.449225258795,-76553.40417787107,40543.33737835276,0.07615782990279119,0.49960798789516714,0.27175130591988017,2.7933347478042774,1.1734065125449398,0
3352.0,302.0964543365063,-76702.80318807915,40630.386289612026,0.2751704405234272,0.5010201098097566,0.2755463082422265,2.7212709960520503,1.1757843024677541,0
3354.0,297.11779596228774,-77169.12036795716,39960.782889622475,0.3075168524662633,0.4993368393011442,0.2732025424305244,2.65765672930836,1.1741697383361454,0
3356.0,302.76487742261196,-77126.19522406417,40720.28568367481,0.10904141201723462,0.49912490201583476,0.27708351938970016,2.6875068496033396,1.1746879399832144,0
3358.0,304.05620578291104,-76816.14795042924,40893.96256518908,0.015776470147821735,0.5001897645020317,0.2719748941481961,2.558435490868082,1.1791948340765173,0
3360.0,301.34762212394855,-77188.36793004454,40529.67229040555,0.43305092541484475,0.49836769358263444,0.26785415457548156,2.599808426225389,1.1719318464237314,0
3362.0,301.5793832990532,-77081.70502831857,40560.842951087805,0.0008857807138134073,0.49900810057378386,0.27391394991316,2.6154034032426363,1.1846055871302372,0
3364.0,301.38769095220545,-76899.6813271069,40535.06133733702,0.0971308469547007,0.49928325275814733,0.27439649748092665,2.6368573689052037,1.1760723634185712,0
3366.0,296.75192805743154,-77817.2857233038,39911.57557820955,0.19126728110770988,0.5013327585211734,0.2660310753495,2.5723908245557263,1.168236370408409,0
3368.0,298.46744921042165,-76904.81188856205,40142.304162188055,0.11182264044916641,0.4998812306045741,0.26661469471272503,2.527544424675261,1.1685659986398904,0
3370.0,300.24644751640744,-77267.20785934816,40381.57008981875,0.3046370960479933,0.499489615297972,0.2538295669216126,2.6679754359849097,1.156291772200637,0
3372.0,296.8925945251265,-77137.28904741665,39930.49447923735,0.3936629073159294,0.4998640367677964,0.2648643768766839,2.6042048497002313,1.167699929804251,0
3374.0,301.8987853666812,-77885.71578925848,40603.80085146412,0.0010004806226912564,0.5007824302290869,0.25939734789606583,2.5687213488221445,1.1525998328565938,0
3376.0,299.9287965290512,-76740.9029401429,40338.847700541104,0.14856689163691422,0.5006229769805411,0.261970020946659,2.541104878761057,1.1500413734457346,0
3378.0,298.5765708223664,-77388.60008123692,40156.98044581276,0.6033058563943823,0.5013843503025329,0.2760758928780517,2.6175201293923434,1.1549381297491113,0
3380.0,299.4152180048715,-77421.4215497151,40269.774086707075,0.00665344540973036,0.5010055515251788,0.26064294980626435,2.55551051670378,1.156729828746229,0
3382.0,301.41342697732847,-77002.33965192176,40538.52269753274,0.5019926762431025,0.49920668128369133,0.2829217527926002,2.5219846103148993,1.1519852980454062,0
3384.0,295.63387728405036,-77300.70798903215,39761.2036219625,0.8119684053139673,0.5006068833571611,0.2571410525005895,2.5733317426357374,1.146126156722075,0
3386.0,299.56659937325963,-77255.42538076849,40290.13408559606,0.4656127087101567,0.49958153471783096,0.28010515448091167,2.63128587194399,1.1507265447778317,0
3388.0,292.8540323728297,-77378.16552920872,39387.32908306342,0.7050871504991774,0.5015139047246198,0.2674390396768125,2.67039776290037,1.1515075489744713,0
3390.0,300.31940205787066,-77350.57659617066,40391.38209243805,0.49297837861287025,0.49981551437231103,0.2715858958351956,2.583520666807428,1.136261357681324,0
3392.0,300.7474686199858,-77654.3979237033,40448.95479654212,0.053403114557023845,0.5011696123214641,0.2562604671752454,2.755882672333994,1.128346864485902,0
3394.0,301.0257371604929,-77059.54569003021,40486.38045358229,0.013835924389291258,0.5013790938071736,0.26459181562168155,2.6333541705265446,1.143447408922538,0
3396.0,305.58100244283884,-76992.03608696815,41099.03970666711,0.006723857084845154,0.4994879924576,0.27486396204284935,2.6346960863505364,1.1393619061916611,0
3398.0,299.03378477250055,-76661.7532064633,40218.473320503224,0.007947986574166616,0.4990158450488116,0.2675088749226935,2.7672656934349344,1.1299722584156084,0
3400.0,297.55453229717216,-76490.84389978659,40019.5216326244,0.10352323137947442,0.5001499412179746,0.2537681471210349,2.6336248568350222,1.1258753801751795,0
3402.0,303.51111401558694,-77194.20551859646,40820.65058568139,0.021455014691832613,0.4989853222883905,0.2642089456151124,2.6484472816673272,1.1197257688166007,0
3404.0,301.04598562585886,-76356.98499796016,40489.103765815125,0.008899237225486311,0.5003620036689421,0.27202161038976536,2.5458491772525895,1.10915131059362,0
3406.0,298.584885873106,-77395.03426435904,40158.09877646086,0.04364228141970669,0.49977663884843476,0.27174887618551363,2.489594913125378,1.1052462613231164,0
3408.0,300.52595252157766,-77546.32795801887,40419.16204486135,0.11687389936043079,0.49827295961194534,0.2629536742197411,2.5279459237750403,1.1036898551046979,0
3410.0,299.43517740467865,-77006.00645713334,40272.458521140616,0.0927067979676232,0.4984263817261955,0.27258367080377105,2.5405488283563913,1.1060053095530091,0
3412.0,300.7755553992071,-76633.40107064974,40452.73232081628,0.05428367010489939,0.5012214078606656,0.2704136536967503,2.6454577283303067,1.0943128155982915,0
3414.0,298.1733554697329,-76558.47791415022,40102.75009884829,0.002357615624472392,0.5002148840427036,0.2670940221163782,2.6798350006384464,1.099057082016114,0
3416.0,301.0919866953545,-76998.22988270398,40495.29066803299,0.2302054031941323,0.4993576100360339,0.27284248369260317,2.614332591460469,1.1176630157862155,0
3418.0,295.15170588631435,-77908.06610513583,39696.35410166329,0.47507568283850354,0.5004026371211338,0.27699256623467694,2.5585002347814765,1.1169498243589822,0
3420.0,295.5361981566311,-77274.69684672775,39748.06629240266,0.012219527450511459,0.4990379770320591,0.26199951494731366,2.561293402182028,1.1087896819208352,0
3422.0,300.5311055330136,-77116.87062935252,40419.85509783231,0.2546054635162005,0.5010679903469463,0.2782359240551061,2.554815284362633,1.1231370917335537,0
3424.0,299.4764228959474,-77157.70074754767,40278.00582306653,0.18471807668705537,0.5015183462814707,0.25124493217265065,2.6507862563342686,1.115792652630571,0
3426.0,294.9879869547899,-77121.1406419297,39674.33476533784,0.09215096727061972,0.5003047668954715,0.2587236709652342,2.576364919929413,1.09751833465787,0
3428.0,300.1035013453697,-77245.0847251967,40362.344580665915,0.9010618296693177,0.5000303814076208,0.2792725512773444,2.6326131597587814,1.1168147345206214,0
3430.0,302.36018647660353,-77095.5845009737,40665.856877152255,0.032555603911179135,0.49883975714059453,0.27911258273564016,2.65396757338717,1.1070543516742937,0
3432.0,303.19975414372453,-77117.58945119474,40778.77431839239,0.01466736119131355,0.5001768363659952,0.2694290577903594,2.6496753699699833,1.1043208886173146,0
3434.0,298.68616124529564,-77075.91400693613,40171.71978205236,0.8457924040655148,0.501652500327653,0.2717636986264066,2.7223159346368373,1.1053103173144865,0
3436.0,302.3415861150343,-77444.90364323778,40663.35522622311,0.06845038706885717,0.5001443039457485,0.2636658589005749,2.7420288387519323,1.1028618851960996,0
3438.0,304.75519971261434,-77295.88593071455,40987.973577136625,0.07684800995265455,0.49885152180610565,0.27515328982271775,2.8022686759230067,1.0990271134169647,0
3440.0,296.83761913728785,-76984.9311122573,39923.10057834165,0.2672858496962824,0.5014481113802783,0.2604455195526275,2.759321907098033,1.1093872939256917,0
3442.0,299.1826366531893,-76617.44337464019,40238.49311658327,0.003812243998131352,0.49939695733889605,0.26412381619174546,2.55436844772884,1.1000690512373328,0
3444.0,299.22749012214547,-77223.2285813411,40244.525672556556,0.27173935405963606,0.5011104863940807,0.26173784507218345,2.5585834756794363,1.1043286544628907,0
3446.0,299.134196197109,-76836.80995137698,40231.978129683106,0.2376426387505537,0.5003758752720127,0.2612012993333308,2.7634708296281265,1.1092832117957412,0
3448.0,300.0575235016979,-77172.15482292138,40356.16080219936,0.25610063773652664,0.5005207413918288,0.2671505707568923,2.6121095277694577,1.1196033373944665,0
3450.0,299.1092485756229,-77025.16749734106,40228.622805635314,0.2977668213716064,0.5008843904911466,0.2769692814069189,2.7140087372211172,1.1262762499506778,0
3452.0,299.8065155876575,-77368.76998193364,40322.40155622737,0.8053674524361466,0.4995494018083433,0.26757178035636797,2.696522643204018,1.110210901853609,0
3454.0,300.5667325066742,-77166.57188920735,40424.64673865226,0.022630459992908806,0.4994815125543862,0.2709268789092061,2.5530042397034225,1.108012775128991,0
3456.0,301.4655422853989,-76911.34833574481,40545.53193272271,0.01399673449644641,0.49887174543046875,0.26401998586093,2.5108885120341515,1.1052355238077183,0
3458.0,302.7105191750245,-77237.58244955621,40712.97478490126,0.5968927338033012,0.4997874390500182,0.2700233927022201,2.627403496931705,1.1132822615623494,0
3460.0,299.1770044379212,-76853.48758186842,40237.735613213976,0.008710295407528365,0.5004534925055689,0.26128541602895716,2.681704330237894,1.1211219336126534,0
3462.0,298.7510165944274,-76990.0933905521,40180.44248584562,0.006572729364609079,0.5001470833450061,0.26548666075112193,2.5325781450790497,1.1162448569851973,0
3464.0,303.37483187835096,-77143.91538298607,40802.321354070795,0.04382358735775226,0.49759621037492496,0.2663036577477802,2.5522959091605957,1.1220273541259613,0
3466.0,299.2978411041013,-77276.00120642688,40253.9875100978,0.04656522434832545,0.4996519411506446,0.2685403987817745,2.500300633937731,1.1220351421375026,0
3468.0,294.70651930903125,-76766.81865265628,39636.478845445235,0.0536221125202938,0.5002181860326045,0.2539104976324753,2.4853912659508595,1.1148858291540942,0
3470.0,301.2161531175154,-77344.83646373486,40511.99039960606,0.2957234175313266,0.5009876181090527,0.2641845305657564,2.555742747085366,1.120008425224588,0
3472.0,299.90132050384045,-76633.95744471997,40335.152319473265,0.9414769428000296,0.5002290565526473,0.2652689829557604,2.54834886938123,1.110327275296745,0
3474.0,299.7559051887887,-76774.07606089208,40315.59472342019,0.06623446440973901,0.5001831034917846,0.2681108641767197,2.6546546937486832,1.1137816179322446,0
3476.0,305.410191187984,-77526.14906094444,41076.06649010749,5.845666138810673e-05,0.5008835488331983,0.2521245332273053,2.597625144058436,1.1261631287611706,0
3478.0,300.2083638364682,-76891.1479239203,40376.44803490864,0.09948569893825408,0.4996705924397042,0.2688175880489692,2.66972015686274,1.1216354022738282,0
3480.0,300.2214473517239,-76795.46767865284,40378.207698986895,0.0019210883693618222,0.5002774697411886,0.26220736864279737,2.774681943121582,1.122929365985314,0
3482.0,301.8748859918126,-77764.92019916559,40600.58651108028,0.007370697286899672,0.5002169714055392,0.25927293260884177,2.598539628264948,1.1279041434591586,0
3484.0,303.5702687339995,-77041.72169650334,40828.60658458655,0.4486281084338536,0.5004930460213034,0.2703564374364612,2.6570759699071487,1.1390990457883419,0
3486.0,303.82707152449996,-76330.71502929111,40863.145211003735,0.006791626448939018,0.500030721333788,0.2561651337710735,2.639242530503145,1.1458387967930665,0
3488.0,297.1939492967856,-76677.2225130467,39971.025113102674,0.08346383290708226,0.4996301611812917,0.2649021987398687,2.6604574736955073,1.1418430630597667,0
3490.0,304.67172457324955,-77924.38634857466,40976.746609360984,0.001044207903564228,0.5018808125431847,0.2727538529743926,2.6312417715308314,1.1349210821258284,0
3492.0,298.14983620676463,-77034.77908017754,40099.58688151844,0.09864758797596569,0.49993053455453174,0.2565595405246781,2.6376084380148064,1.150651251004205,0
3494.0,299.44420701131037,-77693.99512376473,40273.67295580287,0.07005586633825833,0.4991221314487877,0.2514768563476011,2.6029990087509685,1.1439596065325597,0
3496.0,301.4269648580671,-76931.16292182892,40540.343471381806,0.2044621982380595,0.5006317409610116,0.25622334910159983,2.611325173400353,1.1473129034346667,0
3498.0,298.2568954971227,-76900.89514631045,40113.985793722466,0.03789823937755854,0.4996855726104093,0.25984986060650234,2.618191434743202,1.156684388324754,0
3500.0,300.4607392997652,-76760.80071104027,40410.391209072324,0.04323545147574557,0.49919838888042634,0.26517249244375307,2.7315311939644986,1.1519011063578086,0
3502.0,296.2118572085908,-76025.842979245,39838.93888586454,0.004382453367256135,0.49939943479140836,0.2764008071418591,2.614600652306862,1.1392486165485374,0
3504.0,300.63485265786056,-76962.35835660878,40433.808541172875,0.43346188614317127,0.5007477304041684,0.27042740782332364,2.597860034525437,1.1392049585225632,0
3506.0,296.981764683932,-76600.11280842242,39942.4873972136,0.020433187415481214,0.49969637483061585,0.2758474168751543,2.6242116600270786,1.1406643202009938,0
3508.0,296.47847661092027,-76341.66531358822,39874.79779500912,0.10307175066221241,0.5013718943156263,0.27413935382044874,2.6415904156881127,1.1498459015059648,0
3510.0,297.7516646093617,-75984.56192505616,40046.03489313921,0.4799621697472206,0.5022648088163257,0.2695604798782054,2.7987769541849326,1.1519237261439472,0
3512.0,297.51740028464076,-77387.01999252161,40014.52757198183,0.002813603797397986,0.500608796880935,0.26879669663326866,2.6602273115663495,1.144437476899234,0
3514.0,297.25888016948954,-77380.77610005077,39979.75797441969,0.4769705406954867,0.5006629137643691,0.26058686105108875,2.582130989701433,1.1467839900686163,0
3516.0,297.53653139869925,-76884.79976412398,40017.10060633291,0.6089048609133637,0.49930225999946787,0.2561871446153696,2.6734918434149564,1.1259489606431354,0
3518.0,297.8712379947591,-77165.57879569347,40062.116885393385,0.11491716918884132,0.5014908718333776,0.2625753518460464,2.6567585879343323,1.125438664469279,0
3520.0,301.9381679602064,-76836.53707819781,40609.09760342876,0.6816796657669838,0.5008229517114005,0.26783913863260733,2.7160672941207533,1.1334144194809643,0
3522.0,305.4701567169215,-77276.07248498662,41084.13153876932,0.008483464742565412,0.49938422426544093,0.25643855885526845,2.6578073797952015,1.1337953022146905,0
3524.0,294.7326047178626,-76879.41625415196,39639.987195914524,0.15039398226501846,0.49829386257281977,0.2738145052417104,2.6505288838559826,1.1275608084172983,0
3526.0,299.43306755043704,-77358.04367897962,40272.17475682753,0.28676059210846616,0.49981916461379367,0.27397021702211927,2.696579597538656,1.1158879299797742,0
3528.0,300.43357232909983,-77600.50775873451,40406.737394217475,0.030062782236894958,0.4993240228392926,0.2753065268997978,2.5220116247422126,1.1123095301438963,0
3530.0,301.5406467951511,-77100.6761139183,40555.63309478377,0.001134627415550472,0.5012904608529032,0.2694832442959716,2.6344360526923403,1.1125402051404272,0
3532.0,301.3812184678311,-77969.19667673949,40534.19082218662,0.0019156368539402669,0.5013006984817597,0.26267450792370794,2.635002756094661,1.1147069570610508,0
3534.0,297.4552457999809,-78063.54451034206,40006.16812027324,0.9545802530792312,0.5010790934154096,0.27272986289466794,2.70668915286641,1.1220532587921848,0
3536.0,298.68035072236614,-77352.41276212677,40170.938297239205,1.1606460536761987,0.5003748826301421,0.2796283554028146,2.722368065056875,1.1174823439357564,0
3538.0,300.48944424237476,-76990.70266818488,40414.25187307518,0.18839558433413822,0.4991139535740773,0.28005683642779344,2.528594584121613,1.1143870646158185,0
3540.0,298.12266107011374,-77618.83925788477,40095.931968381425,0.19010865696291424,0.4985183814765075,0.2717029199370278,2.6449513938772538,1.1117610110520126,0
3542.0,301.8262962722724,-77543.02757753152,40594.05144902879,0.38086136851720537,0.5001708977086399,0.27758426865861874,2.964263853389528,1.1272065182628617,0
3544.0,301.31390482709094,-77020.07226440497,40525.137491084664,0.5632262006437336,0.5019718493584727,0.27187102819999687,2.853267734740612,1.1133896618829489,0
3546.0,300.5716770081707,-77526.83951598557,40425.31174813161,0.005733105751413618,0.5001315658073435,0.25789185997677877,2.633682040504361,1.102503227812051,0
3548.0,300.3540599406407,-76748.22821626556,40396.04339562355,0.433408697605063,0.4987536387364953,0.2579765438198704,2.6111764675902833,1.1082939946652448,0
3550.0,296.69796873937946,-77496.01823000622,39904.318333363044,0.03232652435003593,0.49919802923424483,0.2744564413902142,2.440951379617756,1.1002063852522137,0
3552.0,300.04013395105085,-77053.90069293638,40353.82199897923,0.05043894681774776,0.49847596123323146,0.2807459291473122,2.4107050549120013,1.1065691355219252,0
3554.0,299.5833940820021,-76803.59260393167,40292.39288570455,0.235547212387001,0.49938735349678026,0.26831703405486934,2.519205581849383,1.1150382934328968,0
3556.0,298.990501596007,-77322.92617077671,40212.6519606179,0.15895291298992695,0.5003639147134389,0.2722694668331571,2.6638101238992005,1.1292916716011414,0
3558.0,294.52624614712437,-77427.07921386673,39612.23305208757,0.13700742834267854,0.5012838678412165,0.2648958449851869,2.609175210466173,1.1369219856050232,0
3560.0,302.2228513554834,-77739.29263226781,40647.38602474024,0.8240465965994098,0.500673000369897,0.2778399143766207,2.665919634638346,1.130555936407388,0
3562.0,298.8231219537913,-76809.5573861259,40190.14027793305,0.03613437548578784,0.499453420537298,0.2719362904177258,2.6402480826957007,1.1311932445116133,0
3564.0,295.56406795906094,-77128.69089701283,39751.81463443808,0.6008009232934292,0.4994275802256914,0.26317824336088774,2.658680929284583,1.1394815911980867,0
3566.0,306.0203794880571,-77512.15903013619,41158.1336113381,0.49529851124012114,0.5001475690622665,0.2661671885150325,2.6363939175100954,1.1326616452969376,0
3568.0,295.72240510843244,-76287.2110073634,39773.11014933278,0.8999231750093596,0.5011208424127683,0.2738719506762298,2.610175308241346,1.1439255508187394,0
3570.0,301.03428898211325,-77080.32185944135,40487.530628670174,0.007903069810848654,0.4996210286992426,0.264280974326576,2.7332303303958723,1.1407467921284755,0
3572.0,304.0519256018587,-77605.24320133415,40893.38690332,0.14563180558617567,0.4992277096901502,0.2647776835383636,2.585358082411662,1.1580140477769298,0
3574.0,299.4668770048203,-77072.04223050328,40276.72195085153,0.00025346290386568936,0.499519938170779,0.27256058679851114,2.6603127270976104,1.164304679726573,0
3576.0,299.83286836962367,-77231.00211429421,40325.94586697886,0.06656657701074564,0.4994519469240322,0.27232221498922987,2.6647629511475595,1.1630980659202899,0
3578.0,299.2088451553766,-76789.58157218329,40242.01802246235,0.2025623620589487,0.50052671340403,0.27508965413327136,2.7516312105127887,1.1530944574011266,0
3580.0,303.3164040308513,-77029.00468338362,40794.463115485385,0.19306190616180174,0.4979378421940729,0.2843429489457626,2.689989442426164,1.163606375882576,0
3582.0,298.1173718808394,-76889.07644682762,40095.22060020649,0.002143231968191606,0.49922648396686437,0.2766282155774992,2.615182039210929,1.1530108117653728,0
3584.0,301.4084610392809,-76845.38564976933,40537.854804949864,0.5628598323208589,0.49950359944186,0.2638518778732241,2.674458370551156,1.1616091938203972,0
3586.0,299.0223242334801,-77771.56263458997,40216.93193820362,0.033698367960496675,0.501842303285628,0.28096982454855424,2.549943556898682,1.1390640590445327,0
3588.0,299.50336283922553,-77460.4938095815,40281.6291039303,0.00032092369921224076,0.4998849202812994,0.25825612873714965,2.6078497105581104,1.1487083645268903,0
3590.0,298.592261319389,-77256.05497027084,40159.090735245,0.6967600982707264,0.5014406864253244,0.2703548370038299,2.5535484450852035,1.1521294140485145,0
3592.0,302.6017557679713,-77483.31142161402,40698.346677952926,0.0008996475208220931,0.5016678995991538,0.27016222558935243,2.4857178446204653,1.1443583047662262,0
3594.0,301.2722519576964,-77213.17134161631,40519.535398940665,0.8816328960033044,0.5000535854540263,0.27082783220480044,2.5004264346613208,1.1446732460456754,0
3596.0,298.5270448097554,-76827.48936005868,40150.31945726131,8.248217504052454e-09,0.4998967067853202,0.2669325824366892,2.542790732122858,1.1610990687857352,0
3598.0,297.26653074107674,-77095.0864442276,39980.7869361121,0.00011902320300108757,0.500237394211388,0.2651331126421834,2.552978147755014,1.147986923864136,0
3600.0,299.2431976547867,-77468.94212150073,40246.638253190016,0.24675522137084205,0.5000140837537848,0.2548240517838207,2.5684978899935835,1.148820310354973,0
3602.0,300.0876811670551,-76545.84233817982,40360.21684978108,0.09509347973011048,0.5002718187562754,0.26135087444796445,2.546524193918614,1.1603558914386063,0
3604.0,296.4074232901277,-76648.04836799914,39865.2414965835,0.3321493431232868,0.49974935351142413,0.26759874873438605,2.6432894169165646,1.1689321249232927,0
3606.0,300.6160776630109,-76925.02693029377,40431.2834029848,0.04053287308178494,0.4982584376938213,0.27740654691188604,2.6361875444232643,1.1629784166688033,0
3608.0,300.48966156772053,-76777.98839100078,40414.281102192646,0.32645009988091306,0.5014763741458237,0.27243566048543344,2.703964611409128,1.1630454664300904,0
3610.0,299.836314592086,-77059.2087061049,40326.409365798114,0.12030715857863304,0.498732274022043,0.2658483478993323,2.7168246799833717,1.1596976145130435,0
3612.0,303.03801186717885,-77225.58779360086,40757.020831778835,0.17881039267587812,0.4999673868054855,0.2796514194736763,2.6836435784911266,1.1679616496815246,0
3614.0,301.6411617613503,-77312.69439320778,40569.15182976373,0.0007714194045149554,0.5001867792115657,0.2661844158822415,2.5810563907318755,1.1507949926775274,0
3616.0,298.87685293071854,-76972.84591321403,40197.366812097665,0.14502896607411062,0.49930899056556044,0.26931900885127724,2.617476280952947,1.151917306875761,0
3618.0,299.8299645068659,-76454.5495286925,40325.55531269103,0.031220587552766427,0.4993216439173395,0.24122523559190673,2.7094265117844123,1.1514591050011926,0
3620.0,296.4280943017064,-76910.20196571399,39868.02163906244,0.05946110390997101,0.5002559848342378,0.25007361772680836,2.6633003086531795,1.1494954498482917,0
3622.0,296.15840975680175,-77146.0861164513,39831.75048434174,0.8371970534189523,0.5000068361451976,0.2774307358950091,2.7099280686617453,1.1457912400672192,0
3624.0,294.8549866685507,-77342.11551427189,39656.44692544777,1.0440515156279575,0.4999764624418174,0.2569859087111342,2.627582287215252,1.146643261219458,0
3626.0,299.3761832405606,-76896.85467202612,40264.52411594472,0.10134746111657132,0.4990369146220626,0.2780307078360071,2.725413168757588,1.1543405889131562,0
3628.0,295.9163717551932,-77010.33192470227,39799.19764447569,0.047511267891945944,0.4986581624650946,0.2775686205141134,2.6013615709805826,1.1444903950261998,0
3630.0,298.85312279326143,-77211.4394964138,40194.17523325671,0.5356910829709312,0.4993276869412507,0.27033249060617764,2.6706915627758496,1.1529533736389923,0
3632.0,300.8768287015202,-77440.75046523451,40466.35304802025,0.004916435424933944,0.4996979661638485,0.27594777733162196,2.5906471525076413,1.1430796350925516,0
3634.0,298.30705840396394,-77514.89188406419,40120.732441202475,0.28890980496987495,0.499492519860837,0.2782987108139584,2.6887831925302947,1.145828737977877,0
3636.0,300.29621659359856,-76880.74666105304,40388.26376927948,0.0887643647938102,0.4983378763579313,0.26239134650809076,2.6105328106247914,1.1468328667160397,0
3638.0,301.7234224679232,-77580.99630537978,40580.2154627079,0.514292940523232,0.49918767050779406,0.2625395491858577,2.7438742521584842,1.1454201130543795,0
3640.0,299.1725223072123,-77874.91119885782,40237.13279017687,0.17495351228070274,0.5014220696408058,0.27463268732768764,2.5678030114072827,1.1519096100666841,0
3642.0,300.06840120466694,-77153.13096998434,40357.62379611151,1.8730825681174617,0.4990601351927684,0.27223680044266696,2.7415211430175184,1.1533584514428699,0
3644.0,305.2861192721069,-77015.38485475793,41059.37946913317,0.5077093838874961,0.5013392952211443,0.2533043551547508,2.649485222865949,1.1511390419847412,0
3646.0,299.20830264849377,-77070.01165101433,40241.94505813623,0.01744453717565125,0.5002368334400835,0.259854536253443,2.62306531380687,1.1426392709595998,0
3648.0,301.4533639403481,-77231.45106100698,40543.894009282434,0.008139572115437074,0.4995886875636128,0.26993692042458545,2.538323464726689,1.153135937148915,0
3650.0,296.0232645842416,-76815.95551664184,39813.57416850793,0.013535791535170334,0.5004359975252304,0.26505765465777165,2.6022014101239885,1.1620546427111504,0
3652.0,300.8577217283973,-77184.1707672627,40463.7832604982,0.8347809897294656,0.5005988219267125,0.26710019191451206,2.552307595232544,1.1627443973926288,0
3654.0,300.79281603940234,-77026.88941175293,40455.05378625776,0.0072669967191984685,0.49965447225058496,0.26869382778448875,2.6891672388806622,1.1563091226940996,0
3656.0,297.80490333960364,-77350.27475166926,40053.195222710274,0.2929098351791,0.499762556580384,0.25979838368670466,2.5806887042731077,1.1495829945696272,0
3658.0,300.76522968794404,-76617.81683608296,40451.34356688914,0.22653579644664462,0.49968834755066416,0.2702693728519029,2.6087992395852777,1.1536351029853726,0
3660.0,300.98650549086653,-76664.59905177844,40481.1040000893,0.0904928108235227,0.4991855229687048,0.2714869998395766,2.6923224547990374,1.1465892627185723,0
3662.0,304.71430742607015,-76922.88295006868,40982.473779390886,0.019549189035025994,0.4993032601534359,0.2773749662024781,2.6114600520171867,1.1387482080682192,0
3664.0,304.5075106490532,-76677.37109097023,40954.6606991212,0.30025975372650315,0.5001696323765343,0.273958023992253,2.637795489408829,1.1379092081839208,0
3666.0,303.1532717977782,-77480.62412707496,40772.522687019904,0.3002685517597718,0.5015663359893912,0.25981530866809366,2.566348567263301,1.1360461984778516,0
3668.0,300.09923439639704,-76828.45368324348,40361.770698442044,0.6112873783133725,0.5011995611706072,0.25642185677909557,2.6128184083820405,1.1374024230882949,0
3670.0,302.4851237169234,-76455.99519296654,40682.66027971884,0.18460330115678827,0.49935733764140944,0.25859911902575694,2.6226524576536545,1.126787546182535,0
3672.0,297.44291291940885,-76732.49318980263,40004.50941261708,0.23333442280363462,0.4988375973297225,0.2596451997871397,2.692712651607041,1.140430288281674,0
3674.0,297.77948460489944,-77193.47468004271,40049.77653640926,0.013507747787530876,0.49888988874963697,0.2628711132956673,2.6841656988189873,1.14676361334009,0
3676.0,296.3005197423281,-76520.71013746317,39850.863530935516,0.2925271707520468,0.5004320978546664,0.2628119556009667,2.6375363748901997,1.149798414998276,0
3678.0,298.2543050915607,-76596.49503683776,40113.63739778097,0.2656853107558331,0.5008142181879502,0.28020050183511036,2.7389114143778004,1.1417784989664823,0
3680.0,300.2795505028372,-77150.54100694624,40386.022267613866,0.018068298162378812,0.5010141426658028,0.26944470249220087,2.750160524650887,1.1400295165585506,0
3682.0,304.01651061863174,-76773.22076869966,40888.62377409986,0.003431498261212131,0.5001578141973335,0.2796051529414496,2.586184995106012,1.1499180951381347,0
3684.0,301.8227503009475,-76835.66390975146,40593.57453451148,0.27851483506372104,0.5023084110517332,0.2638387335944278,2.6237907178935,1.1410208679634841,0
3686.0,296.4030030001049,-76316.20272496925,39864.64699079384,0.22585815023412914,0.5014462142316343,0.28008062538511114,2.5090914411610297,1.1434673978111356,0
3688.0,304.6693558766311,-77206.30402855598,40976.428032107826,0.006756215237013158,0.5004858708666048,0.24836772522931672,2.603971363181266,1.1447857006504247,0
3690.0,301.96820105848417,-77049.2790925866,40613.1368973926,0.33403059459318685,0.5013320328790497,0.27033937453296686,2.5422584591693522,1.118881703503108,0
3692.0,299.52733787776276,-77577.79078351776,40284.85362068015,0.042512153018872935,0.49997750156000675,0.2566102180638503,2.5964761926990403,1.1253029880592977,0
3694.0,300.1274749508997,-77798.53300152323,40365.56890468381,1.1060032222822087,0.5013794551988514,0.2562754606741541,2.5364889986477475,1.1266823885977861,0
3696.0,296.88179816177035,-77542.82287852839,39929.04242507588,0.26896905141375466,0.5000336042471539,0.2539217894094711,2.633590549415498,1.1234413738376166,0
3698.0,295.8535582766337,-77364.49424890918,39790.749561549084,0.004198372733452977,0.49926327156453365,0.26754853700006,2.6322049258749907,1.142649339801705,0
3700.0,298.09497996140544,-77068.07228424924,40092.209004660406,0.004295970238355546,0.49823949132932577,0.2702119200230937,2.5966832219053053,1.1487296786980852,0
3702.0,303.7844832584777,-76841.09058445634,40857.41731292664,0.0013460264626031426,0.4994976147456141,0.2771766872357359,2.612359453642334,1.152696914393162,0
3704.0,305.6323595204694,-77279.79940495198,41105.946963845665,0.1463971022620166,0.5004134208006932,0.25341756478453337,2.5333563745776333,1.1519248395497734,0
3706.0,297.66461833387206,-77742.58893883997,40034.32762631285,0.026208720248092066,0.49988096810412425,0.26154066209614674,2.5606712793269875,1.1562435241343694,0
3708.0,298.7182738635119,-77556.10010381974,40176.038760524854,0.02086882708654917,0.49848242476090415,0.27071772393521826,2.5496276339444433,1.1610052483931779,0
3710.0,300.0509705275976,-76780.31924296415,40355.279461603604,0.014472086068155062,0.5010372206366963,0.25995378139393066,2.652188187222596,1.1502885077107896,0
3712.0,299.662122449344,-76890.11005587864,40302.98143757642,0.057404800589488526,0.4994190168265779,0.27076045322782344,2.7186658632527676,1.1429263136321584,0
3714.0,301.815516138733,-77138.10492637905,40592.60157769243,0.045798486095932914,0.499941820023883,0.25717703660842894,2.6551682250419066,1.14654555318933,0
3716.0,296.68637643892015,-77505.78428106708,39902.75922984201,0.15543316773861782,0.4997096071701093,0.2657964420869125,2.6547206027847188,1.1524257807624432,0
3718.0,296.8822114789098,-77997.9201218069,39929.09801406012,0.023300091534315948,0.49877642387716226,0.26172277159926505,2.635532257162593,1.158055828280363,0
3720.0,299.69839660265154,-77285.45517218881,40307.86012065945,0.07794468482718168,0.4983700407303304,0.26166361511172753,2.7056778793012226,1.1584962599895858,0
3722.0,301.5708884158859,-77317.27670520882,40559.700433922786,0.026953718477888373,0.49882503521012167,0.2758022024334087,2.6641294845558217,1.1604801837397407,0
3724.0,300.25700701657223,-76857.27854517032,40382.99028712514,0.13275267914935784,0.5026277434952694,0.2644096985141554,2.665448535555303,1.1644515592237077,0
3726.0,299.8755912276774,-76658.76809570438,40331.69186697721,0.13154054495606107,0.5004218940810079,0.27176984198826104,2.660454781853346,1.166835774930253,0
3728.0,299.78502438270453,-77488.62067929748,40319.51110204781,0.02331154771243918,0.49964184443620535,0.2752518715939352,2.629714958592721,1.1701242745643052,0
3730.0,297.7834077934784,-77236.84484338225,40050.30418466584,0.12508076976881996,0.49959875141207094,0.2563669419248758,2.6557935135835553,1.171183755169063,0
3732.0,294.7372967448551,-77139.73036739172,39640.61824889925,0.40816785332495076,0.4998758115149272,0.2686074568479281,2.7165928973827094,1.163079773083899,0
3734.0,298.71715055177884,-77363.22648798616,40175.88768099717,0.4271560660463605,0.49974629647515584,0.27496925324939986,2.547136710439385,1.1543168453308883,0
3736.0,302.2479239427912,-76835.4652442768,40650.758156034644,0.038775711178085544,0.5008074843598184,0.27057920807354263,2.661189992786482,1.1558664160368062,0
3738.0,296.87620374438865,-76999.71412988077,39928.290005323775,0.7326683146149535,0.500175337783136,0.2666722177345143,2.6946253142797802,1.1542435829658526,0
3740.0,296.8345277334229,-76917.67476697068,39922.68480075999,0.24428708362194,0.4996181602606672,0.2753222680945596,2.7718597873825614,1.1534008977468977,0
3742.0,298.8064123135164,-77172.52436052286,40187.89291908661,0.0014232208620576533,0.5010546375637445,0.2676577351644637,2.6689241212435024,1.1656136790170166,0
3744.0,298.9730316144717,-76749.38906788162,40210.30233986578,0.005972241185049269,0.49911265085070217,0.2807329981659959,2.627618621670766,1.1565199827876875,0
3746.0,302.93670031855686,-76990.10229785927,40743.39496064721,0.26889457023082874,0.4985858640695963,0.27650001034278954,2.559278086922841,1.1477539824424483,0
3748.0,304.52722415561925,-77058.14381508273,40957.31206220543,1.7943557680205817,0.499144297215166,0.276747403181735,2.5788132681343483,1.1490309768011342,0
3750.0,297.64777689843424,-77361.56161516637,40032.06254170928,0.1582624743579122,0.5012562474802594,0.2640863721808563,2.6518181884546093,1.1515351773430058,0
3752.0,296.935559258011,-77576.0014008279,39936.27301012994,0.32912978803491616,0.49943629751153856,0.27575052947626916,2.5632580519593993,1.1541087340844092,0
3754.0,299.350619839259,-76626.79349291546,40261.08597274625,0.11429690876744311,0.5001526715786252,0.26461255500585457,2.536268924725896,1.150791769216097,0
3756.0,305.24162238218236,-77662.59146654361,41053.39487116664,0.15750250966833704,0.49938154688718817,0.2760574326913078,2.574946475560599,1.1394178975326954,0
3758.0,303.0335714339367,-77196.16066314408,40756.42361683198,0.027374681392436206,0.4984341467222319,0.2705903797705214,2.5432046604297622,1.1462781663385209,0
3760.0,297.39373499334937,-76903.19372737175,39997.895239878424,0.5927003254341758,0.49928579407864143,0.26551300301287745,2.5683795114637675,1.1536007099412484,0
3762.0,300.35939632931166,-77567.07788564451,40396.761111869404,1.459082702203975,0.4992780521258281,0.2729530534645569,2.554225336988974,1.1551248867975143,0
3764.0,301.5891251463457,-77189.66601887124,40562.153178377754,1.1262807064964726,0.5012055441669834,0.24577971231200035,2.640714084199778,1.1622771154635487,0
3766.0,299.5595004719489,-77436.3737142036,40289.17932065809,0.24333506400339336,0.5000214463317783,0.264731815718213,2.6076005492576906,1.1593228065515426,0
3768.0,299.1555103307957,-76770.52273428102,40234.84476870746,0.17559421977608208,0.4992476836802032,0.26636555643812565,2.6972573258185757,1.1611389154766911,0
3770.0,300.7254976325445,-76778.8097727889,40445.99981413802,0.0001404218926032322,0.49825810525729947,0.2724584945205672,2.5498401970803464,1.1594512150431948,0
3772.0,297.37616561232556,-77229.84317897563,39995.53225041721,0.274664177709096,0.49950184621837734,0.2678113510911049,2.618067646448308,1.1659833142237035,0
3774.0,302.5297766024358,-77044.06378031173,40688.66585827255,0.32095863475950925,0.4992197068671483,0.2627787875399982,2.6138177383660905,1.1635411100744093,0
3776.0,297.90228905112997,-77350.76790286321,40066.293089373736,0.3075086933765125,0.49892229048005177,0.26082313852951267,2.553004188943576,1.1656097117966144,0
3778.0,302.53510661483114,-76996.7272003903,40689.382716942826,0.04055147825123131,0.5009465480363582,0.2626626814234041,2.576515119108878,1.158785687196707,0
3780.0,301.710944827074,-77477.83387769095,40578.53728555485,0.08754323890863128,0.4994730823901666,0.26980508954014554,2.500818791900188,1.1555527781935995,0
3782.0,296.99418677962916,-77197.00432776008,39944.15810383546,0.03549365197924665,0.5011271620644093,0.25253206401468287,2.5555906809398587,1.167356560227325,0
3784.0,297.0226781804371,-76910.24831737264,39947.99004758767,9.123929166875612e-08,0.5017384509175997,0.25475928865727016,2.5735465000570334,1.1399049534785466,0
3786.0,297.3195843342623,-76783.47980108939,39987.92236572154,0.14641778285478466,0.5001409797875238,0.26540549386655976,2.5688760879789,1.1430541825914056,0
3788.0,298.0554731938597,-76953.65056081,40086.89555194226,0.3137941931596275,0.5005753481422673,0.2616369625186393,2.520752882648,1.1276423998028302,0
3790.0,300.36068393545816,-76908.1502094866,40396.93428813272,0.07874705443465103,0.49933003630636774,0.2699990451080896,2.511124930622508,1.1282316534413974,0
3792.0,294.60233316433204,-76476.43839053763,39622.466356240584,2.3806386111325517e-09,0.497743996245021,0.25922017557816396,2.5942410155375515,1.1133664761284945,0
3794.0,300.1231874132952,-77403.01580744179,40364.99225339711,0.8444180549732757,0.4987304680429717,0.272315164795211,2.4841533800741473,1.125962143564335,0
3796.0,296.9710690869247,-77147.34319906961,39941.04889559675,0.06789407762146445,0.50020195691163,0.2719926032502884,2.5446538722032943,1.1346024538759263,0
3798.0,297.22219583266445,-77665.21857847169,39974.824123808125,0.2631508951293315,0.5007784378314294,0.27148751472613497,2.5645726346174333,1.126647344359395,0
3800.0,300.59954293290303,-77406.18694871722,40429.05956863708,0.17610630573234662,0.5008953992033612,0.26160102062447843,2.499920739934528,1.1301309307828944,0
3802.0,298.7177070170746,-77457.84565911884,40175.962522656504,0.210587234588154,0.5022610361408486,0.27468484445672536,2.6586996049066647,1.1297938579638735,0
3804.0,299.3718598350795,-76710.56938340783,40263.94264061701,0.26410213863732246,0.5014074940624614,0.2622312366583067,2.508408097014809,1.1279291780386556,0
3806.0,297.6804586652654,-76846.16168830392,40036.45806768092,0.049365861411599196,0.49928494492595255,0.25684817314464625,2.618094414141497,1.1234984368106433,0
3808.0,298.7258440450281,-77928.06194725458,40177.05691017498,0.20476550079306002,0.5005735226765334,0.26806089215182716,2.5598714754898344,1.1299043366914394,0
3810.0,300.5849367791183,-76925.29936529335,40427.09511767462,0.6897612390818648,0.5004851323577922,0.26241482175455333,2.5108271910364084,1.125550552491836,0
3812.0,304.1071386689889,-77140.01993964182,40900.81277083196,0.5716027494713928,0.49892400093792993,0.264322335464898,2.51667360580987,1.1169024911573076,0
3814.0,301.91985822560287,-77698.614190388,40606.63504029992,0.15015676884739151,0.49954568759504847,0.2794388083871885,2.4956708706573747,1.130911270315964,0
3816.0,301.43174142233346,-77167.91939120961,40540.985894185826,0.03678526201515032,0.5011980134084763,0.27833302542333127,2.6385543372687903,1.119581009289779,0
3818.0,300.036129406777,-77569.76053574518,40353.28340880902,0.24120142750655044,0.49998075387194074,0.27153310443490053,2.570227892633757,1.1200820030032916,0
3820.0,299.3007466518872,-77226.09307419055,40254.37829101307,0.01914327552325721,0.5022411312984979,0.26872012449414584,2.6638292239677446,1.1233310007828199,0
3822.0,301.7941595785887,-77600.7461895931,40589.72923253238,0.0014902264548740064,0.5003200700704564,0.26308264520223545,2.632485106079594,1.1165700495662974,0
3824.0,301.6727638883536,-77028.9979581323,40573.402149849535,0.17512993328912066,0.4997047711805356,0.26036732590136524,2.610933541908789,1.105946890174604,0
3826.0,300.6575340642336,-77268.6086954039,40436.85907119168,0.11374102800986943,0.4992814284297495,0.2644278313950819,2.4741265689659935,1.1026406322360538,0
3828.0,297.35700492245263,-76913.23403731699,39992.955238274444,0.06282358451906134,0.4997184119468122,0.26912301398422767,2.4388197746338243,1.1020313608754257,0
3830.0,301.0692030768482,-77231.83586109662,40492.226391019154,0.4329367652149583,0.5005981551461549,0.271373462281727,2.523639524645552,1.1017161347325135,0
3832.0,297.7649023295432,-77359.3050530674,40047.81529697,0.026958511159490654,0.4978920159864182,0.276944663234699,2.547077391685716,1.0983057674979657,0
3834.0,301.4610317697486,-76598.62549512961,40544.925292060085,0.15289339733378063,0.4979990427238878,0.26547391230650313,2.498874205754862,1.086960580833805,0
3836.0,300.9701444127234,-77322.23828221299,40478.9035210187,0.24968607554399047,0.5000490138213614,0.25914839759673236,2.5959543731909624,1.0943133866678871,0
3838.0,298.47685887570697,-76988.0205804297,40143.56971274289,0.14270339523006959,0.4999073181320899,0.265391617536908,2.578732572679021,1.1036118810594395,0
3840.0,299.4533212023868,-77584.96348769509,40274.89876662864,0.08221522667375283,0.5001046103265826,0.27993626450898546,2.5890408257724014,1.107097404493388,0
3842.0,299.12529832185396,-77272.19524045032,40230.78141219907,0.3228701817618414,0.5008506732767556,0.26952638675804275,2.663395263396406,1.108390335294451,0
3844.0,301.20016081768324,-76875.22435499507,40509.83951928121,0.12424905608635528,0.4999914091370916,0.2677089054004391,2.675967435986628,1.1271903776249876,0
3846.0,301.36715708771334,-77341.35077355558,40532.29964042083,0.37511490808374526,0.49917595838800405,0.2729271358925149,2.6752366032516446,1.118981742477454,0
3848.0,302.88065689839607,-76690.21582615189,40735.85741501422,0.23810197890603482,0.4986875079950947,0.2774235214647019,2.6533736523217883,1.1227016334951987,0
3850.0,302.62265799420146,-76828.68503083335,40701.15791758799,0.1562990367583688,0.499803502895314,0.2689389938960994,2.6413330708668257,1.1129412434683095,0
3852.0,298.3146339716319,-77245.59914645331,40121.75131526172,0.02804024872048388,0.49886957385172825,0.26263293553701106,2.8003236670554155,1.1346855959950124,0
3854.0,294.07980895169345,-77351.88879478257,39552.18959429775,0.042773218964950774,0.4998030004642327,0.2713069969490281,2.697026377007646,1.1389041821962602,0
3856.0,298.2889605052128,-77484.86278640619,40118.29836888307,0.27982110607725097,0.4995914251760976,0.27945676299942507,2.7162453564832205,1.1411949945004625,0
3858.0,301.5896937683095,-76828.46961570508,40562.22965504509,0.12331701571286709,0.49952944714042097,0.2463273270463771,2.6225912936572198,1.150786314848164,0
3860.0,300.423898610312,-77234.316329489,40405.436329853546,0.09449630005058564,0.49812699854457,0.273727430497696,2.6443673268005563,1.14480704843209,0
3862.0,301.1961414470821,-77068.64533928456,40509.29893504786,0.0023590827918392038,0.49986850775154246,0.2706130558440155,2.65857477955391,1.1409784482270944,0
3864.0,299.20086114614634,-76953.08253316313,40240.94421515839,0.2518895020320362,0.5003498557161677,0.2761421322616119,2.5777338608801537,1.127933815667834,0
3866.0,296.10981278606147,-77952.2925235579,39825.21444704194,0.5971372715817687,0.49733337647756815,0.26689504710624445,2.5090471254393862,1.1225193246474119,0
3868.0,300.18856424163306,-77037.19338298147,40373.78509340442,0.05453050854670483,0.49877404473296827,0.28038865120748757,2.594587078538387,1.1185484439537978,0
3870.0,298.60469018040726,-77321.65066802793,40160.762351767014,0.0006104974022605815,0.49931127004182907,0.28246236369121946,2.453205852697217,1.1046663922856859,0
3872.0,297.1911947086602,-77417.84501374466,39970.6546354688,0.06165530818824884,0.4996266673219744,0.2844314384657179,2.4167736325965827,1.1206741447873492,0
3874.0,299.50080188118574,-77156.94702007086,40281.28466852587,0.015841550423106886,0.5001003512752266,0.25871263312534765,2.391855669845124,1.1267421676297682,0
3876.0,298.41446640813473,-77317.84800382587,40135.17825358263,0.31060099683791587,0.500128181594977,0.27238785462460635,2.5412651604895626,1.139521267625792,0
3878.0,297.7976869335154,-76698.20614917658,40052.22465399694,0.6635617807104234,0.4989305563527456,0.2697502494023009,2.5273436662401254,1.1491643246050642,0
3880.0,300.2720564201312,-77399.1002192843,40385.01435285399,0.055268761110712675,0.5004542904416932,0.27024394213572134,2.6172237455332255,1.1375144638968455,0
3882.0,297.5305161901696,-77376.40140163933,40016.29159238168,0.3254845758538529,0.49927624677283194,0.2644945751255619,2.668933949119276,1.1517055968861956,0
3884.0,300.82601426590884,-76609.6397501966,40459.51877334294,0.14331164683856687,0.5000413573197128,0.2731800146938975,2.5067007363187592,1.1524170223684203,0
3886.0,298.9203173832111,-77353.6127517185,40203.21255265268,0.0014171860939245808,0.49919108614832614,0.26580367396428467,2.6255738629218324,1.1507224592339873,0
3888.0,299.533858008054,-76730.91594619246,40285.7305439561,0.08579177523484824,0.4989497879149238,0.24630119602693262,2.588973891837647,1.1589993109057888,0
3890.0,298.7428924316754,-77412.9751160692,40179.34982862917,0.026866750913709853,0.5003837824264951,0.2659287658018682,2.6003105275300284,1.165355545221498,0
3892.0,300.5258076800301,-76503.02032400109,40419.142564434005,0.12385590429281841,0.5009582011156926,0.26437584362896804,2.5855267377523257,1.1833333525080627,0
3894.0,297.43602734428913,-76948.61886891513,40003.58333893126,0.06541001031424809,0.5004384053850139,0.2710025047626421,2.584938811721597,1.185723060618063,0
3896.0,298.2106691688099,-77355.00301728584,40107.7685953769,0.0009324612372015859,0.4987506946250778,0.27353891854520185,2.5259587422452006,1.1608949512738882,0
3898.0,293.92819026595583,-77774.7124194625,39531.797677471804,0.04668953294785891,0.5006560870112505,0.2641491265042347,2.7047416966302653,1.166268140391629,0
3900.0,295.01328238619635,-77149.37907679053,39677.73686799298,0.46337650022752963,0.4996045227322412,0.274376963422176,2.5143802108633295,1.163373478561853,0
3902.0,304.882853669917,-77079.35227051633,41005.14236386732,0.07555016438519814,0.49999452641395,0.2759594595302433,2.704901477743089,1.1694869119864328,0
3904.0,301.1889608142426,-77174.94311073073,40508.33317764857,0.014444568612048684,0.49832470921759486,0.25610035042285273,2.7299712998551406,1.1490381179899591,0
3906.0,298.3082450850373,-77488.65572048468,40120.89204357358,0.06665138233702347,0.5001072258668837,0.2558535491065057,2.735402038429442,1.1633035250498553,0
3908.0,299.0248210892356,-77037.03465380403,40217.26775218753,0.8235744543484065,0.4979653874052374,0.26797691452499,2.794805368928259,1.154231437498202,0
3910.0,301.08160998967617,-77011.7745593373,40493.89505562486,0.7678945910341505,0.4995074618475701,0.26763233089568583,2.785185264938904,1.1651726929015038,0
3912.0,298.27147887248987,-76967.02130497794,40115.94718110742,0.0003485403821624501,0.500824230072859,0.2660987772492419,2.635816966159104,1.150205066784749,0
3914.0,301.7930178726793,-77430.8710503818,40589.57567908459,0.44300294522174866,0.5003423833512927,0.2556632165911231,2.763676176976154,1.1508609079484404,0
3916.0,304.7561915497856,-77443.63991598261,40988.10697402635,0.051724838888859245,0.5001457538227915,0.25081351716039013,2.6224423047801872,1.155734908602474,0
3918.0,298.85246106273604,-77067.5493677532,40194.08623397691,0.036231763912608295,0.5003884767636121,0.2535759079185175,2.6056371734487542,1.1469577382852372,0
3920.0,300.4877872110829,-77253.32458038873,40414.02901107029,0.10067376400171324,0.49924626115649323,0.27165038181355244,2.5471961500305085,1.1432841117916217,0
3922.0,297.7866291377172,-77306.74474811892,40050.73743854524,0.22521231669711894,0.49972411209170986,0.2722600545714141,2.51366589521541,1.137811461004206,0
3924.0,297.0005378380924,-77619.3897531816,39945.01228783863,0.0076479601949433285,0.50024375051431,0.2686168227113517,2.5614813434955805,1.1499616777197321,0
3926.0,301.7758749909367,-76875.19047530764,40587.27005153644,0.1242281845037165,0.501911499695326,0.27195330680022756,2.547134787177866,1.1428251766424384,0
3928.0,300.3962086338892,-76900.64153731673,40401.71217347151,0.0070898640680971655,0.4985862524894963,0.24687435767358779,2.6044805632105144,1.1575264812926795,0
3930.0,299.7177058341615,-77734.27436183591,40310.45711087216,0.05722871138349916,0.5013793840557228,0.2696948092508129,2.5552905970793467,1.1512806778105844,0
3932.0,297.79812969821535,-77665.90646690456,40052.28420352338,0.09567227617521469,0.5013577689290438,0.2704189817184097,2.683382910932,1.1446203279815064,0
3934.0,301.9136039508896,-77409.862424377,40605.79387320274,0.6652080299723607,0.49963211889893794,0.26968933394207445,2.769374216285043,1.156803615202467,0
3936.0,298.74999436602076,-77147.3317271003,40180.30500149437,0.25609192844693207,0.5007982621063573,0.2599957544816828,2.577915194247638,1.1564041724325795,0
3938.0,302.5612848131102,-77031.44935840054,40692.90354710544,1.1146989608099684,0.49862385203869136,0.2647570516157432,2.542791253907729,1.1483851328322998,0
3940.0,297.33881276214623,-76671.97943186539,39990.508488270985,0.8132736731087526,0.4990426862378519,0.2612085051396595,2.643808552057448,1.1439653654708928,0
3942.0,297.14955807598085,-77062.47268931393,39965.0547270777,0.07857756835487538,0.50137402704912,0.2671145791987173,2.6720079229269413,1.152536916602562,0
3944.0,300.45629565801033,-77340.45519895037,40409.79356259736,0.04402890835297385,0.5021999720841872,0.26620011341202354,2.768607584158233,1.1350890659091306,0
3946.0,303.9703676540676,-76510.2968987088,40882.41778774062,0.13291700183586205,0.5013951343845552,0.26878156337140646,2.7760686308452844,1.1492029291931354,0
3948.0,300.22785219971456,-77187.3998597567,40379.06911739897,0.20053345956287671,0.5012379797196603,0.2700878720567145,2.8972528494584764,1.1709088090871353,0
3950.0,297.9129197522516,-77171.8692153421,40067.722862834824,0.0009302712231145536,0.5011777728640334,0.28183811268165204,2.7402787931343715,1.1637334890951327,0
3952.0,296.80414991793225,-76688.13342946616,39918.59914414171,0.08525655527942591,0.49911072320617533,0.2679799141487007,2.614426092184049,1.1604771074825704,0
3954.0,301.33159971661007,-76901.92063125479,40527.517360779246,0.0034574013719686552,0.49813735331595826,0.2613689582952408,2.7387945850712003,1.183059740499466,0
3956.0,295.59454226284373,-77148.1027633883,39755.91326822483,0.605811808449703,0.5011015639960348,0.2800943960540583,2.7516142082565045,1.1987264811506557,0
3958.0,295.7014137004075,-77067.06589967723,39770.28691521476,0.022722464273779337,0.49918962538673806,0.2753577227109869,2.768112972032145,1.2068077968511555,0
3960.0,294.91329651829506,-77113.29378933006,39664.2892939549,0.3383102132304891,0.49870385184917304,0.2779984096896995,2.798726648452503,1.1930835477919652,0
3962.0,296.78592743902396,-77233.78876493697,39916.14831644556,0.132018497130632,0.5002772065365323,0.2651996164563517,2.7449900615637812,1.193773856018223,0
3964.0,297.5928359440946,-77008.75092396827,40024.67327193833,0.08884231802314527,0.5000904980048113,0.2737882890281642,2.8901335030354374,1.2012224313366882,0
3966.0,301.4751268243354,-77738.08070942038,40546.82100286508,0.442193453205579,0.5006153965947182,0.2787953773804026,2.731351853727673,1.2063059554947202,0
3968.0,300.90460613420703,-77122.82269877475,40470.08896681042,0.2867810677252074,0.49959843612161386,0.2681976478382356,2.7111248238133236,1.1963962350799542,0
3970.0,299.5380123947744,-77557.42238963395,40286.2892871483,0.015861526010639674,0.5007458929520904,0.26194826050023934,2.803198813394004,1.199605655574948,0
3972.0,301.7124276992003,-77150.09132480528,40578.736724066766,0.16379302414854469,0.5002747839258771,0.2651566857612747,2.6927652151889463,1.2095202264124776,0
3974.0,301.5580454843739,-76683.5666647529,40557.97312709434,0.015503229309841032,0.5002812382246349,0.26160245801919846,2.708869614649454,1.2149482856783065,0
3976.0,302.92449753925916,-77130.13915709918,40741.75375092907,0.14292705888834192,0.500126745713962,0.2721910260662064,2.6770622898926404,1.2054494731523226,0
3978.0,302.1649202667676,-77314.96430039732,40639.59459760194,0.13685578862625325,0.49917138191763505,0.26826344637112803,2.621027009486304,1.1947874614990743,0
3980.0,302.93194391293315,-77229.88418558019,40742.75524907473,0.09864426883890692,0.4979064819906016,0.2608737620916768,2.627726855400847,1.1955713046613745,0
3982.0,297.55641421971194,-77045.52272365743,40019.77474132084,0.052332879518755065,0.4990574553659326,0.27173960031067024,2.702309900647069,1.191123464388942,0
3984.0,297.1840889542756,-77386.9794838985,39969.69894882839,0.0685375243884936,0.501249811470886,0.27451600150529265,2.576913051267978,1.1859382030742862,0
3986.0,299.2432222956988,-77358.49021567509,40246.641567263265,0.031623188102130766,0.499508261405117,0.2742088912153588,2.649335032323523,1.1820111915294438,0
3988.0,298.48061396031454,-77060.1889596607,40144.07475189831,0.15037140303159216,0.4997340535768597,0.2624187721357892,2.568487571816781,1.1658476427921722,0
3990.0,296.94212115392486,-77216.56152319338,39937.15555066276,0.27678520407376656,0.4993682834017187,0.2716703670901479,2.5467212652266404,1.1686115871258083,0
3992.0,301.47672818689335,-77512.08175410947,40547.03637771766,0.014593335299509968,0.4985832714428514,0.26819263059520215,2.6115461416568158,1.1694192944348745,0
3994.0,301.6880065240891,-77347.86852697679,40575.45220429114,0.4793000368083974,0.4998483060585085,0.2714611144294937,2.594469766653491,1.150916559643952,0
3996.0,298.63661269293146,-77330.81980929745,40165.0557620225,0.25989392024492936,0.5005285746150397,0.2800794666656715,2.6900322400693857,1.148235810543994,0
3998.0,298.68442773391797,-77219.97348052799,40171.486633877656,0.012067428450185835,0.5000529693274234,0.2812916789734028,2.4959842619206776,1.1423747581384565,0
4000.0,307.0208825572374,-77565.49761774868,41292.696018811635,0.03313832410296164,0.5002334275102501,0.26994726083180065,2.564548315649584,1.1504872832551645,0
4002.0,301.77071873528126,-76693.51933712943,40586.576562234986,0.06598912926732992,0.501233447379138,0.27968417395765965,2.652732072561972,1.1505152811757364,0
4004.0,301.9635516322521,-76940.85306850926,40612.511573986376,0.10202525311847647,0.5004770204472859,0.2824167544467826,2.6431904973556675,1.1485710056786291,0
4006.0,302.17336893772847,-76708.80948629591,40640.73089946795,0.3509427047091613,0.49976801568888296,0.2732568893382853,2.502712724819086,1.145006980528506,0
4008.0,301.61154506830655,-76452.46689528169,40565.16854011662,0.09922268116996591,0.5005253273631394,0.26388764069218373,2.5059205727364726,1.147315599810779,0
4010.0,300.4905973387727,-77006.94982748525,40414.40695848385,0.005456424587732278,0.4994428442810571,0.2789012759010371,2.509379027534861,1.1478627587209176,0
4012.0,302.6422901760701,-77226.09139723901,40703.798342927585,0.10604220423540239,0.499384433228675,0.25612284460477164,2.602349797833236,1.1341348297934608,0
4014.0,300.2452955300297,-77374.43007099396,40381.415153701964,0.5042437730359236,0.4987847933204664,0.266518579855679,2.533947601240578,1.1297752772415544,0
4016.0,303.6075969253201,-76989.56364863738,40833.6270302458,0.51033318874826,0.49878098324031234,0.26938952957064893,2.5880821284641193,1.1224587622736786,0
4018.0,300.7559179566683,-76864.0721649857,40450.091187944185,0.08924763152730548,0.5003772883539259,0.2628577098759717,2.5289810333360503,1.1231299504771846,0
4020.0,299.35064065087397,-76976.58746919502,40261.08877179914,0.027062129583441088,0.500103950915342,0.25470129304033606,2.5495292785823835,1.1261793860674325,0
4022.0,299.0824604393822,-77146.21522213111,40225.01994202068,0.30104345144616634,0.5010473106708537,0.2726028953924424,2.567509277395859,1.1334102406655766,0
4024.0,299.57755326069594,-77265.19924533204,40291.607325918885,0.2079626576075541,0.49813801042901085,0.27070968118934113,2.5663360556244883,1.1378255456049562,0
4026.0,297.964750253608,-77311.36738519964,40074.69379301777,0.5568618731775539,0.5007134658496312,0.2709313130676917,2.6419827961449913,1.1519285768630891,0
4028.0,298.0889418468901,-77183.69265611644,40091.396909974435,0.0650713676563529,0.4998468122766843,0.2718402033679977,2.6952039595270016,1.1426463161230596,0
4030.0,303.47002264393427,-76871.32520090719,40815.124012034285,0.0002255645489771751,0.497583483436174,0.2633305643506775,2.5736991858580462,1.1346474406796427,0
4032.0,296.5477046578651,-76697.97334551835,39884.10860368981,0.021985258593846597,0.49900558029997266,0.26688056973069973,2.5125985066090957,1.1420970686520202,0
4034.0,299.79489513108047,-77607.31116026477,40320.838665856405,0.07560357652759588,0.4992657906394539,0.2620722252552577,2.5625108383296027,1.1444793854983244,0
4036.0,298.9982555013268,-76584.12600764481,40213.69482015456,0.30402325000433894,0.4978502920795769,0.26863996578728444,2.4953430185796313,1.1394266079172692,0
4038.0,302.3684120631402,-76833.77503939392,40666.963175335,2.7178557562062736e-05,0.4989836202926283,0.2695011731617911,2.503761692814449,1.1280173781600205,0
4040.0,297.63074972047605,-77510.86836111138,40029.772475712365,0.07621582386982204,0.4986665255256736,0.2688585667798541,2.410026882453029,1.126073154550679,0
4042.0,300.70135117809394,-77669.57730251923,40442.75224284823,0.007862701194700254,0.4989341573235004,0.24452520180514786,2.3596241362246637,1.1123511857843418,0
4044.0,302.21055270307573,-77403.79605767212,40645.73192059241,0.14332149695250027,0.5002106977566969,0.2778404797790115,2.425980337844126,1.112778700782843,0
4046.0,297.26698077515607,-77056.8642602954,39980.84746333188,0.13667035817233297,0.5003181284807275,0.26539214251062837,2.4813137298946595,1.114867601380934,0
4048.0,295.78085444077755,-76917.13303435943,39780.97127751705,0.10184612130644126,0.5003774703691877,0.27011643448210854,2.5294196474533983,1.125222109613984,0
4050.0,303.6418673601266,-77424.02054069238,40838.23622371534,0.7601090204796022,0.5000619688492361,0.26832580335148914,2.4576412228582374,1.1188307206350778,0
4052.0,300.40978562036935,-76734.32498117117,40403.5382068374,0.043846954158272534,0.49933981014417833,0.2699176985771495,2.4773853172900537,1.1165431947790225,0
4054.0,302.33555912158965,-77051.32981979195,40662.54462726272,0.8161772631757035,0.5015218102064958,0.27179815345708147,2.5920128718922744,1.1155569875308078,0
4056.0,298.7556593506054,-76892.59891076654,40181.066912164606,0.216673268453522,0.4986502324665638,0.2585110371692858,2.675236819293761,1.1217274976034224,0
4058.0,303.42537178814945,-77213.23113087972,40809.118706468274,0.040573147768980924,0.5003309227025007,0.25993990834128977,2.666959803101863,1.1280303360166664,0
4060.0,304.17984056873524,-77430.37385441805,40910.59079446739,0.004695051399005899,0.5008626054031566,0.2646941004533634,2.5555874291359757,1.129041949806179,0
4062.0,296.4610847546416,-77136.60711580457,39872.45868169365,0.03873521090048173,0.500510757132971,0.2779851472515802,2.572721488652328,1.129512821513851,0
4064.0,303.7750420230433,-76612.40689385065,40856.14751635259,0.3458880203886733,0.49892942658727846,0.2569237994419241,2.57409055995883,1.1181164402732986,0
4066.0,301.59247511531237,-77307.26015070081,40562.60373160743,0.006803197762202411,0.5014403470434852,0.2843644186116423,2.6460372039781666,1.1192267851803126,0
4068.0,297.81386005208856,-76914.87424630742,40054.39985349267,0.3786249767364699,0.499609163903636,0.2644653728561747,2.6619043877058735,1.1188175701256353,0
4070.0,303.0411662368064,-76747.02944469335,40757.44507792482,0.006871289294130463,0.5002645704556298,0.26259681303422877,2.6124208922550762,1.1247839105083146,0
4072.0,297.93374062155374,-76844.68664912297,40070.52316039042,0.04473185705684868,0.49924333088024925,0.26918480855264365,2.598217101961856,1.134421147221737,0
4074.0,301.0701902021638,-76868.07345374732,40492.359154189035,0.029726834623362477,0.5009232096633598,0.260292766799779,2.6360742258874774,1.1490267625318034,0
4076.0,306.178942537902,-76995.41906972916,41179.459508659886,0.27538827108133984,0.49950347187684585,0.2637132277155718,2.788847105041717,1.1628348979483474,0
4078.0,299.1965193886446,-77374.91791735555,40240.36027158031,1.1094942956514315,0.49963037793856435,0.27253530373104107,2.684942726644111,1.156413729206563,0
4080.0,293.2134434130713,-77624.57402308413,39435.667980101585,0.3967907277069414,0.5000730645486645,0.2623538117173744,2.762019975113117,1.1604697688047212,0
4082.0,299.7477585972417,-77097.12066343031,40314.499049648635,0.3058061445892579,0.4999401551921288,0.26520997761859116,2.623574578762571,1.162256610220487,0
4084.0,301.5516897175391,-77044.02079316415,40557.11830983993,0.44946440484037387,0.4997467168898845,0.2644871744796803,2.707841649187305,1.1579404196995353,0
4086.0,298.1467098023634,-76787.57794970751,40099.16639654849,0.042841576434082505,0.5000033136339965,0.27558946358100833,2.5677316039997358,1.1685678083122564,0
4088.0,299.71590945576435,-77104.75535786466,40310.21550741355,0.14415170378714542,0.49965025564889537,0.2776040279643726,2.624816710403642,1.1619144646731823,0
4090.0,302.7236729879081,-77116.98788276396,40714.74390364122,0.29050114100146984,0.4994364101403791,0.2751865077251987,2.630900294892577,1.1607211348160846,0
4092.0,301.04962505074894,-77642.88812216872,40489.59324934608,0.14379253903608963,0.5004152670240762,0.24196325996959422,2.673128124258481,1.1752166299824136,0
4094.0,301.04188423253436,-77653.80480279331,40488.552149956326,0.07505453288170155,0.500886789149601,0.2641588886345875,2.6323423123730008,1.1788099130611969,0
4096.0,301.67973819377244,-77372.17614078289,40574.340157294515,0.460350331436623,0.5020347805364261,0.2676183634202599,2.7513389235607453,1.1861992406343147,0
4098.0,299.6491531387875,-77116.04221318255,40301.237133430324,0.14893319079414682,0.501246111435959,0.26800764250082865,2.712335943264879,1.1825464323993455,0
4100.0,300.96304903835676,-77711.83250076126,40477.94923043618,0.17770994691995692,0.5001189916218438,0.26738058027160294,2.7143907821179374,1.1835440979620904,0
4102.0,301.6454320078294,-77338.90904189111,40569.726155484896,0.04090878884189901,0.5000589434149366,0.2657466918654058,2.6669540755541004,1.1835430152174424,0
4104.0,299.8361134607445,-77300.4503299878,40326.38231468916,0.4157212487202513,0.5003296149845846,0.2647081194695853,2.700285587057115,1.1915546227496072,0
4106.0,302.0325148709282,-76903.51450462046,40621.78676734588,0.022861421325686516,0.5006647979948458,0.25096480195569004,2.625294476009591,1.180269081518941,0
4108.0,300.8463080031477,-77352.43125864048,40462.248174404886,0.0834826898816391,0.501610875528804,0.26612985568810643,2.712327001068424,1.1768942291350517,0
4110.0,302.5499414837621,-77555.22919336881,40691.377928891096,0.040503882254872295,0.5000736541134089,0.2576123416784316,2.670845306214162,1.1755747900848774,0
4112.0,299.98354165065496,-77201.52370544593,40346.21063183772,1.0193787976353033,0.5013075219562828,0.272968441869458,2.678635069153169,1.182446691303219,0
4114.0,297.8610806933868,-76888.33303181175,40060.750781711955,0.20682788675391311,0.5002030102597511,0.26815678263528764,2.5910602937016565,1.1801914102683333,0
4116.0,300.65511487343883,-77416.44698837458,40436.53370273704,0.0002696459608126141,0.4999297434017325,0.2593855315611226,2.552565042121,1.1677659054896226,0
4118.0,301.92975239016084,-76997.86294179072,40607.965753462,0.012539783361049661,0.49964725386767495,0.26339939761182396,2.5329183274079003,1.1708931214876963,0
4120.0,300.8904678874246,-77284.16517628077,40468.187446881995,0.013215310004575582,0.5001122046852846,0.2753431591041895,2.6267812621347515,1.1668952841490823,0
4122.0,297.5816832232896,-77663.6301236588,40023.17328957183,0.05165534788559682,0.501163357861012,0.2531039189359845,2.6115584541112664,1.1775294261726001,0
4124.0,296.57753421848946,-76903.34548711183,39888.12052290839,0.03236098853023525,0.4998188943937883,0.26993147400429635,2.730838882391114,1.1812162341492192,0
4126.0,299.2328648579157,-77475.9320440375,40245.24854628583,0.010362069403002582,0.49966755662988327,0.2627724451706691,2.7802337894273608,1.1885945262757431,0
4128.0,300.251825476789,-76923.9971662137,40382.293397241316,0.25364824756097665,0.5001091086354056,0.2712938543194935,2.790905918147879,1.1848691872143042,0
4130.0,300.90780913416324,-77021.35782437655,40470.51975348017,0.42415851349971595,0.4997739417101837,0.26655668504952174,2.7987733400719987,1.186506642850283,0
4132.0,301.24485294724457,-76502.21439737873,40515.85037595336,1.1363621781636335,0.5007212745036738,0.27317397897791174,2.807977100565216,1.1785065251253333,0
4134.0,301.9101615924819,-77081.93369906221,40605.33089407855,0.10610942032224915,0.5006812458057467,0.2634859870376268,2.731210726346373,1.1717023842192176,0
4136.0,301.56116635601614,-77483.2940374884,40558.392867937255,0.009569126117886129,0.49911765110230627,0.2568259787802934,2.7308103543277618,1.1885632141804883,0
4138.0,300.86467303064666,-76288.15961851156,40464.71817413771,0.024228452959897902,0.49959543451388544,0.2660520978324027,2.6932881430516318,1.1844439223893444,0
4140.0,300.6793699154325,-76805.34128126735,40439.795878481,0.13590033185050068,0.5003597731239117,0.2761833637091974,2.873734150808779,1.196962194115795,0
4142.0,297.4349730268425,-77288.67463598796,40003.44153877269,0.054338448266225046,0.4983058585944149,0.27532335908449435,2.698731634215767,1.199593004398568,0
4144.0,299.89576840646487,-76893.17379451427,40334.40559153969,0.2556363595481026,0.4988688887842509,0.2625935028287419,2.6480739139054283,1.184554830899842,0
4146.0,297.24555309847085,-76231.90303903027,39977.96555337063,0.20879559604061812,0.4999356652274222,0.26290778827368305,2.73468814537517,1.1866699951687674,0
4148.0,298.03978785231357,-76994.09085810313,40084.78595589452,0.20840806301063058,0.500500828941058,0.2728588294821932,2.7216690654709206,1.1784566353872497,0
4150.0,301.8341798216159,-77118.96499797748,40595.11174500566,0.028597085693935615,0.49833066207979326,0.2609930065256091,2.713755062999474,1.1797515781177421,0
4152.0,300.3676360454956,-77052.18667815987,40397.86931041548,0.1312008077797544,0.49874542771133457,0.2651714386980222,2.8142918710964793,1.176700907685269,0
4154.0,295.3863917345955,-76442.10337417154,39727.91811552539,0.5257692580378389,0.5002493782107352,0.2741733601485935,2.871759353705951,1.1847708399467167,0
4156.0,299.35108758122044,-77330.74617092893,40261.148881583154,0.5343858372622702,0.4995663755835734,0.2676806654274303,2.7216753863821306,1.172947590149403,0
4158.0,298.37454552826324,-77735.75383839582,40129.80910493187,0.15815905941046454,0.49848372575856104,0.2682223425111303,2.6369490843066004,1.1721137551070013,0
4160.0,300.23417287524677,-77806.49652778427,40379.9192150575,0.057246736245959565,0.4999349872907638,0.2618620717338459,2.608560252425568,1.150397695131239,0
4162.0,304.78106913885415,-76553.25807407557,40991.45287908183,0.26226480789475654,0.49930398293411216,0.2708343221529894,2.770640183254823,1.1486621253046203,0
4164.0,300.5595205596579,-76973.26772169571,40423.676769660684,0.32500569136764385,0.5003107596967448,0.26195781340395696,2.5296767649200977,1.1461232122414216,0
4166.0,300.95764400448616,-77428.96619082836,40477.22228177154,0.010955613732226711,0.5010352316355098,0.267615241936236,2.607484219229188,1.1448734822465738,0
4168.0,297.93240439187485,-76902.16450215469,40070.343444517406,0.10457711006365909,0.4996118254115903,0.27265094126722744,2.656926921052988,1.1411455808300632,0
4170.0,301.8559912937599,-77126.98121330224,40598.04527344016,0.4318111125902633,0.49884656597575866,0.2776355643989032,2.6209199268603087,1.1372495665513158,0
4172.0,301.0711305901523,-76707.38131660549,40492.48563143392,0.280144113154551,0.500345452118624,0.2805561891727001,2.51757306084007,1.1218437750339976,0
4174.0,299.16866740558976,-76276.31807223277,40236.614326157236,0.2623906051069806,0.4998382065088548,0.25132456102484324,2.4757089140684982,1.1271012912577083,0
4176.0,300.95377861345713,-77297.70735095534,40476.70240698183,0.09583228236848473,0.498443057477203,0.2833101371335975,2.4834534580299494,1.1254142023301996,0
4178.0,299.72375362535564,-76789.26827326347,40311.2705070206,0.03384886427200077,0.49709313578981484,0.26692821263957944,2.494872333821117,1.1216587611885653,0
4180.0,301.55405197344106,-76637.25298038567,40557.436020850546,0.13885051088859576,0.4994722488051202,0.2607498916974238,2.5329889973388395,1.1383924082995776,0
4182.0,297.32953920180404,-76993.49609055812,39989.26124311609,0.004991475638834773,0.49985291303991924,0.2574163885832809,2.6254054966985163,1.1384432008676855,0
4184.0,299.6798830090002,-76670.92890623247,40305.37013955949,0.2695669394096463,0.5022408239535988,0.2744478611727791,2.5572275637551347,1.1365363150633887,0
4186.0,297.16102292999585,-76959.570462742,39966.59668972141,0.11471996454831583,0.5017256546139242,0.27518918357385513,2.7399745721303184,1.1270631848129355,0
4188.0,303.2145977759072,-76580.50682404859,40780.770708951975,0.4177562020558352,0.5003832939556095,0.273227056266922,2.5551964404622307,1.1174862973747726,0
4190.0,300.29770049231985,-76599.83628471149,40388.463345863034,0.47503196931610137,0.5011938163520717,0.2626315816754581,2.626743369315739,1.1233115300649612,0
4192.0,298.51507549993636,-76562.77258829086,40148.7096479617,0.20476836790066744,0.5009198263421268,0.2629257066402655,2.64506940452679,1.1082119068188834,0
4194.0,300.50831895956867,-76784.73431502946,40416.79042339475,0.03505993676838194,0.49981676704839084,0.2585493099084417,2.4399709816005624,1.0955458377056078,0
4196.0,302.46064836829754,-76423.54822082736,40679.368473890056,0.002497694852908549,0.49966117811422517,0.26278962093719305,2.5535688466171056,1.1016554753264471,0
4198.0,298.2620534661093,-76858.31328327826,40114.67951345796,0.2857412686506557,0.4999954379679815,0.2727312249872714,2.5859067304911965,1.1066772760523584,0
4200.0,298.9824094049448,-77271.50721387647,40211.56360342579,0.9957829575578813,0.5012603544345127,0.2711279322463622,2.5190217841892006,1.098682188078051,0
4202.0,299.45726880064495,-77272.07681944408,40275.42969785885,0.09938767744878135,0.49962759970094867,0.2719202536348571,2.5040408061601003,1.100567990644449,0
4204.0,300.9858113465848,-77232.15645018581,40481.01064132953,0.1939935137347721,0.5010988757975114,0.27104331144939686,2.5795953452227938,1.111017071080568,0
4206.0,303.8920282622529,-76855.6133206269,40871.88155103398,0.3691758456788266,0.49977965154111625,0.26709702999031937,2.872501702015674,1.0885950532023516,0
4208.0,304.12717246228607,-77469.800627038,40903.507210799144,0.0020931309060714717,0.49900864229157904,0.2693861756752235,2.6006956343472583,1.1070511639618223,0
4210.0,302.5126786652005,-77262.22290935414,40686.366275524546,0.010504921805402223,0.5002441432141187,0.26251329728713335,2.555613011952731,1.103778752458105,0
4212.0,299.2328870479407,-77614.6535279873,40245.25153072765,0.35736975171370383,0.49883911733447966,0.2617383579133255,2.4965635147169967,1.104139865505537,0
4214.0,300.60479994379153,-77126.72517349059,40429.76660898814,0.09089901761584823,0.49945787558194527,0.27081823132964983,2.471379029645589,1.0958606581944004,0
4216.0,299.6347262892333,-77259.64469543158,40299.29679794503,0.11950775153454113,0.5019182806641941,0.27318020617823346,2.503329501793809,1.0964348725625535,0
4218.0,302.3731989817317,-77513.07083129114,40667.60699074136,0.006596141723542696,0.5013994006046376,0.2716016360639033,2.52197122788819,1.0891365499183017,0
4220.0,300.84608104888713,-77550.81463188073,40462.21765024895,0.2277426062228123,0.4980320669060849,0.25371835944887833,2.5591274519532656,1.090207689512416,0
4222.0,299.5037394066199,-77362.98293284548,40281.679750266856,0.4234006565526733,0.4998728745825594,0.26437179104851055,2.4100133681355067,1.0963139244856208,0
4224.0,298.036981585538,-77206.29887601628,40084.40852775365,0.12384242066044761,0.49904174378118316,0.27365806808198845,2.4115578274565417,1.1015206456605393,0
4226.0,298.5267042332835,-77276.58686889056,40150.27365151478,0.06266519415876985,0.5018065306945646,0.26781202994580455,2.388180716407797,1.0897322239097182,0
4228.0,299.7234436914751,-77418.89554504829,40311.228822541656,0.1925972481733771,0.5014367304288904,0.26904300789919977,2.5292826378806788,1.0841338932183537,0
4230.0,304.0423638469325,-77232.10520314134,40892.10089750735,0.35474106477925743,0.4999771124926365,0.2698362210477047,2.433371798035662,1.091667351453178,0
4232.0,303.33208861867126,-77132.95407931879,40796.57261016092,0.168138946244922,0.49757862637164474,0.2683022123663438,2.4949319511980605,1.0963865072381,0
4234.0,298.4284940976827,-77239.39257669705,40137.06490414374,0.0941190412606061,0.5017456509416336,0.2709692879372403,2.493774219517514,1.0888307675545745,0
4236.0,300.6058004848882,-77595.2839558099,40429.90117651012,0.026797444097483872,0.5007417245430094,0.2675014026426309,2.417044356993631,1.0885763709049674,0
4238.0,303.239902676662,-76684.6173792067,40784.17408518473,0.021260648310515464,0.4999258630549545,0.26525298285363547,2.5030517504960534,1.0976398132013259,0
4240.0,301.02954730033804,-76712.73424957774,40486.892897377984,0.04645162638468194,0.49960344497415116,0.26688842340898516,2.465992844500019,1.0979821724113217,0
4242.0,296.79950927433686,-76898.24212708522,39917.97500195399,0.22669793870711372,0.5004390541673368,0.26756248907662317,2.4795926756736977,1.09821509739116,0
4244.0,300.5008071927825,-76963.41021779436,40415.78013021898,0.05969843091956906,0.4983386473815681,0.264577562239938,2.6128648910019594,1.094621065509567,0
4246.0,299.8178157310215,-76759.73515840154,40323.92136615369,0.32707554878566003,0.5000526047925079,0.2735289125599304,2.5088365478066628,1.101114803414227,0
4248.0,299.7834217239237,-77648.83622647997,40319.29555286006,0.00550893071268892,0.5004056419544931,0.26233607816152893,2.5520846241906314,1.1128460813053729,0
4250.0,299.5181773218867,-77390.01629043138,40283.62157403237,0.5043211821483402,0.5004015646071063,0.26556563091333785,2.497946163453207,1.1116546866669852,0
4252.0,298.93978490847564,-77640.52567202272,40205.83083254391,0.4376467464059999,0.49908582208983965,0.2717182831063184,2.4981768094569494,1.1201049227790907,0
4254.0,296.2303752364439,-77229.57583597291,39841.429463341345,0.06467532146919477,0.500089563726924,0.25147376210759,2.533673886979731,1.108677009655107,0
4256.0,299.6218521785741,-77293.44169802463,40297.56529768507,0.18938855641254682,0.5001484317586726,0.2695817533109164,2.5960250564849705,1.1152084723886282,0
4258.0,301.76620053599123,-77489.47563486989,40585.968888163174,0.0973202669238767,0.4989570761566659,0.27562295005535536,2.588570750226607,1.1121505700592245,0
4260.0,301.68055572362994,-77405.39334963285,40574.45011076612,0.026833458581164808,0.49973170001527295,0.2738645589714626,2.5997554500563727,1.1240067343454412,0
4262.0,299.4346857212644,-77310.66071068961,40272.39239230406,0.0026519930016912063,0.4982722340555616,0.27141754841153537,2.5000560273822012,1.1062654503136429,0
4264.0,300.18090365948353,-78008.19279899809,40372.75478534396,0.5843369193551402,0.5006739497928994,0.2687817784670814,2.5862309102288332,1.1320998784311,0
4266.0,300.28438332724414,-77586.47002995026,40386.67225711128,0.004413295164226876,0.49960274392136006,0.2708462698433104,2.799271325084161,1.1219179438628752,0
4268.0,300.4860957351567,-77054.80294725008,40413.80151644302,0.10794795687251832,0.4998786206835308,0.27322613492528386,2.5952061422649435,1.1211144743231014,0
4270.0,303.2212609993097,-76522.23954410898,40781.66687749978,0.301862527848315,0.4990035460055833,0.2582388550018855,2.6464884130497017,1.1226925459884995,0
4272.0,303.0876643945628,-77581.19332973904,40763.6988359027,0.17108146738947333,0.4998255479505034,0.27361522761610346,2.5453350164373036,1.1110888743878227,0
4274.0,296.8746743545977,-76707.55011820339,39928.0843104303,0.7555321646519411,0.5008231461071838,0.2798881174250115,2.6634701225318658,1.1269199276918787,0
4276.0,301.6703173616922,-77233.8370670689,40573.07310486442,0.15064442207670295,0.5003608904101895,0.26581523594057477,2.7120937568995087,1.1268164303466823,0
4278.0,304.87565423094674,-77495.75313567929,41004.174077142234,0.7687386811629409,0.5000616536678357,0.27417474464723246,2.8674459664621557,1.1212496225425808,0
4280.0,300.88912461946984,-77350.07220722607,40468.00678439785,0.012439790354129563,0.4989796438446378,0.2664829123128355,2.842052818217646,1.1261860623313853,0
4282.0,299.66780147940443,-76807.31032525643,40303.745237289375,0.21431730492192405,0.5003747983032202,0.2579884321396527,2.810659853306786,1.1202560068517646,0
4284.0,302.36679114646273,-77367.07043947326,40666.745170556045,0.024414715211529162,0.5028157349330881,0.26504177342379676,2.7068401830832074,1.1044206789016782,0
4286.0,294.9489149857465,-77548.17948820326,39669.079790734395,7.052429013996186e-06,0.49918874501286165,0.2688152913969108,2.6260384108567796,1.1098202947088904,0
4288.0,299.23315368389746,-77715.06116831349,40245.28739186327,0.5975084507444881,0.4997966930759972,0.2690394760310035,2.6700409785635797,1.1064147272170404,0
4290.0,297.13824542894145,-77901.93921263446,39963.533235472714,0.10161128610723477,0.49960820311326154,0.2611224490320119,2.7499262888975267,1.0986442052014398,0
4292.0,298.1321058091967,-77060.71779416746,40097.20223617781,0.0010962188108022144,0.501824398784766,0.2572282743810811,2.5501626725108615,1.0997020093362955,0
4294.0,297.22797701114035,-77508.92379189981,39975.6016619464,0.356345781085879,0.49988066411508664,0.26584802295040516,2.540003373325429,1.1033709441547146,0
4296.0,300.4816803747268,-77501.03631284472,40413.207673657715,0.013437838003157274,0.49986156464782544,0.2652882846300875,2.536267526257494,1.104156360028383,0
4298.0,294.338884483976,-77476.33062125964,39587.03389254662,0.16058514968663432,0.5003557599553419,0.2496795190648855,2.52945430853225,1.0876659208858692,0
4300.0,297.6499721279781,-77427.8758638762,40032.35778855207,0.28416954963716384,0.5000557031219939,0.26847656844426715,2.6132852826801454,1.095323479208501,0
4302.0,300.1806623952353,-77260.98304477078,40372.72233656986,0.05856970015307489,0.50231638994224,0.27629816759813575,2.6111336790687796,1.1020581880241096,0
4304.0,296.93758500905636,-76734.11557637597,39936.545463004906,0.148684934918655,0.5002891571583231,0.2723329304945806,2.6285805426246585,1.1001451067203707,0
4306.0,300.3906755902624,-77546.38901023252,40400.96800816706,0.05668836365129017,0.499507731167818,0.27609487224582563,2.6688093103226036,1.101752821162737,0
4308.0,297.33068600616974,-76926.50424175465,39989.415482279466,0.47031780942036666,0.49786777584254294,0.2769327047122879,2.5707418813500316,1.0873760924983682,0
4310.0,298.23653357419533,-76795.0716095675,40111.24722204358,0.03856765299865429,0.5017232918031105,0.26162056999192473,2.6881670826526003,1.0825482642683861,0
4312.0,297.8255107974889,-76869.20624419244,40055.96681755128,0.013200621208037732,0.5017774662205804,0.2726662074200489,2.5683164639434257,1.1014847003741957,0
4314.0,299.0918758886895,-76734.89616452227,40226.286270496086,0.68714908539919,0.5008593270962292,0.27016545958174043,2.723992734722053,1.091769756656246,0
4316.0,301.21975168187976,-76892.82759605942,40512.47438761093,0.026573695022029154,0.5008549801110478,0.2760579028097716,2.5673390521350496,1.074426730504222,0
4318.0,304.367171381928,-77250.56064384826,40935.78580485136,0.07308975698095908,0.49862491158900846,0.2511476588959487,2.5407241355419963,1.0791439803585317,0
4320.0,297.8913709495713,-76595.52918705298,40064.82466206348,0.3135506968072425,0.4997860382517143,0.2641349916424074,2.547742744942826,1.0798054864958657,0
4322.0,297.87150666802654,-77395.07413093373,40062.1530205366,0.801388771489804,0.5005374963370776,0.25834393034649683,2.5567478183118815,1.0854094342871825,0
4324.0,298.0384358158005,-76913.83053038304,40084.60411408534,0.4048749234269029,0.4987495092289066,0.27679772356279353,2.587657864798652,1.0912420607205136,0
4326.0,301.9553148157795,-76709.98762282997,40611.40376543625,0.17785300363749898,0.4991367687942815,0.26750403277473656,2.3951862925635634,1.0939487794943403,0
4328.0,302.20094944633956,-76524.61841801403,40644.44033300431,0.22589255399229385,0.49823461435510596,0.26964258574938027,2.399696888027321,1.0862532058319823,0
4330.0,302.925061386703,-77277.01102475764,40741.829585448555,0.04430668165965579,0.5013135573302531,0.2712615501126049,2.6000057782284656,1.0903677285631568,0
4332.0,302.637921612511,-76997.22091111378,40703.21079407558,0.04180480853302429,0.5014579044731087,0.2630868007398184,2.5101274125752346,1.0981006138708744,0
4334.0,305.3777096187543,-76853.39393040515,41071.697889661664,0.15920179078637411,0.5003921674891478,0.26817781131943597,2.58718831825062,1.1086064264978435,0
4336.0,301.95242796962845,-76897.86398144346,40611.01549979263,0.3905420469125705,0.4999501946886063,0.27219252704605207,2.5757080200925153,1.1043371913813924,0
4338.0,302.7877242763295,-77265.8568767393,40723.35846549241,0.015675227698443334,0.5000692102525915,0.2731966283365237,2.579483620242231,1.1027061150417872,0
4340.0,303.3693718668092,-77006.00298430526,40801.58701119817,0.005382723876910762,0.4997405651677961,0.2582991666019351,2.653034909002807,1.0861134135269004,0
4342.0,298.62151373743035,-77883.02848491026,40163.02503181771,0.025527802827142954,0.5004136854138455,0.2832326650999024,2.597921484455086,1.0899438479794237,0
4344.0,297.95356733355294,-77276.08492469636,40073.189749010766,0.025199136255895104,0.4990860113107488,0.25591487938930857,2.6110956888713543,1.0952454401568916,0
4346.0,304.99560957397466,-76873.26560409041,41020.30744069141,0.8877196799937104,0.49671803373804485,0.27031252234683295,2.544361195052673,1.085243469461364,0
4348.0,299.255570972072,-76866.26234640263,40248.302399371714,0.014085991919993516,0.4999386063845367,0.2667064527790187,2.5591787999814626,1.0876875048285781,0
4350.0,299.4638053966795,-77025.49722258735,40276.3088356908,0.2468471275553213,0.4994976315537758,0.26884719663082857,2.4746166014916686,1.07420113618732,0
4352.0,300.6162037620099,-76556.3384440589,40431.300362637805,0.000848407845100387,0.4997090412551499,0.27701858874019236,2.5202006501615433,1.0845912496067696,0
4354.0,301.1798861917921,-77173.82308174158,40507.11268859515,0.9417635871639221,0.5015443072994045,0.2709383559933355,2.554405968535441,1.0930370334248796,0
4356.0,300.3822048052399,-76905.52673227561,40399.82873207593,0.18136703865413625,0.49945709686864065,0.2746818408255188,2.5433805934047466,1.10054537046429,0
4358.0,299.5820362458013,-77608.38993331487,40292.21026386783,0.0023191677773065004,0.499579509436719,0.2737203243241917,2.5228499806157263,1.089995304545557,0
4360.0,304.54511852340585,-77327.06421096693,40959.71876067918,0.0003568980476994084,0.5000378050043977,0.27047204727170593,2.5278744922694387,1.094516276697957,0
4362.0,299.7054948934447,-77273.45477913017,40308.81480348602,0.41073116297385787,0.5014561249202987,0.2704568801602556,2.578148261125005,1.0880563866625736,0
4364.0,302.45861099267944,-77073.10278276785,40679.09445757112,0.052680808737951064,0.5024032969640188,0.25872945003022363,2.5484171433481606,1.0785987844115559,0
4366.0,299.6773271353578,-77480.5504468215,40305.0263879798,0.04921052530440794,0.5005292573824297,0.25556667353114426,2.412921312043013,1.0746674643796172,0
4368.0,296.97887958269183,-78018.4761090047,39942.099366251336,1.2402687424920609,0.49914840337018956,0.2733480062922676,2.4933537420253726,1.0651956658353723,0
4370.0,298.2965815552051,-77485.72761901142,40119.323360076036,0.013199446745812726,0.5010627265972116,0.25326009661000515,2.5211706442424173,1.0828345906957628,0
4372.0,301.48165315462217,-77469.41827693803,40547.698760007865,0.00037891720836265676,0.5000238025689586,0.25727281749468534,2.4839310055484303,1.084400601252861,0
4374.0,300.745807035274,-76991.23576170881,40448.73132212617,0.04325784285816094,0.5003610903838432,0.2646355112740696,2.647524038268071,1.0970863160676458,0
4376.0,295.7634200619697,-77504.45494430163,39778.626445144764,0.8358042484683138,0.5001076028421765,0.2751531334353685,2.642339889679135,1.1019274886492898,0
4378.0,301.17999077177797,-77616.46225210151,40507.12675405393,0.30591636520542165,0.5016306543939242,0.2635548016671818,2.7202580198436443,1.1168325369110281,0
4380.0,302.5783650916937,-77142.39667573653,40695.20075485753,0.00505517194520718,0.5011140729686648,0.26464561464269065,2.6397376935973793,1.1284569879727706,0
4382.0,301.78340945704434,-77279.09829238604,40588.283397651714,0.07375744116156373,0.500498738056838,0.26761490371407715,2.5042526783909755,1.118966879466365,0
4384.0,297.7254073724908,-77646.1842610971,40042.50343270117,0.03376893046540664,0.4999048964655078,0.26258621019692546,2.563022666251144,1.119655887410197,0
4386.0,297.6583287923382,-77422.03022845543,40033.48171601354,0.09757227189578666,0.49856811156690894,0.27484231748625576,2.450050406448179,1.1103305791528983,0
4388.0,304.2779599340107,-77538.14906395494,40923.78733370645,0.04637502352374267,0.49847815347080393,0.25649086827555634,2.458901623334692,1.097975903293743,0
4390.0,297.3497503710317,-76909.83032040566,39991.979539214226,0.4899936063879829,0.49961626856708935,0.2753135665172352,2.546438268222039,1.1141318739053583,0
4392.0,300.4294453883666,-76527.86999460787,40406.18234236639,1.4469884535279276e-05,0.5007880725530732,0.2682125635674547,2.4967783022479657,1.104779831772815,0
4394.0,300.2692613725,-77208.43456125073,40384.63843362911,0.43087047312238025,0.5005238619671875,0.25851813485276165,2.4318505597867786,1.1073396925172156,0
4396.0,298.71550905324466,-77321.20410883299,40175.666908066596,0.044320042513048205,0.5002670701667373,0.27698497924647114,2.423705397281898,1.115143963122119,0
4398.0,300.097692438748,-77182.8020959528,40361.563313237675,0.21639744281927467,0.49969881158670926,0.2793498685386848,2.4959269098420727,1.1128978046717475,0
4400.0,299.2921244748707,-77305.97068710555,40253.21865349397,0.09693915965484146,0.4999518296777631,0.26405726547700603,2.532432677095989,1.1118237352054074,0
4402.0,301.0119836579672,-76810.57674721617,40484.53067973546,0.10981153649111097,0.4986382745304076,0.25517442501956406,2.633239889515765,1.1122135002625069,0
4404.0,303.7352922424107,-77068.75621143298,40850.80137965073,0.2511503717676207,0.4985868791924371,0.2700271522908459,2.547036050081943,1.1136611429120373,0
4406.0,297.73980838000347,-76951.46038536925,40044.44029256761,0.05270786818579516,0.4989129154374565,0.26204240418315267,2.5232076096932463,1.1095913586406132,0
4408.0,298.42078367712753,-77740.08815671399,40136.02789307952,0.019108843448789624,0.4992909772880119,0.270452373035346,2.52774673074638,1.1137405909314824,0
4410.0,298.3458347875178,-76909.84545191296,40125.94766111019,0.027682582075897758,0.5001537224525673,0.2605801012988306,2.4010810988281497,1.0942457150765523,0
4412.0,302.3372272501339,-77797.48890844465,40662.76898178976,0.30758115806665864,0.4999649315556822,0.2712647286655323,2.523117700661152,1.0973308317872719,0
4414.0,299.7326806874368,-77449.56701706978,40312.47114997944,0.1454138098833484,0.5004821599573436,0.2781793163370697,2.5540831622362314,1.1016969510725905,0
4416.0,298.67931929397344,-77548.69244281191,40170.79957553816,0.5422318848845376,0.5022017734230796,0.255552291342367,2.5368812729924546,1.0944908865189824,0
4418.0,299.8267592589246,-76660.63669404981,40325.12422367909,0.06278085698083144,0.5009271427765245,0.2682596750875501,2.553716895124311,1.0960335222392248,0
4420.0,298.3554492154546,-77143.75840763992,40127.2407511661,0.6654457629604733,0.4989324260288504,0.2762947195972076,2.575632001663675,1.0918848794183091,0
4422.0,305.74987812600955,-77373.09173638024,41121.75259900216,0.04022403740528813,0.49896252658086815,0.2685164176879008,2.520313428772422,1.080917779194326,0
4424.0,296.2173200229161,-77090.24071275035,39839.67360569684,0.004272922892795177,0.4992844386619232,0.27172519719210164,2.5339380561189744,1.0792351078331612,0
4426.0,299.69945063797735,-77068.32849911554,40308.001882874254,0.1775076656894219,0.5002989645744442,0.2622072344759392,2.3692375754467783,1.0683320936127738,0
4428.0,299.2655244313354,-76468.26825709245,40249.641087360214,0.013639635800277819,0.49976304129563576,0.2700321462119899,2.383755474321828,1.0757354501234804,0
4430.0,300.4951935437146,-77115.40244729386,40415.0251239061,0.1090685790195374,0.49922240406513885,0.27515831310415473,2.3596719679509106,1.073961585327696,0
4432.0,300.7460528875944,-77310.35619122128,40448.764387971874,0.000195835396523092,0.4998507164592739,0.25682830608316165,2.4773668059301355,1.084824469740177,0
4434.0,300.714153418643,-77068.61325721059,40444.47407695589,0.2859719339923183,0.4993555559681018,0.2715116949922555,2.4660510357830456,1.069286386807561,0
4436.0,300.1821038870788,-77431.04948894249,40372.916209651106,0.017665613171164888,0.4996554014201605,0.25935755213002254,2.3976549454454488,1.0588926519654327,0
4438.0,299.6035973682169,-77228.68426775408,40295.110121578866,0.30730480353931,0.4999029614963392,0.2617467384017241,2.3492049196722675,1.0529187628329297,0
4440.0,303.0980278570669,-77485.2654379087,40765.092667173456,0.48957616926571446,0.4983638433102134,0.2661584651235544,2.4089271298650616,1.0604089131978758,0
4442.0,298.7549717197522,-76564.22587195423,40180.97442942676,0.1187509645014356,0.5000220580984658,0.26376425792656644,2.4645941287602326,1.0745782956067491,0
4444.0,301.6183074438853,-77655.24150915234,40566.07804411131,0.6254299108726172,0.4990280737289953,0.2713058526309933,2.3503923935349658,1.0774914245734157,0
4446.0,301.3969300227052,-77549.80696437147,40536.30394378927,0.06067240464673585,0.5017546647529424,0.25331023660420804,2.3892341548533538,1.0793870242570913,0
4448.0,298.72503597180366,-77386.83014382748,40176.94822857085,0.04918474826347071,0.4998839694871572,0.2662482036356749,2.352574805276252,1.0836602248885003,0
4450.0,298.6786909893181,-76605.95767500438,40170.71507186231,0.006202911275834417,0.497967297157499,0.26739495669898583,2.432601793816327,1.0912994800739542,0
4452.0,296.82756617539917,-77643.38538398256,39921.7485077727,0.08453487075495732,0.4992979409582573,0.26489359564940973,2.357329358360033,1.0988130908236895,0
4454.0,304.0966560380148,-76989.6785144565,40899.402912027945,0.0366526438846813,0.5003984287479732,0.27326517254965443,2.4088046124944724,1.0907221721569875,0
4456.0,301.1845294311993,-77077.60823512054,40507.737179905926,0.08850632340748633,0.4996271128724935,0.27626665746337264,2.4247190757407737,1.1023645510338396,0
4458.0,303.0144183289422,-76877.28060721594,40753.84762481552,0.0010833174828394562,0.5003116031012192,0.26459434599060516,2.409610033476129,1.1045345623405805,0
4460.0,299.91283078621996,-76512.61806368653,40336.70039199338,0.1120400448425876,0.5011512824592421,0.2624775139167974,2.4796878468258097,1.1009450220689796,0
4462.0,301.19507855068093,-77225.97763119324,40509.15598106496,0.03880409236828736,0.500788366885247,0.26626525382297805,2.358434827276844,1.0929501693422,0
4464.0,299.59066474780656,-77116.38088362373,40293.3707520647,0.04315861807712669,0.5001325454487445,0.2705373304522145,2.467751352938775,1.0996989116080131,0
4466.0,299.73196204409095,-77317.83497037832,40312.374496224234,0.05899650447304605,0.49946047409542627,0.2587286723702549,2.478032037762964,1.1036581014193612,0
4468.0,298.19944312782974,-77274.51527766511,40106.25875183198,0.2860171586663775,0.49829681090547767,0.24333785356174792,2.511231450769843,1.1077946120915187,0
4470.0,299.76634999752844,-77150.18730443204,40316.99949533236,0.2836905401866755,0.5006842235636876,0.27281750165037677,2.547387112304268,1.1091481716832394,0
4472.0,297.81595414835607,-76964.75578375394,40054.681498441016,0.060531661007085964,0.5007357218843865,0.2614792975932205,2.497502134847923,1.103238565221767,0
4474.0,297.31754026894527,-76816.315276796,39987.64744967324,0.1009063866571169,0.5003288708496751,0.25685693657875097,2.5101659469144937,1.1095180757098901,0
4476.0,298.23565041013364,-76852.1938146291,40111.12844111626,0.16054474493919513,0.5017546455952494,0.27498630087374465,2.5459128074626696,1.103763458648585,0
4478.0,297.56097657530574,-77530.5688468318,40020.388354183575,0.41644063389113256,0.5010400155104662,0.2476547326563463,2.4713636071794793,1.1132338946312879,0
4480.0,296.59641024751164,-76762.93192301667,39890.65924966197,0.07514592846736302,0.49920629032161196,0.2797954343618418,2.4007635728516847,1.1022040929638404,0
4482.0,304.1960647732763,-76261.74308506527,40912.77286475746,0.015392517484778335,0.49961934633316796,0.26821610695636044,2.640406809201417,1.1091839901008478,0
4484.0,300.8040507651254,-77308.27848136355,40456.564797855,0.06316243547654464,0.4991998959836286,0.25791006889602824,2.5047238763591446,1.1115684054422454,0
4486.0,299.68297851175174,-77561.77360980911,40305.78646841986,0.003981849155710497,0.4987948289499391,0.2773260236025905,2.6237448865996926,1.1210736553342255,0
4488.0,301.2692550720879,-77688.67337215948,40519.13233356802,0.038540585322311686,0.49814694998984405,0.2661393587023125,2.477674171027475,1.107096370887302,0
4490.0,300.8087228877816,-76983.08479791717,40457.19317381105,0.007184449303091566,0.4990565924477991,0.27161607624769746,2.4305909640428296,1.1058705612390314,0
4492.0,302.24375276012444,-77255.27848597779,40650.197153875895,0.09910202196696703,0.5000672426828986,0.2771647939105858,2.6109639998822343,1.1072496734690216,0
4494.0,301.16241977184984,-77174.25539851421,40504.76354685859,0.0012385652046814598,0.501407546029877,0.27513777725048594,2.6105552529860976,1.1145357474217201,0
4496.0,302.43671369041255,-76720.63252009184,40676.149385435936,0.024286385310850183,0.4997380491605258,0.2775996563695594,2.613369158415594,1.1192587236672573,0
4498.0,296.2715431181836,-76704.76550710062,39846.966327193266,0.007772394227937448,0.49858242722739615,0.2754027953205534,2.4807907440542123,1.1198405726998486,0
4500.0,302.87468294886617,-77485.8795404312,40735.05395018175,0.8616341396533451,0.498287712282692,0.27186507221023326,2.385410702901898,1.0992331498597783,0
4502.0,296.4919632275302,-77126.63811441942,39876.61167410216,0.014867097208346676,0.4994097756916997,0.25404790732714805,2.5275303002378915,1.1086489082126991,0
4504.0,299.64176424148377,-77523.8068039181,40300.243365554554,0.2484119004549169,0.5006578415869191,0.28011335043679886,2.395680668974736,1.1161225209805459,0
4506.0,299.00261552988513,-77334.14393457049,40214.281221093785,0.3176919425133265,0.5021039455731485,0.279926927472122,2.4712556118019915,1.1295369186096906,0
4508.0,298.3681969906442,-76961.3502242039,40128.95525996901,0.45391592628463967,0.5010232531470247,0.266127984117838,2.48999095342267,1.132754918386842,0
4510.0,300.92330197428333,-76334.61639639142,40472.603459097256,0.007357120004580262,0.5000409416278342,0.2816407517298276,2.4558468048130524,1.1391866491351352,0
4512.0,300.46371462818934,-77088.27423776803,40410.791375116896,0.40411295529334107,0.500293529970189,0.25978840435171036,2.643978465921695,1.1464343844264306,0
4514.0,304.4984976025193,-77202.8209666342,40953.44849170513,0.007916966968068807,0.5014603868499197,0.2722414309407839,2.5458540629400064,1.1277429431908168,0
4516.0,301.7278360401096,-77431.54256801121,40580.80906498385,0.16008402270643649,0.5013206711795286,0.24786224980699867,2.5523981019477295,1.1237649834015593,0
4518.0,299.39748447719313,-76877.44347545796,40267.38902038303,0.6707055125418628,0.49997939856584456,0.2652773751214101,2.591912853473499,1.118701620626077,0
4520.0,300.3987215559524,-77244.28516707139,40402.05014828941,0.2621205741261355,0.4996889904519768,0.25199296009855177,2.7218725911037773,1.1189203811014958,0
4522.0,299.61162007758145,-76572.07836562314,40296.1891338476,0.0002298339327371934,0.5005781994492098,0.26583806584209957,2.7045908166498567,1.1296621649461833,0
4524.0,301.9506466721345,-76289.237583154,40610.7759246363,0.09877944181761181,0.5011201611888939,0.26181536825249696,2.6435363047814273,1.122853414082048,0
4526.0,298.4739495737263,-76806.03371520655,40143.17842690815,0.09388862110443905,0.4986568852702539,0.25536636065331303,2.5823438603969997,1.110529243072971,0
4528.0,301.58132312983315,-77157.82342713559,40561.10384813838,0.06118348316140034,0.5023010212365882,0.26494575072221815,2.5052547176593714,1.104313311457616,0
4530.0,302.5997753019486,-76946.27288188005,40698.080315675645,0.08606679299175625,0.5000962192293142,0.27530351032091593,2.607037262629339,1.0977266445546858,0
4532.0,298.89943114307266,-76276.41593401611,40200.403463062976,0.054293286944133816,0.5002639286497651,0.2590006684226175,2.5011830482925697,1.112706754895073,0
4534.0,299.2603865024116,-77307.52328986023,40248.950062907905,0.27391661233477915,0.4994174192182516,0.2640194015068971,2.58559878020042,1.1154562016742113,0
4536.0,300.5025735433315,-76935.90410910756,40416.01769508973,2.1044614202901525e-05,0.5000657061808567,0.27623484617394833,2.4960501320868915,1.1226217089159114,0
4538.0,293.3892955414418,-77071.20513777668,39459.319167670925,1.2892412249478318,0.5006729247490159,0.27208549560986073,2.608478562190892,1.130739802468761,0
4540.0,299.29471719768753,-77511.49229730631,40253.56736109406,0.20956533713408673,0.501232677325303,0.27680504583234733,2.497836557660659,1.1285626904647637,0
4542.0,303.5206880306408,-77113.24269281584,40821.938240416814,0.2960284240392326,0.49904384281105824,0.27121394217444855,2.594386931853418,1.141186933555749,0
4544.0,299.68003548517015,-77281.50558474904,40305.39064680344,0.07999204287208682,0.5006020488402836,0.2614138341039016,2.6116414196050055,1.1392910948753794,0
4546.0,299.3853443290074,-77011.25838916295,40265.75623422047,0.20310948812967122,0.4992551486280008,0.2704566202290031,2.6782221952093734,1.1577521303497973,0
4548.0,298.6146941036704,-76894.2142902466,40162.10782689841,0.06114900714115954,0.4994679177302434,0.2690898009701637,2.6859110090546774,1.1426969660748694,0
4550.0,305.5277962323027,-76551.52394028776,41091.883750825655,0.16364006865788938,0.500612480016983,0.2652849440508315,2.5409142871905175,1.1478906297387805,0
4552.0,303.4442222771657,-77165.85481229669,40811.65399822521,0.1691694820170571,0.49981555927997623,0.2798294518975426,2.6158213960237164,1.14629634801248,0
4554.0,299.3237601825186,-77392.96492436412,40257.47349000008,0.5524020222928658,0.498975377281693,0.27715623666194017,2.5838646808089956,1.1612578866880225,0
4556.0,300.38945287871246,-76920.33075854881,40400.80355988612,0.013594184228768487,0.4990271083033133,0.27468892345098495,2.651448916690558,1.1795407087332948,0
4558.0,298.3343304610963,-77167.37742681522,40124.40038963514,0.04255593217254775,0.4998134108278693,0.27413173449721945,2.6670001060816872,1.1724709974885723,0
4560.0,300.01343050911584,-77106.1476223144,40350.230526303836,2.4643892331735344,0.49937864294395085,0.2588139099004143,2.9864393178474327,1.1793075301632165,0
4562.0,301.1256531493749,-77066.21863301331,40499.81862925933,0.012537859754609217,0.49825919170195887,0.27674681600157613,3.489589221735027,1.165729162416231,0
4564.0,299.46267918845876,-76431.65920974792,40276.15736660073,0.08553325179213625,0.5017421632793747,0.2707652239296484,4.253490740903174,1.1739650876879109,0
4566.0,303.53572254834444,-76510.0879376391,40823.9603040763,0.07985547858522081,0.499803802869118,0.2639154934955837,5.5622839031322036,1.1797588381415651,0
4568.0,299.8546203818683,-77064.75793932576,40328.871398369214,0.14045428981259106,0.49996809180434665,0.25341832286421495,5.568855675031953,1.1823421104354028,0
4570.0,299.87960266171433,-77026.1876726189,40332.23138378437,0.5024085442287192,0.5008031839587395,0.2807067762632742,5.431046895592031,1.1924394604476838,0
4572.0,300.8434458693929,-77231.17156378622,40461.863232448755,0.08060856319917131,0.5020529773123351,0.27116569593055384,5.329605856369569,1.1827111605970564,0
4574.0,300.26591023658455,-77733.5474796464,40384.18772345096,0.001954708448951364,0.5016015034660665,0.2730452641743787,5.595711688962677,1.1808640476155743,0
4576.0,302.2630202681059,-77382.07703487924,40652.78853249318,0.01822140933677717,0.49949374997258056,0.27781254062372496,5.684455392022179,1.1845867112100692,0
4578.0,301.30103995860856,-77069.90986512136,40523.407233848935,0.2266312912245624,0.5008328493184722,0.26304516187445004,5.320179625530011,1.18747508202246,0
4580.0,299.6208903939135,-76668.76806083752,40297.43594270018,0.003166778172519179,0.5005382562873589,0.26001148508295835,5.067238694559717,1.183506051246382,0
4582.0,295.9354675015668,-77039.70893024793,39801.76592205892,1.3127974778318916,0.5016740676884894,0.2616126310517246,5.819198418608929,1.1963490411445503,0
4584.0,297.78928088020126,-77157.0259691918,40051.09408398057,0.2374282193355141,0.5000084812934005,0.25674423822280223,5.890071607691189,1.1975679737944205,0
4586.0,297.6938377196717,-77369.34450497781,40038.25748022256,0.3070437476257606,0.5002060493053466,0.2569773973005438,5.315821158192695,1.1887887845646667,0
4588.0,297.48582391578134,-77622.401593238,40010.28071623107,0.005539901251302737,0.5006864829529458,0.2681389360212669,4.908468947226152,1.185246759366629,0
4590.0,300.4503941908918,-76798.19320162572,40408.99984626849,0.004034544450887869,0.5002427001630394,0.2601156502942612,4.263539171229996,1.1693865716607397,0
4592.0,297.94040245325016,-77425.91900517442,40071.41914176106,0.0009022959297036725,0.5008039000766146,0.2586175746319598,3.010851745483042,1.156620822866784,0
4594.0,298.67665442646137,-77342.95286682132,40170.44116485551,0.33168917733461517,0.5002085416679296,0.2724845454565703,3.0543987922229627,1.1567070908711754,0
4596.0,298.5512813744126,-77352.55572671362,40153.57914790057,0.6059523075556551,0.501517408173103,0.2656336896126589,2.6886887937682973,1.1567876253100886,0
4598.0,294.47350958753987,-77311.88456120214,39605.14026183219,0.0006017192607050284,0.501410114583582,0.25287214908700373,3.096406985637475,1.1511212973397118,0
4600.0,297.2610762015984,-77700.47613677848,39980.05332920326,0.12541255492635234,0.4996748343844483,0.26974834563154465,2.76213320164886,1.1435593570516038,0
4602.0,297.28368938481736,-77146.93114819133,39983.094683566196,0.176551706803678,0.49913881502342666,0.2748433112570849,2.60945950333816,1.1398637548691752,0
4604.0,295.71681279803425,-77310.24694795685,39772.358012958895,0.27930949390473125,0.49926320793088497,0.2681280339727108,2.5418980923367633,1.1354827656573274,0
4606.0,301.9214300229271,-77604.25073675823,40606.84643878387,0.0393587051946767,0.4999033681918888,0.2748294576263976,2.5447995043505487,1.1393360295038488,0
4608.0,298.58132530124226,-76996.9658870924,40157.619898247765,0.016872729212125088,0.5007359498359012,0.2747909910293026,2.486698115751521,1.1348853998146207,0
4610.0,300.64493165574885,-77177.8592318279,40435.16411344701,0.5046350833372053,0.50032005779838,0.27804863793798673,2.5775752675702215,1.1367078224711191,0
4612.0,298.47388262503455,-76961.59777210676,40143.169422660765,0.023131679385541004,0.49773782334574107,0.27105586583778124,2.614777544999693,1.1408840141739371,0
4614.0,299.7494251097135,-76842.80897937168,40314.72318682242,0.002119862032778066,0.4999705148868527,0.2688460804590072,2.6131815661519173,1.1345731489550641,0
4616.0,298.6402735326958,-77133.42621628183,40165.54812574155,0.9446445558628283,0.498143730077733,0.2700071645580053,2.666468877078155,1.1399829833918358,0
4618.0,302.04881081913925,-76377.69092178857,40623.978486782726,0.056029425025391384,0.5008245475745263,0.2767137970662463,2.5083503084540815,1.1345393074729437,0
4620.0,298.36493987110805,-76694.039352756,40128.517194500026,0.0028779426081319563,0.4996510726839382,0.25638695607357037,2.728530799750467,1.1267549675594482,0
4622.0,299.53080940566366,-77465.09258208831,40285.320522947964,0.03135798936911229,0.4983709687735296,0.24441089957712836,2.6516962408295077,1.1206474418457564,0
4624.0,301.73437312491336,-77096.63030726998,40581.68826855268,0.7587174099340293,0.5001107155296886,0.2610765134527121,2.8319568129781536,1.1065884264499033,0
4626.0,305.7101565418366,-77630.04398087808,41116.410254576025,0.14403493198785325,0.49974437324903576,0.25725216451734056,2.621124146645365,1.1166659111142243,0
4628.0,301.6981607185624,-77832.56215181714,40576.81789011098,0.16015921629554378,0.5002028230988157,0.2787090709531571,2.5990333372137346,1.127719573327912,0
4630.0,304.815541813678,-77129.13281474542,40996.08927277141,0.002014049959591041,0.4998127133056426,0.2720125912134391,2.5842482613648006,1.119378751965231,0
4632.0,299.0660225809303,-76507.82680273254,40222.80913640185,0.04840442664050848,0.4991552210097958,0.2755288490286323,2.759707563105008,1.1376083909827708,0
4634.0,297.8594585053031,-76660.83529771736,40060.53260593554,0.04738040903754568,0.5009724586104221,0.26689707914069016,2.828093730039425,1.1077634270573633,0
4636.0,305.9367369649141,-77288.45684990042,41146.8841313235,0.1767837919927465,0.49936431022826344,0.26713631482744926,2.555677909534398,1.0967907260247345,0
4638.0,298.96080416804995,-77065.88991470658,40208.65781254902,0.2798945432746486,0.501607065158359,0.26855386614936594,2.631738180826092,1.1059490933648224,0
4640.0,301.67928154787,-77095.03895379242,40574.27874081926,0.6400778612623568,0.5016418668444805,0.26997298188439545,2.629412663443595,1.1161636290385646,0
4642.0,298.28589521638173,-77248.20381148718,40117.88610363631,0.12044765896508224,0.5027236658986368,0.27985689679597614,2.588090863661846,1.1259888562561164,0
4644.0,300.13933857531003,-77799.12463377905,40367.164499851075,3.0773749368431164e-05,0.49991241738348463,0.27516712617294486,2.5876288814007107,1.1080222639863173,0
4646.0,295.72227285090855,-77077.12757668772,39773.09236139053,0.2351975327041489,0.49868024698193475,0.2766843640286422,2.6346228068344137,1.1155180582647202,0
4648.0,300.2553047785709,-77531.58459706709,40382.761345055296,0.6104367045368768,0.4996494744969332,0.26527235261413196,2.7215923542171305,1.1128905222045247,0
4650.0,302.71174784049936,-76495.76900162175,40713.14003395382,0.9044993094277514,0.5003229940986784,0.2661245194649642,2.685062535658406,1.1191416350842833,0
4652.0,298.18799507554485,-77867.88575078093,40104.71904893271,0.0028339177093275915,0.5001352726661137,0.26802872579909853,2.5373246296646776,1.1229680780289277,0
4654.0,297.33477997521277,-78151.60387122212,39989.96609961141,0.2068216132010818,0.4989903276798012,0.26032115734591554,2.4955001632930993,1.1053303590857049,0
4656.0,300.96187197427736,-76935.23026248976,40477.790921500244,0.517389393757893,0.5008522665383178,0.262622655736492,2.5196763110965046,1.113692874705295,0
4658.0,300.73709133189675,-77507.68781552895,40447.55910580281,1.320037720064117,0.5009891597026254,0.2694322329057167,2.571357210852875,1.1039453124323426,0
4660.0,302.0142869635627,-77396.03934365592,40619.33520955075,0.3509049106291193,0.49955298787538366,0.25123742068567007,2.5828418391683856,1.1158796211773399,0
4662.0,298.92461127122704,-76794.05062870891,40203.790058036364,0.23170533573522678,0.4994317119989755,0.27199669686790195,2.765175231627211,1.1227509090862524,0
4664.0,298.6211143404201,-77372.69050306675,40162.97131501774,0.26895018686657873,0.5001863161306879,0.28049216193543036,2.5235638103844584,1.1159640868432432,0
4666.0,299.3706618841154,-77218.26017353055,40263.78152250481,0.025731031114487084,0.49969859370550584,0.2683794094013574,2.578944099788626,1.1193872629232693,0
4668.0,298.26869392279315,-77611.36189289729,40115.57262000168,0.1900313570558413,0.4998227058823417,0.26679296292697363,2.5920031310933593,1.1154363048975557,0
4670.0,303.2390407411526,-76945.0581782069,40784.0581593862,0.08728924848998397,0.500800473388054,0.2662342047474784,2.5083759861488844,1.123139438695268,0
4672.0,299.683052356169,-76476.87914841285,40305.7964001061,0.049542545214759426,0.49963207194769865,0.2760842216116196,2.519562624958861,1.1351256295112497,0
4674.0,302.31010892302487,-77330.18173951842,40659.12170923773,0.14931608969744056,0.49866001762085216,0.27150099916435205,2.6131493332769273,1.1348573838576639,0
4676.0,302.72553883183866,-76991.45956661599,40714.99484984917,0.28311775192729394,0.49926279504124915,0.26942775217716486,2.479824629291192,1.119516028587151,0
4678.0,301.68380718014856,-77031.13794953446,40574.887414588986,0.16723744504448618,0.5008071331395697,0.2741560659703819,2.5723524627656404,1.11538307256127,0
4680.0,297.9328912285834,-77590.26773138484,40070.4089214975,0.0423132283736393,0.5016453211837876,0.2686761402834369,2.472201094715597,1.1173336323566936,0
4682.0,297.8072431206863,-77560.97740450187,40053.50991097574,0.3890737962393193,0.4986321495324817,0.24598344949345785,2.3894358454144657,1.1007265585445778,0
4684.0,295.124432138554,-76858.8270704971,39692.68592585003,0.38284288145496964,0.49900222807172295,0.28035840140543594,2.51455495479645,1.126632005055039,0
4686.0,299.0839007753609,-77735.12240278954,40225.21365964418,0.1285746216415406,0.5012879111188351,0.2735504748732791,2.554358911961126,1.1147432384879241,0
4688.0,297.4947397382344,-77175.61552205333,40011.47984751897,0.605064393770866,0.5005750369664355,0.25825755225058455,2.4738568255759814,1.1256929744282183,0
4690.0,303.44311784230246,-77511.64112786611,40811.50545753736,0.11381753297208556,0.5020829919715198,0.2716670980390602,2.450117736173297,1.124622635468869,0
4692.0,299.5218835556258,-76889.98407360911,40284.12004300258,0.13064139453733678,0.4996672751161161,0.26735185354039104,2.44124623215673,1.145259323986125,0
4694.0,309.162497189893,-77217.59785460425,41580.73193766871,0.03374252848135215,0.4992767038724257,0.26360221681987245,2.5773371454778125,1.1329699525554797,0
4696.0,298.20433467607484,-76613.82324465888,40106.91663937716,0.3635607065615827,0.5001331308862298,0.2713980176186972,2.6466439308708267,1.1402735299741915,0
4698.0,301.1034130815833,-76583.64868381829,40496.82745696152,0.14370999597152925,0.49994169519184944,0.2665965855891976,2.715340254876428,1.1517595018386173,0
4700.0,295.6174240113887,-77112.47658358759,39758.990743213435,0.03465603614402726,0.5002492911986929,0.27852300844530564,2.6116337912557688,1.146500062780778,0
4702.0,298.51641808715334,-77143.02271779161,40148.8902188902,0.7477600556690175,0.5003450499046663,0.2629818261358282,2.5863008145282365,1.1406848335710422,0
4704.0,298.2873293786535,-77517.50258855417,40118.078990928654,0.7161274591184161,0.49992541509609884,0.26239674547545294,2.6604022434868364,1.1406581515053384,0
4706.0,299.6912251428549,-76994.41045496799,40306.89559698624,0.05550341103667581,0.49964596534206895,0.2794968993027377,2.718912570612488,1.1339224151151397,0
4708.0,296.39236497616014,-77526.47780647886,39863.2162324515,0.03961885242627269,0.49967058886505783,0.26474732025641884,2.680806317091528,1.124667216943691,0
4710.0,302.7890457898547,-77469.54823312897,40723.53620212005,0.09480981794883053,0.49934322352488897,0.26775759332080223,2.691756093097311,1.1028307666988675,0
4712.0,299.0634981042328,-77287.33655490377,40222.46960754633,0.10805859211990408,0.500289307404086,0.27447674053120497,2.6363322231036816,1.1089524903192827,0
4714.0,297.14893750198394,-77465.70961952093,39964.9712631348,0.16530913010527012,0.5010430884136353,0.25844253440503573,2.5403171508771893,1.113639430524753,0
4716.0,299.921660501071,-77385.40734194242,40337.8879422611,0.21441301738729268,0.5005964089427001,0.2650433609335002,2.525938547379594,1.1242115382395954,0
4718.0,300.7890054549292,-77449.32210030081,40454.54128266194,0.04069841577285251,0.5008247987785961,0.26635380711053513,2.4721525979933956,1.1101123533030706,0
4720.0,301.1500099600936,-77077.02683763334,40503.09449236225,0.2952067189241147,0.49986600836782635,0.248797710132171,2.3937459507710397,1.1211642769710635,0
4722.0,299.45840073330163,-78150.38496332965,40275.58193685549,0.04110753843351085,0.49918498494222674,0.2637421077890958,2.3742886395919793,1.1145465655445381,0
4724.0,303.40164628588644,-77404.41898674029,40805.92775103658,0.5739147532354557,0.4992481304301209,0.26538647127326936,2.360368279753797,1.099870979107532,0
4726.0,298.7885403831155,-77328.19160003169,40185.48923832338,0.846071481063089,0.5001904977724895,0.24649903270053597,2.3656022892876476,1.105419660723316,0
4728.0,299.22912272245907,-77002.3160241975,40244.74524872319,0.019746401378353835,0.5011920278051308,0.2669479059055687,2.3992683000667667,1.1160913781742898,0
4730.0,298.0415781938688,-76850.8899522525,40085.0267474296,0.7017503268898693,0.4989365815351528,0.26715368050782845,2.448749471320676,1.1067178262967232,0
4732.0,297.459095187963,-77091.10952509404,40006.68584273719,0.19362988810268103,0.5000788422743832,0.2664648481823064,2.3844597336840545,1.115416717944314,0
4734.0,300.2599242467804,-77370.90577205701,40383.38263926483,0.01047182221875809,0.4994741406795013,0.24384562301854712,2.4774163442701624,1.1200144644490257,0
4736.0,302.22030206949995,-76788.4978426916,40647.043159166074,0.5568612814312628,0.5020999680151018,0.2615402617464716,2.5771971071855577,1.1311230270453578,0
4738.0,300.0506570542344,-76766.78325507825,40355.23730108283,0.011729499403951299,0.49950107635753327,0.26592072601637395,2.4793203470796703,1.1231250790327287,0
4740.0,302.97071553133554,-77199.65151222725,40747.96982809461,0.1719731605791174,0.5009036712859136,0.2646559164323583,2.39648740729447,1.119181543859377,0
4742.0,299.54664798722604,-77073.06070234545,40287.450728972966,0.16505948331162795,0.5004940942219958,0.2700054173145108,2.4772761970093806,1.1300894411825515,0
4744.0,300.0782300496601,-77505.87687188177,40358.94572413522,0.010004136668213353,0.4985454740759889,0.2676010503398667,2.4844485524426965,1.138152272071218,0
4746.0,300.3935785316861,-77219.12826670171,40401.358438540294,0.006414898451633658,0.49977172664023584,0.2735724243554324,2.4381540293557977,1.1415283749178906,0
4748.0,293.9321144485089,-77260.42145090306,39532.325459412685,0.082942115462587,0.501579945300011,0.27463526558620466,2.6488624927352022,1.155890811389244,0
4750.0,300.4150386938181,-77345.62691164366,40404.24471762349,0.5810074830422628,0.5008322274339853,0.2677029532895593,2.582420815227419,1.1563159625417057,0
4752.0,302.75240912729953,-76950.35175081424,40718.608763447366,0.08447140165754008,0.4992537200422202,0.27037253459998506,2.6329002936839503,1.1479814725574644,0
4754.0,299.2500126221109,-77549.90167162195,40247.55483049822,0.024766000550809283,0.5008633626475477,0.2721619755768253,2.595918484664234,1.151863992342595,0
4756.0,301.97647428214725,-77052.33827270218,40614.24960251862,0.977183818355892,0.4991275443236002,0.27303887888024014,2.5661789753046724,1.1532012321964809,0
4758.0,302.8451263258445,-76737.22794386442,40731.07873963707,0.01928290440078431,0.4984194986013176,0.26720910837069056,2.6062793525756307,1.137935248192858,0
4760.0,303.33585069650877,-77009.21529089671,40797.07858986904,0.0431404188143403,0.5004663104896003,0.2728686688318487,2.5268112487537726,1.1296897384518454,0
4762.0,305.321755815635,-77591.03436616587,41064.17239705003,0.05162112650805332,0.49993424339941955,0.2617189723422298,2.462508443615903,1.1205561024020252,0
4764.0,298.58121035799337,-77840.08921513485,40157.60443898455,0.020499211648265424,0.501114281230808,0.2737664628576517,2.5843243273058407,1.1264337495566665,0
4766.0,297.0883848270743,-76920.73125011439,39956.82724642381,0.13915315001472442,0.5007264386983589,0.2769570774974789,2.6117454326374014,1.1256044334515445,0
4768.0,298.71509269932017,-77207.61141082272,40175.610910650736,0.3364782340769421,0.49891839340602273,0.2727506213601968,2.6441633555272044,1.1275301086673486,0
4770.0,299.15723408844775,-77553.59182091686,40235.07660505729,0.05726443327538261,0.4989851246191092,0.2728697749714593,2.7010769935841044,1.1366196441826906,0
4772.0,296.20874655340384,-76763.45939450094,39838.5205190812,0.29044659699997977,0.4986845155678471,0.26855577970083544,2.6641402842263116,1.1348562774396762,0
4774.0,298.3335931535863,-77429.94743305887,40124.301225647905,0.1257581658729488,0.499338776420433,0.2647769267357273,2.5454206383329034,1.1432752119791458,0
4776.0,302.1297804444044,-77250.77155926917,40634.86847607265,0.25528681278915344,0.5023524221854719,0.26362110658456805,2.5688847662210486,1.137892768957835,0
4778.0,303.9512469989276,-76888.30133630778,40879.84616005913,0.02842566452425518,0.5012624618788069,0.2458677287508353,2.5761460109856342,1.1548123156801648,0
4780.0,298.94365584173414,-76023.35641182656,40206.351452734365,0.20373947662564926,0.5012216702857697,0.2745353048089849,2.6248654951576813,1.16104648235649,0
4782.0,300.8459751572777,-77301.85880334652,40462.2034083837,0.10014438136135667,0.5022666263538272,0.27036415842203076,2.5627169367561384,1.1541164571208244,0
4784.0,297.4064344110387,-77619.58585470088,39999.60324485155,0.12272510899009678,0.5001231729645145,0.27375074582890113,2.580494320944758,1.1526834848107048,0
4786.0,298.96061813301714,-77617.39518200222,40208.63279181429,0.2715969363156394,0.5015787009812553,0.27813919809562493,2.587361023838451,1.17524832278533,0
4788.0,299.88085211361107,-77249.51323794108,40332.39942850149,0.18331564947109696,0.4989156845637435,0.272392956494172,2.648012713514409,1.1600918765502966,0
4790.0,302.85368089607385,-76665.9875372044,40732.22928439843,7.741372742331441e-05,0.49933569802051386,0.2575167643277199,2.6575611341170813,1.1720639357993385,0
4792.0,297.72514706090453,-77470.27916477795,40042.46842216015,0.0004858212758756007,0.5011554857731414,0.26482969442842663,2.6400975263114557,1.1868044041913923,0
4794.0,298.02797260950746,-77004.85578991042,40083.19686779889,0.019108421261700644,0.5004680420120036,0.2675083327240031,2.688161138003795,1.178330208362582,0
4796.0,301.3625752650791,-76885.13755083142,40531.683409343415,0.9210047368802596,0.5007141431609342,0.27388148797333567,2.715393807429251,1.1780056719226184,0
4798.0,301.15030860328795,-77338.84218533605,40503.134658303214,0.15138176627219851,0.5004345935211256,0.27500292054794095,2.780442608117392,1.181490828212182,0
4800.0,299.28865072634727,-76703.90155869152,40252.75145256408,0.21740397587740268,0.4995002301565457,0.2767451172300381,2.827112109946743,1.1848323821066427,0
4802.0,300.5658116905008,-77527.51338736108,40424.5228937137,1.0890539792477019,0.5005288982794714,0.2766381688489278,2.6702821962814323,1.1927838230848649,0
4804.0,299.6726499417075,-77223.80501066672,40304.39733000167,4.6881883150117775e-06,0.5003066302172565,0.2674339670400856,2.610415713928038,1.185152034020929,0
4806.0,299.16186996386915,-76558.17491954565,40235.70010595066,0.3149967927260002,0.5018530243288114,0.2714203398230578,2.8295175589344996,1.1721409126216173,0
4808.0,301.80902471187585,-76975.17412078055,40591.728514877585,0.044945735429451704,0.5004714666597334,0.26877903304400763,2.745128050317301,1.1871856089231505,0
4810.0,305.67820586777816,-77474.72240430163,41112.113056742106,0.2783684611894382,0.5008212792131268,0.27602428529416545,2.7327019499829115,1.1734457656502,0
4812.0,301.36310906032014,-76985.2639694711,40531.75520199947,0.00569783867188847,0.5008542362905948,0.25889057384260705,2.8595979523790183,1.1877904056630324,0
4814.0,300.38502514187934,-76970.49900128099,40400.20805253958,0.038305845664824825,0.5018936490567315,0.2705523375180551,2.779092355869517,1.2164807575364749,0
4816.0,300.6841984979527,-77479.67191182426,40440.445297466926,0.072350279543223,0.5012183579708531,0.2553165827938275,2.794947106638971,1.2118980076604544,0
4818.0,297.9962962411942,-76954.23379383527,40078.936562646864,0.1719219881710718,0.5007613749715064,0.2627460091601167,2.754423904007855,1.2054164286279325,0
4820.0,299.14912429524543,-77086.93882368982,40233.9858804698,0.0342184013599568,0.5000858004269785,0.27709495274643803,2.76754130604988,1.2035221013470572,0
4822.0,304.2672570260801,-76786.29039852135,40922.34784880882,0.09196205145917112,0.4994457713507305,0.2664213665665756,2.779719554456692,1.1779307307460332,0
4824.0,300.4689665478342,-76958.41070852056,40411.49773072243,0.011178618641483349,0.49937198753313333,0.26113333085892915,2.6874438722671146,1.1595056148295309,0
4826.0,298.1983805976962,-77037.1400164807,40106.11584711015,0.008093973065722456,0.4980581452052282,0.2672238461879668,2.6535233594196046,1.1570723932340579,0
4828.0,298.37150021990516,-76943.31795110693,40129.39952695377,0.006180296399414284,0.5008352458553139,0.27058285211941235,2.6562266820708653,1.1749092540192403,0
4830.0,296.64724003668255,-77407.43959770363,39897.4955893124,0.027816746082845796,0.49970507714189827,0.27765957635514527,2.6358857238073523,1.1775097722520975,0
4832.0,300.5389948603198,-76826.85302310111,40420.91617091482,0.007623399125079292,0.4995793179003809,0.26953398966396236,2.6171303210065733,1.1786564514202604,0
4834.0,301.31222326509993,-77073.87340683956,40524.9113298296,0.04475720378846782,0.49987248418707625,0.27565236191330095,2.6376240302493272,1.1612914720246768,0
4836.0,297.94133106701594,-77287.64708276873,40071.54403543484,0.08100935670963194,0.4988780595752014,0.2759258552648231,2.647899068330694,1.1717613452678604,0
4838.0,298.21948979973916,-77370.83610067854,40108.954923904865,0.22978781103047913,0.49943973565749183,0.2681454415492112,2.7187869056924905,1.1645155533058715,0
4840.0,301.14445272283035,-77423.87881982501,40502.34707314078,0.05308898028547822,0.501598031964227,0.26818807101284325,2.6505392310634415,1.1661490745621703,0
4842.0,301.0181431817565,-77468.54491918557,40485.35910333105,0.0118742811591024,0.5004148608732215,0.26719478943137465,2.73576707551426,1.1682419826675354,0
4844.0,301.4558311236033,-77399.44341674831,40544.22583247092,0.1175981261501268,0.5004288385896967,0.2713979444525716,2.723603800520187,1.1577418773044277,0
4846.0,299.20016216649293,-77176.6914562321,40240.850206066534,0.32906853735610164,0.5004004036589699,0.2811478613098405,2.7512712507132755,1.1578629483550311,0
4848.0,295.56243302202097,-76964.92328714859,39751.59474399402,0.2292564904929366,0.49821099308580963,0.2661920835944629,2.5786300305275596,1.1615760545342597,0
4850.0,302.2672397355305,-77186.04920167942,40653.35602869823,0.5745389833322812,0.4991434810042305,0.25010964662981455,2.7714569053934017,1.165139713202487,0
4852.0,303.81285694070385,-77402.54105093167,40861.23342414794,0.36540302529214974,0.49980680471984235,0.26466399793344036,2.8273665689715664,1.1900206431840132,0
4854.0,301.9463394248728,-77611.12865611177,40610.19662250423,0.0037177896010978646,0.5003795889419638,0.2620964442438942,2.8286754931671134,1.1757023052393147,0
4856.0,298.9454643695213,-76393.0838602857,40206.594690222104,0.08467049767695105,0.49956032430656233,0.26977057663649834,2.8081515584475896,1.180546685874161,0
4858.0,302.1991946209346,-76724.3148276601,40644.204318204895,0.009842406992377718,0.5004568881201563,0.26556871676156035,2.7494679109481113,1.178835278674043,0
4860.0,302.15593616817057,-77170.03695914755,40638.38628353132,0.19547660715483933,0.5004591269516604,0.265815375271672,2.6868084220981583,1.1805260974079321,0
4862.0,299.5655376839759,-76966.78053018067,40289.99129396412,0.1284314577969373,0.5006983182442768,0.26747439056838496,2.750690967718402,1.1739726135355844,0
4864.0,299.47002388844857,-77497.4746152804,40277.14519016993,0.07708656844155365,0.5013774875625373,0.2725552362576028,2.8186406412602865,1.1855924837310707,0
4866.0,300.98896354611344,-77754.19535107992,40481.4345956086,0.09558675470006442,0.5011089657238408,0.25237363815931246,2.7639785608342216,1.1794321002442016,0
4868.0,298.6286605511768,-77142.01267991133,40163.98624072662,4.219818289395997e-05,0.5007668001402149,0.2707750430812742,2.7083200110258163,1.1710328039675721,0
4870.0,298.3096110518912,-77578.54574608395,40121.075758940424,0.0105524095206733,0.5002946370478876,0.2581257607165943,2.836410073159274,1.166546634602334,0
4872.0,299.7004244677371,-77580.11548814957,40308.13285786171,0.061239411084241156,0.5002924338237943,0.2668186478108229,2.806048295112085,1.1684552629650038,0
4874.0,300.64954580879953,-77157.11747123243,40435.78469279561,0.19539460361770278,0.4987469662701538,0.26861041038559685,2.879832886049916,1.1713966545378367,0
4876.0,298.4651681551774,-77507.76153443882,40141.99737223938,0.4893883913069792,0.500340977838214,0.2733279641431623,2.6509039386984905,1.1703682357670275,0
4878.0,299.97343125648837,-77490.77323075768,40344.85083692907,0.003915792685412621,0.49830970364767907,0.264851338811774,2.863665698574487,1.1807348800461188,0
4880.0,300.65016248720684,-77429.55375961529,40435.86763280218,0.014463981426699832,0.49958823186511564,0.26535290793138794,2.6524514307716016,1.168315334750097,0
4882.0,303.48125774273166,-77250.62439951382,40816.63507380806,0.2800840184285491,0.5000790751488056,0.262251739579183,2.6927464169150337,1.1692843258371648,0
4884.0,304.11576982645727,-76818.05661726766,40901.97361617467,0.13918790218411017,0.49919695569423456,0.2630298440411723,2.667775764824878,1.1577061610866817,0
4886.0,298.06820741783343,-77800.49358493718,40088.60823817781,0.010405581909728555,0.5003023943092479,0.2756126002507422,2.7057958904814754,1.1533880006344897,0
4888.0,299.64822892921217,-77418.75822821725,40301.112832097024,1.9836407537509704e-06,0.5011354018132528,0.26791079582506216,2.7863860061794394,1.1613511389400792,0
4890.0,301.6874140407186,-77323.18110436911,40575.37251838994,0.09277038532559445,0.5002353983790384,0.26892490677760406,2.665557712012296,1.1675106633780683,0
4892.0,297.53422317698863,-77387.62577777286,40016.790162637204,0.16628276705007572,0.5016678554593874,0.2792006403196321,2.590323325851294,1.1666834916266786,0
4894.0,298.7547870542706,-77235.57554885093,40180.949592889476,0.053377575029143615,0.5009967056933994,0.2637976405491672,2.600349094718556,1.168830006424196,0
4896.0,300.2755977601013,-76633.55264790903,40385.490644478414,0.015743319222166905,0.5005384603470165,0.27512166637680446,2.62809935711782,1.17073641636108,0
4898.0,306.71707134232867,-77166.04508758895,41251.835006232155,0.7013634188631213,0.499033386140063,0.2708416885114139,2.733282850049388,1.1825609356089948,0
4900.0,302.70172638799033,-76931.46277950495,40711.79220123093,0.018068742470175408,0.49944691465070784,0.2765369995690588,2.703520353840066,1.1892211121050213,0
4902.0,303.0358950013872,-77272.85016969638,40756.73612444909,0.018569224136247453,0.5003479659370448,0.2576834067637582,2.712762206159689,1.1706401853257724,0
4904.0,294.51099221840957,-77109.8356503722,39610.18147879957,0.4726841473580648,0.49965347063903975,0.27111173610718653,2.7526217348565267,1.1714949617727806,0
4906.0,298.8763151212449,-77457.36996880255,40197.29447954841,0.10389176562714197,0.49748740362228955,0.258904230904115,2.670238502496884,1.1654278704049423,0
4908.0,302.4842870068596,-76654.0005279769,40682.54774661024,0.21278262559623232,0.4991415591954396,0.26040436026723274,2.7843645446534784,1.1587577928909198,0
4910.0,296.86835100609505,-77167.66287186265,39927.233853271275,0.31422655877753464,0.49732357227115254,0.274094833347616,2.6935835940117596,1.156715865239258,0
4912.0,300.10555989859796,-76562.08877129469,40362.62144526218,0.08930290753991797,0.5001916202439456,0.27187255577109903,2.6454468621491896,1.1540521825245915,0
4914.0,298.6511919385498,-76920.38524790143,40167.016593977925,0.007006016401274653,0.5009784160213249,0.2868106509511561,2.660581982042225,1.1398283392116693,0
4916.0,298.1202126148676,-77264.4701320451,40095.60266401179,0.0358708858324494,0.49976655008770415,0.26844243967859455,2.458988486568828,1.1382362401467387,0
4918.0,292.80113111084313,-77095.97318065155,39380.21414120009,0.1465463783675273,0.4987243483322316,0.2615299980268145,2.5314622956446957,1.153025037414058,0
4920.0,297.6784280021421,-77560.21422260592,40036.184954157274,0.003348733502765568,0.4988016797590724,0.2827218072526243,2.582908813052544,1.1485796353662867,0
4922.0,296.2584344023721,-77398.71611036942,39845.20327377262,0.06314191591669988,0.49887716378071784,0.2674230142246928,2.6921178386104265,1.1645706109917728,0
4924.0,298.55835751473484,-77196.97464552848,40154.530851605145,0.03663903891944367,0.5004083323316405,0.2633340153520588,2.778960603165726,1.175899632748978,0
4926.0,302.063733670164,-76609.22266526031,40625.98553186047,0.9422932366903378,0.5004521747742725,0.25403648063190065,2.742420590455014,1.1761435698559917,0
4928.0,305.1542894512699,-77084.57749518403,41041.649050691616,0.25813978325905707,0.49858090939314004,0.2719737979918663,2.602748185859993,1.1858924275580476,0
4930.0,303.97174159239677,-77183.2656416155,40882.602575229015,0.003761173185820821,0.5005961265503336,0.26183847472164834,2.6364648900584564,1.193413913481332,0
4932.0,298.0150600928709,-76901.97214167984,40081.4602021367,0.009630616851751225,0.5003265571763381,0.25895101132185794,2.670916959137136,1.182667465186796,0
4934.0,299.2475195514989,-76811.31647043792,40247.219525596236,0.17659417021748927,0.50025809559583,0.27044342177841907,2.6833696318183393,1.1873329562586943,0
4936.0,299.411454658025,-77281.30936826346,40269.2679363239,0.15467958412853963,0.5010787174363616,0.2719803805673058,2.582437939460706,1.1782365832255386,0
4938.0,301.6191629427996,-77456.53977537062,40566.19310422162,0.12454001816428514,0.5014641375157027,0.2690163847632703,2.581304006723252,1.1728512481451545,0
4940.0,299.6831561022842,-77058.95057894522,40305.810353413646,1.0712140647242132,0.5012913914803483,0.27764837623420613,2.5939193844112034,1.1783519302299519,0
4942.0,298.6386925452658,-77318.85815525556,40165.335491236656,0.016516994986001027,0.500293555585277,0.25092645225180155,2.728418781757918,1.1803892444194848,0
4944.0,300.40303456750615,-77270.08391872817,40402.63022568848,0.09319905983303153,0.4996057169449221,0.2705768328577685,2.649619732101268,1.1718468354433118,0
4946.0,304.65047229404826,-76163.74384486896,40973.888289440016,0.28297339339512656,0.5006913494168264,0.2647562496736522,2.582090400042936,1.1608478112897989,0
4948.0,300.01202349311063,-76517.15124081052,40350.04129004176,0.6474944164242665,0.5000377368051617,0.27197766316435235,2.6145111822849247,1.180219440769836,0
4950.0,301.0131621148563,-76832.41302372399,40484.68917599697,0.17943169341892914,0.49872912842416006,0.2536560421752664,2.7301297408475937,1.1849621478782715,0
4952.0,299.12261720241787,-76590.13482301577,40230.420815718,0.46734641075040395,0.49842700539978735,0.2758805597591406,2.643949205073129,1.1932925032027795,0
4954.0,298.6530161492099,-77490.90667122207,40167.2619407297,0.0025813648433637678,0.4983109412603605,0.2689629199833144,2.6907792417559797,1.186067222998895,0
4956.0,298.3795384911941,-77368.32416577276,40130.480632219595,0.5383828058918869,0.4985710937344822,0.2714973163123667,2.601945784546531,1.1909635243127674,0
4958.0,298.5631305134521,-76691.8897426331,40155.172794861544,0.020110584363688854,0.4995321314430666,0.25980266242108824,2.699694211626399,1.191539080988309,0
4960.0,303.2057621665956,-76759.97370539396,40779.582365910275,0.01845403860146012,0.500176737926854,0.2726173266999794,2.731549890394232,1.184198412992954,0
4962.0,295.1513333973123,-77700.63581254974,39696.30400384909,0.07967873953324466,0.5001169685610682,0.26988318864297667,2.669533459371449,1.1761208138186314,0
4964.0,302.9896105638596,-76860.45005282911,40750.51111071938,0.06704587762600896,0.4998922541894286,0.26813871644028975,2.663744115864117,1.1680709187875293,0
4966.0,300.38985188798875,-76993.77840450057,40400.857224537904,0.03899884639921816,0.5009802942940722,0.2577188977929745,2.6445435002512143,1.1724930703019458,0
4968.0,300.7926572122924,-76430.07937251253,40455.03242484575,0.09480373318890518,0.49999301704546867,0.2687627611330277,2.7232198507538503,1.1822767342704907,0
4970.0,302.5354916805552,-77247.03148156684,40689.434506260084,0.04061992677970796,0.49904600341114674,0.27139052296214355,2.817888994842269,1.1861616962202435,0
4972.0,301.51507080227725,-77101.0995355657,40552.19325808497,0.0872275592415603,0.5013909196633688,0.2659288454064419,2.774172675548779,1.1811603697254565,0
4974.0,296.5557914101548,-77273.4327709534,39885.19622939559,0.0024866665716317504,0.5011604953355474,0.2797785251554322,2.713464330432668,1.186010690177981,0
4976.0,301.0819137012107,-77267.97958903911,40493.93590323095,0.00010122666416481648,0.5001252394294105,0.2622610195175852,2.7142407934510597,1.1821035205391428,0
4978.0,297.4551717837072,-76569.08191790816,40006.158165473214,0.0022526329798179118,0.5000420443968582,0.2727140405194143,2.667113345422001,1.193152324988074,0
4980.0,302.4103831033645,-77178.11081448989,40672.608059784354,0.07854534465770266,0.49941703113201785,0.2693059653886689,2.728431326392575,1.1893486186430797,0
4982.0,302.19504577488453,-77357.44760718057,40643.646320203756,0.5102509955678084,0.49826528217388494,0.2666365391426095,2.718833624286355,1.1883118725406163,0
4984.0,301.0757388466552,-76527.50470720348,40493.10541772783,0.33583988690758343,0.5002759366432316,0.2625354746995151,2.795920656167506,1.1849983473894001,0
4986.0,301.2078688478587,-77259.8727292231,40510.87620885193,0.00854047193693811,0.5018786243943885,0.2592162668331921,2.894257200430797,1.1919271797370885,0
4988.0,299.477052083649,-76848.09695852653,40278.09044550748,0.5424772752868579,0.500013772781212,0.27830531510494305,2.755481089533657,1.1867435382286275,0
4990.0,300.04486015749103,-77124.53324657143,40354.45764892014,0.012827190621500574,0.4992455779368871,0.2628084114384784,2.6312831378561805,1.170588830989723,0
4992.0,297.69283258636995,-76876.29908151808,40038.122295073124,0.26417683690845967,0.49958754937050937,0.271602186648266,2.6388692926880037,1.179185476802022,0
4994.0,303.74718778745955,-77183.73480402294,40852.40126797621,0.002963098591767052,0.5004783289259238,0.2713507329324536,2.674248467891891,1.1797987305725413,0
4996.0,296.37093324455304,-77087.42604315362,39860.33377712456,0.053703464161577404,0.498826745358892,0.2742304219833593,2.7818403324663246,1.191857652141084,0
4998.0,299.71755238648143,-77558.67076100968,40310.4364729652,0.06720900097667379,0.4996926514383418,0.2741501813930089,2.6451669499439694,1.1993384255894448,0
5000.0,297.83525632212445,-77444.57999143482,40057.277539424555,0.48378991485063877,0.5005834561186789,0.27410917709004734,2.6516801999513615,1.1982950763997102,0
