time_ps,step,temperature_K,potential_kJ_mol,kinetic_kJ_mol,pyrene_height_nm,pyrene_tilt_deg,graphene_z_mean_nm,graphene_z_min_nm,graphene_z_max_nm,water_O_min_nm,water_O_max_nm,waters_below_graphene,lower_wall_violation_nm,upper_wall_violation_nm
500.0,500000,306.1442734335735,-308313.9462746028,61174.20184227158,0.3355649720242698,4.068833385584152,0.5009492759945818,0.46358496778098335,0.5460403061546639,0.766744807913522,6.755634236285353,0,0.0,0.0
501.9999999999527,502000,301.2372960631372,-308347.6194184832,60193.6823612836,0.32169281214878975,4.727185648313126,0.4989817565158373,0.45917061554956984,0.5361156598266357,0.7749109809918551,6.772493942393879,0,0.0,0.0
503.9999999999054,504000,299.3749611775449,-308284.4915768211,59821.54784799881,0.334450074445796,6.913803885762123,0.5026092458730355,0.4626033192699879,0.5448887690752144,0.7631792187038435,6.7355496034880815,0,0.0,0.0
505.9999999998581,506000,300.7142839827151,-308445.8189862049,60089.17331326238,0.32705963859429543,1.4579757214908544,0.49934059474502246,0.45738509418345497,0.5398470340513608,0.775438228689266,6.684776012535821,0,0.0,0.0
507.9999999998108,508000,301.11824719422845,-308850.2183118453,60169.89384009378,0.34497631498905645,5.321998767928561,0.5012481368161193,0.464454059161008,0.5344553487340464,0.7703840666387634,6.612642379683116,0,0.0,0.0
509.99999999976353,510000,300.2640047683112,-308914.99636315554,59999.197854181,0.32995508087458736,4.267185661702627,0.4990222710141853,0.46199876443539,0.5418515623731803,0.7718206999248807,6.5982292880715505,0,0.0,0.0
511.99999999971624,512000,300.81675352467596,-309576.15188204776,60109.64892880239,0.3449306591390387,8.884815658724229,0.49899426074605063,0.4578604758580367,0.539478957853825,0.7739073100397875,6.603900334062885,0,0.0,0.0
513.999999999669,514000,297.5328458774445,-308190.6324754101,59453.45364221407,0.31022186693174153,3.4342020351462255,0.4978533453876049,0.45752915780270287,0.542914421997521,0.7743290408099259,6.637073806985242,0,0.0,0.0
515.9999999996217,516000,301.3697511588371,-308491.2888185154,60220.149734553415,0.3394622091938283,9.90813027060016,0.4996366638053643,0.45778319655327815,0.5440776331836154,0.77674216469683,6.556198706574854,0,0.0,0.0
517.9999999995744,518000,301.7848129719342,-308600.01669275016,60303.08800038032,0.35517161307185674,6.378670631940857,0.5018296865914065,0.458106926199112,0.5464405539514168,0.7739539723140609,6.616911149076998,0,0.0,0.0
519.9999999995271,520000,296.6596248037829,-308781.2159129414,59278.96531481868,0.33374810415423667,4.592370134880534,0.4997057659441056,0.46190466994939694,0.533438895227496,0.771811074241449,6.677708056939778,0,0.0,0.0
521.9999999994798,522000,302.76535526576157,-307923.68461950356,60499.021412835595,0.33172112563647616,5.81227063019113,0.4991378062302173,0.4590086980112029,0.5442604537152143,0.7676289586196896,6.606696461959373,0,0.0,0.0
523.9999999994325,524000,301.4030746556467,-309058.6754873749,60226.80848500809,0.32395962148983315,2.353581296310434,0.5000480508321229,0.4602467665173151,0.5467286589988536,0.7724708204468111,6.677584806598716,0,0.0,0.0
525.9999999993852,526000,301.24015564183037,-308887.07367435703,60194.253766530535,0.3285721934523441,4.209901373714469,0.5011745480782682,0.4646127622956753,0.5400285129097985,0.7772966872532798,6.7012862994874105,0,0.0,0.0
527.9999999993379,528000,302.2940792664199,-308288.3208122263,60404.85034511056,0.3272610341124218,5.096992164328262,0.5000586788984303,0.4553953164178859,0.5430064376785086,0.758647234939728,6.5979816375648,0,0.0,0.0
529.9999999992906,530000,299.7894309778632,-307835.0517590423,59904.36781695604,0.32832582125660636,2.0985761073601523,0.5026337380287323,0.4640233475912279,0.5468526934535713,0.7649898633933887,6.6125905142421,0,0.0,0.0
531.9999999992433,532000,296.70513757390756,-308416.4578517638,59288.05974390854,0.33095897722100204,3.774910282821849,0.4971056337893815,0.4477960671807466,0.5394848475394749,0.7520917608640105,6.640371411441947,0,0.0,0.0
533.999999999196,534000,298.5038423616678,-307770.5450956812,59647.47959686548,0.3334506363974316,5.491649069952814,0.499129526901452,0.460892256564456,0.5495227598987316,0.7445643161423572,6.753522618282673,0,0.0,0.0
535.9999999991487,536000,302.4048662233244,-307089.20973805245,60426.987958815225,0.34210627340341354,6.049494284363587,0.49827877731520304,0.4504624930137804,0.5443161367852252,0.7611282510253989,6.62081497928159,0,0.0,0.0
537.9999999991014,538000,305.0396838749932,-307952.7771417191,60953.48112177077,0.3267979380297906,5.009698965850372,0.5017686986241077,0.45323544828352924,0.5405080812861369,0.7761598787629036,6.69017438515796,0,0.0,0.0
539.9999999990541,540000,297.93153166388134,-308978.8693663208,59533.119626155545,0.32601996656489346,0.8302401621799447,0.4993993649975093,0.4550664139058992,0.5434701857453597,0.7579657190268421,6.7757600323465255,0,0.0,0.0
541.9999999990068,542000,297.78711028064697,-308662.7668252806,59504.26113159926,0.3414833589463289,6.793949933639335,0.4987014840594382,0.46533579969828676,0.5343727451299559,0.7812918701339253,6.674924657393547,0,0.0,0.0
543.9999999989595,544000,298.5000427893981,-308829.6309511303,59646.720360710795,0.31742346436292046,3.655655098175857,0.49968499100681285,0.4644070736852397,0.5412633094315584,0.7764926494108195,6.759659349736886,0,0.0,0.0
545.9999999989122,546000,298.7604508325863,-308184.600899064,59698.75548133114,0.3338691210382667,2.633405597943529,0.5024328413849,0.466505035477895,0.553350845686218,0.7751072498129874,6.601351635808648,0,0.0,0.0
547.999999998865,548000,299.26099783444647,-308275.49864180246,59798.775524103505,0.3341791080443529,2.115014678581035,0.49913233958661096,0.461156136809886,0.5449431764013752,0.7732799216415813,6.667486106194083,0,0.0,0.0
549.9999999988177,550000,296.1373085781753,-308669.0853827344,59174.59531353645,0.3462749589552448,8.666231605383734,0.49996629343269633,0.46083663322272983,0.5445475000124217,0.7656905612977836,6.762040938558727,0,0.0,0.0
551.9999999987704,552000,301.53412308650775,-307995.9829845051,60252.99477642779,0.3416636618665036,3.028695873132973,0.49735857419224155,0.4564884565631506,0.5368439647611574,0.7730526203433232,6.734326142299764,0,0.0,0.0
553.9999999987231,554000,299.4435894553305,-307605.2528461432,59835.26125204278,0.32636410467671784,4.238393794929101,0.5011568959239441,0.46184572346772934,0.5402298069352103,0.7852671455121207,6.6480347481370075,0,0.0,0.0
555.9999999986758,556000,298.8919667360077,-307923.19676264655,59725.03518380978,0.3306788468446276,1.7796941351723246,0.49983430263600387,0.45661321268939525,0.5399024794857556,0.7678097526049634,6.743347702220795,0,0.0,0.0
557.9999999986285,558000,300.79774716529795,-307843.4398532086,60105.85104994012,0.32115802260861037,3.2615678808234283,0.500919716713382,0.4604764266342649,0.538995254946129,0.7871639997602173,6.66507686455472,0,0.0,0.0
559.9999999985812,560000,304.62008003815157,-307812.74443116924,60869.63526203656,0.32367610845845785,6.461649381399948,0.4991770253243606,0.46451977159127766,0.5396684552538291,0.7697005343835928,6.757477134534369,0,0.0,0.0
561.9999999985339,562000,298.0855092589966,-308668.9407849973,59563.88765711403,0.31710586266298607,2.777075265806631,0.4984023293180729,0.46087814597877585,0.5380563929231084,0.7716526929165952,6.639402514337519,0,0.0,0.0
563.9999999984866,564000,298.58751531964754,-308301.6604605792,59664.199251173515,0.3430269832782946,4.778547958672017,0.5001362268195612,0.4682252138956313,0.5436685013014215,0.7739789470215359,6.766069261228921,0,0.0,0.0
565.9999999984393,566000,299.3495850683462,-308567.1719890693,59816.477156299494,0.348992921054848,2.1488179632415454,0.5006230723391836,0.4621297965939868,0.5413459820785054,0.7631302964267892,6.705796945288782,0,0.0,0.0
567.999999998392,568000,296.66011262692047,-307974.2230713456,59279.062792360055,0.3431377440510284,4.243167241331204,0.4972238674992821,0.4567081492869054,0.5418947972223505,0.775099789139281,6.706115487511283,0,0.0,0.0
569.9999999983447,570000,300.7785069520053,-308724.11724765925,60102.006442042504,0.3393527418946862,7.6444075476411495,0.49896869418672396,0.4576017404867585,0.5405895682458031,0.7711417688129999,6.754202959803862,0,0.0,0.0
571.9999999982974,572000,297.3445860636804,-307911.13062743144,59415.83528758399,0.33192582861658815,2.5509592250644877,0.4989035885096901,0.4562963893789611,0.5482037946591145,0.7711613517917755,6.701010921233646,0,0.0,0.0
573.9999999982501,574000,300.2915121937971,-309356.45579578355,60004.694428655384,0.33510770483645336,1.4769682790290641,0.49900355033890753,0.4544383190113068,0.5394168164380879,0.7561758407630688,6.696462058510555,0,0.0,0.0
575.9999999982028,576000,299.19429048748805,-308411.6862004893,59785.44596330059,0.34119452357437674,4.352613179466844,0.502781101595424,0.45791910181189355,0.5448504002014296,0.7511524987551113,6.776091971571255,0,0.0,0.0
577.9999999981555,578000,299.1480709659286,-308954.82122036023,59776.21031009297,0.32435243625431615,5.219386095085747,0.499893375414808,0.45713031336776494,0.5399133430897942,0.7760614613635983,6.761054025371858,0,0.0,0.0
579.9999999981083,580000,299.8783889230186,-308525.22249681037,59922.143525223815,0.3451105100538099,4.378111985189932,0.49786480989839454,0.45424730744965913,0.5358696914144492,0.7699660130608477,6.781771182187143,0,0.0,0.0
581.999999998061,582000,299.4793434614791,-308082.6528603039,59842.40567047099,0.3205512121103116,4.7564059252447395,0.49911282451241207,0.46463624641823653,0.5411335286935102,0.7651144770948184,6.729580457416539,0,0.0,0.0
583.9999999980137,584000,300.2629029712096,-308858.134629712,59998.97769145339,0.3519793268163466,11.405471371189776,0.5007277378270102,0.461719820666012,0.5415584273753673,0.7765890388371419,6.696765164385283,0,0.0,0.0
585.9999999979664,586000,299.90479585783334,-308643.8216634928,59927.42019802346,0.33648604372595614,2.5894375444407567,0.501192087665273,0.46250165008682087,0.5429036991702212,0.7686255457539577,6.785913603983715,0,0.0,0.0
587.9999999979191,588000,299.60757012834324,-308425.40331003163,59868.028112832326,0.3297462538018111,4.209580209737799,0.4996722974779624,0.4528918806817406,0.5532650284204057,0.7715724477073689,6.823344367577107,0,0.0,0.023344367577107228
589.9999999978718,590000,298.07460902799255,-309111.51448422857,59561.70955682134,0.3437971858742227,6.81968365084583,0.5003416048463382,0.4571423543572266,0.5447691246492905,0.7504804654649098,6.799117957233321,0,0.0,0.0
591.9999999978245,592000,299.36572884319037,-308859.17779414635,59819.70302928329,0.3175762603636022,5.052537398403174,0.499218568509995,0.4566823635757835,0.5447003325469222,0.7737564959413374,6.772189236291631,0,0.0,0.0
593.9999999977772,594000,302.2200112677609,-308656.24528689124,60390.04996799033,0.3297037612539668,4.738896275050832,0.49941881073162814,0.45836233740882304,0.5457911393534394,0.771254881920763,6.7541539842286085,0,0.0,0.0
595.9999999977299,596000,302.93219572425596,-307681.7983767339,60532.35972019286,0.33916986306251984,6.041946958572818,0.49936695384670327,0.4515108554151457,0.5466072980250587,0.764162983963832,6.678382125638649,0,0.0,0.0
597.9999999976826,598000,299.2425637209048,-308432.518515775,59795.09199225124,0.3371025061567817,4.116532314279027,0.5001737151289486,0.45773999260198206,0.5448469268536051,0.761357136946831,6.7579769366182845,0,0.0,0.0
599.9999999976353,600000,300.0848904351996,-308091.61261346657,59963.40696303115,0.330322099267917,3.9189048926110703,0.49987809504974146,0.45532362795118964,0.5380566381122929,0.7619414418817829,6.784327112330772,0,0.0,0.0
601.999999997588,602000,303.5834081088128,-308502.8201884148,60662.48594273582,0.3498760937473021,9.39391645915826,0.5016902027381113,0.4590745319802152,0.5418426225014681,0.7760043269454258,6.769107284133632,0,0.0,0.0
603.9999999975407,604000,300.7986576267329,-307421.052373047,60106.03297969163,0.33436608794660266,5.109015736426025,0.4975974719116177,0.45441662531684557,0.5375834981069936,0.752302426902256,6.749699453026636,0,0.0,0.0
605.9999999974934,606000,301.95039541672804,-308379.65625406196,60336.17492957796,0.33922287129915046,7.300001835818017,0.499229499661682,0.4594685724464859,0.5374507836577225,0.7755384149357933,6.773577013231588,0,0.0,0.0
607.9999999974461,608000,297.38609486073915,-307954.5796488598,59424.12963684952,0.3406886511688161,8.867574337745447,0.499855696422007,0.4622480056193927,0.5370883857484694,0.7677377577462172,6.741656521089325,0,0.0,0.0
609.9999999973988,610000,298.41003086831574,-307982.1601783703,59628.734045413294,0.3187663384380312,2.3339188847627934,0.49929822352270664,0.45474798581319575,0.5384919821448868,0.7772834671293669,6.752667748559489,0,0.0,0.0
611.9999999973516,612000,302.7712960411987,-308219.75186475785,60500.2085073764,0.33187403181228103,6.569487123211441,0.49954414711129247,0.44806263453532136,0.5371390469256401,0.7696761333451416,6.716034992618077,0,0.0,0.0
613.9999999973043,614000,298.23809591727655,-308191.3265147167,59594.37774901536,0.337655612061771,4.545214630502029,0.49942894023929846,0.45065610985746485,0.5408364172054849,0.7668696607421996,6.731163902787962,0,0.0,0.0
615.999999997257,616000,301.75094653912925,-308564.13748604245,60296.32075965147,0.3428536654594059,4.654209845823985,0.5017547961494964,0.4564044212334937,0.5419806860102714,0.7741534499373532,6.675420923581086,0,0.0,0.0
617.9999999972097,618000,298.3427984103729,-308670.4374084552,59615.29955615624,0.3320462838665477,6.873261769027316,0.4967935700414314,0.45203129822962573,0.5391006794812174,0.7594004136477306,6.647799279653412,0,0.0,0.0
619.9999999971624,620000,302.8917861089317,-309209.5685328315,60524.28501104841,0.31821643056220905,1.8821637118508983,0.5002246947376925,0.4580437573558296,0.5422414639771329,0.7714864850789436,6.702205594474563,0,0.0,0.0
621.9999999971151,622000,299.1314528183282,-308201.3643190819,59772.889647242904,0.32833601895388276,1.2488961339682496,0.5004837004343637,0.4554758458876851,0.5375389230956813,0.7545561754760879,6.646606554695097,0,0.0,0.0
623.9999999970678,624000,301.32264501209727,-308343.5008617947,60210.73691458995,0.33443795470953885,4.017168119794829,0.49984820956185905,0.45574081692659885,0.5396171433854917,0.7625915224322188,6.611333293035145,0,0.0,0.0
625.9999999970205,626000,300.04642542628267,-308671.4757678071,59955.72082801723,0.3468984783746213,1.373664599685305,0.5001979526071262,0.45708531176756256,0.5388293350513749,0.7648885579343982,6.643008599200172,0,0.0,0.0
627.9999999969732,628000,300.3676105042482,-309432.28921709256,60019.90050568299,0.32787527271713096,3.6438845321272795,0.4998117344567587,0.45026960238012936,0.5470413639310627,0.7744131696652244,6.7572882674445225,0,0.0,0.0
629.9999999969259,630000,300.0115160008577,-308730.4525452829,59948.74517495929,0.3015065170086853,3.3770680201798404,0.49757368395352025,0.45573291299254814,0.5338728137009223,0.7654420138081636,6.684045956406862,0,0.0,0.0
631.9999999968786,632000,300.60470321024445,-309768.8141010259,60067.27672111658,0.33743050478061,3.9583938453529814,0.49932714142788226,0.46037697923442833,0.5461918530340437,0.7560587223095343,6.657985390026155,0,0.0,0.0
633.9999999968313,634000,303.8803620152164,-307758.79104961595,60721.82371183547,0.3700153948149665,5.669784287724383,0.49992004953229996,0.4631067519928191,0.5389586079441171,0.7759932779480856,6.738676066638151,0,0.0,0.0
635.999999996784,636000,299.4331830202685,-307732.22799093975,59833.18182278611,0.3252594799466903,1.6492262165792357,0.499767979559999,0.4562430720252455,0.5382067589392885,0.7695836707956829,6.672972056330792,0,0.0,0.0
637.9999999967367,638000,299.6458648686454,-308814.24491643766,59875.68022451963,0.33151389362141426,3.7576970116152246,0.500234061184743,0.45373376902514506,0.5381744245026869,0.7626401996436307,6.712804302350049,0,0.0,0.0
639.9999999966894,640000,297.71879974532226,-308366.41139156744,59490.611219324106,0.32897248334176726,4.387406396287827,0.4996722172434401,0.4518933082721297,0.5437262671091118,0.7595975963801345,6.681824084413279,0,0.0,0.0
641.9999999966421,642000,300.38803200272326,-308127.83256531786,60023.98115973418,0.3314577066353854,3.4696509090401153,0.4990662011554878,0.46043606903914025,0.5348166500997262,0.7703089897196911,6.773620819055182,0,0.0,0.0
643.9999999965949,644000,297.1468752932692,-308060.0013332744,59376.328428808294,0.29945095616003947,2.7574890472650253,0.49958593085272607,0.45480372725004603,0.5498456908701828,0.772071845749831,6.671477583746977,0,0.0,0.0
645.9999999965476,646000,297.34482271791194,-308823.83247336606,59415.882576182805,0.3455351127425672,3.7995550938641514,0.4987644922106991,0.4537934166298925,0.5525181780371469,0.7542889862916189,6.609823997309121,0,0.0,0.0
647.9999999965003,648000,301.36523967050067,-307662.68801555503,60219.24824227657,0.32565211188025656,5.321623743590563,0.5017839114587413,0.46236817446044043,0.5466083944741857,0.7677196533457185,6.694838938487031,0,0.0,0.0
649.999999996453,650000,299.7707525985109,-308003.3748841481,59900.63547554794,0.3581049707963989,11.447919889137694,0.5004176734216211,0.44793943584167994,0.5491111333190917,0.7550212669378444,6.647245115517222,0,0.0,0.0
651.9999999964057,652000,302.200992430209,-308167.3503054478,60386.24959572088,0.3537078931906,11.626496716906066,0.4982965846234783,0.4644642028023478,0.5350569039272015,0.771810986234426,6.646918901452381,0,0.0,0.0
653.9999999963584,654000,301.60067786944825,-308630.3821872887,60266.293851662835,0.33921814378152193,3.0224922639921816,0.5014765581036519,0.4675881263665766,0.5375020214268211,0.7716798736862627,6.5867492144322455,0,0.0,0.0
655.9999999963111,656000,300.3974596709236,-308415.12692773296,60025.86501034788,0.32778042408980523,2.2039452310519696,0.5014777923207232,0.45677279311386254,0.5456206126480456,0.7732579961131663,6.563925540824016,0,0.0,0.0
657.9999999962638,658000,300.41948266112763,-308190.6390604107,60030.26567684673,0.35720819287798666,11.718339460439983,0.49854772386928925,0.46034129919716404,0.5408328846018851,0.7681576149803906,6.560971497344326,0,0.0,0.0
659.9999999962165,660000,301.47200062624637,-307440.3351364862,60240.581374470785,0.3127695027757206,4.14276083209782,0.49877219804238637,0.4480595471723392,0.5361526692320009,0.7620076551444679,6.6137434568890825,0,0.0,0.0
661.9999999961692,662000,301.7341562711469,-308556.3859166382,60292.965703451926,0.3197095905606776,4.22612024558716,0.5033570149272965,0.46690178023433604,0.5576731033367142,0.7823452372684474,6.636269024579242,0,0.0,0.0
663.9999999961219,664000,299.48815568281157,-308523.7755721654,59844.16654158062,0.33446355338367917,3.189702065980223,0.5006155159232275,0.4489833706412569,0.5474802942218266,0.7732973590778576,6.694382702370461,0,0.0,0.0
665.9999999960746,666000,297.96874714281853,-307630.78484326275,59540.556078239475,0.33672217678725824,6.979493513339879,0.4987928066640325,0.45925493861156674,0.5341300914352001,0.7712057060970654,6.716325217211526,0,0.0,0.0
667.9999999960273,668000,297.2024091070829,-307902.88242270984,59387.42527768026,0.33304184493725164,6.975969198347333,0.49876490418338126,0.4597710849240979,0.54653141297924,0.7777137035291428,6.7437979060978535,0,0.0,0.0
669.99999999598,670000,300.26024833592754,-308740.20581887476,59998.44723830219,0.32331784736628744,0.7031790542777261,0.5009300690657738,0.4574939436351375,0.538996807595514,0.7447168832642427,6.840588276865603,0,0.0,0.04058827686560296
671.9999999959327,672000,300.02357480303726,-308717.1414956837,59951.154782659076,0.31716405659159963,4.206982358757504,0.5009973037364717,0.44823167188197566,0.547746947902465,0.7629601940132631,6.7541527068110625,0,0.0,0.0
673.9999999958854,674000,301.02449299176675,-308118.2417478659,60151.15973659208,0.3493437592437365,1.4445081356116287,0.5005038871640473,0.4620299759757911,0.5505172644865204,0.7626984832343213,6.739174768801703,0,0.0,0.0
675.9999999958382,676000,299.5769157575011,-307984.3389386819,59861.90271107906,0.3307128660188504,7.180792991538771,0.5013409518689551,0.4612480812704538,0.54107211933575,0.7734187498788039,6.758260084617106,0,0.0,0.0
677.9999999957909,678000,299.56442727383467,-308328.23971404554,59859.40724378859,0.32779695852912805,4.8898216632803075,0.5002234406364976,0.463815138719899,0.5351238430284795,0.777388956083124,6.693802405885073,0,0.0,0.0
679.9999999957436,680000,303.147106752429,-309096.65695654927,60575.303559932654,0.32883907352366626,6.79041951008728,0.5004793290658595,0.46321861336777825,0.5445493526947351,0.7633612145303821,6.758136243888311,0,0.0,0.0
681.9999999956963,682000,299.2514568926166,-309122.4848920698,59796.86903898549,0.3368772155973426,6.857684613632568,0.5004366124785554,0.4615658889022982,0.5497810343743748,0.7704196457781327,6.6559811999249945,0,0.0,0.0
683.999999995649,684000,303.12759779022537,-309015.94190908084,60571.40525022987,0.32211573511102587,2.6656503796101845,0.49885253064993196,0.45599126114574506,0.5435275026950421,0.7703103888487979,6.628676261102285,0,0.0,0.0
685.9999999956017,686000,296.9570537897311,-308647.4075750639,59338.398015016115,0.3155753073809697,2.434754527942731,0.5021854756052431,0.46300808495040346,0.5496435814139708,0.773650635225664,6.606595543969398,0,0.0,0.0
687.9999999955544,688000,303.29494877505573,-308596.7963029775,60604.84557171521,0.3308384528597528,4.1494254519975335,0.5003902450061983,0.46316832914520356,0.5381713696370092,0.761060219469675,6.6987488943995,0,0.0,0.0
689.9999999955071,690000,300.9713642830931,-308498.0582656474,60140.543479389016,0.3324153649896302,1.3360359859515476,0.5003859820751815,0.4624157852157588,0.5477152252986084,0.7670511707765808,6.756762683481455,0,0.0,0.0
691.9999999954598,692000,300.02094119199774,-308342.78185455035,59950.628530603135,0.33508240700808567,8.438226321484143,0.5011949827368484,0.4555908968038036,0.5416990821137713,0.7612275417899137,6.659167569303889,0,0.0,0.0
693.9999999954125,694000,300.94132395187745,-307958.4266170161,60134.54077594274,0.33817092805583165,4.362093257709602,0.498514556258325,0.46146502917642507,0.5374008915824398,0.7696655002661981,6.809566153614156,0,0.0,0.00956615361415647
695.9999999953652,696000,297.64124643282355,-308563.76706931414,59475.1144016338,0.3338604044196988,2.0746119737352777,0.49909149176918244,0.4595750431082539,0.5417778694770625,0.7684802487880331,6.747927300082559,0,0.0,0.0
697.9999999953179,698000,296.5949622955728,-307858.8337458968,59266.04435672104,0.3698457771002326,12.5872184382808,0.5023154374904636,0.4568356512210672,0.5416051091126581,0.7671647300529418,6.641046175835001,0,0.0,0.0
699.9999999952706,700000,300.1458017725645,-308787.39271306386,59975.578356618396,0.32641016157857283,6.505629314548782,0.49767794125977305,0.4539510779648275,0.5440852022372304,0.7690949073795714,6.746908927413102,0,0.0,0.0
701.9999999952233,702000,302.612603917173,-309141.9016431654,60468.49841227304,0.3552472347242096,2.943548675192529,0.4998966890383376,0.4545489357975425,0.5499315392793287,0.7721928711957133,6.573939392197076,0,0.0,0.0
703.999999995176,704000,299.9461240362257,-308101.3536464358,59935.67845579974,0.34943746370039275,0.46717487750790737,0.5001039688070261,0.46413200431793156,0.5355232394594651,0.7721050602514907,6.576037259572871,0,0.0,0.0
705.9999999951287,706000,299.3092601620025,-307880.8479967201,59808.41937382892,0.3264963244651786,4.454409062532343,0.5024559505836899,0.4611262536379064,0.541462166623031,0.7676629295463648,6.5910959403899945,0,0.0,0.0
707.9999999950815,708000,298.2629617559417,-307617.38006513985,59599.346477701416,0.3279520327213013,3.290145576618961,0.49965424576756584,0.45779731492987485,0.5415443815713399,0.7779037955688423,6.6065325778628825,0,0.0,0.0
709.9999999950342,710000,302.1624249599275,-307371.0395857799,60378.54298672543,0.34039698978965016,7.044594738080228,0.500666967519512,0.46331785869402164,0.5383601653219685,0.7771971790256966,6.6616570280886265,0,0.0,0.0
711.9999999949869,712000,300.02384735357407,-307920.5644271346,59951.20924411074,0.3653172327323003,9.474712914230071,0.4996727258627627,0.465150169494267,0.5415577187751124,0.7543272748401915,6.6709644117000835,0,0.0,0.0
713.9999999949396,714000,301.398808096805,-308426.7312267176,60225.955934905396,0.3217723137908387,3.0236007580327104,0.4987955965308225,0.45299216778224394,0.5439919284293766,0.7586448774898221,6.662790610464498,0,0.0,0.0
715.9999999948923,716000,301.84446215674325,-307691.53583890246,60315.00718877575,0.3249630680194687,5.163825070770614,0.49936188600732523,0.455070492400937,0.549874771408585,0.7693275497112673,6.725583035878476,0,0.0,0.0
717.999999994845,718000,298.0954714228163,-308590.91110278293,59565.878311433495,0.335249664659928,6.234715950136297,0.49918285951047037,0.4603428852413899,0.5506561673738979,0.7570131484921028,6.715943478988663,0,0.0,0.0
719.9999999947977,720000,299.3358012732494,-308288.9534958615,59813.722857961824,0.3224075486373982,5.093734278104247,0.5012577662916066,0.4572464953900859,0.5422711659417718,0.7666546872514051,6.698331981156059,0,0.0,0.0
721.9999999947504,722000,299.3708067058159,-307532.51964849373,59820.71769530888,0.32020233165634693,3.306453805636774,0.5012166575887244,0.45823734478441747,0.5384122442347898,0.7559407013622881,6.752668490857857,0,0.0,0.0
723.9999999947031,724000,299.4218223244035,-307897.35262967413,59830.91171172337,0.33593369054256206,6.119957891240066,0.4995847770385142,0.4572421044515276,0.5377759540193257,0.7641133012308456,6.681183529062196,0,0.0,0.0
725.9999999946558,726000,302.0069130948155,-308212.8930644677,60347.468375665325,0.32790061121004505,4.487216477642268,0.4975019321325059,0.45921285276231494,0.5446570540123272,0.7745284396322756,6.699524879679722,0,0.0,0.0
727.9999999946085,728000,302.8407633494895,-308585.5490399543,60514.089567737785,0.3280982400834245,2.5029202357938805,0.4979484897960693,0.45485385853050664,0.5365544235388224,0.7390946163832971,6.736260233133294,0,0.0,0.0
729.9999999945612,730000,297.3360699641266,-309020.74888950866,59414.13358796644,0.3398579699344587,9.821428987116816,0.49890131811331884,0.45424803846940787,0.5449144856717842,0.7619939071944479,6.692655182307178,0,0.0,0.0
731.9999999945139,732000,303.79463588253384,-309215.3266631868,60704.69378911941,0.3245177626341311,5.136474023371141,0.5025955922551744,0.4673378864958506,0.5494244005359823,0.765815279414916,6.7883956251224475,0,0.0,0.0
733.9999999944666,734000,298.02802256473956,-308311.8420547005,59552.40058078141,0.32817448502897006,10.251605293091886,0.49808859444568954,0.45861846161608905,0.5358796513667965,0.7625123563975897,6.73147459046703,0,0.0,0.0
735.9999999944193,736000,301.7052203508173,-307842.34269529395,60287.18368502354,0.3405764490072049,6.587543711173599,0.4982221855754437,0.4520237382966208,0.5444891362471846,0.7671442265343007,6.731564538277876,0,0.0,0.0
737.999999994372,738000,299.44391150350094,-307461.6270849197,59835.32560418487,0.3421490536807332,7.215120169289648,0.4987410547717495,0.45934434497345045,0.5316072559696723,0.7801232640009861,6.752708818539972,0,0.0,0.0
739.9999999943248,740000,299.69011642509025,-308012.6111912648,59884.522636025256,0.32465189842046177,5.7369637678282,0.49827870972183136,0.46025412763583606,0.5441331120474393,0.7636792252315381,6.575071855686097,0,0.0,0.0
741.9999999942775,742000,300.8750928763196,-307881.26772568095,60121.306384396026,0.3336138831252808,8.172381650691902,0.49956191204629447,0.45410697533253597,0.5502646716876622,0.7643007772889963,6.7206206181021475,0,0.0,0.0
743.9999999942302,744000,298.73504676764526,-307967.5263167531,59693.67920347402,0.33800977263622356,2.515397029359781,0.4990723128705773,0.45304258198301817,0.543870940664779,0.7583818579712611,6.6299412446185215,0,0.0,0.0
745.9999999941829,746000,300.4952712495287,-308076.14490828244,60045.40986475587,0.33950391461069906,1.8679146115894554,0.4981156125885273,0.45029682150052164,0.5338181749213575,0.7666521837636857,6.60021603378101,0,0.0,0.0
747.9999999941356,748000,300.61425799960875,-308375.019930304,60069.185973269414,0.3372550156240768,4.680921392351029,0.5017338686435072,0.4625622528664328,0.5503699297910352,0.7718259385042181,6.619398026125701,0,0.0,0.0
749.9999999940883,750000,295.01884469643386,-308262.5815326418,58951.10220524615,0.3202183248554772,1.749291616034835,0.498825814664441,0.4610345738742332,0.5387683551286653,0.7742694165598856,6.612176201739388,0,0.0,0.0
751.999999994041,752000,300.6644788925553,-308604.7076511355,60079.22118643003,0.3377458240214004,4.08396995625957,0.5014868681402224,0.44442973015875387,0.5451097934348308,0.748324776808472,6.6955986972619215,0,0.0,0.0
753.9999999939937,754000,301.6223778903437,-308224.56596728694,60270.62998195642,0.3293893522558475,1.5714861463536192,0.49994076091696577,0.4533512152036492,0.5369421105548868,0.7799874231518977,6.651423445484372,0,0.0,0.0
755.9999999939464,756000,301.33502077346185,-308395.8108445206,60213.20985754322,0.34235233369296786,0.8370626207255237,0.49991001785887473,0.4587357736334514,0.5382607712167662,0.7691876902650999,6.763737690471027,0,0.0,0.0
757.9999999938991,758000,300.9221783255529,-307489.9692449593,60130.715068553094,0.34696858052608404,7.076701755355544,0.5002499813737817,0.4612565249927032,0.5382455637995496,0.7596188665119614,6.706055119370724,0,0.0,0.0
759.9999999938518,760000,299.7849366099225,-308028.7827817863,59903.469745702,0.3282380155427512,2.9129769867400603,0.5023466095553298,0.4510431891219436,0.5401833138138317,0.7681028601049,6.67633057172963,0,0.0,0.0
761.9999999938045,762000,301.85514767746116,-307632.3311632201,60317.14238534127,0.3399081866233087,2.541967636630407,0.5001947566148484,0.46506494950071753,0.5411211869482184,0.7605102623648086,6.754244336941606,0,0.0,0.0
763.9999999937572,764000,298.2705647497453,-306657.547557632,59600.86571917644,0.31742203206710257,6.704466725046895,0.4964627644976734,0.4622860059758951,0.5481919012741301,0.7665188823210709,6.750469127866523,0,0.0,0.0
765.9999999937099,766000,300.4627020540868,-308159.7270512916,60038.90183991694,0.3230914889056581,8.859768981825264,0.500791482927638,0.4495358636655995,0.5437526394077903,0.7724410504173722,6.799841587226709,0,0.0,0.0
767.9999999936626,768000,302.51091131241725,-306475.40633510984,60448.17804547531,0.3147281914242722,3.251354193684686,0.49979947779680545,0.46054893408386555,0.5390817040358717,0.7688642040347027,6.706033845117474,0,0.0,0.0
769.9999999936153,770000,302.4814788989031,-307347.12215171615,60442.29681704394,0.33434933142275036,2.6689708888881736,0.5009501915788843,0.45101944975266495,0.5448441008331031,0.7831820026519285,6.677225876765178,0,0.0,0.0
771.999999993568,772000,301.9878036145173,-306999.5593714048,60343.64989102816,0.3521149456992959,7.260723367967352,0.5012026081939535,0.46386000588023224,0.5382838184353247,0.76834215327486,6.681638508232453,0,0.0,0.0
773.9999999935208,774000,301.9724180980111,-308057.31959953764,60340.57553434775,0.3215020078421944,5.050661676578091,0.49968149771666814,0.45907363879338714,0.5385515677973602,0.7617541091824673,6.654089456746787,0,0.0,0.0
775.9999999934735,776000,299.4446016927753,-306913.6682206555,59835.46351882722,0.32171385194413865,5.17730411694622,0.4995731493988265,0.45670771123973264,0.5396498929195275,0.766457955632319,6.6924285638280665,0,0.0,0.0
777.9999999934262,778000,298.40942898308737,-308698.9561326769,59628.613775816106,0.33845998711647485,6.2755652533199635,0.5009041970413457,0.45957871637715586,0.5388490805698716,0.7616446632975522,6.691535673673442,0,0.0,0.0
779.9999999933789,780000,302.16399685462096,-308442.6731041833,60378.85708504965,0.33555579758372756,6.808673086239414,0.5007889357596141,0.4635464090468453,0.5366896646763273,0.764885182853523,6.691996853420264,0,0.0,0.0
781.9999999933316,782000,301.42827693602635,-308721.1373963896,60231.844441975496,0.34070182312529607,8.478538506916381,0.5018004023307989,0.4567919944865424,0.5409799304437426,0.7732130502573149,6.640502178477959,0,0.0,0.0
783.9999999932843,784000,302.21157415840264,-308555.3037839774,60388.36405231057,0.3091772365505031,5.2402256708650325,0.49656020054944283,0.4479810579956345,0.5375066565358768,0.7515349258484454,6.746613041066746,0,0.0,0.0
785.999999993237,786000,299.20458958920335,-308096.11191786826,59787.50394504906,0.33529336582891056,4.438614896456876,0.5001059718892449,0.4563729326263708,0.5377113996557075,0.7719792472496607,6.678280897242502,0,0.0,0.0
787.9999999931897,788000,300.14104052685883,-308903.8381168302,59974.626957454355,0.3467537474564672,0.4883426773637702,0.4995991095605598,0.46121138701769615,0.5345079019938321,0.7534757371227272,6.690774340576624,0,0.0,0.0
789.9999999931424,790000,300.5899587957963,-308210.9993493506,60064.3304703983,0.35220243231239423,6.377218153824458,0.5021746182101846,0.45950639529586135,0.5446327084983817,0.769380409700565,6.737824922656854,0,0.0,0.0
791.9999999930951,792000,298.3535094851969,-308499.53487610584,59617.43985898107,0.34061523562544044,8.24741788152902,0.49939504678609176,0.453075140798931,0.539038517611738,0.751815185028291,6.6868987179796635,0,0.0,0.0
793.9999999930478,794000,299.9071671833814,-309540.5843551243,59927.894039804276,0.32991236054612205,3.165192327166313,0.5004453703228553,0.4636575068148723,0.538048294756619,0.7819844287157949,6.665083212646039,0,0.0,0.0
795.9999999930005,796000,299.03613052117436,-308481.4729469642,59753.84220473889,0.34856545907822173,6.300572124353353,0.4995815882041857,0.4587182238082459,0.5411708849192429,0.762054959361814,6.685995595411818,0,0.0,0.0
797.9999999929532,798000,299.5618607713083,-308479.8396880808,59858.894401455094,0.36155500670626217,4.211617002809873,0.4999035707084639,0.45913907306796276,0.5412107773491113,0.7748525637406276,6.780993558319786,0,0.0,0.0
799.9999999929059,800000,302.1428090824862,-308560.9154385077,60374.62331306162,0.32409068332915436,5.603454781228911,0.4996777384350224,0.45683333415765137,0.5420562036347963,0.7719130600270709,6.737502391155289,0,0.0,0.0
801.9999999928586,802000,300.15791238805144,-308820.40849212604,59977.998317729944,0.3589384461187063,5.830182631195724,0.5008231177457428,0.45208582567898525,0.5488258413016034,0.7579965472726,6.692698744336894,0,0.0,0.0
803.9999999928114,804000,300.49905317323385,-308350.87177132675,60046.16557434828,0.3346276140255615,6.847821120570763,0.5023338852289484,0.46430387375308113,0.5443984126442487,0.7791718937849481,6.798073679569441,0,0.0,0.0
805.9999999927641,806000,294.9886310862831,-308083.28322679875,58945.0648769466,0.35693367868265446,5.613875560281294,0.5011320677128213,0.46274391667923975,0.5452109270533025,0.767675992950895,6.802352612043549,0,0.0,0.002352612043549307
807.9999999927168,808000,299.7790074917985,-308761.5694201146,59902.284980542754,0.34102172653171253,7.749385777002403,0.49791564705037955,0.46110068097454526,0.5519953394991708,0.7705796314728861,6.777280424921599,0,0.0,0.0
809.9999999926695,810000,299.59210961004044,-308795.14948040526,59864.938769181914,0.3594515538447227,7.991801775511414,0.5012445043372715,0.4560903470258948,0.5464182077673154,0.7610782201919939,6.75968941828225,0,0.0,0.0
811.9999999926222,812000,298.77465508362843,-308856.74813675135,59701.59379579813,0.33256738031905864,3.2521802142283733,0.4988886773672666,0.4534023067089441,0.534736649403337,0.757592890250331,6.771445362415072,0,0.0,0.0
813.9999999925749,814000,301.82216851656784,-307733.56421433575,60310.552440599036,0.3274212120545126,3.5109514379695663,0.4992038198111468,0.45546231319024644,0.5489631590400759,0.7580913969428882,6.750403063798586,0,0.0,0.0
815.9999999925276,816000,298.80373216200667,-308479.49366864515,59707.404020636706,0.3383144440771714,3.62287070988973,0.500097670498952,0.4582053249686897,0.552334242785002,0.7719728041571301,6.685663047839412,0,0.0,0.0
817.9999999924803,818000,303.44506426996736,-307797.36154619046,60634.84187209471,0.32096519844611393,4.537336382400659,0.5012249633015544,0.4372719207916669,0.5400235895251875,0.7549934883413734,6.712446815833985,0,0.0,0.0
819.999999992433,820000,296.3643184530211,-308195.6912113307,59219.95676272592,0.31685110014630635,0.3907554489026928,0.4990394978864836,0.4568054936536319,0.5305497534984669,0.7726804636081948,6.607369745879183,0,0.0,0.0
821.9999999923857,822000,298.97399176086867,-308114.6795284585,59741.4255456829,0.3538777507220532,4.989228181922989,0.502203070037398,0.45501300562661395,0.542912974313575,0.7702763684575067,6.6518578499223,0,0.0,0.0
823.9999999923384,824000,301.55762585091276,-308302.91491608554,60257.69113359769,0.3348410053592189,7.832854572876619,0.5010004040017824,0.45821076268522165,0.5512018655989834,0.7726355781071436,6.613847688363343,0,0.0,0.0
825.9999999922911,826000,301.3397254432297,-307891.3609866393,60214.14995161962,0.3340402027388526,5.2820955656537505,0.5032346790066932,0.4636323329503309,0.5454741477373286,0.7767935731333822,6.651858406611993,0,0.0,0.0
827.9999999922438,828000,296.60055024338124,-307966.27537218435,59267.16094872284,0.33907932550998976,2.1507187430528263,0.5004293888182106,0.45870819545819297,0.5515860054092414,0.7709566983273,6.721272559788517,0,0.0,0.0
829.9999999921965,830000,299.09834711027906,-308037.2261748458,59766.27441566069,0.34542373929696873,4.089851200398042,0.49888226482417847,0.46336486018457457,0.5420646122051829,0.7787601951032077,6.6378270745291275,0,0.0,0.0
831.9999999921492,832000,299.47909279223217,-308453.28800774785,59842.35558137104,0.32620296417204375,8.902333635066025,0.4991325604481539,0.45954959191550504,0.5386459701071331,0.7671304943869741,6.679633600966341,0,0.0,0.0
833.999999992102,834000,298.5764157546821,-308312.7362594465,59661.98131967363,0.32034786990482034,2.7216820784918814,0.49827750169401863,0.46074958116703524,0.5387432654269597,0.7648748604212052,6.7682248710406725,0,0.0,0.0
835.9999999920547,836000,300.7459431989029,-308385.31737844227,60095.49950469991,0.31701105618406833,3.5957231481895384,0.5021783960968415,0.4476668996275306,0.546619631360997,0.7747378092458153,6.7887563608948645,0,0.0,0.0
837.9999999920074,838000,299.0052794494052,-308123.94616848696,59747.67749791524,0.34242938309356097,3.8741404647226516,0.5012916446058334,0.45980453798242027,0.5516501833237459,0.771087647175531,6.7070727440285856,0,0.0,0.0
839.9999999919601,840000,298.39707572669107,-307739.3981075813,59626.14532983891,0.32670958631120117,8.631666650673342,0.5004491946793549,0.4564738067315188,0.5495049784874801,0.7742977396284481,6.6889753174466176,0,0.0,0.0
841.9999999919128,842000,297.50755320917784,-307225.5504775769,59448.39962380529,0.34387670407216353,8.528796301792907,0.5015733344797573,0.4614028810714652,0.5503359891299029,0.7687710694581984,6.718147315312127,0,0.0,0.0
843.9999999918655,844000,301.1592682131353,-307378.86300991615,60178.09072080704,0.3078027680703086,4.423507178061438,0.4983542030883721,0.45272050285668985,0.5459039221820046,0.7695367255003012,6.778564833365465,0,0.0,0.0
845.9999999918182,846000,300.04608001742173,-307986.5012824577,59955.65180790739,0.3249760096079568,3.4452883118205704,0.5022254434004689,0.4643190497565644,0.5388380713434628,0.7806484853313744,6.714841185569654,0,0.0,0.0
847.9999999917709,848000,300.54433373867613,-307842.90952584427,60055.213603954806,0.322368297424592,5.224088205447354,0.49773491718638835,0.46160265151614643,0.5367726090536344,0.7605574436160563,6.664411440274272,0,0.0,0.0
849.9999999917236,850000,301.4436613192332,-307776.66089293174,60234.91857219834,0.3400184054402479,11.388372711621878,0.49995731439965,0.45733202644593884,0.5385459195178566,0.7661666556597826,6.66733636353046,0,0.0,0.0
851.9999999916763,852000,299.74080927581855,-307456.21710553067,59894.65215648838,0.35284662747720374,5.305038344032922,0.49860242356231965,0.4628485234202948,0.5391214370824047,0.7839997548899049,6.68486229777605,0,0.0,0.0
853.999999991629,854000,299.15499462718304,-308757.61006855965,59777.59380633256,0.3600958318869703,5.407459408018556,0.4998314739673802,0.4603948161889999,0.5388326557791983,0.7801420520111648,6.675164484028016,0,0.0,0.0
855.9999999915817,856000,302.8005063135893,-308798.5014193533,60506.045347239684,0.3313713269738955,1.4461649863289783,0.4990878522068666,0.4604524313273277,0.5425279194168389,0.7740427376652779,6.646229916869231,0,0.0,0.0
857.9999999915344,858000,301.65528107213885,-308122.4159618155,60277.20474444279,0.31634906521310235,4.334615099019618,0.5016993418328756,0.4588100589876065,0.5489809624395283,0.7612068402240322,6.626380132049704,0,0.0,0.0
859.9999999914871,860000,300.4219312541276,-309066.5999971642,60030.75495832416,0.3245306172747717,3.276471933189387,0.5002402712702314,0.45687142380503976,0.5457941800304056,0.7652022732533279,6.781795546624053,0,0.0,0.0
861.9999999914398,862000,302.03153770882966,-309705.041177243,60352.38890248457,0.3491873679194268,2.962671056380462,0.498201626619101,0.4608928241180168,0.5419948715874234,0.7549843680598505,6.797292373492439,0,0.0,0.0
863.9999999913925,864000,297.1629771134033,-308455.8778787642,59379.545918339834,0.34416514549268695,6.821799656008109,0.499117144613786,0.44749685392575334,0.5436172757738529,0.7758888474507435,6.6815512823984164,0,0.0,0.0
865.9999999913452,866000,299.8729080222464,-309213.06682526926,59921.04832351922,0.36024329313639547,3.873063837622677,0.5001204740047314,0.45408383800186947,0.5365346252805416,0.7715081132561377,6.79192310516293,0,0.0,0.0
867.999999991298,868000,302.7489965586754,-308489.13050662214,60495.75259177309,0.35238660566676433,2.7897837790002495,0.4975356403980164,0.44878209692964965,0.5464562107333024,0.7442498976287659,6.730198821304704,0,0.0,0.0
869.9999999912507,870000,304.2453557120709,-308787.3634979152,60794.75729256886,0.3322126068081295,3.818149051565916,0.49922578408807206,0.44876062785482757,0.5443175128642341,0.7699847431948612,6.6734537605210775,0,0.0,0.0
871.9999999912034,872000,301.3882606957724,-308722.6323454506,60223.84833761982,0.33801408134191324,2.720956933046858,0.49913793743873913,0.4584693440073364,0.5346818791727372,0.75721844198371,6.62443271808408,0,0.0,0.0
873.9999999911561,874000,299.8073917537339,-307937.46706390195,59907.95676577429,0.33306043750239867,2.2587100790608634,0.5001059411038933,0.456355834061442,0.5489275541798442,0.7722199231950668,6.710182666862792,0,0.0,0.0
875.9999999911088,876000,301.62137545558437,-307985.1056782487,60270.42967395909,0.35020378019400633,7.174231275704317,0.500803407413143,0.46036413761126793,0.5468293901592611,0.7679298657465079,6.7498218260614635,0,0.0,0.0
877.9999999910615,878000,296.2433131755309,-307270.41004965035,59195.77730907766,0.32761689466762,7.824328416740039,0.5010474902228551,0.4583240737916693,0.5374556906118837,0.7689771666210613,6.6351308418375865,0,0.0,0.0
879.9999999910142,880000,301.79343478734575,-308430.51843753224,60304.810824297034,0.34111352902565684,0.41292330796451476,0.4984001558302942,0.4548125703971424,0.5336509371554534,0.7650711272877562,6.645853724673984,0,0.0,0.0
881.9999999909669,882000,301.13638312808007,-309184.23153547384,60173.517789239035,0.32849421854564237,2.334587427391094,0.49923084409423807,0.4480800297270453,0.5437718697493792,0.7472107238321577,6.576580273654201,0,0.0,0.0
883.9999999909196,884000,303.00788011100605,-309373.60575715546,60547.483086373875,0.3309434006026049,9.809092434010774,0.4989897286212272,0.46185331887541947,0.5409148098408902,0.7567653405458348,6.725028566211307,0,0.0,0.0
885.9999999908723,886000,300.6133217650627,-308075.83697184594,60068.998893496704,0.3357384542420613,2.929526468967527,0.5002687676898313,0.4456029694476875,0.5472432319448837,0.7536706924615538,6.734503246703216,0,0.0,0.0
887.999999990825,888000,302.9877984726692,-308179.947634622,60543.470343678535,0.3499092497183463,4.327544351371157,0.49792653618640487,0.4601326897923188,0.5396538788461065,0.7723758550592219,6.78760258840731,0,0.0,0.0
889.9999999907777,890000,303.37219133275397,-308598.1210823632,60620.28029392134,0.32617057459282284,1.9986425667068055,0.5010459914753297,0.46380355996632866,0.5478335413825786,0.7773920285984244,6.766852357099374,0,0.0,0.0
891.9999999907304,892000,299.4968414008144,-308358.48972504074,59845.90213460769,0.34648758964872284,4.015184681593242,0.49680591997572476,0.4580835554456666,0.5372679291970659,0.7680818896815786,6.72810307816232,0,0.0,0.0
893.9999999906831,894000,300.27738756507614,-309198.39131830866,60001.872024438475,0.3341333475477426,5.410893798257332,0.4991754927708071,0.4656887804894385,0.5334863540343271,0.7704161223226471,6.7190678448112635,0,0.0,0.0
895.9999999906358,896000,301.34178006782435,-308377.4217394381,60214.56050974717,0.34457528616045496,6.402476668870153,0.5003794731270805,0.46034152621256297,0.5444882147268828,0.7738086185227324,6.729953831185114,0,0.0,0.0
897.9999999905885,898000,296.48247643794656,-307810.98355587525,59243.567266159596,0.34582123160248696,1.8210958050134527,0.4997558515298241,0.4567634603201345,0.5437597970483825,0.7705718787296698,6.693796008552994,0,0.0,0.0
899.9999999905413,900000,300.2424786869344,-308483.86787095806,59994.896480739495,0.31067243868048255,2.045311535573845,0.49882673162805957,0.45424864191867353,0.5433764510969907,0.7586900768220239,6.753208627018844,0,0.0,0.0
901.999999990494,902000,304.2648817104,-308926.8686144501,60798.659006455455,0.3274678552374205,0.758337195655522,0.5007007719799004,0.46553887213946155,0.5488271966541038,0.770063502246801,6.738334636503851,0,0.0,0.0
903.9999999904467,904000,300.52349715173403,-308260.7069247039,60051.050006311765,0.3240212837631271,4.416722020697,0.502129346495066,0.45814665343121863,0.5412890903322249,0.7770379070279958,6.7251341425030375,0,0.0,0.0
905.9999999903994,906000,303.0340325087532,-307870.89284912543,60552.70889719993,0.32523332268891475,3.81726018610083,0.4981323719354825,0.45549824257169336,0.5349762376262546,0.7475219642378637,6.591332233725296,0,0.0,0.0
907.9999999903521,908000,303.9730383641883,-308118.2627025461,60740.342437057494,0.33979445893602833,1.837167456821668,0.5016798363447542,0.46614138241799274,0.5460680871483428,0.7812681852240986,6.559344306322968,0,0.0,0.0
909.9999999903048,910000,298.98633426049247,-307961.79492031736,59743.891842225894,0.33161974420719037,7.9181996801445855,0.49920908359124444,0.46027118224537245,0.5397335330947808,0.7614617417271656,6.574910225150383,0,0.0,0.0
911.9999999902575,912000,299.7378876831543,-307871.174482604,59894.068359517965,0.3555470528426826,4.00302271623085,0.5005520240526999,0.4666746636906147,0.5505694529388467,0.7776761097561988,6.753680844183492,0,0.0,0.0
913.9999999902102,914000,300.881416937468,-307328.34995166725,60122.57006765494,0.3409272721964269,5.991266328656069,0.49924715245234236,0.4526468290705412,0.5377533332588555,0.767110341194277,6.75190578614658,0,0.0,0.0
915.9999999901629,916000,301.7547385640117,-307579.64041946596,60297.07848767606,0.3123566159178408,3.8649774257834175,0.500401721352222,0.4571847906846789,0.546302518297562,0.7626796533246516,6.676402678360041,0,0.0,0.0
917.9999999901156,918000,299.5668259284898,-307120.36517995456,59859.88654651203,0.32952121645828136,1.0871335978456838,0.5012114403491549,0.4594864523059101,0.5566438764045287,0.7542078637351555,6.675389446455881,0,0.0,0.0
919.9999999900683,920000,299.15535426035837,-307123.16909739,59777.66566876594,0.336847130471693,6.693107872436323,0.5012586839347618,0.45692429089660136,0.5398605641343455,0.7559071309079233,6.717554889210206,0,0.0,0.0
921.999999990021,922000,299.57370416496974,-307322.51804729225,59861.26096590595,0.3451187185368282,3.171810763993302,0.5014461533505057,0.4587656396899602,0.5448378950484298,0.7679022340103892,6.6723984490976065,0,0.0,0.0
923.9999999899737,924000,300.78852382374646,-308556.1424412271,60104.008028179815,0.33991741495010586,5.243159108081096,0.5006410959318612,0.4616034879465114,0.5392722032491601,0.7701846035085111,6.716592162969235,0,0.0,0.0
925.9999999899264,926000,299.3302782115882,-308596.0181689486,59812.619231606004,0.3193525649997041,2.9779916172330188,0.5009899771089001,0.46577065525115424,0.5363737709602319,0.759482817826191,6.6595678523117225,0,0.0,0.0
927.9999999898791,928000,298.3332951593046,-308076.876256702,59613.400602462,0.3289471380724859,5.039140512248435,0.49888928772930496,0.4546258553911793,0.5384863597942716,0.7633664766434869,6.785410874281451,0,0.0,0.0
929.9999999898318,930000,299.2685981188708,-308191.51861463813,59800.294224186364,0.3144957130085753,6.123725877100191,0.4999543338034242,0.46324848472617974,0.5420754660608065,0.762350624638759,6.711724639429924,0,0.0,0.0
931.9999999897846,932000,299.62862533900744,-308742.0862937472,59872.23539619111,0.3194497799823567,3.812665276422119,0.49962015470838905,0.4555340564311674,0.5452810538427644,0.7729108388112,6.712849458134329,0,0.0,0.0
933.9999999897373,934000,298.0413514438741,-308609.19100203784,59555.063977138176,0.31663301974908975,3.614005825336859,0.5015861672011853,0.46092255255115333,0.5563077267179115,0.7663392709113346,6.717220589988344,0,0.0,0.0
935.99999998969,936000,302.3313879975922,-309127.13506635046,60412.305430994136,0.3488021886077104,5.976253252935025,0.5004666761882861,0.4512836708963732,0.5398421218931633,0.7652909769240217,6.721959465710739,0,0.0,0.0
937.9999999896427,938000,296.3522261398272,-308725.1136465492,59217.540458805655,0.32854363946755966,11.788556373616291,0.49818534181494817,0.4537634426130719,0.5362041488023159,0.7617786762278733,6.713815088824987,0,0.0,0.0
939.9999999895954,940000,298.5402752609679,-308922.6763570737,59654.75967272805,0.3248898190089849,3.553647314639165,0.4983151240964773,0.4611138289877781,0.537791829336804,0.7650543066817743,6.621698356002529,0,0.0,0.0
941.9999999895481,942000,297.9573003243306,-309527.46360961907,59538.26875802677,0.32070880694629,2.4699692285127712,0.501521718889355,0.46641108175305424,0.5457607546743666,0.7775621790269085,6.757973593018448,0,0.0,0.0
943.9999999895008,944000,300.23682458818206,-308889.9922691854,59993.766670358156,0.32663756272517896,4.873222933568832,0.501010476129313,0.4538298078593561,0.5399740080052879,0.767288599147081,6.687016375166259,0,0.0,0.0
945.9999999894535,946000,299.341570606671,-309229.7897461294,59814.87569470533,0.3209354408023806,1.7303641353661674,0.499932745618006,0.4606480134786972,0.5583823610931162,0.7782932494198449,6.773587315591492,0,0.0,0.0
947.9999999894062,948000,300.1535694048359,-308000.41378258634,59977.130496395745,0.3258976146749898,4.118580972155715,0.5029287242531116,0.4545111682364371,0.551257539541905,0.7742339578420072,6.760349397936622,0,0.0,0.0
949.9999999893589,950000,300.56649817023737,-307997.8493892285,60059.642533475,0.33084837350424134,2.4530396893606876,0.5008914877303298,0.4586422928842495,0.5344371349453176,0.7672152947400281,6.739909048716228,0,0.0,0.0
951.9999999893116,952000,298.0697762795678,-308178.71782672545,59560.743869878155,0.3324377345596955,6.345800659125568,0.5005162578577607,0.46183044171290666,0.5411366082578954,0.763672796817513,6.785215408459209,0,0.0,0.0
953.9999999892643,954000,298.6004453606478,-308234.0533624613,59666.782951103974,0.316862876935768,0.8780074896619547,0.5012731334570563,0.46005804439829845,0.5483956919911824,0.7576895417133596,6.6310365587544595,0,0.0,0.0
955.999999989217,956000,299.49045583300745,-307858.84422091534,59844.62616099721,0.32757096578295236,6.171680611917953,0.4983897733221933,0.4507063639066884,0.5424417466108817,0.7665965513542279,6.668304196465897,0,0.0,0.0
957.9999999891697,958000,303.78455490580586,-307430.52762489766,60702.679393428756,0.33617049438145685,4.413656645754022,0.5026116682596288,0.45775795772033767,0.5446952195520325,0.7655191786767492,6.689119839245276,0,0.0,0.0
959.9999999891224,960000,301.96180223199764,-307452.6118243146,60338.45425628837,0.3331075272422894,7.83589054730153,0.49836998168694435,0.45184775756510787,0.5382536141287808,0.7672767904336926,6.736305502663413,0,0.0,0.0
961.9999999890751,962000,299.074935731267,-307984.30144767463,59761.59631925527,0.3380724731328579,2.617427764734266,0.49947340488653263,0.44778859211108735,0.5398917012725182,0.7707092578276686,6.6432753356412775,0,0.0,0.0
963.9999999890279,964000,303.1059353819692,-309172.13246754976,60567.07663574954,0.32042483058298055,4.25919512545046,0.5014958347327867,0.44856640489678723,0.5450223524642581,0.773453792380506,6.652335971667156,0,0.0,0.0
965.9999999889806,966000,299.03049185472196,-308340.42037392454,59752.71547806257,0.34032514476435405,3.688995159000323,0.5021102307519695,0.4649506623951618,0.551816310762316,0.764942908569946,6.631806986953791,0,0.0,0.0
967.9999999889333,968000,301.7166293712481,-308078.6441343683,60289.46345237254,0.3071432382351581,1.585928545504369,0.5013916113473738,0.45095048245296,0.5430537715911825,0.7765434274978418,6.655431275127423,0,0.0,0.0
969.999999988886,970000,298.5451585364867,-308206.8203970385,59655.73545606996,0.34940670832349846,3.935841593540593,0.4978331912170832,0.4586349772314473,0.5435600299028541,0.7739831859381687,6.651714529289791,0,0.0,0.0
971.9999999888387,972000,299.4182618311663,-308953.9214598718,59830.20024869483,0.3159811274350556,1.1395547869986589,0.5020244204134384,0.45209652544294654,0.5404276228931884,0.7669631028082708,6.672186631346477,0,0.0,0.0
973.9999999887914,974000,302.3157802856917,-308971.7659837329,60409.186674901175,0.3380175013824625,5.2761864538994985,0.4992500008687952,0.4557995833108275,0.5381875061682933,0.7622452595973392,6.700461696681401,0,0.0,0.0
975.9999999887441,976000,297.2528024724774,-307843.74292423995,59397.49495454072,0.32202542822464425,2.1505068074835565,0.4994266079961443,0.4570544066026098,0.5429845287952446,0.7748370154105688,6.678931555180242,0,0.0,0.0
977.9999999886968,978000,300.51167411990644,-308466.3541742093,60048.68751059269,0.32005758254189354,3.804197575221305,0.5009179979134529,0.46198220132920564,0.5464230657863798,0.7771862830611749,6.593435541212642,0,0.0,0.0
979.9999999886495,980000,299.22269476449935,-308231.0632372345,59791.12174797421,0.33709035025956774,4.041679872791542,0.4977303675829831,0.4499912173407008,0.5363675261234215,0.767976877394424,6.628348350733031,0,0.0,0.0
981.9999999886022,982000,302.3601988238322,-308274.90634897863,60418.062452936385,0.32938956740468517,2.8974261858334596,0.5010234625582746,0.45875962689885164,0.5473436007712529,0.7497313009015544,6.744108089883923,0,0.0,0.0
983.9999999885549,984000,302.30286058651416,-307895.48175428435,60406.60504148905,0.3578558427269377,4.86491974391604,0.5007181294857997,0.4486700318931607,0.5423311733331762,0.7571102025046699,6.805065284043948,0,0.0,0.005065284043948459
985.9999999885076,986000,303.5765667305067,-307730.10957607813,60661.118888396755,0.3224853244693001,7.348876255069091,0.5008342083681171,0.451415855681903,0.5419220840382808,0.7582861598184092,6.679706899921825,0,0.0,0.0
987.9999999884603,988000,298.84305935210705,-309128.0508078225,59715.26243797082,0.33592177817529256,0.9303661728221949,0.5013863709203008,0.4583187309710892,0.5433998778772526,0.7693386044794466,6.729335205819275,0,0.0,0.0
989.999999988413,990000,300.2620145319119,-308442.8266720972,59998.80016219794,0.34825303880256075,3.2530134412956104,0.4996505529877856,0.45397696520880215,0.5407358223131897,0.7635876039098903,6.822302534229493,0,0.0,0.022302534229493354
991.9999999883657,992000,300.14274579323643,-307982.95616344037,59974.9677063059,0.3415599931748384,4.756267697097445,0.501345789035689,0.4571063376999218,0.5426678762290811,0.7672006407324057,6.743769996694624,0,0.0,0.0
993.9999999883185,994000,299.84836433302394,-309419.301179382,59916.143967211625,0.3581154541549802,6.156942077211575,0.49887907297782347,0.4476328865391084,0.5422950368386857,0.7661593599869718,6.737839105611556,0,0.0,0.0
995.9999999882712,996000,295.29703195928937,-309628.7793426765,59006.689995855486,0.33281610253523713,1.7293362244400037,0.49864988306052266,0.4517590977721204,0.5461265769963983,0.7763986451694898,6.701147869957197,0,0.0,0.0
997.9999999882239,998000,299.3095583997444,-308571.33468549745,59808.47896813593,0.3293403732214216,6.493713868810556,0.49906881734557285,0.45502318935566777,0.5359078840694611,0.7736951061828554,6.752527191219734,0,0.0,0.0
999.9999999881766,1000000,298.2896423798306,-307767.01734191086,59604.67783945693,0.33535604081936937,2.4793005852779775,0.4990060056517049,0.4582932756735598,0.5493126151220267,0.7632172277065425,6.708468629918812,0,0.0,0.0
1001.9999999881293,1002000,301.24390833861435,-307294.2483188752,60195.00363595628,0.32823649294192014,2.831616593031328,0.49909212210771847,0.452885823686513,0.5413975319720503,0.762745051248304,6.673504979886545,0,0.0,0.0
1003.999999988082,1004000,296.08575273098506,-308652.7434575395,59164.29334784298,0.3441156885726413,5.963251060607333,0.4986093285344442,0.45578107797947576,0.5407313141235863,0.767783485245463,6.746626117303563,0,0.0,0.0
1005.9999999880347,1006000,298.07894958809123,-308860.01494046394,59562.57689396473,0.31670847834477833,2.3046203746366416,0.5021004677345532,0.4570758286718779,0.5509931261282972,0.764728953664938,6.727216131955537,0,0.0,0.0
1007.9999999879874,1008000,300.84476538400463,-308066.17563235015,60115.24629999386,0.3367339267682007,6.408745453655533,0.5003828409028898,0.4594017651883995,0.5335273735557057,0.7525309064092838,6.692438620794142,0,0.0,0.0
1009.9999999879401,1010000,299.31532777647067,-307929.6892385953,59809.631813532644,0.3213395585401465,2.554661417748629,0.5005817474383508,0.45606041293849664,0.5437767017492128,0.7715427147775458,6.673238259757836,0,0.0,0.0
1011.9999999878928,1012000,299.7877389566387,-308094.4124963125,59904.029714770586,0.3179218676133585,3.823025891670098,0.49918369322028266,0.4662230826800524,0.5474263404710191,0.774234197686873,6.697632862289602,0,0.0,0.0
1013.9999999878455,1014000,297.0838053383819,-307901.55286139157,59363.72569707275,0.34769232542851625,6.194366416495706,0.5003542087524453,0.46354743765715956,0.5427898340456743,0.7531024564258555,6.660424496720736,0,0.0,0.0
1015.9999999877982,1016000,303.28843937178726,-310098.9119199966,60603.54485311952,0.33207878015671377,0.9165491272334201,0.5003368822581282,0.4470317681768954,0.5407303353450192,0.7399666896788448,6.690414250975536,0,0.0,0.0
1017.9999999877509,1018000,300.2561564934799,-308588.4934988334,59997.62960028797,0.30825375773600805,1.677957071786424,0.5016157940085096,0.44596204814766693,0.5402771683287977,0.7623269329288256,6.754671052854622,0,0.0,0.0
1019.9999999877036,1020000,298.7937530868387,-307692.39931309037,59705.409987066596,0.32872826064713595,6.0231461541908065,0.4994103124541323,0.45559946503928295,0.5454618290948865,0.7660620698967531,6.617650509055631,0,0.0,0.0
1021.9999999876563,1022000,299.5176117570239,-307758.86548687005,59850.052497927725,0.3258174760436374,1.0910929042382294,0.49927725901373543,0.46062827301260256,0.5360063778738731,0.7612748055971474,6.751663845637935,0,0.0,0.0
1023.999999987609,1024000,299.67619240358124,-307581.05328114005,59881.74031743836,0.3108685060054909,3.4361808869779575,0.5008724289384056,0.4571076906651008,0.5522693866031769,0.7843702141014308,6.653758460330572,0,0.0,0.0
1025.9999999875618,1026000,302.3451448324112,-308338.37567428686,60415.0543420892,0.34530482669276197,3.352787416087645,0.4975813208665406,0.4590719253871516,0.5392081009795815,0.7624600895959599,6.587039743089846,0,0.0,0.0
1027.9999999875145,1028000,298.2542472708752,-308618.50738856895,59597.6051363971,0.3357026147786825,4.739065351051844,0.4988406254605892,0.457981246890264,0.538995936168809,0.7704421327921178,6.6468143778946,0,0.0,0.0
1029.9999999874672,1030000,299.4213967591925,-308818.45805360656,59830.82667465303,0.3300618620491168,5.92568972271516,0.500569139197586,0.46089656612449303,0.542503833292243,0.7767655204638544,6.669250207298589,0,0.0,0.0
1031.9999999874199,1032000,299.80871017937903,-308455.170761263,59908.22021553811,0.3435404195870764,5.935736285077839,0.5012534446997146,0.4660954834362996,0.548297207456466,0.7731833479682912,6.654159494915632,0,0.0,0.0
1033.9999999873726,1034000,295.7931109137272,-309418.5563430041,59105.81722677875,0.3419429250914795,2.321794224592118,0.5007606939900864,0.4612637546022764,0.5398921817890994,0.7685885397814469,6.63468948735553,0,0.0,0.0
1035.9999999873253,1036000,298.6366886254025,-308555.418518323,59674.025133910975,0.3414585419348375,3.4171686806004464,0.5013354266443119,0.4596536976862948,0.5399076644316665,0.7525649516152253,6.642563080185951,0,0.0,0.0
1037.999999987278,1038000,299.8359241962826,-308943.3528518551,59913.658160675295,0.33740744566258285,9.366420069899355,0.5027280277979713,0.4648209565589343,0.5457955599532534,0.7657677614321914,6.651655316521371,0,0.0,0.0
1039.9999999872307,1040000,298.7804152017964,-308610.0944113708,59702.74479113602,0.32315780735033217,1.6868615615093754,0.5007869076484016,0.45475790224494084,0.5461668004579732,0.7513536846893887,6.600948491330428,0,0.0,0.0
1041.9999999871834,1042000,299.64711415045923,-308790.47665190045,59875.929857860734,0.3361478243922577,6.138071979350299,0.4992584316061545,0.4583751055116849,0.5374252937472264,0.7708559146274254,6.621225585112086,0,0.0,0.0
1043.999999987136,1044000,302.2711021674326,-309468.89901824156,60400.259027182474,0.3464561772469785,5.287027333718352,0.5022228622791327,0.461149830419469,0.5467618593322454,0.779423699583508,6.606519970328023,0,0.0,0.0
1045.9999999870888,1046000,301.3854556683345,-308510.5869679563,60223.28783288546,0.34311193806559237,3.4378729790438483,0.49971074002583693,0.4595805926594716,0.546346428633286,0.7594199263553341,6.6774221372068965,0,0.0,0.0
1047.9999999870415,1048000,301.767929763137,-308796.4256720687,60299.7143726096,0.3320957915144256,1.498734894013052,0.4996039082894004,0.46497253385552906,0.538434909621988,0.7757608864857459,6.673932460404515,0,0.0,0.0
1049.9999999869942,1050000,297.4119018722837,-308454.4909739569,59429.28643209336,0.32978658834680386,4.437508561931886,0.5025383581133572,0.464575724352974,0.5402228771563049,0.7752921240076169,6.586645767120416,0,0.0,0.0
1051.999999986947,1052000,299.58378923615703,-309143.99061212037,59863.27617975754,0.33302745297660025,3.89349198068447,0.4970702419984609,0.45466011194143086,0.5344227477440873,0.7681063223078723,6.6642954662134315,0,0.0,0.0
1053.9999999868996,1054000,297.80623694323714,-308388.3934336682,59508.083049627436,0.33450345280216087,2.19931191215397,0.5002057412467158,0.4505235883509324,0.5361508834098876,0.7594171266472216,6.677946681093218,0,0.0,0.0
1055.9999999868523,1056000,299.5726504872955,-307318.4342216989,59861.05041847353,0.33830776397331974,2.282499195500987,0.5015162792168161,0.4627195639285464,0.544126193502473,0.7693262212288792,6.679979983540932,0,0.0,0.0
1057.999999986805,1058000,301.5850322361524,-307452.0406501284,60263.16751806053,0.3359643640302876,3.5896737907499823,0.5003875023238367,0.4663071962031078,0.534865096833494,0.7705545312875071,6.730209790434465,0,0.0,0.0
1059.9999999867578,1060000,299.7387460272937,-307000.50608670944,59894.239875114334,0.31766926662778294,0.5821741403558713,0.5012567325437602,0.4519237889140173,0.53676213950631,0.7701053434674812,6.722556395787123,0,0.0,0.0
1061.9999999867105,1062000,299.5432246481135,-307877.6984358053,59855.170503734946,0.3327100094453467,1.5117792253586273,0.5006925632055904,0.4530126145662042,0.5386010659671729,0.7670302270599132,6.665542357153498,0,0.0,0.0
1063.9999999866632,1064000,303.59848734245134,-307808.3231667578,60665.49909752027,0.3192407459418296,3.919867256413521,0.5009032136165555,0.4593980030675753,0.5475586768802456,0.7704910994473568,6.807634477945371,0,0.0,0.0076344779453707545
1065.9999999866159,1066000,303.62425058850437,-308286.46860989043,60670.64714747881,0.32937055471994736,1.3363552562993832,0.5012898893449814,0.4634998395619707,0.5389424757669126,0.7699258761543106,6.722180858372791,0,0.0,0.0
1067.9999999865686,1068000,300.24449625617484,-308825.6869749883,59995.29963441133,0.3136405680056855,2.7712393306388883,0.4998497191258876,0.4665113945167083,0.5360906883574863,0.7682409998785724,6.7815198939989525,0,0.0,0.0
1069.9999999865213,1070000,300.25305387313205,-309283.97916713636,59997.009630097855,0.34356713071800615,4.902465485742992,0.4987499812703782,0.4520271621699683,0.5486425709018508,0.768013216563137,6.816336104533338,0,0.0,0.016336104533338336
1071.999999986474,1072000,297.14053326736115,-308293.18892217847,59375.061155804506,0.3351119934388521,3.7664668972610915,0.5024794994903268,0.45853218325461487,0.5520410933755535,0.7649417060389672,6.728025526909299,0,0.0,0.0
1073.9999999864267,1074000,299.1762528847578,-308768.7218973823,59781.841662825536,0.3199303780217797,4.422893246145942,0.4999237843684974,0.46243420153929893,0.538416729836495,0.7716727796597769,6.7251784128425385,0,0.0,0.0
1075.9999999863794,1076000,301.15088973209595,-308577.0355239152,60176.41652032474,0.3423130122617512,4.935041047184276,0.4995177005788108,0.4520438241851399,0.5463821024656248,0.7760327121987594,6.676643933974496,0,0.0,0.0
1077.999999986332,1078000,299.1679703035172,-308614.36724905623,59780.18662518298,0.3414679711080932,3.42228432274572,0.4992804434456684,0.4564495783921956,0.5420518256146618,0.7688684623883155,6.679007291716985,0,0.0,0.0
1079.9999999862848,1080000,300.2598940598685,-307354.9272303735,59998.37644633571,0.36382067386396666,2.7357905108551934,0.500429064988262,0.4447926596210767,0.5399439235944445,0.776743706981383,6.699732316882759,0,0.0,0.0
1081.9999999862375,1082000,304.90752181346056,-307714.3112926036,60927.07230302197,0.3495571653669449,1.6009417099967325,0.5027598296614622,0.46594500171924813,0.5480571523620341,0.7723241015971389,6.665536885747009,0,0.0,0.0
1083.9999999861902,1084000,301.66760301793795,-308404.9346956387,60279.666933890105,0.3292079818423369,3.57125784625421,0.4987485263457385,0.4581280226835647,0.5426963273959817,0.7632332574794747,6.68916337954839,0,0.0,0.0
1085.999999986143,1086000,301.2369303874551,-308146.3515321482,60193.60929142757,0.34560088413783085,3.9483552649599742,0.5003431265984524,0.4558510477847328,0.5522485045286754,0.7753755908051616,6.622124816675637,0,0.0,0.0
1087.9999999860956,1088000,298.26515993495036,-307836.94955457933,59599.78572108445,0.3492991834791721,7.64430238424323,0.5016115007708714,0.46024437093136683,0.552369027784545,0.7727790575373623,6.637996105277338,0,0.0,0.0
1089.9999999860484,1090000,297.55066723659644,-308501.94334047614,59457.01473257724,0.34204748510645805,5.65861754862344,0.4993016912802937,0.4449376994274279,0.5376825446981037,0.7708740053418683,6.693656189326788,0,0.0,0.0
1091.999999986001,1092000,301.61534213942775,-308437.5263020899,60269.22408779476,0.3427407755451332,4.2599447503899475,0.49893192467158404,0.454188430041893,0.5487689353877108,0.7686550453411787,6.604843742719396,0,0.0,0.0
1093.9999999859538,1094000,298.22336719442524,-309322.2237038752,59591.434633815195,0.3551739205608205,8.161212748770946,0.4997425194143505,0.4541613998269707,0.5501071994294087,0.7772189669730079,6.803437436611574,0,0.0,0.0034374366115743626
1095.9999999859065,1096000,299.7527513005272,-308405.29976313375,59897.03842954109,0.3451768642948938,2.531966451074587,0.5004464264125319,0.461196765843086,0.5409637446405622,0.7759031955742977,6.654359952481144,0,0.0,0.0
1097.9999999858592,1098000,300.5481903585906,-308303.99357613316,60055.984239454316,0.3405055554520465,6.993141939376792,0.5023373654584408,0.4648956686251975,0.5459978549866289,0.7702322094090883,6.681362848638869,0,0.0,0.0
1099.9999999858119,1100000,299.59801420637604,-308109.72803978575,59866.1186343611,0.34497896936885697,5.698142729217839,0.4998498056260243,0.4591021001797104,0.5375410767410456,0.7724409439253215,6.648960766481736,0,0.0,0.0
1101.9999999857646,1102000,299.5624543170751,-308827.11498847045,59859.01300464872,0.32344811818489594,7.704712829889871,0.4993933633390635,0.46470541980938407,0.5447024998095564,0.767753099718151,6.655819721836934,0,0.0,0.0
1103.9999999857173,1104000,299.22861713254156,-308644.002389017,59792.30516432212,0.3218643957483113,7.746312094815592,0.49955020757589136,0.45871561350811474,0.5324056894651275,0.7650916504061289,6.745824947830812,0,0.0,0.0
1105.99999998567,1106000,300.5019088740327,-308158.71619005455,60046.736204708635,0.3360639035908619,4.921152028491635,0.499012085064386,0.45915393503055046,0.5314385459205919,0.760456026406758,6.654705131554721,0,0.0,0.0
1107.9999999856227,1108000,298.68755163978216,-308911.2748871711,59684.18865672677,0.32183216440533213,5.622734696457871,0.4987955243210678,0.4537005465868651,0.5395625427441395,0.7602282210901516,6.635828555668965,0,0.0,0.0
1109.9999999855754,1110000,302.5123498157012,-309464.71717923647,60448.46548933065,0.34174172947272097,5.64667038313631,0.5009963290040024,0.45709897713127123,0.5398821639845188,0.7709224359415208,6.612455119359339,0,0.0,0.0
1111.9999999855281,1112000,297.83411206589085,-308492.51655291906,59513.65309789413,0.3223721845922898,4.11428654697697,0.4987123298462677,0.457008935576682,0.5386346079969044,0.7660576088762809,6.566672285829405,0,0.0,0.0
1113.9999999854808,1114000,298.5239912708439,-308521.3895058483,59651.5057817195,0.35090631731312766,0.8628882192067493,0.4994968979182926,0.4603186494784506,0.5339014538320147,0.7648016468971424,6.579950967403576,0,0.0,0.0
1115.9999999854335,1116000,302.05952738749204,-309380.1477826643,60357.98184150247,0.3374997070961402,2.734923611378911,0.5006660336171748,0.4658443952729612,0.5522495434964041,0.7510662442159912,6.67624199132004,0,0.0,0.0
1117.9999999853862,1118000,303.830825437469,-308015.2265271456,60711.925239550794,0.3329141498824413,2.810019369509885,0.5019293297712848,0.463442745675013,0.5394504541777758,0.7615639005162249,6.619605236008383,0,0.0,0.0
1119.999999985339,1120000,297.8305433206703,-308119.5565133416,59512.93998594205,0.3202425710853057,5.9006974313828255,0.49842235141113006,0.46057148048620355,0.532957611108396,0.7617156933008964,6.651753709853139,0,0.0,0.0
1121.9999999852917,1122000,301.9232554215344,-308995.08703683084,60330.7517755684,0.34139037663535493,2.9283942781629793,0.49899535531649625,0.4621891961079416,0.5446092864483916,0.7734714320656106,6.665920250781054,0,0.0,0.0
1123.9999999852444,1124000,298.5297013617549,-308541.764274179,59652.64678053685,0.33440796318796406,3.6662025417462893,0.49880089946195083,0.4539774347211727,0.5391889869366229,0.7525651280027699,6.690809784975137,0,0.0,0.0
1125.999999985197,1126000,296.779178331194,-309138.33306458266,59302.85467761739,0.34115513405266606,3.378165719895728,0.502088131711114,0.46147368089782104,0.5459431339109879,0.7598426649569952,6.622260762803009,0,0.0,0.0
1127.9999999851498,1128000,298.5678180087485,-307954.88785701897,59660.263305355635,0.3236951713328194,2.620020833241187,0.4998599196233197,0.44956076725190464,0.5444571046397897,0.7764519812630777,6.721927495804451,0,0.0,0.0
1129.9999999851025,1130000,297.9817758410213,-307481.012801629,59543.159491998165,0.32339040704080857,2.3012220221283197,0.5008778538119127,0.4679802592573692,0.5394450753558484,0.7799533352445014,6.702478669763309,0,0.0,0.0
1131.9999999850552,1132000,301.14367220551645,-308209.9128784705,60174.97430348095,0.35595436330319224,4.925553057541962,0.49994685838935654,0.4585502822987335,0.5405033809215151,0.7691045050258118,6.636068755740375,0,0.0,0.0
1133.999999985008,1134000,300.9060786864638,-308228.6300371168,60127.498014841185,0.3398820227419887,3.1375644535164504,0.4985991308144601,0.4570853337591947,0.5407652097047553,0.7718228380410466,6.696280528865373,0,0.0,0.0
1135.9999999849606,1136000,300.6822176417356,-309200.3210686678,60082.7657695464,0.3267592508971354,3.0261990593984622,0.5001820650176798,0.4589677200199951,0.5391620125187195,0.7732819686065859,6.710112620640416,0,0.0,0.0
1137.9999999849133,1138000,301.9455144953718,-309385.97257705545,60335.19961664829,0.35531955701929996,2.636018747792803,0.5002703434620828,0.4517642073820669,0.5387437370367916,0.7656091743673716,6.739413283553446,0,0.0,0.0
1139.999999984866,1140000,296.10930015915187,-308349.7805773332,59168.998629791866,0.3670502878722752,6.338531057690117,0.5010079464782207,0.45667728548535935,0.5430871264765348,0.7782013569357034,6.7322626969084,0,0.0,0.0
1141.9999999848187,1142000,299.32244879940765,-308360.10592697933,59811.05474687574,0.33523799697256507,3.570420424348153,0.5019407123609259,0.45482303348576814,0.5461552706388746,0.7683586679378358,6.623389414466573,0,0.0,0.0
1143.9999999847714,1144000,302.54414953251955,-309037.99817997916,60454.81975581211,0.3133438160736234,3.9545971719085777,0.499280363479073,0.45718997535641037,0.5507618464274486,0.772498308406955,6.702274817760291,0,0.0,0.0
1145.9999999847241,1146000,301.807027937567,-308982.8716957369,60307.52702769349,0.3349464839559272,5.483379389025971,0.499837111776668,0.4572468560241436,0.5376762833977224,0.7692229707263429,6.6633835722432835,0,0.0,0.0
1147.9999999846768,1148000,299.80920638697864,-308123.858506856,59908.319368475095,0.3526378834862245,2.104595812182665,0.5020216347823276,0.45807241715698943,0.5487854492434963,0.7751818623861677,6.751388672684911,0,0.0,0.0
1149.9999999846295,1150000,300.8557243024791,-307411.093620745,60117.436127303736,0.32488091351916454,1.4222319081419423,0.49840115639678123,0.4478884216071384,0.5359725594304106,0.7568315337884837,6.724817483571314,0,0.0,0.0
1151.9999999845822,1152000,299.337768243913,-308071.04649148975,59814.11590095115,0.35790270042919303,10.628827017599138,0.5013563969114208,0.45786891733724566,0.5422867686512305,0.7697992783091587,6.726076786464432,0,0.0,0.0
1153.999999984535,1154000,297.1543398729621,-307625.34798360756,59377.82001217087,0.32366558204568907,3.353501415585345,0.5011065039581275,0.4549655388831879,0.5470766629778865,0.7544262848216263,6.619376156638786,0,0.0,0.0
1155.9999999844877,1156000,301.4113357611175,-308697.3925331794,60228.45923133054,0.344920212166011,6.4166837118797195,0.4977761421433672,0.44051489382338316,0.5405699282080967,0.7589250146317186,6.598627425656261,0,0.0,0.0
1157.9999999844404,1158000,303.30866621658384,-308457.79768820014,60607.58661118457,0.31861509924579506,1.9165116828542468,0.49769268501284175,0.4580259169026162,0.5437577570514414,0.7734298936850283,6.635122570131429,0,0.0,0.0
1159.999999984393,1160000,299.82729147972344,-309145.06518010097,59911.93315847515,0.3355160384614226,6.25649333920051,0.4998319338634079,0.4505572286173132,0.5387927595935658,0.7697703981791344,6.572407290763984,0,0.0,0.0
1161.9999999843458,1162000,300.8669481521888,-308416.99163895985,60119.67889356517,0.32713211605246606,7.578165388619572,0.5004018910033381,0.45764560271073673,0.5461542016636889,0.7638482280000538,6.590493542898727,0,0.0,0.0
1163.9999999842985,1164000,298.18013725516005,-308217.9100106638,59582.796363366506,0.32049761767944795,3.114554145492939,0.5009987012192536,0.4619528646140284,0.5492293264167323,0.776089655165177,6.5620402514794876,0,0.0,0.0
1165.9999999842512,1166000,299.93894683107845,-309967.1449472932,59934.24429604422,0.32715578959890634,4.881299310420493,0.5002646836140222,0.4607950193480974,0.539859662039369,0.7611456851664382,6.737128559111909,0,0.0,0.0
1167.999999984204,1168000,298.63718446880586,-308288.5071705999,59674.12421407374,0.33986025468051195,4.14489955307536,0.4993123076078664,0.46305614053675104,0.5324515648628716,0.7729494377850585,6.565404300421157,0,0.0,0.0
1169.9999999841566,1170000,300.4395849371181,-308636.05264970567,60034.282543388574,0.3395213933068523,6.685038170463622,0.4978595384310596,0.4578116181355907,0.5475499545123999,0.7694108961461046,6.666725758613936,0,0.0,0.0
1171.9999999841093,1172000,299.71191958200717,-307310.7208276517,59888.8793751113,0.32759605971198424,7.4898429790605805,0.5005018067057074,0.46076392524841303,0.5476491149154299,0.7724406441469949,6.640221307588604,0,0.0,0.0
1173.999999984062,1174000,303.5242219991947,-307703.1893345178,60650.659286710434,0.3210654947956889,5.6222726603358515,0.50155863257863,0.458983957648929,0.5452879951433083,0.7770884639309474,6.622610617701536,0,0.0,0.0
1175.9999999840147,1176000,302.70951455029683,-308455.77832090855,60487.86323842147,0.309297210986187,6.572419473041251,0.500038641261937,0.44846583036023135,0.5406113853018152,0.7619450293903931,6.660747924572206,0,0.0,0.0
1177.9999999839674,1178000,301.00277790138233,-309034.5149204233,60146.82059509092,0.34995325334603467,14.242630217054037,0.5011680600008349,0.4635941539240269,0.5465437197034151,0.7519151719139767,6.737620724918727,0,0.0,0.0
1179.9999999839201,1180000,300.4312252136056,-308168.3150422685,60032.612091063056,0.3459665674731644,4.009450593689383,0.4977314478034868,0.4560984712983931,0.541068306721848,0.7747614060852523,6.702280324583384,0,0.0,0.0
1181.9999999838728,1182000,299.79230003190116,-308716.71153425565,59904.94111558038,0.3340899013704076,5.203359668077812,0.49987632206677046,0.45794587421889954,0.548897798032161,0.754675548161936,6.6037411031625695,0,0.0,0.0
1183.9999999838255,1184000,305.35323809500835,-308848.58439959865,61016.13599010644,0.32903452360963426,1.723452712992313,0.500093238260903,0.4608273476580844,0.5425456952317962,0.7720667189493651,6.498721633992329,0,0.0,0.0
1185.9999999837783,1186000,301.6154176908948,-308542.0245474735,60269.23918460072,0.348784334727306,10.389437657400006,0.49773283606369106,0.4507585603184303,0.5393018821615012,0.7682734971056178,6.630138882540026,0,0.0,0.0
1187.999999983731,1188000,299.122453986754,-308379.4207265726,59771.09148739856,0.3407381599793746,7.63770598071045,0.5002632933295735,0.46180862478315965,0.5422278622397194,0.7672690667157962,6.600240176309541,0,0.0,0.0
1189.9999999836837,1190000,301.51130675170714,-307767.2380428137,60248.43558263744,0.3449089542781871,6.276243373253146,0.4993463219309053,0.4553673795322384,0.5458574599503496,0.7708971087180547,6.592981477942246,0,0.0,0.0
1191.9999999836364,1192000,301.9495761456391,-308462.9703845619,60336.01122161636,0.3558289483265372,3.0170382369479816,0.5023639216392041,0.4560039193797776,0.5461369783544519,0.7780642926491712,6.707093590753416,0,0.0,0.0
1193.999999983589,1194000,300.7670670874194,-307968.85388061404,60099.72051136878,0.3206161598438726,3.5455849740869536,0.5018576935783177,0.46473421594830544,0.5456832918304748,0.7754648543301315,6.664927399679179,0,0.0,0.0
1195.9999999835418,1196000,303.8499427598155,-308765.3884123275,60715.74529119766,0.35049191854679285,4.353922779928054,0.5003705913064436,0.4614221106237384,0.5385936448516886,0.7685175339803543,6.66648112424739,0,0.0,0.0
1197.9999999834945,1198000,299.08427602932903,-307229.47741482593,59763.462711438624,0.3260643333793117,3.4677023175729706,0.498484920420081,0.45348883805820606,0.5413684514948809,0.7373946999936152,6.690525550335678,0,0.0,0.0
1199.9999999834472,1200000,300.3924457611949,-308317.51951649506,60024.8631234848,0.3340698340768389,8.601035339711384,0.5003102746281813,0.4660866063831621,0.5392444760511417,0.7648066005812026,6.685756161739068,0,0.0,0.0
1201.9999999834,1202000,299.1379694497977,-308684.3278233288,59774.19181018842,0.3465721095047828,7.623140142856599,0.5002197955701954,0.4676649729754434,0.5403675209145131,0.7606702329272137,6.756951480385027,0,0.0,0.0
1203.9999999833526,1204000,300.0723227900648,-308116.07934649056,59960.895677578905,0.3399806567160044,3.3995018636181435,0.49989690807788156,0.46620998910944067,0.532195895890716,0.7646841305258354,6.660696320976385,0,0.0,0.0
1205.9999999833053,1206000,298.4143407057555,-308097.9949575695,59629.595243509495,0.3504030052419146,4.146857639211167,0.5025715609295359,0.4562317843017736,0.5417632199085975,0.7829310675969623,6.70111658836419,0,0.0,0.0
1207.999999983258,1208000,300.4757429533047,-307949.90310235135,60041.50769170052,0.34088140320259763,4.952396885038954,0.5015552793338044,0.448916217635289,0.5367915549832327,0.7553664657519423,6.781229793922876,0,0.0,0.0
1209.9999999832107,1210000,299.8408274488397,-307352.4221004704,59914.63793585858,0.33424563001158275,4.592566628169283,0.4984028707941876,0.4607151994538663,0.5426183476955035,0.771392144654893,6.7272462790364935,0,0.0,0.0
1211.9999999831634,1212000,300.9513023260145,-308678.4338646019,60136.534669431814,0.33395106889052606,3.5659333164990725,0.4988388878552392,0.46373347966398004,0.539993366743488,0.769682658684542,6.7218805394277865,0,0.0,0.0
1213.9999999831161,1214000,300.4927872575794,-308649.31950260885,60044.913509808,0.3555891287088101,6.547288106553389,0.501607194610228,0.46269653043437575,0.5387043943125539,0.7825660944405168,6.753221136827975,0,0.0,0.0
1215.9999999830688,1216000,301.2404832235293,-307428.1116739209,60194.31922439046,0.3262576894760433,1.3942975206049315,0.5013758878144223,0.45452526420600337,0.5472355095749126,0.7721481533070342,6.6942208687857345,0,0.0,0.0
1217.9999999830216,1218000,304.8226713796825,-307362.10240220046,60910.117363757134,0.32366942743087823,2.53848803226288,0.5001258240396257,0.46135165441573545,0.54541402204576,0.7642622207047118,6.703793497098639,0,0.0,0.0
1219.9999999829743,1220000,302.4505498903808,-307466.55291158427,60436.11653678292,0.3224547571052455,6.446680072313825,0.5026736497971726,0.4532398971625451,0.5490437313540912,0.7633640669928115,6.6625071107753335,0,0.0,0.0
1221.999999982927,1222000,297.2516811019422,-308145.32404917805,59397.270880620636,0.3556738702592852,2.506595852738578,0.5021705008031769,0.44937557105572545,0.5430574841795721,0.774220930746524,6.597167100870131,0,0.0,0.0
1223.9999999828797,1224000,297.2552334181382,-308095.16186778294,59397.9807097007,0.34313552854770724,8.591515503354765,0.5002529537518218,0.46030428592552886,0.5356337163481015,0.7776110739476856,6.654960613153573,0,0.0,0.0
1225.9999999828324,1226000,298.7921653421345,-308808.9620391005,59705.09272156979,0.318343082742482,2.8224503391500924,0.5014648873947751,0.4589495051789412,0.5417642637217752,0.7708771761793205,6.736768308194748,0,0.0,0.0
1227.999999982785,1228000,300.1903518614515,-308471.87033058424,59984.48042131848,0.33950380639402283,3.9238058553656647,0.49740545159300525,0.4532762081877344,0.5427475634043484,0.7729656860232428,6.710491813780479,0,0.0,0.0
1229.9999999827378,1230000,300.83065909110417,-308436.3421748313,60112.427559667725,0.32814352118156886,2.0867412514878105,0.5003289965879041,0.4576800707342552,0.5473310849002306,0.7762224292527637,6.745631429526512,0,0.0,0.0
1231.9999999826905,1232000,301.31287497256443,-307585.9533397015,60208.78465082985,0.33442732985210954,2.0883906124978715,0.5006631202140847,0.4541575500278805,0.5382604871055499,0.7731508105824343,6.727418171444739,0,0.0,0.0
1233.9999999826432,1234000,298.26811491018157,-307669.4642866296,59600.37618860882,0.3288935301986885,5.421016338543,0.4996963878763816,0.4574997588602754,0.5396332798597894,0.7752906984644703,6.651751687240846,0,0.0,0.0
1235.999999982596,1236000,299.11730558850553,-308197.9499374144,59770.06272684039,0.3345119643695519,8.918228105040173,0.5002959745311358,0.45065726470636225,0.5471111422419597,0.7720780442134814,6.699752404838613,0,0.0,0.0
1237.9999999825486,1238000,302.0715684616825,-308591.2628984656,60360.387906769225,0.32937216591772056,3.8401759259532615,0.5003090479148923,0.4629725932714379,0.5485720776123753,0.7702065645113025,6.702771409599194,0,0.0,0.0
1239.9999999825013,1240000,299.0662002528975,-308721.4557191753,59759.85078303808,0.349044084559222,4.634272675956621,0.5000357643775551,0.44757463725554025,0.5397168455695693,0.7477742856647147,6.720009492770288,0,0.0,0.0
1241.999999982454,1242000,299.83893936646894,-308012.7084669932,59914.2606564447,0.3686395252656609,3.582514030604394,0.4991306004226004,0.4571765942997914,0.5404470344834547,0.7592889082971592,6.747126415122821,0,0.0,0.0
1243.9999999824067,1244000,298.2912000660421,-308353.7523220633,59604.98909862125,0.354054917537393,1.910039220310764,0.4988284619162621,0.4558785655897628,0.5360074298109883,0.7697359977097507,6.70097014902891,0,0.0,0.0
1245.9999999823594,1246000,299.8457742198186,-308967.49067480117,59915.62640695731,0.3461709352387763,4.990733506186124,0.49861447339009735,0.4596590343018754,0.5325334179324734,0.766187043775993,6.691300540144283,0,0.0,0.0
1247.9999999823121,1248000,298.41025889028236,-308070.8830876071,59628.77960910016,0.31316788159996056,3.4342013388328234,0.5000775280156062,0.45399727731217654,0.5423417299675819,0.7652022947864472,6.7303591881026605,0,0.0,0.0
1249.9999999822649,1250000,297.25770656538515,-308270.83498820197,59398.474897644104,0.32904576063718927,2.543817918758057,0.5025602803709055,0.4600713542019425,0.5398308457805854,0.7645865506492715,6.570045905639095,0,0.0,0.0
1251.9999999822176,1252000,301.80552255789166,-308482.1091448143,60307.22622049865,0.33877631086110527,3.386176310143731,0.5014565678692631,0.45797027961981307,0.5430766979059909,0.7832045738990594,6.678861402004344,0,0.0,0.0
1253.9999999821703,1254000,304.9619615151327,-308136.0425281748,60937.950524786414,0.34500950695565435,3.359592673154708,0.5023543556489692,0.45614375597975165,0.5400443253613361,0.7730336676490754,6.596035337482363,0,0.0,0.0
1255.999999982123,1256000,298.25473174438054,-308253.7108467012,59597.70194461,0.3263731074695609,3.456073912806467,0.4988322644619608,0.4643101002592189,0.5405438441741346,0.7614397730049518,6.7551095675322586,0,0.0,0.0
1257.9999999820757,1258000,300.9500261452065,-308583.68211297365,60136.27966109388,0.34568499052110174,6.205286769179289,0.49909282832894625,0.45364108929090197,0.5462369186355973,0.7646245135044438,6.606094344348753,0,0.0,0.0
1259.9999999820284,1260000,296.56767480238835,-308656.4308960419,59260.59172944463,0.33269087692166566,1.9555465287709026,0.5008301777775613,0.4636728018409908,0.5481906766000542,0.7748095056196735,6.551892027875397,0,0.0,0.0
1261.999999981981,1262000,298.79041093609976,-309298.86334482953,59704.74215355922,0.3172859662934906,3.5405999415926286,0.502777903038787,0.46253838723156093,0.5403662187110863,0.7753095974259363,6.560162008957686,0,0.0,0.0
1263.9999999819338,1264000,299.07147964157497,-308679.8978425157,59760.905718297654,0.320800595052415,5.693642942417195,0.4990858307901297,0.46043518860322497,0.5474905094018752,0.7620595520804976,6.627916879242747,0,0.0,0.0
1265.9999999818865,1266000,301.62748434973736,-309070.2444700976,60271.65036223054,0.34887792471571866,9.794460305367187,0.5003818125192893,0.439370300177087,0.5464230920253783,0.772832220534629,6.570454124160921,0,0.0,0.0
1267.9999999818392,1268000,301.22105384527976,-309657.8945839652,60190.436817271184,0.3223835057669128,3.927340889602789,0.4993347650137428,0.45168929998922835,0.5375855753306062,0.7641804583467504,6.529893775485036,0,0.0,0.0
1269.999999981792,1270000,301.2551287492322,-308522.73323686887,60197.2457150133,0.3581303558745743,8.616078416706364,0.5006067230373024,0.4676235229868837,0.5497571401733587,0.7705281642724593,6.572957662584699,0,0.0,0.0
1271.9999999817446,1272000,304.37459544025785,-307459.69410083396,60820.58216634317,0.33941436016370485,4.495814745792484,0.5008763830201725,0.46102737242597414,0.5440575992710368,0.7664348810412456,6.738347574449286,0,0.0,0.0
1273.9999999816973,1274000,301.7387652705962,-308015.0720961755,60293.88668054367,0.34921675806702174,6.516574279791469,0.49943372803632885,0.45566648651823627,0.5412703377365204,0.7706460164289233,6.769849525231919,0,0.0,0.0
1275.99999998165,1276000,299.8618582655643,-308214.69336384116,59918.84034478424,0.33053112515265937,4.57672636850175,0.5014151993381245,0.46651379444759833,0.5427916399085397,0.7769270266803243,6.734543680409331,0,0.0,0.0
1277.9999999816027,1278000,300.8515182751569,-308536.7792474013,60116.595672698866,0.33656835619702724,5.168619280747527,0.49959752890689096,0.4612665623946013,0.5387239792335805,0.7613017992209521,6.681138663451648,0,0.0,0.0
1279.9999999815554,1280000,294.51502178630193,-308760.9374547866,58850.42756563426,0.32889257848755876,0.702842760860471,0.4979912211027459,0.4485625895758858,0.5355300261967813,0.7736721879005763,6.646162021056921,0,0.0,0.0
1281.9999999815082,1282000,299.07484057819687,-309128.7411248628,59761.57730562797,0.3230147247166757,6.519618212664666,0.497825379602683,0.456097391594553,0.538903340513194,0.755700400859336,6.604312176170637,0,0.0,0.0
1283.9999999814609,1284000,302.10332570410526,-308507.8032308873,60366.73368595411,0.33043658189811115,3.3416202629559515,0.4994896315962269,0.458431641790221,0.5449762252135031,0.7795506999578894,6.639928666674976,0,0.0,0.0
1285.9999999814136,1286000,301.1382037283058,-308610.1429687524,60173.88158427082,0.33380611465533666,0.17061603945254403,0.4982874536062439,0.4551102964878231,0.5480828244003995,0.7613525799039156,6.654217999488395,0,0.0,0.0
1287.9999999813663,1288000,300.4902166459071,-308437.99261134304,60044.399846378874,0.33400617933791477,3.3514251888846602,0.5002966444880526,0.46097106346545136,0.5382831822931289,0.7620177782052888,6.758968723897041,0,0.0,0.0
1289.999999981319,1290000,301.534046263499,-308228.128865757,60252.979425540485,0.329006874491238,3.8610712430128613,0.49706788935225066,0.45925277597979475,0.5365644327586576,0.7645391278719313,6.576171784893191,0,0.0,0.0
1291.9999999812717,1292000,301.4991538820919,-308633.1284717866,60246.007178243424,0.3290728159140222,2.096007450079022,0.4997122300223636,0.46138033781497345,0.5426859256593698,0.7714059269495621,6.559175553200241,0,0.0,0.0
1293.9999999812244,1294000,301.4013591769123,-309336.657709213,60226.4656955083,0.3253596286620507,1.1365253316827897,0.5001972161354683,0.44680491922001053,0.5463675751143171,0.765273122460469,6.641684992128024,0,0.0,0.0
1295.999999981177,1296000,298.1828819883612,-308351.28429171536,59583.34482001724,0.34312604290262305,2.225309853642897,0.4984338267191044,0.4497109317556516,0.5357036838398095,0.7622125932392692,6.740704440126734,0,0.0,0.0
1297.9999999811298,1298000,300.18349818102456,-308595.7834620052,59983.11090875142,0.3028044240974849,3.5701237575893354,0.4982457969726953,0.45960981747295726,0.5439385298742838,0.7714357049064979,6.668949999454497,0,0.0,0.0
1299.9999999810825,1300000,299.64955996100065,-309028.6031714054,59876.41858334317,0.32453278356384574,1.230293857654187,0.4973980397116773,0.45738950576371407,0.5455551706978214,0.757591377647624,6.6819078010541375,0,0.0,0.0
1301.9999999810352,1302000,301.13802576733144,-308355.44286009343,60173.846023845515,0.3295652759744558,8.270505266359029,0.4993597107755456,0.46608849701806543,0.5325960976915765,0.7606742402098434,6.584373720498149,0,0.0,0.0
1303.999999980988,1304000,299.40306016077915,-308442.11123389937,59827.16262841804,0.3353040362669649,3.606960317383033,0.5005917484654953,0.4588175713958475,0.5513830793226893,0.7657733725192788,6.540558081879951,0,0.0,0.0
1305.9999999809406,1306000,299.4909428334316,-308273.1976706134,59844.72347414278,0.33846353037700067,1.052843829925076,0.49819261429634515,0.46031051913531806,0.5449287684703634,0.7661818159816578,6.633856422572748,0,0.0,0.0
1307.9999999808933,1308000,301.12487454271934,-307923.51123471465,60171.218126678374,0.3386235752766107,5.171203504516618,0.5005458539621965,0.4594244774420835,0.5368253375201526,0.7723734730511449,6.60815657244526,0,0.0,0.0
1309.999999980846,1310000,300.7692688396072,-307997.9296807484,60100.160468749775,0.35204627240681324,5.410112510524253,0.49946047836101987,0.4582610346480118,0.537828282932411,0.7533446173698497,6.6107214670641525,0,0.0,0.0
1311.9999999807987,1312000,298.450493808941,-308285.0214215028,59636.81941009832,0.3337325585999358,6.512253180590769,0.5002990827929789,0.46011318037645843,0.5423012463938939,0.7681921180630118,6.77301052512243,0,0.0,0.0
1313.9999999807515,1314000,299.9806253521143,-308331.78384074755,59942.57255980608,0.3347558066753663,5.772909798577369,0.5022823978727603,0.4508922106642101,0.5455686843414611,0.7667723231660633,6.642111035604259,0,0.0,0.0
1315.9999999807042,1316000,301.25492726456315,-307787.6672209683,60197.205454048504,0.32940651397439935,5.159240475973764,0.5003021730745874,0.463314037866021,0.5401521123160684,0.7755396923876465,6.716499274894019,0,0.0,0.0
1317.9999999806569,1318000,302.7087680632696,-307798.8225157955,60487.71407427881,0.32145821541608055,2.3941760232627383,0.5006465029988725,0.44867428374117324,0.5422652813876576,0.7633303036338486,6.8174635050132295,0,0.0,0.017463505013229685
1319.9999999806096,1320000,299.33364524141166,-307898.55547569785,59813.29203648887,0.32827291774865286,0.5594539793453749,0.5027014016494673,0.46404577148405224,0.5410917020290587,0.7754511138794609,6.7532116525517125,0,0.0,0.0
1321.9999999805623,1322000,300.213705652761,-308208.720205755,59989.14701046393,0.33041035565275334,4.823505324550681,0.5004733871390017,0.4579032561271621,0.5467029053309691,0.7667066929154611,6.638032785941775,0,0.0,0.0
1323.999999980515,1324000,297.0127923129611,-306822.6840628702,59349.53576922663,0.3707177754392913,10.368072655585921,0.5000477826802174,0.45832643450350385,0.541514612887882,0.768491458006265,6.745841149521922,0,0.0,0.0
1325.9999999804677,1326000,299.60125067480004,-307807.2076900038,59866.76535027189,0.3708321743132392,9.080664508721972,0.5016737630629976,0.45611948492198806,0.5441731504247631,0.7638788627901416,6.669969250067311,0,0.0,0.0
1327.9999999804204,1328000,301.2592347112134,-308368.0718703368,60198.06617441363,0.3499061550448569,6.22387937203735,0.5023021112399274,0.4673871433154395,0.5454632148834531,0.7770279528057262,6.646211354040759,0,0.0,0.0
1329.999999980373,1330000,296.6373504844214,-308617.16797268065,59274.51442735561,0.3228622477186909,7.887258365282887,0.5004868893843146,0.45118068792488053,0.5409676167888993,0.7720149671676335,6.719536879612562,0,0.0,0.0
1331.9999999803258,1332000,295.62579522592176,-308672.86122583225,59072.38395839717,0.3265929973059549,1.6457700834686493,0.499929556698691,0.46088139430499364,0.5396869984473245,0.767478350372818,6.729480840201674,0,0.0,0.0
1333.9999999802785,1334000,299.0684639862569,-309067.2902712319,59760.303125588514,0.32762787243004726,3.1193219640961285,0.4985187536103743,0.45326294833803527,0.5449966227475733,0.7641795036089292,6.759673519533337,0,0.0,0.0
1335.9999999802312,1336000,296.96266066673974,-308520.48516667075,59339.518389478726,0.3320406410221489,3.0880804392118706,0.5002759502172157,0.46431899206523797,0.535261328128918,0.7683100718466597,6.799800935949854,0,0.0,0.0
1337.999999980184,1338000,299.68177174395026,-308775.6768898503,59882.85518948889,0.3297138625312347,3.6548281805792775,0.5006762971380802,0.4593711929173434,0.5472053349572734,0.7520493485869508,6.624795883075162,0,0.0,0.0
1339.9999999801366,1340000,298.85463532550557,-309124.67328564683,59717.575566108935,0.3389053981179142,3.819625375125396,0.4973460255333141,0.4615379840554117,0.5336350319623504,0.7706333643855281,6.689895024713209,0,0.0,0.0
1341.9999999800893,1342000,301.33359947083443,-308062.8356160321,60212.92585074853,0.33373286179761336,1.777962220640974,0.49856603523368176,0.4590585630325785,0.5408524930465131,0.7705052736641598,6.601836754296762,0,0.0,0.0
1343.999999980042,1344000,301.7994423997479,-308449.49904873036,60306.011274299104,0.33006671778388685,3.38636196803252,0.5007492497719849,0.4597865218346264,0.536137577439316,0.7652283443305912,6.710734936909489,0,0.0,0.0
1345.9999999799948,1346000,300.7799164690571,-308199.0537382765,60102.28809382603,0.3309291969014938,8.579322332831147,0.503210306212585,0.4572578158897631,0.5473586163510014,0.7753045690097053,6.738080095371686,0,0.0,0.0
1347.9999999799475,1348000,301.94038200133525,-308184.32792287134,60334.17403409329,0.32161925202800623,3.664000212778116,0.5023034436501619,0.456436257035012,0.5445825882353095,0.7647812808177896,6.6850982307998095,0,0.0,0.0
1349.9999999799002,1350000,302.84725216384186,-308182.84044622304,60515.38617222577,0.32086126825391975,3.5234755921016627,0.49867189347181046,0.4478986684807227,0.5423332849826945,0.7713584881443892,6.791238785216698,0,0.0,0.0
1351.9999999798529,1352000,302.54591571202894,-308012.133150531,60455.17267641581,0.3188549099615149,0.7327488141936453,0.4979746937369737,0.44735496288046317,0.5519455481148352,0.7799289990881721,6.795207105372896,0,0.0,0.0
1353.9999999798056,1354000,299.8320120021694,-309249.3979783091,59912.876420257155,0.3457568734165066,9.824749978261059,0.5013203246422673,0.45982957535186975,0.5406570017083077,0.7796003404665548,6.6857548409928,0,0.0,0.0
1355.9999999797583,1356000,298.6448615538918,-308654.9940320081,59675.65826057848,0.33736615577877266,3.9975356815629675,0.4993661228300707,0.45939082781220897,0.5445390382348871,0.7727730426708543,6.761293988737293,0,0.0,0.0
1357.999999979711,1358000,296.78474169378194,-308708.5224051662,59303.96635696406,0.33151073714394963,3.380408710918912,0.5036137604262861,0.46386063141521927,0.5381931988349571,0.7675107105703222,6.6921555283218055,0,0.0,0.0
1359.9999999796637,1360000,298.60185778406077,-308614.8183533307,59667.06518364088,0.3123057096942185,4.043259088740585,0.4974686852325972,0.45380842477817573,0.5385861788382638,0.7721163479131459,6.627947891585777,0,0.0,0.0
1361.9999999796164,1362000,298.61391159071775,-308610.44322594116,59669.47379312794,0.31564482339011046,1.6496775912059962,0.49989504339800417,0.4596097189000192,0.5392916463183131,0.7705222892147274,6.748286402371178,0,0.0,0.0
1363.999999979569,1364000,301.460110279668,-309262.7572617247,60238.205427818575,0.34005571604116924,6.903828023229857,0.4982943721731685,0.45077399308150845,0.5409019197333489,0.770290418147356,6.628467489610152,0,0.0,0.0
1365.9999999795218,1366000,301.3270381598566,-308787.2409105743,60211.614759877535,0.35094647664039635,7.372094202734649,0.49723247526490966,0.45784236005731405,0.5438049003132104,0.7633271834310411,6.680196683141872,0,0.0,0.0
1367.9999999794745,1368000,298.7566706633565,-307590.2419368578,59698.000122320605,0.34580380882167,5.403345580963355,0.49777569912268443,0.4602696944589004,0.5408942969807153,0.7629281142408626,6.695157064341641,0,0.0,0.0
1369.9999999794272,1370000,299.59534407344006,-308183.32151241694,59865.58508444577,0.33491701810783786,6.538085500131406,0.49850353335138914,0.44800343841306556,0.5503618489095867,0.7612274973590427,6.706238701175398,0,0.0,0.0
1371.99999997938,1372000,300.16019070337256,-309228.37507831166,59978.45357406954,0.33729346024142437,3.984718647162105,0.5005005592936541,0.4607146457859548,0.5456435636382846,0.7712186176630471,6.664652171737259,0,0.0,0.0
1373.9999999793326,1374000,300.1083176963782,-307867.3696342702,59968.08823303459,0.3390879116963661,3.8626202131500924,0.5003182628397408,0.46426473395441903,0.5473147367677651,0.7775397611748502,6.7505080185096205,0,0.0,0.0
1375.9999999792853,1376000,301.86851783779775,-307392.8579622302,60319.81403056893,0.31504082127647515,5.415927856976264,0.5017412265099057,0.4604104895517409,0.5463468261168636,0.775942618821361,6.588582993292594,0,0.0,0.0
1377.999999979238,1378000,298.75968467692644,-308289.135348225,59698.60238697321,0.3242971203570213,4.038927217752981,0.5018468204407576,0.4595729553416721,0.5427819899702833,0.7679293467377093,6.644746795329656,0,0.0,0.0
1379.9999999791908,1380000,300.3534466734823,-307530.84659740515,60017.07026805544,0.3227163427455392,2.5808771847958565,0.5024288352007943,0.4530974910416734,0.5420840658317427,0.7628458614411313,6.696506256991185,0,0.0,0.0
1381.9999999791435,1382000,296.9916754349085,-308670.3623480643,59345.316163399024,0.33375980937371486,2.1341444436652623,0.5005685904409487,0.46522570756534165,0.5408339549388557,0.7711727535693758,6.700274734658791,0,0.0,0.0
1383.9999999790962,1384000,299.6722464068955,-309246.40158562455,59880.95182254014,0.3099411883165605,3.2014121572563004,0.4997551782455488,0.46053132179706013,0.5393492997593281,0.7729413010747903,6.617862108712352,0,0.0,0.0
1385.9999999790489,1386000,296.858418562385,-308544.77566274814,59318.688577897614,0.31106586355089016,4.285008491305191,0.4984128863553261,0.4528173436034595,0.5524516675466542,0.7541067433035629,6.5923578222465835,0,0.0,0.0
1387.9999999790016,1388000,297.79497827034885,-308403.1900503873,59505.833324946914,0.32748160373651736,4.820793437746953,0.5031026841689265,0.45865071732989193,0.5408767226988118,0.7618842556364971,6.755479879885719,0,0.0,0.0
1389.9999999789543,1390000,298.6328590047404,-307916.9060266246,59673.25989344205,0.31212705185048795,3.5787318508871535,0.5001051745877457,0.4606891686761907,0.5459488110057187,0.7803337362597826,6.79987506952375,0,0.0,0.0
1391.999999978907,1392000,300.4059893546025,-308134.87860471336,60027.569424365414,0.31989890670482385,3.6980297437729273,0.49960240210634727,0.46339272370699014,0.552288793024406,0.7584039945645653,6.716945482155481,0,0.0,0.0
1393.9999999788597,1394000,302.7343157229453,-309155.07148270356,60492.81904544837,0.32021165512763594,7.0901177238650765,0.49987442637269597,0.4607638364307376,0.5457442101554637,0.7740885889004225,6.688936734227315,0,0.0,0.0
1395.9999999788124,1396000,300.7526545600861,-307848.54351194063,60096.84057882504,0.33036462740747463,6.037752804886038,0.5002356527316315,0.46671752472196903,0.5426841286543844,0.7616532521745594,6.666477741022675,0,0.0,0.0
1397.9999999787651,1398000,300.00018443567194,-307985.92150131054,59946.480884831995,0.31707246354037844,1.2286662276887865,0.5017778721735755,0.4614222569131057,0.5460460359553938,0.7849052502522702,6.568818388833478,0,0.0,0.0
1399.9999999787178,1400000,301.67493689615515,-308449.26248233113,60281.13240029035,0.36605289069852354,4.523228479730307,0.5014404851586162,0.4625240279233058,0.5432753259308161,0.7682527064551117,6.716577675576971,0,0.0,0.0
1401.9999999786705,1402000,298.99095474661425,-306496.3192653875,59744.81511460153,0.3276966139216916,3.166951648755533,0.5014017711773243,0.45910124519795836,0.5407257372214556,0.7679322074239145,6.622991948525183,0,0.0,0.0
1403.9999999786232,1404000,302.8484374505409,-307863.1510518645,60515.623017968326,0.3180813546547396,2.3696148047790806,0.4991175942476012,0.45393268291194744,0.5431597861014394,0.7505770581898066,6.646172419157061,0,0.0,0.0
1405.999999978576,1406000,299.6228914417889,-308454.2587598101,59871.089640362145,0.31937631790608684,1.9205334993059928,0.4997580458204703,0.4590718292200071,0.5486227731910507,0.7565282536560609,6.640833595708045,0,0.0,0.0
1407.9999999785286,1408000,300.1346729448833,-307743.84457110986,59973.35457779933,0.33508642922471343,5.09289821724039,0.5021495097019139,0.45494330073830413,0.5440315655293548,0.7695136183930726,6.590013199556779,0,0.0,0.0
1409.9999999784814,1410000,298.4531222592828,-307812.5982451923,59637.344630935986,0.3251899916998285,1.909751744728977,0.49941347843985867,0.45726341952302096,0.5347414667672248,0.7698986388603801,6.756688097582996,0,0.0,0.0
1411.999999978434,1412000,297.63465311506343,-307598.3461282649,59473.79691512019,0.3178232026896176,0.8039892546351968,0.5021202230883844,0.45879397504265107,0.5437960193416203,0.7717799888402848,6.686297075319956,0,0.0,0.0
1413.9999999783868,1414000,300.0346872364627,-308816.06195219234,59953.37528555367,0.3390758911011754,3.221939644113506,0.500628457397889,0.4556320451454816,0.5440960319170749,0.7698593701591618,6.608507884325618,0,0.0,0.0
1415.9999999783395,1416000,298.7421856654752,-307701.4384302101,59695.105708604686,0.33409871617980125,2.6658751677414547,0.5010768851663866,0.46447924830913934,0.5397247256093518,0.7681393991840864,6.61669925449862,0,0.0,0.0
1417.9999999782922,1418000,300.45678711427036,-308578.5195648344,60037.71990788811,0.3384725762834213,5.647442539518368,0.5003617428062073,0.46172801485232373,0.5340197084889853,0.7700893536929758,6.605838796082253,0,0.0,0.0
1419.999999978245,1420000,296.7846429437733,-308140.1077601947,59303.946624591175,0.315452656826793,3.8093921855362,0.5015273142009861,0.46345408280252354,0.5376417263496016,0.7586089107820673,6.65321532564132,0,0.0,0.0
1421.9999999781976,1422000,300.2766602398151,-308474.8805708424,60001.7266892283,0.3340041594406414,5.421091861149137,0.4990268717160358,0.46295215092852615,0.5416183432720505,0.7649886591920165,6.741352723944956,0,0.0,0.0
1423.9999999781503,1424000,302.48199202849105,-308496.17558795493,60442.399351357686,0.337876206018281,5.59650053133586,0.4987907474723226,0.4628712803333106,0.5458685597530835,0.7688583462049863,6.667378429777662,0,0.0,0.0
1425.999999978103,1426000,298.8596119633806,-307804.0718656229,59718.57000525505,0.33550940422468867,2.3836004504217794,0.5005321280551971,0.46042643054018484,0.5374406674070382,0.7775104029577506,6.77493732586899,0,0.0,0.0
1427.9999999780557,1428000,298.53144408284567,-306960.151878037,59652.99501364461,0.33568942500696186,2.446947194819869,0.5020003723361715,0.4613793806608174,0.5424745130802737,0.7564803567268399,6.716157233870518,0,0.0,0.0
1429.9999999780084,1430000,301.64413039366025,-307521.11707748286,60274.97659936505,0.3296525895492609,5.843035625216428,0.5003479997860797,0.45281653068027783,0.5407756509059376,0.7606354378265898,6.683007180754167,0,0.0,0.0
1431.9999999779611,1432000,302.1243509661575,-308785.7581713586,60370.93498493692,0.31661225805112314,4.194718698802753,0.500003210738503,0.4553383911113138,0.5328691732595843,0.7605784197596499,6.77643006198452,0,0.0,0.0
1433.9999999779138,1434000,301.63905706146033,-308300.37812865106,60273.962838615815,0.3272456329851734,3.5858217517519426,0.4998622380495392,0.4546380106124337,0.5484278051349936,0.7802905310459085,6.7507161620567295,0,0.0,0.0
1435.9999999778665,1436000,298.95598881744604,-308315.4595053606,59737.828170882,0.3379940348366999,3.094483132591618,0.4997300849226567,0.4634446009120339,0.5502138888075496,0.7612026868861159,6.654345681148598,0,0.0,0.0
1437.9999999778192,1438000,300.0784164448405,-307418.8104347023,59962.113320695426,0.3162949160933801,3.343189106622877,0.4981291532069756,0.44961850567399253,0.539395847318394,0.7589739931409731,6.741120938793131,0,0.0,0.0
1439.999999977772,1440000,301.76502305061547,-308632.8178556999,60299.13354901131,0.3426758014475165,3.06520353725149,0.5001316824344694,0.45413080516450277,0.542628642385476,0.7584400442535575,6.67279793557654,0,0.0,0.0
1441.9999999777247,1442000,300.8274009347188,-308790.41909537837,60111.776510036405,0.33180463038705305,0.9783202314921926,0.49774701023870566,0.45993580979515336,0.5570902008252485,0.7726658784690876,6.708845817235996,0,0.0,0.0
1443.9999999776774,1444000,302.5143756507384,-308046.6945284377,60448.87029468621,0.35125018189719104,5.399859997215524,0.4979062798359102,0.4537084039364623,0.537458857234931,0.7613285195292486,6.653335865002489,0,0.0,0.0
1445.99999997763,1446000,300.8105580797523,-307622.57095127506,60108.410945827854,0.3279874382649508,3.7522661816806453,0.49775562580925314,0.45279925846511615,0.5388678457791407,0.7515082694252477,6.643712046915058,0,0.0,0.0
1447.9999999775828,1448000,299.361981399296,-307309.5790123902,59818.95420949772,0.3431980915270402,5.5638519718942,0.4985654680606449,0.45602111813501356,0.5542604547865029,0.7700041741441161,6.706690025609618,0,0.0,0.0
1449.9999999775355,1450000,299.8950303701623,-308453.9826721139,59925.46884382312,0.3318774194599283,3.1901693033997445,0.4988602745845291,0.46069914521740163,0.5381203010832039,0.7716252043654404,6.652828724888149,0,0.0,0.0
1451.9999999774882,1452000,301.3743965874853,-308213.5765163577,60221.077990981605,0.31571809767235576,3.6254762147275783,0.4991097602180207,0.4661776053536175,0.5372300583221694,0.7679512857895503,6.651420081594743,0,0.0,0.0
1453.999999977441,1454000,300.3883243540671,-308572.4355455749,60024.03957781242,0.33813329149248006,7.010685038293794,0.49738963416448223,0.4439230616630563,0.5389036106877576,0.7463132972379025,6.674035029748325,0,0.0,0.0
1455.9999999773936,1456000,298.8958050727826,-307851.74071408017,59725.802165945264,0.31973839161181256,3.827628265389153,0.49951443477241647,0.4568252817451315,0.5417799742189331,0.7641726921162046,6.626889529271494,0,0.0,0.0
1457.9999999773463,1458000,299.4640591019393,-308012.72496951744,59839.35152712533,0.3370101121241193,0.9137483852869015,0.49854865409046206,0.45672491472385035,0.5412195438910716,0.7584165248495882,6.810283824369122,0,0.0,0.010283824369122563
1459.999999977299,1460000,301.2084850848608,-307763.8968319171,60187.92530896122,0.3424939256704983,6.116717535049673,0.5005636698150132,0.4537949041853624,0.5493864982839574,0.7712302142238476,6.726203428757859,0,0.0,0.0
1461.9999999772517,1462000,297.546551321352,-308720.03441841714,59456.19228430113,0.3581834195261259,2.1242486478979195,0.4991724887014634,0.45541792012082016,0.5411686562254268,0.7720708674001262,6.749958701572922,0,0.0,0.0
1463.9999999772044,1464000,300.30005351088727,-307184.198012643,60006.40116727837,0.3366765028869282,7.871282933478028,0.5015520527585094,0.4699056443866296,0.5337778497913899,0.7802168147248247,6.718237231963045,0,0.0,0.0
1465.9999999771571,1466000,300.63843880300493,-307173.07021278655,60074.01781719409,0.3306134250174165,2.8816795817071683,0.4992534318409711,0.4533784175304669,0.5422537280237743,0.7665541841434544,6.658898293803311,0,0.0,0.0
1467.9999999771098,1468000,301.5337727351639,-307433.90020599496,60252.92476870371,0.3550164368432501,3.2173377893815243,0.4999289644126691,0.4572934457895914,0.5374443629748411,0.7479855030616047,6.795587904585659,0,0.0,0.0
1469.9999999770625,1470000,301.3453937571145,-307757.80289951386,60215.282602489766,0.3313213780292882,1.707348512612979,0.5002189807898977,0.4483750299259768,0.5426228204734116,0.7629711026844309,6.653799429755438,0,0.0,0.0
1471.9999999770152,1472000,300.4845442952844,-309714.8980024457,60043.266388881806,0.35421743178931236,7.500366880535806,0.49910730791252106,0.4506059176267927,0.5433030477826755,0.768523040071647,6.719883169448849,0,0.0,0.0
1473.999999976968,1474000,298.36061223025274,-308054.3689230527,59618.859140010914,0.3212036402495666,4.564978713334227,0.4996371474605038,0.46086966773554217,0.5314986161763433,0.7695930430343854,6.723590163714775,0,0.0,0.0
1475.9999999769207,1476000,303.9499858242531,-308659.74859576067,60735.73604440752,0.34494107688333653,3.1241228880090057,0.5005600331768711,0.4520383776600504,0.5431625896504655,0.7715297092834561,6.677001785513866,0,0.0,0.0
1477.9999999768734,1478000,299.62622184148387,-309143.45746637415,59871.75512575853,0.3237238498023576,4.214911713621107,0.4990924669666461,0.45708280213033614,0.546738337168188,0.7697656181383343,6.704245285737187,0,0.0,0.0
1479.999999976826,1480000,301.4715141890457,-309173.20435816934,60240.484173869365,0.32782728290516727,3.304455235826391,0.4982427950133078,0.46006142774391146,0.5449806791135927,0.7677571481769174,6.6088685332047845,0,0.0,0.0
1481.9999999767788,1482000,298.9254297901729,-308654.6484825709,59731.721820821804,0.3316301746487319,2.2865271605050066,0.5014207394422731,0.46446015350325975,0.5375099674685329,0.7744541238140621,6.549553426217479,0,0.0,0.0
1483.9999999767315,1484000,300.7112146055769,-308470.25375837553,60088.55998577964,0.32935582434022237,7.952409573077417,0.4999437492844454,0.45848708280436057,0.5382441975952608,0.7483928522119143,6.652309499919717,0,0.0,0.0
1485.9999999766842,1486000,301.05559141960384,-308026.6577348043,60157.37387047134,0.33834447436566595,3.633724494493239,0.500074463674427,0.4394245539477346,0.541833819610926,0.7648734099973229,6.7816075027928235,0,0.0,0.0
1487.999999976637,1488000,301.95048871810127,-308231.0017094421,60336.19357319645,0.34350911518326205,1.5783346792344553,0.4996961190607629,0.4609261699104268,0.5375950507656064,0.7693007336882829,6.807659668159623,0,0.0,0.007659668159623045
1489.9999999765896,1490000,300.4541230242257,-308150.88366721524,60037.18756547225,0.3133693645548131,2.503858708956534,0.4987208524654173,0.4487974986835841,0.5393944848957357,0.7715964956425729,6.678294374595424,0,0.0,0.0
1491.9999999765423,1492000,298.3959537772352,-308020.0857662908,59625.921140238046,0.32950429576525847,1.6017952799750237,0.4971087938434831,0.4564936073611703,0.5397013009827312,0.7537857567686785,6.6481209711465965,0,0.0,0.0
1493.999999976495,1494000,299.28164700516186,-308982.5690130256,59802.90167195874,0.3349820639687179,3.906739015038768,0.5012637227608917,0.4600780405571552,0.5463933272341874,0.7583262250301224,6.693908242486621,0,0.0,0.0
1495.9999999764477,1496000,301.55293305037355,-308947.6058967556,60256.75341124813,0.31526157066312444,4.468223729554762,0.5005334152444981,0.46150757029461964,0.5492875372355606,0.7733865300734228,6.694209412267341,0,0.0,0.0
1497.9999999764004,1498000,301.8169862496501,-309040.5596187734,60309.51691235325,0.326713424527704,2.9441085733965733,0.5014413547138278,0.4599023891912628,0.5403027217047942,0.7635870552111821,6.744221935896292,0,0.0,0.0
1499.9999999763531,1500000,299.73163038832496,-308183.8169553671,59892.81801760372,0.33585115726383347,2.115757236016585,0.4997949195938611,0.454456187604376,0.5476328517658668,0.772709074312004,6.675208019627313,0,0.0,0.0
1501.9999999763058,1502000,300.6460171562877,-308212.0885974383,60075.532134963796,0.3290789219854816,3.196888373413398,0.49971956002309215,0.46051934146064655,0.5396963907933725,0.7663844798444974,6.6639467216020805,0,0.0,0.0
1503.9999999762586,1504000,302.43305484143684,-308569.3002058249,60432.62065020848,0.3284221968263985,2.286821135695206,0.500182965720138,0.45574839290144453,0.5564204783229609,0.7742292720856305,6.6680243384601425,0,0.0,0.0
1505.9999999762113,1506000,299.42001617065404,-308415.0611845525,59830.550803407874,0.34280321612371756,5.00903251756424,0.49902844230725285,0.46455223088431863,0.541257891435782,0.771314320780945,6.581426022827301,0,0.0,0.0
1507.999999976164,1508000,297.05492306154446,-308723.03751674155,59357.95439776637,0.3093841525789728,4.619330483397723,0.5006645718605941,0.46477477152651403,0.5435225111035855,0.7738982820014844,6.662856724321898,0,0.0,0.0
1509.9999999761167,1510000,298.6580939620022,-307773.8828595611,59678.302379952416,0.34185496466821885,2.773371335006765,0.500342407119707,0.46483912034590613,0.5437738016737068,0.7657806084503154,6.697245604720321,0,0.0,0.0
1511.9999999760694,1512000,300.71294897238886,-308656.0013618604,60088.906549523046,0.3130795278837971,3.671921445982488,0.49988425617051435,0.4631350205145539,0.5379089174100589,0.7678780772629441,6.578079443769553,0,0.0,0.0
1513.999999976022,1514000,300.10917525734817,-308665.2868415015,59968.259592136885,0.32232166592639344,3.593980380903416,0.501102443415387,0.45693947573933524,0.5484586886294327,0.7737938789733194,6.669827707193548,0,0.0,0.0
1515.9999999759748,1516000,302.6999907324025,-307849.83917691,60485.96017503361,0.3239823080990353,3.761902781855951,0.49987437278936797,0.45869865684912225,0.547548745124752,0.7633918786391956,6.610613461271811,0,0.0,0.0
1517.9999999759275,1518000,301.5049603121083,-307603.6822685646,60247.167427683424,0.32167496492639136,2.046079733509774,0.5004375703074736,0.45860627055617176,0.5359602624451929,0.772656849940339,6.597923136926013,0,0.0,0.0
1519.9999999758802,1520000,303.1753769925656,-307859.9235873958,60580.95256115959,0.31994936424208914,1.7769270775909762,0.4993453075879138,0.4615866637067514,0.5387130947616656,0.7724746904611486,6.590351361693763,0,0.0,0.0
1521.999999975833,1522000,301.13866227390207,-308316.4151255158,60173.97321153056,0.31199791362916945,0.5333736823683984,0.4993688031211619,0.46240895270979054,0.5326218539075471,0.7646527854722791,6.717711034848442,0,0.0,0.0
1523.9999999757856,1524000,297.7503527600326,-308230.02994308854,59496.91618942522,0.33842875376613335,6.868506832638602,0.4994143561308323,0.45720933823139376,0.5416157412916291,0.7669372059441564,6.67431645838677,0,0.0,0.0
1525.9999999757383,1526000,299.26207341091896,-308800.20903555537,59798.9904473862,0.34815713906165063,2.3837165708117096,0.4999599672533818,0.4570489323495135,0.5423610984648306,0.7853193832565468,6.593172232101878,0,0.0,0.0
1527.999999975691,1528000,302.6032979162599,-308885.2672300483,60466.63887339676,0.357249493776403,4.222168313402249,0.5003233126533807,0.4602933617937168,0.5442422767751731,0.7771066820560808,6.775676581577358,0,0.0,0.0
1529.9999999756437,1530000,298.6781479741548,-308621.1305674962,59682.309602342735,0.34716168592620295,4.301281456861985,0.4987663965838956,0.453243904798343,0.5368562216971915,0.7632518934493118,6.762966847988054,0,0.0,0.0
1531.9999999755964,1532000,296.83065910512454,-309243.320928941,59313.14164206099,0.3351008727135671,2.8842951677643356,0.49754683207954203,0.462055370027306,0.5367360659120948,0.7586487954970256,6.633516773105509,0,0.0,0.0
1533.9999999755491,1534000,299.97144052374284,-308747.46925174305,59940.7372338064,0.34138162819577156,1.661263364181614,0.4986964574914342,0.4548521962201768,0.5365200462751698,0.7726026147516312,6.707355077105532,0,0.0,0.0
1535.9999999755019,1536000,300.08016588235324,-308588.54056462925,59962.46289588856,0.32659276864953646,3.2222335011751584,0.5006799847163915,0.4613969324519681,0.5398946688657187,0.7644916130444326,6.623209161152332,0,0.0,0.0
1537.9999999754546,1538000,298.5828503262226,-307756.88379348395,59663.26708528268,0.32619711918395317,2.3664384271642316,0.4999941991047408,0.4567296222800552,0.5315199710557383,0.7738007072448223,6.633086219169621,0,0.0,0.0
1539.9999999754073,1540000,297.7528191452104,-307896.41398716625,59497.40902616194,0.33542106073233535,3.2103097907524263,0.4965474061379306,0.44683108973133034,0.5443722156377868,0.7690764042780691,6.614674657406823,0,0.0,0.0
1541.99999997536,1542000,299.0556678946379,-307815.38534091646,59757.746191621685,0.3349755581683467,5.662487669571023,0.5008091090475011,0.4643464403549237,0.5384529618594396,0.7716318840296239,6.618140619363793,0,0.0,0.0
1543.9999999753127,1544000,302.3696918754222,-308522.02862837305,60419.95936855577,0.33451968809825433,4.223484777636581,0.49828635856173426,0.4602550682855373,0.5363647203324122,0.7563531170169586,6.583136801319014,0,0.0,0.0
1545.9999999752654,1546000,301.55109162319644,-307511.5580520858,60256.3854545441,0.3609953725574458,0.5299332932371779,0.49936728087114796,0.45835928266134207,0.5461983675006882,0.7692387544517238,6.660032086965472,0,0.0,0.0
1547.999999975218,1548000,298.647923934645,-307953.3327281,59676.27019003322,0.3200397392947426,4.456809890732381,0.5002620872723739,0.4600049050528243,0.5399555674054195,0.7595396554891032,6.647467676735403,0,0.0,0.0
1549.9999999751708,1550000,295.15685462692534,-309289.4715541573,58978.67955382574,0.3147958660959355,2.4939880461468413,0.49988225164535577,0.45601968155556705,0.5409796188969445,0.7726894714482908,6.654390534746298,0,0.0,0.0
1551.9999999751235,1552000,298.18464707585656,-308197.2001750944,59583.69752241307,0.3200026711245948,3.315759690096337,0.5001969807289572,0.46341178782213266,0.5440045910279938,0.7753051215929325,6.670156731920585,0,0.0,0.0
1553.9999999750762,1554000,298.6502824507712,-307833.0754336654,59676.74147221641,0.3434442404902823,2.915175243196578,0.5016579815071546,0.4543176724536062,0.539576834731208,0.7649141576938696,6.670162147178921,0,0.0,0.0
1555.999999975029,1556000,302.4653360984075,-307775.3695602254,60439.07113875591,0.3292785895920901,2.861571739330926,0.49927975850346573,0.45245996782420184,0.5389264919084491,0.7707807410438373,6.684627639672712,0,0.0,0.0
1557.9999999749816,1558000,300.6557651749717,-307252.88731045043,60077.47999848529,0.33732932432913276,9.10122782239464,0.50015796606554,0.4548335536784771,0.5367871570289147,0.7723794806413782,6.690062447223184,0,0.0,0.0
1559.9999999749343,1560000,300.47455187498474,-306896.16394529445,60041.26968866772,0.33107195718215704,3.080445278820963,0.49944659966342425,0.4549782698433926,0.5437903588907034,0.7705723060378895,6.650100937628295,0,0.0,0.0
1561.999999974887,1562000,297.8181366919949,-308039.54382848507,59510.46087503705,0.3416560694429513,5.483054008745115,0.4972797340692114,0.4504657076282277,0.5368700406961153,0.7524747931160602,6.6072738044150015,0,0.0,0.0
1563.9999999748397,1564000,297.5433650126609,-308613.4999406128,59455.55559138241,0.3287655235825582,4.615980459870304,0.5021807758613106,0.45964256508331935,0.5467740462860142,0.7723220807593112,6.742696675678083,0,0.0,0.0
1565.9999999747924,1566000,299.8416195838845,-308240.2477603704,59914.79622145567,0.33537835199015803,7.250423985626779,0.498957520918971,0.45475895905670694,0.5322475521733878,0.7752397318955353,6.7725949477607745,0,0.0,0.0
1567.9999999747452,1568000,301.1456654713338,-308551.29315348295,60175.37260080681,0.3226458497254356,2.611687649035598,0.49802480070541605,0.4521240389929213,0.539067541666622,0.7570643881328873,6.721836839869454,0,0.0,0.0
1569.9999999746979,1570000,299.7753730202686,-307895.29406087194,59901.55873506226,0.3506515820637828,10.167073275038318,0.4993692160228924,0.4535321069680851,0.5398529643483618,0.7656054369066361,6.69609719392794,0,0.0,0.0
1571.9999999746506,1572000,298.7044331102968,-308149.48667057464,59687.56193715132,0.3281948509606638,2.503607543028858,0.5011849740857579,0.4611683818371466,0.5514869619481284,0.7626215615435399,6.747663406302195,0,0.0,0.0
1573.9999999746033,1574000,303.284021959794,-308550.2125063925,60602.66215931681,0.33995882501491337,7.40983195778685,0.5018632859962888,0.45441700770272586,0.5429340252814292,0.770796963638249,6.79237313417644,0,0.0,0.0
1575.999999974556,1576000,299.9817662050703,-307983.52003647154,59942.80052673232,0.33664541141270454,2.5596865173332883,0.4980590311917038,0.44913759337331216,0.5371296963145356,0.7632017154135413,6.75405514045157,0,0.0,0.0
1577.9999999745087,1578000,299.3892202251495,-308870.82027873676,59824.397111996004,0.32011876974149556,2.729068704126961,0.5005424109240113,0.4569993089908895,0.5445508439936289,0.7708890550091052,6.5787864016454805,0,0.0,0.0
1579.9999999744614,1580000,302.63149439156996,-307326.47236869344,60472.27313482687,0.3454785392343411,1.4163591545045966,0.4991732553571307,0.4582394916488215,0.54610073923605,0.7680656091086693,6.780002024127782,0,0.0,0.0
1581.999999974414,1582000,299.61293406457185,-308017.745378457,59869.09994250871,0.3351654294611131,4.14409270704033,0.4998262986667536,0.4556006182600274,0.5372088538125589,0.7692982770190522,6.702674796919922,0,0.0,0.0
1583.9999999743668,1584000,297.9978267871582,-308397.2880961802,59546.366815812275,0.3153630833052079,5.162517983426354,0.5012824847338496,0.45841537905287844,0.5428273623997897,0.7734992555195488,6.644140525984312,0,0.0,0.0
1585.9999999743195,1586000,301.81073539248666,-307715.3727025674,60308.26785682295,0.3441746601537229,5.189667460402997,0.5018554364780282,0.4631370415799614,0.5456304692777438,0.752313475350558,6.698817340712509,0,0.0,0.0
1587.9999999742722,1588000,299.53175336180857,-308664.227997208,59852.878294326816,0.34255657579111276,4.497739282978845,0.5002852978867113,0.4535910491275242,0.543191351624742,0.7733692912843964,6.802968982455637,0,0.0,0.002968982455636926
1589.999999974225,1590000,296.64536754706086,-308856.643456412,59276.11640867829,0.3352478233652193,3.093308043927599,0.5018796888151688,0.4481200065014468,0.5438466390787156,0.7657052982178323,6.713357250774109,0,0.0,0.0
1591.9999999741776,1592000,300.86718685847075,-309107.16461399663,60119.72659220775,0.34032686965025827,4.076035663846334,0.49946906241343314,0.46195072404107185,0.5411872186170816,0.7582456131602662,6.584392702925555,0,0.0,0.0
1593.9999999741303,1594000,299.72295013812135,-308285.797228897,59891.08351716038,0.31755089384034807,3.445851785645626,0.5002422016724151,0.45336804865578983,0.5443871555220263,0.7771855239662067,6.7068916736751305,0,0.0,0.0
1595.999999974083,1596000,298.5498705793304,-308184.5970066916,59656.677023445285,0.35700376635001607,5.408277669549484,0.5005735691777637,0.45917188384356633,0.5361136669777107,0.769299940399021,6.739462269428813,0,0.0,0.0
1597.9999999740357,1598000,298.9618668170008,-308791.32055428624,59739.00272145307,0.3316633479930821,3.9530224971743317,0.4991929185574406,0.4601230862447161,0.5388890981301868,0.7698029473263865,6.778258770470309,0,0.0,0.0
1599.9999999739885,1600000,298.6261917762837,-308449.77030967176,59671.92763798365,0.332998938821522,0.8582427796592514,0.5020562916691523,0.46181037109208045,0.5466080802591744,0.7741368354911011,6.599181442114002,0,0.0,0.0
1601.9999999739412,1602000,297.8070208596049,-308665.77725239284,59508.239692956326,0.3329069209032717,4.223204102743271,0.5006227188987883,0.4619542520267883,0.5416842324337523,0.7695609010921061,6.701235913825073,0,0.0,0.0
1603.9999999738939,1604000,301.01002513956496,-308765.8728836938,60148.26874895123,0.3123835045675847,6.701515212869797,0.500580273077441,0.4471127607780545,0.5357696020558844,0.763288961355423,6.800236048897887,0,0.0,0.00023604889788675365
1605.9999999738466,1606000,301.20001149496267,-309291.2238745368,60186.232103685994,0.33149548768361614,1.0315220395943774,0.4994287026012162,0.452549100899613,0.5525629741986666,0.7788705076129467,6.707177536293564,0,0.0,0.0
1607.9999999737993,1608000,298.61651339016885,-309023.6509810188,59669.99368854518,0.3037036190940996,1.472420726270808,0.5004964931275213,0.4532776668830918,0.5416099359906319,0.771764395095325,6.619674507999193,0,0.0,0.0
1609.999999973752,1610000,301.91000839269975,-308419.9522349583,60328.104734659704,0.345028781548694,9.638450270233298,0.5000569395351316,0.46287948341051477,0.5462366047730693,0.7553007304109336,6.621841144219815,0,0.0,0.0
1611.9999999737047,1612000,298.77942847139127,-308622.40906490246,59702.547621206,0.34871651938355225,8.009998504591392,0.497693113387417,0.46253041391456495,0.5311454988197326,0.768917274137773,6.705032223419323,0,0.0,0.0
1613.9999999736574,1614000,293.9766656247133,-307908.2909371904,58742.85244060354,0.3190878548368632,2.2025197584943976,0.4987166760179734,0.4582568446596049,0.5347341970055046,0.7725965491638709,6.662829612379454,0,0.0,0.0
1615.99999997361,1616000,300.0432417391778,-309391.9173293798,59955.084658947744,0.33010433324458266,2.6696211600436066,0.5010989218963903,0.46551923935262174,0.5404377476575535,0.7842535201083152,6.657348752573526,0,0.0,0.0
1617.9999999735628,1618000,295.791172287877,-309061.88362099,59105.42984769199,0.34534355906210934,3.5803798749617473,0.5011321258385247,0.4610117077058001,0.5379116710126794,0.7733680909696865,6.8054847202297815,0,0.0,0.005484720229781637
1619.9999999735155,1620000,298.13095371531944,-309127.1158676776,59572.96843563889,0.33502841902181035,3.5875237333577408,0.5015507942485857,0.4625164258631447,0.5407107616614439,0.753361101884777,6.7635887441316385,0,0.0,0.0
1621.9999999734682,1622000,298.24262141322873,-308543.89721807744,59595.28204031472,0.3531344739879568,9.050826295564567,0.49902588425147104,0.4588951546485136,0.5368738475811625,0.770786351451747,6.667499180277574,0,0.0,0.0
1623.999999973421,1624000,301.2885687275743,-307984.5779599631,60203.927740980194,0.3520453369824097,3.970764194366404,0.5017769351233137,0.4585582563878918,0.5453267544805316,0.7554018998401819,6.651505543615919,0,0.0,0.0
1625.9999999733736,1626000,300.956621596988,-308489.76526095346,60137.5975740308,0.33987680463050923,6.6008769485649985,0.4981251422575706,0.45270177854058447,0.5443979558269834,0.7656681282219502,6.689212336923941,0,0.0,0.0
1627.9999999733263,1628000,303.3981458999496,-307695.6153036142,60625.46657395379,0.349661526384868,5.893482806951558,0.4982921483994024,0.45479673974710977,0.5314327898986679,0.7673651302772857,6.53504180107859,0,0.0,0.0
1629.999999973279,1630000,299.0804045697012,-308298.0056157815,59762.689110645646,0.3466017942245388,9.039122711877392,0.49963134547434745,0.45574406400701406,0.5409790367052896,0.7605085006937742,6.632638740032391,0,0.0,0.0
1631.9999999732318,1632000,299.3375379746274,-308754.81926608086,59814.06988820169,0.3338050181751251,4.545191854732461,0.49963969445268885,0.46169232827447004,0.5405335046882112,0.7697842233074352,6.670995880172001,0,0.0,0.0
1633.9999999731845,1634000,298.4717524304468,-308681.3731549983,59641.06733931253,0.33599781886256896,7.6427228845890385,0.5003937694438193,0.4541060203549945,0.5320200838262732,0.7769788327417064,6.627278048477109,0,0.0,0.0
1635.9999999731372,1636000,300.97887474260915,-308463.0957582551,60142.044230525746,0.32673916062921304,1.875913094170546,0.5033348374732478,0.45703112209983665,0.5422551877731276,0.7705171919149976,6.733938331810009,0,0.0,0.0
1637.9999999730899,1638000,303.1459697570096,-307805.45279672183,60575.07636382508,0.3348511661911069,4.958000576887781,0.5020367033421012,0.4604033845107718,0.5348161280047528,0.7714775576404538,6.798438583278358,0,0.0,0.0
1639.9999999730426,1640000,298.76753277790465,-307399.8254302344,59700.17060612666,0.30352161168911584,5.456050460746604,0.5004548302088779,0.4578689958508222,0.5410453266348725,0.7698579020540244,6.642837874197156,0,0.0,0.0
1641.9999999729953,1642000,298.64316546362625,-308198.4224846414,59675.31934531123,0.32210856811876,5.469223109173264,0.4999384007589799,0.46600669260081995,0.5468003658703511,0.7772373005177462,6.701520722414202,0,0.0,0.0
1643.999999972948,1644000,299.55131874780915,-308770.8330805567,59856.78787871622,0.3298181587731689,4.283941664993203,0.5007229238851494,0.46155149286891994,0.5459553257944023,0.7787250811402506,6.713359109148101,0,0.0,0.0
1645.9999999729007,1646000,300.7168168176733,-307980.62563372636,60089.67942809259,0.3439960097775825,9.718262533967856,0.500458102346232,0.45559492283589,0.5391356509682499,0.7692670004647244,6.625769714859686,0,0.0,0.0
1647.9999999728534,1648000,298.58186881745286,-307398.24048216594,59663.07095874757,0.3365395942034709,10.185057057673234,0.500468715416074,0.45458280835633547,0.5521732398759678,0.763826690313195,6.6412115052005785,0,0.0,0.0
1649.999999972806,1650000,302.1165208303982,-308396.29312574025,60369.37035562009,0.3454899897403517,3.8635005412653585,0.5009411335662403,0.46122225176492915,0.5448139762051456,0.7706208362797238,6.6824384647592225,0,0.0,0.0
1651.9999999727588,1652000,301.5188909726896,-307070.03798231855,60249.95107289957,0.3335905766498039,3.4475565056752404,0.4994859490238212,0.45391081093029406,0.5467617477483904,0.7749135199010571,6.701670898405084,0,0.0,0.0
1653.9999999727115,1654000,298.5148450639499,-307993.70129953604,59649.678173120614,0.3476913681453033,5.089676690241083,0.4988782460105119,0.45879764296884407,0.5509532293265504,0.7534738608525711,6.678987279228835,0,0.0,0.0
1655.9999999726642,1656000,300.7357879486078,-307792.0931686773,60093.47026755513,0.3302048784238758,0.6764788031464937,0.5012458201977633,0.4603504201108142,0.5448762320498428,0.7665725878823979,6.708882066808201,0,0.0,0.0
1657.999999972617,1658000,300.99805954981,-308959.8198380284,60145.877767096106,0.31494697076987943,2.7799203968427744,0.4993195575071495,0.4559840913908566,0.5369114756771021,0.7610237113047003,6.716195391041921,0,0.0,0.0
1659.9999999725696,1660000,299.7106117912605,-307302.3647018904,59888.618050428624,0.3478053797381989,4.820258781607865,0.5021743048541806,0.46259713780049916,0.5388451221272877,0.7742775763098955,6.718098246429491,0,0.0,0.0
1661.9999999725223,1662000,298.2474655412024,-307549.906631405,59596.25000113623,0.34616068851138015,1.768321015586233,0.5004521773806214,0.46107271873095845,0.5395759549597425,0.7756760538323118,6.7328186531689695,0,0.0,0.0
1663.999999972475,1664000,300.75262709091726,-308116.8750066967,60096.83508989506,0.32941884560100115,3.142260619417352,0.4986710662205454,0.457868142387297,0.5344670567522734,0.7804818780667502,6.719848938507724,0,0.0,0.0
1665.9999999724278,1666000,302.53141706170265,-307470.640521877,60452.27553464813,0.3401502406960524,2.646853983100531,0.4981221245271803,0.45831519296282947,0.5564112580583052,0.7568929897521315,6.630098045935895,0,0.0,0.0
1667.9999999723805,1668000,301.755917665361,-307979.4724152582,60297.314097452865,0.3177317022596651,2.659244449869095,0.4995985486576921,0.4669929529673924,0.5536529358607161,0.7779652462333587,6.641319805247758,0,0.0,0.0
1669.9999999723332,1670000,297.84598305192253,-307823.12791373534,59516.02517589325,0.3305240594554332,4.645232245879807,0.4987744085418039,0.4596109175471277,0.5345603627057205,0.7645881141182862,6.710734518803918,0,0.0,0.0
1671.9999999722859,1672000,303.54386637491956,-308682.17777332524,60654.58465494346,0.31782377877542844,3.6587203189741273,0.499313144226447,0.4562788522670447,0.5476622829657121,0.765441207804475,6.694910753565608,0,0.0,0.0
1673.9999999722386,1674000,300.6258564362451,-308231.0441802731,60071.50359004496,0.34509691516452523,5.309573499639895,0.5023740387464702,0.4538802642664308,0.5429270406033924,0.7810254724445751,6.675439333219611,0,0.0,0.0
1675.9999999721913,1676000,297.98316873782204,-309405.9097780669,59543.43782269851,0.34134832684233163,9.394170283657866,0.4988298630315341,0.4442779153779677,0.5477374880023467,0.7469465018410357,6.621518895681078,0,0.0,0.0
1677.999999972144,1678000,301.23797069643985,-308007.8940418116,60193.817167508656,0.3292868209843473,4.845845790235931,0.4990248045323384,0.45096132107298786,0.541915738719835,0.760674224722151,6.729526221270277,0,0.0,0.0
1679.9999999720967,1680000,296.95146063582513,-308400.8482959019,59337.28038272419,0.32697981055903724,0.8621289785448562,0.5013384630870931,0.4594002848277583,0.5500626379299227,0.7802595791740501,6.691322321423203,0,0.0,0.0
1681.9999999720494,1682000,301.69919354238306,-308480.2106645568,60285.97939924193,0.3201328235915313,5.035237951603091,0.4992163917897894,0.46025856417234134,0.5342633070520391,0.765141273333386,6.61354456083302,0,0.0,0.0
1683.9999999720021,1684000,299.90838320982215,-308730.7673463831,59928.137028007506,0.32322024688575957,3.285166157997728,0.4969936178459592,0.45422036917141373,0.5332402587746746,0.7636938754622848,6.699893409519774,0,0.0,0.0
1685.9999999719548,1686000,302.3252806770322,-307115.2427384937,60411.08505716039,0.3376655505915215,5.356690944470806,0.5004053110263663,0.4599070235556695,0.5452611463730097,0.761147558024573,6.694775529716175,0,0.0,0.0
1687.9999999719075,1688000,298.743135715524,-308675.6160653988,59695.295549011615,0.34731118771721176,1.5338231050692086,0.49971550264915515,0.44976487505822305,0.5390251660526211,0.7465467120091365,6.677244814160105,0,0.0,0.0
1689.9999999718602,1690000,301.7986123399219,-307813.8317237459,60305.8454105161,0.3076190661862181,2.6197706659495377,0.4980943108576639,0.4536090664100749,0.5434418586735497,0.7717699565701572,6.691892780245269,0,0.0,0.0
1691.999999971813,1692000,301.0206429000883,-308120.73863529135,60150.39040557437,0.3288499924030672,7.911371244448898,0.4980595348169162,0.45462401806878816,0.5472356089463938,0.7725974259107238,6.770543698649632,0,0.0,0.0
1693.9999999717656,1694000,302.98098250918804,-308428.6806460037,60542.1083677674,0.34760410171996786,5.268084017200897,0.49872720537105025,0.4462047069326145,0.5394121604302065,0.7751375418007695,6.756948967008512,0,0.0,0.0
1695.9999999717184,1696000,300.2201702152975,-307334.53266232973,59990.43876891819,0.3321932447976301,6.570241499440769,0.49946208508412226,0.4556086851268688,0.5450424752413117,0.7647216635800813,6.652004076822422,0,0.0,0.0
1697.999999971671,1698000,296.95903638006865,-307914.604094157,59338.794179151795,0.34018015863754103,2.4912491805774737,0.501036609909449,0.46100269659720006,0.5438964139611713,0.7791572305249339,6.67714230386872,0,0.0,0.0
1699.9999999716238,1700000,300.80622906185243,-308562.4039464048,60107.54591506371,0.3355121866012731,3.6644187877309027,0.4986459678005393,0.4630411643403054,0.5378645682345438,0.7720358861347281,6.70452584120293,0,0.0,0.0
1701.9999999715765,1702000,301.63382409471984,-308268.6869753152,60272.9171794564,0.3333063287137099,0.8147741146174047,0.5003804963307587,0.45857318339514297,0.550124441489487,0.7734962840572575,6.601640317554242,0,0.0,0.0
1703.9999999715292,1704000,299.84907439723634,-306716.387814329,59916.28585329352,0.3127267463899349,2.7189540170889366,0.5003536519983295,0.45123913766405754,0.542665367941916,0.7551937871877659,6.73221705100454,0,0.0,0.0
1705.9999999714819,1706000,300.9574322986661,-307728.58032108145,60137.759569640046,0.32087932314661094,4.497583561725803,0.4998027713427411,0.4546204805009987,0.5399186211422293,0.7608504360514505,6.544649945361314,0,0.0,0.0
1707.9999999714346,1708000,300.90788299147283,-307644.7226561685,60127.85855373865,0.3506538218186218,6.272077143489384,0.502339976217361,0.45746458514015664,0.5455864830187771,0.7667706324851746,6.553349177317642,0,0.0,0.0
1709.9999999713873,1710000,298.00956500629417,-307733.034302955,59548.71236413378,0.335078212659933,2.3674571958985697,0.4984692942898904,0.454378836257765,0.5443779987392308,0.772155565413911,6.572755547227985,0,0.0,0.0
1711.99999997134,1712000,300.61479741781096,-307914.0395426224,60069.29376061297,0.3166165616848035,5.778270393179569,0.497344797626125,0.45536840448712024,0.5429612671707371,0.7645781460385841,6.6293661691843795,0,0.0,0.0
1713.9999999712927,1714000,301.3585685253213,-307448.00672612805,60217.915204172845,0.33653594920289576,5.326731019292536,0.5007881335831518,0.45564868822238447,0.5394442157529138,0.7613161093525207,6.680193519465192,0,0.0,0.0
1715.9999999712454,1716000,304.02759802680134,-307588.4972783867,60751.2446295947,0.35866188749977945,3.1359248830957824,0.49997037076668127,0.46297314040780746,0.5465172739051809,0.7727964596603991,6.618589787601422,0,0.0,0.0
1717.9999999711981,1718000,303.03155480936925,-307530.43917949544,60552.21379964179,0.31818116664822355,4.968790497413492,0.49990223970443787,0.4607870490292534,0.5432192233588626,0.7617513756269805,6.6822166789448545,0,0.0,0.0
1719.9999999711508,1720000,299.52090969844505,-308726.733225795,59850.711497463795,0.31604050153348395,1.4706546296832936,0.5009341234696896,0.460058565868509,0.5481826235891596,0.7638140283421948,6.71192362732905,0,0.0,0.0
1721.9999999711035,1722000,301.8906506905283,-308065.2459038161,60324.236649960425,0.33810674647984107,3.7011566557002844,0.5005447002290886,0.4638612594118716,0.5441922244357471,0.7792696828974499,6.6221680854399825,0,0.0,0.0
1723.9999999710562,1724000,302.2201146459469,-307377.07564502023,60390.07062517246,0.3537457812036851,5.1697182519497495,0.49877552709013834,0.4442877305032056,0.5321194959546691,0.7593715636011851,6.564112573915949,0,0.0,0.0
1725.999999971009,1726000,300.6591043840174,-307874.51726598246,60078.14724417917,0.3260924176619938,7.218787757582378,0.498336262492728,0.45679246381327676,0.5343132409962159,0.7674801760707339,6.638680656236829,0,0.0,0.0
1727.9999999709617,1728000,297.4867398692038,-308008.9286188362,59444.240671405816,0.3322330519509429,0.9471486748549564,0.4992682881304312,0.456967713789487,0.5376785705493088,0.7747985184238062,6.74551225246941,0,0.0,0.0
1729.9999999709144,1730000,294.61283091587813,-307830.39473023685,58869.97193067367,0.3433243149483939,6.853736249657037,0.4996615535060642,0.4585401034102503,0.5472774207659796,0.7469845021928201,6.727400902307366,0,0.0,0.0
1731.999999970867,1732000,300.0172419481714,-307912.2302375287,59949.889342226496,0.35595643863424925,2.3215577542656027,0.49947039735743376,0.44398214636169,0.5380163128319801,0.7544214839432053,6.77803984647926,0,0.0,0.0
1733.9999999708198,1734000,297.7092501582306,-308514.80746268854,59488.703006697084,0.31496290609201955,4.83944734068748,0.49903890010637225,0.44906917870769103,0.5549159937422861,0.7704552711020938,6.674646442257199,0,0.0,0.0
1735.9999999707725,1736000,299.87156213120653,-307784.2759355842,59920.77938557958,0.3180510216791393,4.9539735937057,0.49927217585731926,0.45995106142976994,0.5380721181682508,0.768476215156662,6.610638570515068,0,0.0,0.0
1737.9999999707252,1738000,300.25294234933995,-308063.444294224,59996.98734524865,0.3413093068801565,5.00609896916966,0.4989754469004467,0.45627578663596324,0.5453039072986208,0.7722132858715103,6.600215738230844,0,0.0,0.0
1739.999999970678,1740000,298.551670188637,-308078.1937054829,59657.03662404053,0.31146654272722163,1.7010349578011317,0.5010891641081072,0.45841921425501564,0.5489422610119594,0.7727319154721428,6.743142523263288,0,0.0,0.0
1741.9999999706306,1742000,297.2103515283576,-308310.7427966348,59389.012344054965,0.331422396801847,9.482160051218765,0.49859022332294517,0.4528052264026581,0.5375581556453515,0.7527812115136754,6.6555817492232165,0,0.0,0.0
1743.9999999705833,1744000,298.8452970048714,-307837.22314337175,59715.70956905815,0.34175184381967877,2.059158806930725,0.49843630495364394,0.4538496060935957,0.5381900254261947,0.7673878417252364,6.575692601273921,0,0.0,0.0
1745.999999970536,1746000,298.6824909278165,-307723.21853771387,59683.177417771425,0.3332266783616741,5.705078754931566,0.5001232010770514,0.46550226086953217,0.5430930933664726,0.7783325216874584,6.563310747547433,0,0.0,0.0
1747.9999999704887,1748000,301.3710846687506,-308546.938903844,60220.41619847806,0.339660142258614,6.355605852105634,0.4975876511834782,0.45299363412955884,0.5370862806451004,0.7665390498468696,6.617803258063347,0,0.0,0.0
1749.9999999704414,1750000,298.51565406611786,-308195.5283386768,59649.83982913122,0.3337668729402238,1.3008072444371412,0.5016209884724513,0.45970812633318836,0.5359462129287689,0.7823330907091872,6.628515445986906,0,0.0,0.0
1751.9999999703941,1752000,297.1187292410478,-308020.3138981047,59370.70424299438,0.32530103654421116,4.378274022167424,0.49842815115730044,0.4616161484354633,0.5359581759984029,0.7657180953676259,6.587122837278876,0,0.0,0.0
1753.9999999703468,1754000,299.79820360124654,-308260.5343084987,59906.12077554487,0.3430249424514646,5.653628102485968,0.4990035381480878,0.44915621034017406,0.5390827539744851,0.7684166554827252,6.609450803342838,0,0.0,0.0
1755.9999999702995,1756000,299.4649896011994,-309389.4361481522,59839.53746086471,0.3149400041291125,1.1253779172489649,0.5020206818967997,0.44417283277813624,0.54345458910096,0.7640165433460062,6.748815247618026,0,0.0,0.0
1757.9999999702522,1758000,298.6720826171288,-308431.1669862778,59681.09761372445,0.3435962658942694,2.5636165921268357,0.4986753490499719,0.4549326846817925,0.5462597479197262,0.7685793842051112,6.729539349646515,0,0.0,0.0
1759.999999970205,1760000,297.735905674036,-307557.3328561159,59494.02935131821,0.31730808049960446,1.27672356269718,0.5019413702330733,0.4597550427119028,0.5467708584944821,0.7785244100333246,6.6027311153943415,0,0.0,0.0
1761.9999999701577,1762000,302.64773610863466,-308200.9871017174,60475.51857877014,0.3337852488100602,0.795164542208352,0.4996370605407737,0.45908609810202794,0.546877618203145,0.7637402269322884,6.685765441315127,0,0.0,0.0
1763.9999999701104,1764000,295.4331838930919,-308001.7100556828,59033.89607678667,0.3248910893916186,2.5874381699919247,0.50084438654531,0.4503780958872188,0.538014290667737,0.7656317318983294,6.61320755904795,0,0.0,0.0
1765.999999970063,1766000,301.452905018473,-309314.9374152054,60236.76566186206,0.34399521434225316,1.5350741681304223,0.4985593559865717,0.4638398306195979,0.5421488248785256,0.7786659383552568,6.6498279916906675,0,0.0,0.0
1767.9999999700158,1768000,297.8942655103288,-308432.5342412405,59525.67304819496,0.3342484031687586,3.386501515050895,0.4978035031627449,0.4590973084056058,0.535311396415711,0.7753329440490582,6.7148930610811135,0,0.0,0.0
1769.9999999699685,1770000,299.5405777367509,-308920.2144409828,59854.64159398877,0.32481947715427617,6.83249866329556,0.4986239628870054,0.44371366944223967,0.5363664801352623,0.7619424673104884,6.643689056380595,0,0.0,0.0
1771.9999999699212,1772000,296.81710661393475,-309858.05213608965,59310.43356321238,0.30539787698167453,4.761258369037073,0.5014331748635965,0.45654212096979574,0.5470504498453348,0.7661796949539816,6.711778366278239,0,0.0,0.0
1773.999999969874,1774000,296.6044784801914,-308973.3410182167,59267.94589481644,0.33649226084678885,0.47822853973392143,0.499376296938445,0.46133529190418443,0.537571883409008,0.7794510401287251,6.70622579619527,0,0.0,0.0
1775.9999999698266,1776000,301.42612765707634,-308211.05633253045,60231.414969874546,0.3450137305207367,5.583911412458676,0.499328111277471,0.4552458042253953,0.5357971954986596,0.7632052885302807,6.628989884768032,0,0.0,0.0
1777.9999999697793,1778000,301.25864975779183,-307712.1181378686,60197.949288155134,0.33116039560825145,5.839207426651912,0.4995860734535112,0.4493869847316722,0.5474439668089843,0.7742321348581847,6.681167582206381,0,0.0,0.0
1779.999999969732,1780000,299.19023390364896,-307664.53748463513,59784.63537071371,0.334082916633429,2.435435403599892,0.4983018362823772,0.4553807558210057,0.535262850859846,0.7626996905879899,6.790697261663851,0,0.0,0.0
1781.9999999696847,1782000,302.4558936874624,-307932.77054694854,60437.18434222513,0.31363915659697367,4.0571941248773395,0.4973858738858176,0.4559259224204961,0.537123098625262,0.7781545477907632,6.668760961881688,0,0.0,0.0
1783.9999999696374,1784000,301.29175096880397,-307629.4961253409,60204.56362113275,0.3279010981592032,5.545224247654863,0.4993609411662492,0.4594051676237543,0.5339139373459272,0.772485893967561,6.6433288326063575,0,0.0,0.0
1785.9999999695901,1786000,298.6905503344828,-307669.25049168617,59684.78786034023,0.33221756642949085,2.641621654701218,0.5008805976067594,0.46055921207990336,0.5434791387736411,0.7742864853319027,6.716648565621736,0,0.0,0.0
1787.9999999695428,1788000,297.5056394615036,-307708.84270259924,59448.017215912485,0.34125106855031867,4.229941238252694,0.49970759771574397,0.45935977642681536,0.5446557834703825,0.7555318007750742,6.656896874303911,0,0.0,0.0
1789.9999999694955,1790000,303.3453777388242,-308364.5593575691,60614.922361895435,0.3203374985348517,0.510467292792903,0.5015027406411023,0.4615997213300229,0.5463276751812423,0.7732000893656559,6.726296864025528,0,0.0,0.0
1791.9999999694483,1792000,298.6700495656734,-307861.53056896897,59680.69136637351,0.3109697929208447,4.109836051186307,0.502729668877662,0.45564170844649166,0.5433213353246149,0.7705191042036947,6.651964576663431,0,0.0,0.0
1793.999999969401,1794000,298.8230740485769,-308701.16616645036,59711.26894503915,0.3182064928052699,1.0176422358030182,0.5006645069847506,0.4666931424241705,0.5455597087807922,0.7809886613606967,6.749159360506489,0,0.0,0.0
1795.9999999693537,1796000,300.25924315734306,-309223.8903819658,59998.246382029676,0.3299500701281915,4.162333726196794,0.4979092510289734,0.44677909830920637,0.5393412916702545,0.7540579779178742,6.661893085071696,0,0.0,0.0
1797.9999999693064,1798000,301.7291952855827,-309300.29522124585,60291.97439197372,0.3383104527623518,3.807346685342498,0.49968182789698584,0.46479864066532706,0.5364064783417248,0.7738404785143924,6.761211948833406,0,0.0,0.0
1799.999999969259,1800000,298.35671187325323,-307988.0550297834,59618.07976490234,0.3436936912803741,2.4519313676703747,0.498732666589101,0.4565890855168684,0.5402656488254074,0.7704790641661727,6.761150957265812,0,0.0,0.0
1801.9999999692118,1802000,300.8845301131658,-307866.6355447392,60123.1921470307,0.32107737249094037,0.1058196376646193,0.49968672573799666,0.4516470567716455,0.5367701216113172,0.7695008398890604,6.76243591425369,0,0.0,0.0
1803.9999999691645,1804000,302.75716451461665,-307805.8659542636,60497.38472481867,0.3254400232385563,6.747296587915231,0.49995546597408785,0.4615661523890071,0.5418440124316022,0.7670302526370048,6.767238644410815,0,0.0,0.0
1805.9999999691172,1806000,299.00897452003557,-308870.4854434398,59748.41585239769,0.3049135021325585,2.229775323012804,0.5022364661015238,0.4609566441622537,0.5363613247479933,0.7719310690283034,6.7572392749471035,0,0.0,0.0
1807.99999996907,1808000,301.1128862298027,-308510.81378899,60168.82260424745,0.33181880416905946,3.3751705423926497,0.4971790234395765,0.4555754900822335,0.5419719732818962,0.7705127538156646,6.7463977708545855,0,0.0,0.0
1809.9999999690226,1810000,299.97723096319186,-308764.4682747233,59941.89428798755,0.3356293724019295,1.9469432122457482,0.4994131274418338,0.4504478841720101,0.5366425530020682,0.7674822423684304,6.819079395752792,0,0.0,0.01907939575279194
1811.9999999689753,1812000,297.0314058430536,-308300.93907302385,59353.25515235965,0.3297494972505964,4.002101223933165,0.49934866467096634,0.46027047987714464,0.5333001738351832,0.7748712737939041,6.665894959216667,0,0.0,0.0
1813.999999968928,1814000,300.5268366819278,-308957.51609402476,60051.717316177936,0.3377049236087245,4.7106477507414946,0.4989544233534996,0.46245820746279165,0.5437782350761244,0.7607553452728082,6.617142772999365,0,0.0,0.0
1815.9999999688807,1816000,302.1208414604568,-308610.04682040773,60370.233710313376,0.32384632771038746,2.6501721252412986,0.5006181359531929,0.4532712701794323,0.5371871934968784,0.7691601160522765,6.708294017576598,0,0.0,0.0
1817.9999999688334,1818000,303.3791769688383,-308054.51082091033,60621.67617406316,0.32960691529857533,3.6925590183859285,0.49910574671397134,0.45785284376880453,0.5365440416287228,0.7816837003738666,6.670363013618513,0,0.0,0.0
1819.9999999687861,1820000,299.47499599672653,-308556.19952388667,59841.53695362943,0.3314260512208168,6.082434654957147,0.49768726260466,0.4643542247970496,0.5480030567540481,0.773337277884389,6.716598434398023,0,0.0,0.0
1821.9999999687388,1822000,299.7714390754397,-308328.1488126358,59900.77264838391,0.31912060692660094,4.075245894691033,0.5001014587357467,0.4541452426373054,0.5413491589426993,0.767084598113595,6.737232181888732,0,0.0,0.0
1823.9999999686916,1824000,299.9819396953767,-308441.8105839398,59942.83519382213,0.3348816721119007,4.762189984738746,0.49973640220667437,0.4571738794184603,0.5349046013291914,0.7657605829814376,6.625028306568282,0,0.0,0.0
1825.9999999686443,1826000,298.5859813631721,-308727.59695229307,59663.89273372018,0.3252476147722134,2.9314849180668165,0.49952948320108514,0.4612612355308139,0.5357198255106494,0.7537521394167648,6.70291184718456,0,0.0,0.0
1827.999999968597,1828000,301.790476732743,-309298.38649555016,60304.21974144808,0.3322598731068191,5.773754383423646,0.49794219726855643,0.45795366232797136,0.5325440536226314,0.7647423911566857,6.707690756684379,0,0.0,0.0
1829.9999999685497,1830000,297.404953145017,-308896.6198557927,59427.897927126105,0.3540826641909134,8.114169260280685,0.4987005974079033,0.4579586933649069,0.5409580019862128,0.7627548685977992,6.695365604323001,0,0.0,0.0
1831.9999999685024,1832000,297.3836814577897,-308712.2165191537,59423.64738710008,0.3148240837547245,9.144194815087895,0.5009864848838335,0.4520793265099636,0.5403076796789161,0.7618250054546731,6.751766653084669,0,0.0,0.0
1833.999999968455,1834000,301.2413164890851,-308102.15296851425,60194.48572874714,0.3371567692748158,4.625496770395614,0.4998428074312166,0.45626578670564744,0.5407435022329476,0.7626011821252359,6.731324845124476,0,0.0,0.0
1835.9999999684078,1836000,297.8514888572938,-307782.1138071213,59517.12535407169,0.3631978731725827,7.632828685483417,0.5012900739706836,0.45439231473547625,0.5497496737499671,0.7754215048011783,6.83476638404848,0,0.0,0.034766384048480425
1837.9999999683605,1838000,296.50293266189794,-308312.8274275032,59247.654859106864,0.32534714219869365,3.471989257849971,0.5008927983541406,0.45141177098004537,0.541416880109721,0.7729245909586737,6.769738435235524,0,0.0,0.0
1839.9999999683132,1840000,298.5670088067182,-308699.2111094217,59660.101609408244,0.316639652652679,2.533672017918086,0.49786961078340564,0.4552330913710114,0.5354317869589291,0.7577165908839452,6.6837827469465765,0,0.0,0.0
1841.999999968266,1842000,300.60549317279833,-309167.8399269227,60067.43457260331,0.3535645723155353,4.109287556397678,0.5014584361633966,0.46410507662095846,0.5404033900906153,0.7731118660230836,6.599893551771878,0,0.0,0.0
1843.9999999682186,1844000,297.71231901923346,-308850.183656218,59489.31623104491,0.334164862037192,7.130978666767858,0.5005232716294444,0.4585364580668978,0.5456680519377732,0.7697433222022405,6.687617322494054,0,0.0,0.0
1845.9999999681713,1846000,302.7122474951706,-308405.0971739027,60488.409339511185,0.32503023927943314,1.7582230283073632,0.4999489191877868,0.4621307166901367,0.537504286144399,0.7643535500982939,6.688556701813322,0,0.0,0.0
1847.999999968124,1848000,304.19815908071035,-308136.66022804054,60785.32639183456,0.3119795913714084,7.234338538641262,0.5018378534445019,0.4544182529058398,0.5434348313103357,0.7787429325669954,6.677032412875086,0,0.0,0.0
1849.9999999680767,1850000,303.9300448724877,-307763.16196995974,60731.75141391112,0.3394291325025873,4.192990710695366,0.5009345427497439,0.46133740564942016,0.5367455225543551,0.7663588308506792,6.696043123858601,0,0.0,0.0
1851.9999999680294,1852000,301.75516331027364,-308985.4168833527,60297.163361102794,0.353556462300742,4.663667438552,0.5028878479296869,0.4591928153589786,0.5461595788743407,0.7701112128814449,6.625307299069135,0,0.0,0.0
1853.9999999679821,1854000,299.8050718142086,-308545.8694466413,59907.4931920246,0.3456562084150715,9.018683984738942,0.500586425639357,0.45898413352878475,0.5433591881768667,0.7657180464820157,6.703316514840921,0,0.0,0.0
1855.9999999679349,1856000,298.34103843676843,-308672.48028496467,59614.94787562566,0.33279951392300755,6.076039942700158,0.50012829935247,0.465481651492726,0.5444159965993078,0.7634655083308797,6.585095849681117,0,0.0,0.0
1857.9999999678876,1858000,302.0161750811415,-309555.109103878,60349.319119481675,0.32666480856014923,4.757819797213658,0.5007655001793513,0.4570261696226172,0.5465046783317646,0.764788739105871,6.576120732997595,0,0.0,0.0
1859.9999999678403,1860000,297.1953576651032,-308643.0498838299,59386.01624810703,0.33233188556198584,7.976940069842482,0.49843856444650775,0.45424139086312953,0.5411404219656593,0.7790007169834432,6.705199013465133,0,0.0,0.0
1861.999999967793,1862000,294.6926919268008,-308159.46091532474,58885.929876078684,0.33619062157052504,6.353821872771202,0.4962173209503322,0.446934562334417,0.5365381877058528,0.7611083023765879,6.619773739864669,0,0.0,0.0
1863.9999999677457,1864000,305.416335189549,-307945.51774772024,61028.744144927696,0.319545700102695,7.172294380400671,0.4991656704311117,0.46333289418320067,0.5363073374394651,0.7760790686376531,6.688620164199946,0,0.0,0.0
1865.9999999676984,1866000,298.43964340000787,-309154.5955324499,59634.65126532558,0.31903613592225366,2.1235375057806753,0.5004055764288443,0.45975917015976364,0.5463574927736445,0.7617021209718451,6.729120935047334,0,0.0,0.0
1867.999999967651,1868000,297.7927872080953,-309018.47339437343,59505.39550364442,0.3206659918962853,3.2618391392311663,0.5005960529792494,0.45692166279574664,0.550059426719729,0.7658550661564396,6.687036680683178,0,0.0,0.0
1869.9999999676038,1870000,301.09860451558484,-308721.5625859718,60165.96881097404,0.2989724090875146,3.6078495437697264,0.4984616928083138,0.4644367778083396,0.5417485529578006,0.771480297830168,6.697925810290414,0,0.0,0.0
1871.9999999675565,1872000,302.34411614681085,-307680.25315056834,60414.848788609976,0.3264135468064111,2.712025124845713,0.4986396276757483,0.45937200731000516,0.5391552326915248,0.768621467306037,6.722673893040503,0,0.0,0.0
1873.9999999675092,1874000,303.1356097991361,-308276.2526485361,60573.006221708994,0.35127985621259294,1.765334406699439,0.5002378321263956,0.46314190638829444,0.5479782240219707,0.7759287276076998,6.627790194554279,0,0.0,0.0
1875.999999967462,1876000,301.23497356156696,-308701.52906592796,60193.218275582294,0.3438333030037424,4.218813174454925,0.5022563506131877,0.4624283448891635,0.5491090853834173,0.7811674950062315,6.6834795814339145,0,0.0,0.0
1877.9999999674146,1878000,297.15315316472896,-309127.8581144768,59377.58288237528,0.3366221179703497,4.883366180428074,0.4993522900501328,0.4594519980057856,0.5435412129553043,0.743308083712126,6.74098562873543,0,0.0,0.0
1879.9999999673673,1880000,298.9749752887525,-308836.78771180706,59741.622075680374,0.3358744624607606,3.856358936967361,0.4991678472971284,0.4599951604901964,0.5380998649992268,0.759395853430167,6.606466377680462,0,0.0,0.0
1881.99999996732,1882000,304.49778430432144,-308960.60376772843,60845.19794749245,0.3328556373146204,6.50554810954823,0.5002236857226056,0.45588350582160553,0.5459980947159261,0.7753917226391813,6.696855355665903,0,0.0,0.0
1883.9999999672727,1884000,300.59810680212803,-309020.746917401,60065.95861708339,0.32386501203892515,4.881620901349093,0.5010540630641828,0.4569499766716745,0.5423675042556573,0.7663961498995508,6.594963429652964,0,0.0,0.0
1885.9999999672254,1886000,301.0766584931342,-308649.3676831494,60161.5835242856,0.32985895342462435,5.36126791432509,0.4975577093548891,0.4587357515949684,0.5398045154633873,0.7684621733087997,6.6569094345561375,0,0.0,0.0
1887.9999999671782,1888000,300.5622942731102,-309212.0580334468,60058.80250452885,0.32312816976169634,1.2316379749795914,0.5020731156221414,0.46144147488750775,0.539287397957759,0.7556550491903365,6.6654492220379495,0,0.0,0.0
1889.9999999671309,1890000,301.7672722739935,-309100.97931624576,60299.582992155796,0.32995679057437743,5.341514533913779,0.5003976791108564,0.4563568316355955,0.5426179778497897,0.7592394293753957,6.569923458330763,0,0.0,0.0
1891.9999999670836,1892000,301.472671321259,-308532.00524537405,60240.7153937409,0.33557046901714016,7.442381543738523,0.5020972631916605,0.45694847152900575,0.5428036633735207,0.757045351832577,6.667415111779281,0,0.0,0.0
1893.9999999670363,1894000,300.72103659197654,-307893.05572520057,60090.52262963956,0.3591381283848918,9.898306883804658,0.5017050097549455,0.46114356462519623,0.5420046671170358,0.7632177469704767,6.668937777605265,0,0.0,0.0
1895.999999966989,1896000,297.83672278206905,-308563.63077253103,59514.17477506498,0.35818169471182726,6.687155943758668,0.50094266000483,0.45391337086699846,0.539817808307915,0.7616344706674412,6.649961476180737,0,0.0,0.0
1897.9999999669417,1898000,295.6318650985289,-308325.5171486535,59073.59684932556,0.34966014321608063,5.87847541770763,0.4974747702955321,0.4628615655141828,0.5367626140870332,0.7637527371063442,6.607069458230249,0,0.0,0.0
1899.9999999668944,1900000,298.4748139050504,-307376.780807571,59641.679087699114,0.3303538109583055,2.43059852988181,0.5000428565832082,0.46366361794596767,0.533687767660266,0.760505085242837,6.703426330133283,0,0.0,0.0
1901.999999966847,1902000,303.36883943427614,-308014.74917376274,60619.61051260635,0.31907517226282905,4.953637090877514,0.4994450451901708,0.45482944943494896,0.5432734785217121,0.7687749152666736,6.657698296040479,0,0.0,0.0
1903.9999999667998,1904000,302.1642632790223,-307328.4493641411,60378.91032236786,0.33107800804114895,5.137031489238672,0.5001882716840835,0.46163772167126016,0.5399803231091962,0.7593015430212231,6.648831822864697,0,0.0,0.0
1905.9999999667525,1906000,298.49627322622916,-308974.1207770612,59645.96712101904,0.32768076264417817,10.098471530435962,0.49856580839241776,0.45578117672433827,0.5478077401252959,0.772833184933102,6.696728469984151,0,0.0,0.0
1907.9999999667052,1908000,300.57678912322297,-309332.13333268836,60061.69888693224,0.331789159227581,11.476302767926898,0.4997775565731226,0.465560286527859,0.5430930443381516,0.7766817839069335,6.723551093964815,0,0.0,0.0
1909.999999966658,1910000,296.126261570618,-308251.9437426217,59172.38788413565,0.3280729169742561,6.410735381424732,0.5015693800346286,0.4652240299183037,0.5448043986120021,0.7744392952971353,6.665400369064983,0,0.0,0.0
1911.9999999666106,1912000,300.0292790698884,-308154.1201201505,59952.29461770416,0.35747128296256636,8.665524198633818,0.5000110749834503,0.45300703310222534,0.5354729032339023,0.7603969686545362,6.666946224335632,0,0.0,0.0
1913.9999999665633,1914000,298.2877022529015,-309384.911099609,59604.29016042238,0.3451154263381382,9.339779337947084,0.5024642942793189,0.4604787580410883,0.5431863311748995,0.7691473304041319,6.63398143120574,0,0.0,0.0
1915.999999966516,1916000,302.01156376655837,-308427.66072227946,60348.39767977645,0.3493925618381393,4.883522963521811,0.4987582409759725,0.46282007733248687,0.54274481035565,0.7604297567464027,6.624559917613528,0,0.0,0.0
1917.9999999664687,1918000,300.0442746675692,-307763.98659877665,59955.291060227755,0.3374252201084735,3.8857792215654987,0.49985423046484273,0.4576836645020075,0.5464519603137195,0.7655009632642564,6.710217197466463,0,0.0,0.0
1919.9999999664215,1920000,299.1146701463827,-307433.3971284656,59769.53610889469,0.34430005681341147,5.655861734639215,0.5026940717747478,0.465886755571816,0.543050901572224,0.7757733916337131,6.677846847220593,0,0.0,0.0
1921.9999999663742,1922000,304.39706507662595,-308480.2112092441,60825.072082339604,0.31913937402030135,3.762891339120491,0.5009638992265272,0.46458404275936704,0.5374037180642937,0.7643129811547179,6.725636636906714,0,0.0,0.0
1923.9999999663269,1924000,302.30245484592143,-309137.6107188384,60406.523965803266,0.32980676623785443,4.931592389404098,0.5016487351170184,0.4564528923155846,0.5409028687422364,0.7588184719084143,6.651411939200834,0,0.0,0.0
1925.9999999662796,1926000,299.0883382448072,-307867.96299957484,59764.27442934796,0.33004245518747544,4.329672675261453,0.5002383200771203,0.46367845871162316,0.5380071574666552,0.7752777952036675,6.703633381547789,0,0.0,0.0
1927.9999999662323,1928000,299.8981183521763,-307978.26761222957,59926.085888959686,0.33868181464641883,3.089882508584516,0.4991105689913891,0.4575489200812157,0.5400375805568061,0.7681865129949084,6.801442541316895,0,0.0,0.0014425413168952517
1929.999999966185,1930000,299.59848880576646,-308829.9160207985,59866.21346951375,0.37191274553138076,6.330213045951411,0.5005903317906043,0.4600985182173316,0.5391368530784124,0.7641688072773984,6.750467199490835,0,0.0,0.0
1931.9999999661377,1932000,300.5038180544358,-308090.2303403821,60047.11769996256,0.3237135023821524,1.4705939373500097,0.4989525284522062,0.45281363687502996,0.5376031929603879,0.7650763937080614,6.694827276594523,0,0.0,0.0
1933.9999999660904,1934000,301.41893740542463,-308775.9597624256,60229.9782031472,0.3433768312609833,6.464646465034016,0.5006290371717643,0.4509752575184356,0.5358722353677114,0.7628530260094358,6.714271592776491,0,0.0,0.0
1935.999999966043,1936000,299.32005225163255,-308219.6249348759,59810.57586515219,0.3443946415777752,5.19010461835351,0.5014560495367955,0.4460945830355483,0.5405348792897868,0.7618701676280555,6.6554876135360175,0,0.0,0.0
1937.9999999659958,1938000,300.82307655069974,-308311.6182490182,60110.912405221185,0.3317852946273494,3.2890102429223544,0.498274488310565,0.4565087644214536,0.5373183945715372,0.7684234564604768,6.6549384761029415,0,0.0,0.0
1939.9999999659485,1940000,299.7430411737116,-308808.74641763046,59895.09813762881,0.3370572502685555,0.7799835522833667,0.5007059660323051,0.46272226349455714,0.5434671699054356,0.7673768360973767,6.666325062047363,0,0.0,0.0
1941.9999999659012,1942000,299.900685137843,-308189.8944679573,59926.59878787071,0.3424048111862673,1.138119545015597,0.4999677775947058,0.4545382567161249,0.5444925700302239,0.771745477840085,6.752612292211381,0,0.0,0.0
1943.999999965854,1944000,298.8778762979628,-308264.60650927434,59722.21961162436,0.3320402015200334,3.4128780353229846,0.4986340581102095,0.4497441036184755,0.544375686927216,0.7546774715732347,6.634913979729266,0,0.0,0.0
1945.9999999658066,1946000,300.40021301785123,-307964.94632078754,60026.41518820621,0.3326362262240249,5.205880771596862,0.5019823230960204,0.4598126831785967,0.5410586509179218,0.7712551410613449,6.588039229231683,0,0.0,0.0
1947.9999999657593,1948000,301.268575766433,-308727.21617508493,60199.93271789332,0.3317249379483369,10.39391607714874,0.5007322444458744,0.44829985170821596,0.5513157516365048,0.7753935494620889,6.639572548061459,0,0.0,0.0
1949.999999965712,1950000,299.66329118946027,-308953.4451205963,59879.162377737586,0.33043387283893444,7.832792276095127,0.5002569876434552,0.46627101276071825,0.5414204743697457,0.7698599623619797,6.629722665403371,0,0.0,0.0
1951.9999999656648,1952000,294.91165497608085,-309050.9476720379,58929.683396673485,0.3271226854330129,9.24957445704563,0.49926804027082217,0.45608171493713456,0.5390280347173189,0.7778208834653536,6.762132931101178,0,0.0,0.0
1953.9999999656175,1954000,301.6694339708615,-309138.1021673884,60280.03279761328,0.3533498482608314,6.960437245714776,0.5001784811809052,0.45994830680524323,0.5386026844560519,0.7719541827798699,6.6983859165885775,0,0.0,0.0
1955.9999999655702,1956000,300.5665671190141,-307814.5026854961,60059.656310921615,0.3384761899469634,4.548846458843843,0.5013944992997529,0.46428478438398635,0.5411182217902635,0.775614236341907,6.661443413916373,0,0.0,0.0
1957.9999999655229,1958000,301.5273392687507,-308126.88919431996,60251.639223922844,0.3494726744113317,4.27044848544113,0.49986306346873755,0.45109408896282877,0.543801544486962,0.7698604933145443,6.597449791694674,0,0.0,0.0
1959.9999999654756,1960000,301.71596347449434,-310006.8958854247,60289.330391897616,0.3224910982678607,6.0023011901287235,0.4993737625992466,0.4621559100643038,0.5390309046749904,0.7600404572128276,6.607060478639383,0,0.0,0.0
1961.9999999654283,1962000,298.5127547962229,-309140.295967028,59649.2604927296,0.3401539957372094,7.410329510757581,0.4998523564439702,0.4609703044035909,0.5387384348397042,0.7719456050657802,6.589810170051081,0,0.0,0.0
1963.999999965381,1964000,300.8684060485473,-308457.40169603704,60119.97021257337,0.3566898130303465,8.171025923140016,0.5042080673233106,0.4628638594984531,0.5475121557470022,0.7731154997754413,6.614878565428725,0,0.0,0.0
1965.9999999653337,1966000,301.41986538218214,-308840.1940301154,60230.16363283639,0.3443221537952491,6.603558452185675,0.501068051564698,0.46264150668612825,0.5384316914321525,0.7573330243701104,6.624384586719145,0,0.0,0.0
1967.9999999652864,1968000,301.2079267341842,-308287.29654123867,60187.813738502606,0.32118429215697186,4.388053368568953,0.5016374165955217,0.46298243148517404,0.5412393652102647,0.7670733404297732,6.703158338529011,0,0.0,0.0
1969.999999965239,1970000,301.50467439094587,-307470.8641615021,60247.11029449354,0.33534021471413644,7.050554103634011,0.5016283246799338,0.4546513569975721,0.5465328186318024,0.7791494589858416,6.741214519449514,0,0.0,0.0
1971.9999999651918,1972000,299.9624327978841,-308089.81290715374,59938.93729669296,0.355761712529913,5.761455284031045,0.49761828735501196,0.44672307819564594,0.5326750909471714,0.7679337199851091,6.751256490421165,0,0.0,0.0
1973.9999999651445,1974000,304.5862916708213,-308999.6919164737,60862.88362046639,0.3418168028251868,7.05945269725406,0.5008504685945833,0.46385644214574384,0.5413492996024143,0.7701671059231567,6.7303029630263325,0,0.0,0.0
1975.9999999650972,1976000,303.1487562091385,-307342.5413204166,60575.63315681371,0.3045913655346755,3.938401802509828,0.500675254059,0.45808627786710465,0.5432650807547983,0.77553698774231,6.815720777922408,0,0.0,0.015720777922408224
1977.99999996505,1978000,300.31864226136804,-308208.47003394365,60010.115598912686,0.36093254608565517,4.223960847715592,0.49829584449770037,0.45997925317272337,0.5431591330928889,0.7636270584197407,6.770269060321425,0,0.0,0.0
1979.9999999650026,1980000,296.9930629155233,-308712.6408207142,59345.59341182909,0.34651950290858263,7.027684850151886,0.4994331670472662,0.4619201936053665,0.5357081250828997,0.7859006650598426,6.7818902278815045,0,0.0,0.0
1981.9999999649554,1982000,300.16210833267314,-308398.847307235,59978.836757594676,0.3283868407223477,3.4403273185666072,0.5002357597444889,0.4579636323154084,0.5446868635505977,0.7721458473719807,6.7504004468111205,0,0.0,0.0
1983.999999964908,1984000,300.2691915151239,-308516.17521489644,60000.234277606025,0.3316143449778405,5.3174603940214835,0.5007743011460224,0.4478369182391395,0.5394481165311884,0.7697559513151049,6.737138892631023,0,0.0,0.0
1985.9999999648608,1986000,300.5745240816973,-308695.29994252836,60061.246282982094,0.3425404864984586,1.9274655207393165,0.4997805212464249,0.46245981982557627,0.5485639517008227,0.760172395450093,6.700761034020118,0,0.0,0.0
1987.9999999648135,1988000,299.0043269389422,-309423.2861971692,59747.48716586471,0.3240084603358482,2.786747791316456,0.5002243285460051,0.46024315100838287,0.5479365031257903,0.7768277039190634,6.7240556652833945,0,0.0,0.0
1989.9999999647662,1990000,299.0556274933805,-308825.21195720974,59757.73811858263,0.32418831654168523,4.160271620397827,0.4992023261732541,0.4624280532980407,0.5436578897585145,0.7646627804474093,6.667703398089401,0,0.0,0.0
1991.9999999647189,1992000,297.3082723195496,-308844.1379235671,59408.57902148372,0.32026592789295827,0.3850228846098617,0.5018186339715764,0.45729587134677896,0.5380967358711182,0.7647081378594915,6.672804312970868,0,0.0,0.0
1993.9999999646716,1994000,297.71830360178143,-308017.83340848517,59490.512079187436,0.30134648277808446,2.1510431529172847,0.4994366208939553,0.4565923105800733,0.5387117761853073,0.7704798240718329,6.792324794758329,0,0.0,0.0
1995.9999999646243,1996000,298.52774177878126,-309433.6731804176,59652.25521376667,0.34164256425096406,5.091759902542041,0.4983041768829307,0.4607973910074641,0.5412130338972791,0.7565295164008323,6.796984592127046,0,0.0,0.0
1997.999999964577,1998000,299.99028399075223,-308607.61690377817,59944.50256327447,0.3299805337125772,5.662688820112759,0.501503602681558,0.4592892248564242,0.5381419807969934,0.769814469294813,6.7696815129239525,0,0.0,0.0
1999.9999999645297,2000000,299.6199745788815,-307740.972804497,59870.50678849874,0.32382197048900685,2.905737036265812,0.498967961100104,0.4563438876736994,0.5334513351406613,0.7753938834776193,6.710387206104183,0,0.0,0.0
2001.9999999644824,2002000,297.76543302143716,-307668.81245088857,59499.9295495794,0.34005592869973517,6.675727842001417,0.4985729038674646,0.44746776221206375,0.5463575206298383,0.7660558449929766,6.721182050978584,0,0.0,0.0
2003.9999999644351,2004000,299.17276118608464,-307816.03100761026,59781.143946428594,0.3369868853814779,3.721904887441441,0.49911348018243773,0.4539179837246361,0.5387957526087117,0.7710271850539634,6.697546602139042,0,0.0,0.0
2005.9999999643878,2006000,301.8511403619662,-308330.8212611927,60316.34163762783,0.34254776099351564,8.103231355425804,0.49868141109081204,0.4488358907522212,0.5451453849381576,0.7666469069910598,6.600117826003981,0,0.0,0.0
2007.9999999643405,2008000,298.8293385076513,-308721.4243448484,59712.52071852343,0.33167560286033426,3.6758808562591474,0.5021337089811782,0.4621947090582703,0.5509285364175118,0.7546290490767422,6.626430132462261,0,0.0,0.0
2009.9999999642932,2010000,300.04835820158274,-307999.76500966586,59956.10703803839,0.33752325614806644,7.149328694649271,0.5015746484053683,0.465348012277202,0.5345405379949097,0.7498219667367043,6.619707879233644,0,0.0,0.0
2011.999999964246,2012000,303.5356889975295,-308550.1184179131,60652.95063929002,0.34258491631009513,2.1697261032052597,0.5003229830819026,0.4600677842047527,0.5440500769969745,0.7552858704199696,6.68281297992209,0,0.0,0.0
2013.9999999641987,2014000,297.6552947233402,-307833.215801951,59477.921551837746,0.3505114292235634,3.82396610032344,0.5005945735635347,0.46284388684357847,0.5545118922391721,0.7743364697742914,6.839119185154033,0,0.0,0.0391191851540329
2015.9999999641514,2016000,299.52250586494006,-308231.932190584,59851.03044581531,0.3548069227539439,6.030453821819503,0.5003805564100421,0.45327473946478314,0.5350298842878747,0.7660590914767509,6.726612477449343,0,0.0,0.0
2017.999999964104,2018000,298.8713916428833,-308308.03739138367,59720.92383824842,0.3414362239560016,4.658062500461538,0.5017878248570053,0.45694076935069633,0.5447232256967389,0.7679949837246092,6.641749008904675,0,0.0,0.0
2019.9999999640568,2020000,294.9058908473584,-307831.17804738414,58928.531599940674,0.331939478788308,2.0935125307563758,0.5023180229676248,0.46698904980918954,0.5388419787371621,0.7659069930685176,6.667576699192566,0,0.0,0.0
2021.9999999640095,2022000,297.43222117517575,-307336.4007140435,59433.34666527189,0.3336330260723296,3.6424893977026565,0.5008987456113113,0.4593893458507319,0.5509375116283461,0.7653922748181436,6.777864029124906,0,0.0,0.0
2023.9999999639622,2024000,300.8264536481979,-309111.7767256722,60111.58722184172,0.3211921683578586,4.82752105264826,0.4991267759866086,0.45969313693635416,0.5440305237685603,0.7730429571448578,6.718844656666704,0,0.0,0.0
2025.999999963915,2026000,301.9535858525369,-308510.62726329546,60336.81244718345,0.35367183090052456,4.117919467964535,0.4983865161586766,0.4580486019026653,0.5421502246355274,0.7685483406213383,6.800299750355222,0,0.0,0.0002997503552224501
2027.9999999638676,2028000,299.07397665155804,-308472.0226504463,59761.4046745283,0.340375834102733,8.95204887557226,0.49938295571208147,0.45934966553024337,0.5319832342092123,0.7640887941912915,6.737309612668554,0,0.0,0.0
2029.9999999638203,2030000,297.0032657566683,-309538.77017886844,59347.63215864794,0.3450626359418281,1.767035441432226,0.4991377940843679,0.4581459863208579,0.5445818248037004,0.7715390397325392,6.763174728363907,0,0.0,0.0
2031.999999963773,2032000,299.2487320883928,-308625.9980837768,59796.3245645725,0.3433503243633981,6.468755124025569,0.5009036232113394,0.46150789166348494,0.5439470722060396,0.7730763803698242,6.6814441157535605,0,0.0,0.0
2033.9999999637257,2034000,298.92330018059897,-308703.8528394131,59731.296279084694,0.33370146323825783,1.9170202988424145,0.49883027556619636,0.4559270370452362,0.5446886760239718,0.7653387142516177,6.634783513306914,0,0.0,0.0
2035.9999999636784,2036000,302.65056519620276,-307543.92548926035,60476.08389123534,0.3502518575017323,4.882051523479445,0.49978833399960504,0.437460881931079,0.5367704525199111,0.7660079727082101,6.644486318791799,0,0.0,0.0
2037.9999999636311,2038000,302.41254736697044,-307749.1116315527,60428.52281630745,0.3112256542945153,1.305926690113698,0.5009322639820404,0.45644054021690894,0.5426795735591678,0.7686459712800389,6.683442375697908,0,0.0,0.0
2039.9999999635838,2040000,297.5229601198883,-308145.3103142418,59451.47825550726,0.32503038245289567,2.9871938694950457,0.49856658399275494,0.4625364335061164,0.5399329249049796,0.7646781440872132,6.639252903988421,0,0.0,0.0
2041.9999999635365,2042000,295.9277643524454,-307924.71747445175,59132.723876204254,0.3660796000582976,3.5822340835931614,0.49909935829149016,0.4560381645956708,0.5428336652869898,0.7611088830328372,6.728971782702132,0,0.0,0.0
2043.9999999634892,2044000,300.7092395250854,-308199.16633897927,60088.165322272514,0.3333504396483702,5.234780094398358,0.501145341850243,0.466339402968984,0.5430952748439175,0.7717311018484772,6.724103338138114,0,0.0,0.0
2045.999999963442,2046000,300.1034427156883,-307364.9763964503,59967.114107177666,0.34721087626502056,2.0720134157595687,0.5004090462628308,0.45047599737112565,0.5393680066959661,0.7641738198379384,6.727186021531338,0,0.0,0.0
2047.9999999633947,2048000,304.021988089317,-308508.370308036,60750.1236435833,0.330224614272594,2.22254044224612,0.5011524113165431,0.44788887709197933,0.5375166761336718,0.7688755991217495,6.573969543595709,0,0.0,0.0
2049.999999963802,2050000,296.4703380954814,-308984.4684623047,59241.14176460223,0.33568239952276835,2.848540486737518,0.5020077035853726,0.4596023134834377,0.5512923331296271,0.7741465229140765,6.613552675256223,0,0.0,0.0
2051.9999999642096,2052000,298.0243556830714,-308071.8726003822,59551.66785905912,0.3364883856866663,2.1644652573669516,0.4951054117013194,0.4510232571805264,0.5362664733184452,0.7682203833239765,6.612321371125072,0,0.0,0.0
2053.999999964617,2054000,297.49423331414914,-308443.00675257994,59445.73802266586,0.3407600803863119,0.740891827075024,0.5022771715540224,0.4575864300609491,0.5397374711650214,0.7777492095597864,6.638584645151841,0,0.0,0.0
2055.9999999650245,2056000,298.23650519332926,-308187.98339609243,59594.05988820178,0.3432015907936833,6.3155274060977735,0.504093228426247,0.4600904118456439,0.5446470592549844,0.7719001840141444,6.608713072438384,0,0.0,0.0
2057.999999965432,2058000,297.8004404526354,-308138.78533084365,59506.92478629601,0.33568496030337536,1.52355816693608,0.5021767315863883,0.4562648544583565,0.543546854356522,0.7749716511778733,6.596102867955338,0,0.0,0.0
2059.9999999658394,2060000,299.20426659102225,-308583.7142683072,59787.439403074444,0.3185254105652441,3.5902809572457692,0.49871140090892496,0.4606856554040464,0.5386452942574724,0.7624640571867447,6.627304272623718,0,0.0,0.0
2061.999999966247,2062000,297.919101892252,-308003.8192237923,59530.63589079123,0.34174639332227696,4.43449331770557,0.5015364418949749,0.4581418285176473,0.5601137142616013,0.7739684065652108,6.702333542442425,0,0.0,0.0
2063.9999999666543,2064000,300.91764547511735,-309924.69095955277,60129.80930766997,0.3467413456105748,2.8758504716016864,0.5005293003737181,0.4611955161318537,0.545923945305614,0.7741689365693798,6.686804021963624,0,0.0,0.0
2065.9999999670617,2066000,299.1896440103467,-308562.7807342913,59784.51749736094,0.3346994061514105,2.4827873177711712,0.5005595199399422,0.46429204191551854,0.5466449424768367,0.7829665724170312,6.641593136092936,0,0.0,0.0
2067.999999967469,2068000,298.0477148401312,-308022.5520663173,59556.33552039675,0.3213795386781248,3.042308003622472,0.4998222431785417,0.45645793261744316,0.5391888266898714,0.7638008386566941,6.643340439299351,0,0.0,0.0
2069.9999999678766,2070000,298.2495115831056,-308925.13525348296,59596.65884425766,0.33391599542793093,4.91994983700914,0.49953052524646346,0.4568588613961708,0.5404532835753368,0.7698047708687956,6.666649095166818,0,0.0,0.0
2071.999999968284,2072000,298.66636761562046,-308865.23628501454,59679.95563366426,0.33193760485117724,6.441750900614862,0.496953521976983,0.44315510118905,0.5355335864209589,0.7545915697926651,6.710361205244837,0,0.0,0.0
2073.9999999686916,2074000,296.9795138164519,-308472.85087651527,59342.8860107986,0.3296794303948594,4.826439868519487,0.4999279358293684,0.46127090376953017,0.5459578001037046,0.756946274329132,6.656456779801275,0,0.0,0.0
2075.999999969099,2076000,297.48982120424375,-308431.36981908977,59444.856388334185,0.3558958208365091,11.983703123700005,0.4997658390628023,0.4627995387392687,0.5394546596081415,0.7717183717997997,6.691718086221774,0,0.0,0.0
2077.9999999695065,2078000,301.83863553001544,-308164.710515257,60313.842903599,0.35493287998194106,1.999685028643591,0.4986791836934282,0.44880997193675487,0.5412508962685818,0.7785507284844737,6.650222841647761,0,0.0,0.0
2079.999999969914,2080000,301.2893371132971,-306831.71962815477,60204.08128095262,0.3543573260366355,1.7817918256663943,0.49764069384978193,0.4544208700190806,0.5371448346903782,0.7552166490286387,6.720811273255691,0,0.0,0.0
2081.9999999703214,2082000,302.5273309901715,-307906.8899365375,60451.459049786965,0.3292484551381238,6.732266931451246,0.4992065510038662,0.4567077739968538,0.5500566512785685,0.7634428988030422,6.651705120472343,0,0.0,0.0
2083.999999970729,2084000,300.0394566879964,-307613.15179745853,59954.32832441841,0.3294077478544185,7.736137842622241,0.5020002002475138,0.46058615755123955,0.5408730537116124,0.7671913542676609,6.739998899988841,0,0.0,0.0
2085.9999999711363,2086000,300.0315723109055,-308865.44954611594,59952.75285651843,0.36541757440556966,3.0632198183176933,0.4992120279109541,0.4581016617763073,0.5390144475997722,0.76906544566355,6.624892997012481,0,0.0,0.0
2087.9999999715437,2088000,298.92166997797176,-309280.2938758442,59730.97052958286,0.3476790125054431,7.95867248137058,0.5021407430154968,0.45625144696543707,0.5394658815928945,0.7697063136055977,6.715870288800197,0,0.0,0.0
2089.999999971951,2090000,300.6580638950897,-308387.4358305186,60077.93933214161,0.3215553519035709,4.0868331734422325,0.5009185056928956,0.46654326692950754,0.5434463988897651,0.7719818767027142,6.641752350484111,0,0.0,0.0
2091.9999999723586,2092000,298.87445800598783,-308290.349904228,59721.53656346249,0.3584943507793039,8.833116595895866,0.49819799345799365,0.4559372785432467,0.5384548014135824,0.7764901108770808,6.5992765988182285,0,0.0,0.0
2093.999999972766,2094000,302.25377413587665,-308470.85795411,60396.79651426971,0.33269061990177295,3.54845846081593,0.4999468926984243,0.4553937227163356,0.5448926407381975,0.7686109361262918,6.70061308993337,0,0.0,0.0
2095.9999999731735,2096000,303.14104878563563,-307618.0847192174,60574.09304804159,0.3185700102516561,2.078124330926967,0.5018341519478263,0.4622847268075061,0.5400643547775488,0.763099305673216,6.737008893570945,0,0.0,0.0
2097.999999973581,2098000,298.9469009658411,-308199.2432018542,59736.01222292335,0.30903565518286835,5.388372651158546,0.5000859671571847,0.46259047960750177,0.5394900217104386,0.7749648016723185,6.737435349267929,0,0.0,0.0
2099.9999999739885,2100000,300.14285993001073,-308061.5167389717,59974.99051328507,0.3297029684423588,3.2737871106142173,0.5012375361639815,0.4587349357723052,0.5499535528588932,0.7666491121502084,6.606053458130127,0,0.0,0.0
2101.999999974396,2102000,302.72025868430904,-308466.82316938415,60490.01014718221,0.33606884737115594,5.1126414174122745,0.5024071127700387,0.4600225691750503,0.5440393591815358,0.7729170106932095,6.653772793456099,0,0.0,0.0
2103.9999999748034,2104000,299.213313064365,-308715.57852028636,59789.2470827675,0.3375462926474968,6.945229779071383,0.5002223776254217,0.4526494576753901,0.5428412394586797,0.763689350368649,6.640786653056347,0,0.0,0.0
2105.999999975211,2106000,302.14663250004884,-308900.2826076471,60375.38731401803,0.336136170440367,1.3274320976977043,0.4983398913030687,0.4594980877109043,0.5382555002148575,0.7506357028440362,6.705177264916333,0,0.0,0.0
2107.9999999756183,2108000,298.6005325888277,-308101.9117666576,59666.80038116799,0.34882815144404533,2.2064208279383464,0.5009396723276506,0.4583728561281064,0.5512053788869071,0.763649101017541,6.653095887738431,0,0.0,0.0
2109.9999999760257,2110000,299.3036129386672,-308035.8252795171,59807.29093730359,0.3190810171468022,2.9091846766285383,0.4976731009138759,0.4671319015672388,0.5317001289518757,0.748427002669878,6.73382221261582,0,0.0,0.0
2111.999999976433,2112000,300.43568617258325,-307924.18921885407,60033.50348648864,0.3406149157417015,10.465914151284021,0.4975536558587183,0.44910189702442627,0.5445762968257659,0.7684702586884349,6.656413003018173,0,0.0,0.0
2113.9999999768406,2114000,301.11075296436525,-308148.4073475688,60168.39633199028,0.3487100726893956,8.31248082431415,0.5005129433676418,0.4579398612439032,0.5484196321441583,0.7684048886345938,6.677536089902603,0,0.0,0.0
2115.999999977248,2116000,300.74373499552786,-307896.2057132949,60095.05825823313,0.34031699362639856,5.986650635887156,0.5017585332602881,0.46414412115492354,0.5433275177512398,0.7684769375514371,6.629967561078885,0,0.0,0.0
2117.9999999776555,2118000,300.47657764178973,-308199.4446844412,60041.67448038903,0.3404518936861808,4.817887045547926,0.49967895505623017,0.46550531806525264,0.535796937636215,0.771185980960694,6.744154676965223,0,0.0,0.0
2119.999999978063,2120000,301.5694654581431,-308717.6572212046,60260.05694143829,0.3260450912769536,4.0961630096007,0.5009945875347084,0.46222245707187853,0.5452770154094981,0.7728141007460589,6.76364231805585,0,0.0,0.0
2121.9999999784704,2122000,302.0645485983275,-308931.89690822875,60358.98518728353,0.33732146668937735,4.533520883498983,0.5006267937211952,0.45360355607313885,0.5428478183144225,0.7683350886358618,6.737331978386827,0,0.0,0.0
2123.999999978878,2124000,299.6003357072647,-307632.8145429562,59866.58252010474,0.3459568784671198,6.440711498308302,0.49977548790793697,0.4616074775221959,0.5341471887918807,0.7564365648625024,6.767117746295483,0,0.0,0.0
2125.9999999792853,2126000,299.20395149876964,-309171.2637408632,59787.376440874155,0.35208072281633407,0.6080038838431148,0.4999575946099788,0.4578819758282098,0.5473619840835457,0.7740453358348125,6.707916591990511,0,0.0,0.0
2127.999999979693,2128000,301.0952924869327,-308692.785265815,60165.306996506624,0.34874562363345707,7.8562081182384125,0.5003139490158101,0.4632110722633547,0.5515826477626256,0.7664306391669822,6.6155347403906575,0,0.0,0.0
2129.9999999801003,2130000,302.546650430091,-309133.6724488372,60455.31948886643,0.3377417252931453,8.459652530949198,0.4994381664740314,0.45058820183207304,0.536387610567572,0.7783502223699781,6.742407165515289,0,0.0,0.0
2131.9999999805077,2132000,298.77668758988534,-308225.6076863976,59701.9999342067,0.344959695956947,2.7141599937855583,0.5004132877842236,0.45787048834003663,0.5452464168236606,0.777117219667808,6.791952115225307,0,0.0,0.0
2133.999999980915,2134000,300.6155047403805,-308615.0929407659,60069.43509885573,0.3319600022170035,5.716194675301553,0.499749340718445,0.4660322818691025,0.5326952979456179,0.7738861409643514,6.6991072675557035,0,0.0,0.0
2135.9999999813226,2136000,297.90944520589363,-308320.9870373169,59528.70627743022,0.33820480467865555,9.65452612030771,0.5020420165360446,0.46274045992359447,0.5449367602338633,0.7733353033890786,6.636740743266799,0,0.0,0.0
2137.99999998173,2138000,298.8682628386025,-307563.4291505227,59720.29863594608,0.33736757157962527,5.748082593641958,0.49913231513732137,0.45230554508269893,0.5387159801423547,0.7740061588023863,6.689556807090199,0,0.0,0.0
2139.9999999821375,2140000,298.2749904074439,-308254.1679068636,59601.75006064821,0.3448250380962663,4.292225989168788,0.5015270694590085,0.4636977481274336,0.5493771853409211,0.7644085844697082,6.661461769732078,0,0.0,0.0
2141.999999982545,2142000,294.2312580592757,-308757.998497203,58793.725477700595,0.3589576138045443,5.261608641606879,0.5002346024166451,0.46241152247151435,0.5384187127111204,0.7813138381880826,6.686032098997643,0,0.0,0.0
2143.9999999829524,2144000,298.32402714476825,-308565.6357129365,59611.54865407974,0.34721856176313337,4.959953444445303,0.500814956976243,0.4613458236982797,0.5485184353229151,0.7736780497675362,6.702291578641919,0,0.0,0.0
2145.99999998336,2146000,298.0437660613693,-308247.62190812174,59555.54646957995,0.34068179285329636,7.02889659864843,0.500143614626305,0.4657147348948403,0.5390786690438283,0.7800093693749393,6.629970472940059,0,0.0,0.0
2147.9999999837673,2148000,299.78597899952405,-307757.56156350113,59903.67803753502,0.32551440780623775,5.5623622732034566,0.49982993998600134,0.46395881859041577,0.5482467037020946,0.7701775397602946,6.565088068492798,0,0.0,0.0
2149.999999984175,2150000,300.9164262848709,-308159.1065032203,60129.5656872704,0.347174223379661,10.502378876211662,0.4977703519516471,0.4519920094800023,0.5423407386102124,0.767600018942403,6.687844285024737,0,0.0,0.0
2151.9999999845822,2152000,303.0205246692333,-308453.1745173414,60550.009740714086,0.3272876584770571,3.2199016948196366,0.4997783977495279,0.456590253084741,0.5505816711709937,0.771496251587001,6.541446802193825,0,0.0,0.0
2153.9999999849897,2154000,298.9593890485333,-307767.643302612,59738.50761009054,0.35714941732216243,1.8108571601155887,0.5004506393882321,0.4642428253443347,0.5342740459819373,0.7779440869952531,6.765188414130279,0,0.0,0.0
2155.999999985397,2156000,300.24975869641656,-307549.1267639715,59996.35118300938,0.3321571397051073,4.987866425459245,0.5012613200710654,0.4549542676642734,0.5392335291063848,0.773607804973584,6.670011827305785,0,0.0,0.0
2157.9999999858046,2158000,303.7444049687369,-307798.9070201698,60694.656573577624,0.33361424768114967,2.682840254122533,0.5016652699465021,0.4559998159040086,0.5390068878637767,0.7729637704848482,6.657040864995892,0,0.0,0.0
2159.999999986212,2160000,301.07359854841945,-308320.92998217,60160.972081603664,0.3417152726303783,5.16106034380621,0.49961738185898813,0.45234580664090007,0.5422922744388821,0.7592690269291325,6.667062942707162,0,0.0,0.0
2161.9999999866195,2162000,299.40164788086906,-308512.66342469025,59826.88042455609,0.33031007951983377,4.515371966182322,0.49877892842342736,0.45927574864509224,0.5374054371950394,0.7732609425081316,6.730043782950112,0,0.0,0.0
2163.999999987027,2164000,298.7296461776833,-308317.643901153,59692.6000495944,0.35919977189243746,4.594322653749167,0.5009405278269206,0.46669998762319764,0.5432488286537138,0.7584434167514665,6.7908025120422195,0,0.0,0.0
2165.9999999874344,2166000,296.7968440567435,-308715.1629448533,59306.38466904377,0.3553401760493189,6.661393115907044,0.5021966001879847,0.46652349803383963,0.5486233134035166,0.7724779182843813,6.776872305253093,0,0.0,0.0
2167.999999987842,2168000,300.98451147194965,-308573.500746225,60143.1705701255,0.33879084057976916,6.306840143335661,0.5002871762487398,0.4553972860196769,0.5371869971135723,0.7723791139370881,6.771247218758845,0,0.0,0.0
2169.9999999882493,2170000,301.2738197269971,-308542.2449358511,60200.98057385483,0.3340385862408005,5.215070896633458,0.5008926275107703,0.4582978134646689,0.5406497658491856,0.7664601985998072,6.701357618078504,0,0.0,0.0
2171.999999988657,2172000,301.62197378510456,-308252.4635780514,60270.54923304941,0.34283536883565047,3.275611481532062,0.49775788949931965,0.46260790502318105,0.5375544491016795,0.7650173363260859,6.772086100297894,0,0.0,0.0
2173.9999999890642,2174000,305.84242204907144,-308786.40303749405,61113.88545184951,0.33218112105773184,10.784434466074766,0.499235422384886,0.4535615888284852,0.5428225837214864,0.7684944981589155,6.763927753745378,0,0.0,0.0
2175.9999999894717,2176000,300.4863650622101,-309235.44182446785,60043.63021722381,0.3406236891166672,7.951215578247718,0.5011636648754385,0.4628164783079951,0.5371135552499364,0.7656658264894729,6.831210122200302,0,0.0,0.03121012220030206
2177.999999989879,2178000,299.3565288826777,-308963.05623621587,59817.86467955677,0.33729310060637263,5.396976987814481,0.4988582341906872,0.46143156623722925,0.5405289454381448,0.7696605515398627,6.751322841769884,0,0.0,0.0
2179.9999999902866,2180000,300.29884497525444,-308248.48433223227,60006.15967589946,0.3098327332838542,1.671018485397185,0.49954770145730454,0.45775460632619813,0.5413901679977817,0.7654439758975582,6.805500995984946,0,0.0,0.005500995984946577
2181.999999990694,2182000,298.1205027876663,-308757.9762251214,59570.880115806794,0.3215377314299753,3.3420376455795626,0.5017620060026007,0.4621210079371836,0.5475814432623478,0.774422942502888,6.644782999614591,0,0.0,0.0
2183.9999999911015,2184000,299.95644532462444,-309052.87407611357,59937.74087092414,0.33829217728605954,5.975404076211005,0.5009909141466901,0.4580647790668282,0.5345809745022674,0.7573083505770413,6.6849496539783075,0,0.0,0.0
2185.999999991509,2186000,299.35648323896993,-309125.1051177182,59817.85555896352,0.32650165450567,3.013476722490067,0.4984512144338496,0.4629079440121182,0.5413626795240081,0.7632750734949028,6.733091784569446,0,0.0,0.0
2187.9999999919164,2188000,298.8419884657573,-308297.43723981734,59715.048451875395,0.33250834105594534,1.6843056109398458,0.49920011823272964,0.4581346669370312,0.5565539123890355,0.7687432626605775,6.672646026967376,0,0.0,0.0
2189.999999992324,2190000,300.7536587067847,-308758.5933943689,60097.04122890458,0.34547660704336625,6.243996622891354,0.49994562915979424,0.4525513352922802,0.5399346279957333,0.7852189199948629,6.727358903028616,0,0.0,0.0
2191.9999999927313,2192000,300.4591950959072,-307670.02018326055,60038.20107434285,0.3266244455453126,2.304378663987513,0.4997393835786839,0.4547861784792515,0.5489231636543277,0.7531982261026631,6.626220658804996,0,0.0,0.0
2193.9999999931388,2194000,303.8551534319511,-307301.18763002893,60716.78649541613,0.33134504090851213,2.3574427024688527,0.4996596937250859,0.4390943185423204,0.5362173988920551,0.7609935525924652,6.615369408477079,0,0.0,0.0
2195.999999993546,2196000,299.8282160064798,-307968.1769421031,59912.11789878,0.3190516870560336,5.362180066689991,0.4995324323973973,0.45961867949628576,0.5421768234849118,0.7761029995860085,6.671370446477454,0,0.0,0.0
2197.9999999939537,2198000,304.17900389487977,-309734.88234655466,60781.49877425027,0.34413553321883317,7.694963503373917,0.5006767242104508,0.46278706561889327,0.5406036082642061,0.7639513690362874,6.638157778967141,0,0.0,0.0
2199.999999994361,2200000,303.28793554157346,-308487.33137796866,60603.44417702049,0.3369342078179557,8.03450844869639,0.5005214939605122,0.4558759088520645,0.5478672598423593,0.7501769848766227,6.6298877685206605,0,0.0,0.0
2201.9999999947686,2202000,301.9859915780612,-308088.42287217686,60343.287807221495,0.33315525942314517,2.7790703060868456,0.5012745471062109,0.45983917192169743,0.5439905038757349,0.7618010586076251,6.711692926164531,0,0.0,0.0
2203.999999995176,2204000,302.4582751833633,-307377.71943563875,60437.66021626091,0.3317208323713166,2.110047662477875,0.49909341397689494,0.4594635313022417,0.5389795067853953,0.7673626328939758,6.693206745348679,0,0.0,0.0
2205.9999999955835,2206000,300.4993221908345,-307628.8296696958,60046.219329843414,0.35282547198420555,2.9391311014949446,0.5030442085698572,0.46522087886490393,0.5446538900186404,0.7548197621732946,6.676665874254958,0,0.0,0.0
2207.999999995991,2208000,297.5804483338043,-307661.7339356574,59462.96563550039,0.3213611734190555,1.4788707074304257,0.4985391103647501,0.4590705793596399,0.5409910209303188,0.7711768311072476,6.691713522242409,0,0.0,0.0
2209.9999999963984,2210000,298.38905977799163,-308034.5179273337,59624.543571105365,0.32343863931637135,3.162917467252475,0.4992369772370146,0.46386496349407125,0.5395968772091777,0.7678152147482766,6.595720759400592,0,0.0,0.0
2211.999999996806,2212000,301.50452696975856,-308178.3247962361,60247.0808365737,0.32920302675234026,0.2854791448487293,0.49915968524457677,0.46118199695096873,0.551155379431643,0.7697426239180505,6.537312918679483,0,0.0,0.0
2213.9999999972133,2214000,299.44342738180507,-307734.21342632733,59835.22886627105,0.33949450379579743,2.4950011663707916,0.4991539050639054,0.46135760133700376,0.5417642290939924,0.7738402134290379,6.601912974195082,0,0.0,0.0
2215.9999999976208,2216000,299.3669912043991,-307413.08102950966,59819.95527616844,0.3374130157010212,3.497192312691337,0.49882585288787284,0.45187955741368446,0.5445993477994069,0.7602231230951411,6.5708299620669735,0,0.0,0.0
2217.999999998028,2218000,300.97291911579083,-308186.7807229357,60140.854168359976,0.347689259139217,5.379613692531935,0.4986143987666992,0.462487219774528,0.5407418321077966,0.7609503364616712,6.667941274137831,0,0.0,0.0
2219.9999999984357,2220000,301.03547245776855,-307737.432399835,60153.35366973929,0.32537393124566727,3.7110353271528704,0.49941712144804107,0.4588075780490728,0.5418269820398436,0.7641962714066075,6.723653680397042,0,0.0,0.0
2221.999999998843,2222000,300.773477580309,-308663.17246771744,60101.00146554617,0.3250241737108191,3.3658876745092177,0.4988843284136823,0.4631148377079546,0.5459893159417089,0.7741943254153583,6.7302382507271545,0,0.0,0.0
2223.9999999992506,2224000,300.41875019166883,-308194.1641416005,60030.119313715346,0.3163741171847695,0.8987943305433358,0.5001362212276649,0.45553021841940744,0.5464532617533049,0.774400527877134,6.537709627287214,0,0.0,0.0
2225.999999999658,2226000,299.69742269760854,-309110.03085165145,59885.9825862139,0.3200024751995163,2.906267377460393,0.5009527633740612,0.4518879032187708,0.5542706427961086,0.7656154202441972,6.6602465313028745,0,0.0,0.0
2228.0000000000655,2228000,300.6394947803515,-309815.97340867063,60074.22882415045,0.3180198110535334,2.834820594881853,0.499875723130373,0.45909299386125824,0.5397131877435903,0.7620353637259103,6.61440448261564,0,0.0,0.0
2230.000000000473,2230000,297.2617676034184,-308987.64603296714,59399.28638027466,0.33342914712858773,10.711577776403828,0.49669390748450826,0.45789228957720507,0.5361829478371156,0.7731765340580576,6.708198025496124,0,0.0,0.0
2232.0000000008804,2232000,301.03422039940443,-309632.5653938395,60153.10348158381,0.3565153106446313,6.404969865506087,0.498637720177679,0.46059750044369885,0.5392662978157405,0.7697370507581782,6.645367425921123,0,0.0,0.0
2234.000000001288,2234000,297.32192817987504,-309262.6652566041,59411.30775570602,0.32256491788803754,4.1351656974572,0.5007469461011451,0.462976537025682,0.5412574156179861,0.7728490262079275,6.5892352211682095,0,0.0,0.0
2236.0000000016953,2236000,298.97546151233155,-308857.48901214125,59741.7192335956,0.3482857256140023,4.37069830266903,0.4979838990672346,0.4556109981470744,0.5328475362432163,0.7637100628453943,6.568332882821139,0,0.0,0.0
2238.0000000021028,2238000,299.78302812151895,-309025.9644474527,59903.08838872444,0.3303984740944035,0.329723498743027,0.5001005755205588,0.4557144670492075,0.5503972570884752,0.7696667990527546,6.55471432230712,0,0.0,0.0
2240.00000000251,2240000,297.05638583998274,-309022.60959662637,59358.24669231897,0.3512877487218725,8.782134922225325,0.5007466899264431,0.4661820811743054,0.5340168279026756,0.7718794898210986,6.607952710322955,0,0.0,0.0
2242.0000000029177,2242000,297.9018261574353,-308653.048849721,59527.183827890316,0.33298415152806743,6.052838299050996,0.4981210065963065,0.4517074793558036,0.5522096090357693,0.7663955557582609,6.587428904745735,0,0.0,0.0
2244.000000003325,2244000,297.9847682789639,-308217.55361463176,59543.75744537696,0.3338405560522178,3.4287039958237266,0.49635275924096106,0.4535614602805724,0.5438865846877547,0.7688225812257272,6.689821644313248,0,0.0,0.0
2246.0000000037326,2246000,299.62729127281574,-308640.290784074,59871.96882111013,0.330881043496593,1.3803262876462157,0.4990472335558571,0.46195543930244476,0.5334353207175297,0.7819360428843476,6.701070306831246,0,0.0,0.0
2248.00000000414,2248000,301.663378858323,-307953.0203050175,60278.82285606365,0.3347219895135676,4.159257872894328,0.4993905132349077,0.45872187551732524,0.5406530605915751,0.7736202901010838,6.584368335065896,0,0.0,0.0
2250.0000000045475,2250000,300.9867561186292,-308623.59619683214,60143.619098747324,0.365672420685062,1.9321174425785204,0.49740722629663814,0.4589514208329959,0.5406055795662077,0.7677703896620507,6.706947494526474,0,0.0,0.0
2252.000000004955,2252000,299.5676682635243,-307863.83301897906,59860.05486314537,0.33291724572155135,3.5259069561867684,0.5006171448673996,0.45905658930226,0.5469159151878884,0.7509124080213461,6.704193092555785,0,0.0,0.0
2254.0000000053624,2254000,297.60079028443766,-308118.0498306635,59467.0303941841,0.330217522979229,1.992606939191081,0.5007771288654348,0.4605584387824666,0.541108376370631,0.7566691649699477,6.645810004091828,0,0.0,0.0
2256.00000000577,2256000,298.6868462944015,-307969.5593015058,59684.047713568834,0.3194875198030075,5.521578101707932,0.4991027290310569,0.4626952535734814,0.538813961330801,0.7625709716210558,6.649398170073695,0,0.0,0.0
2258.0000000061773,2258000,298.3597430736072,-307665.66005670186,59618.685463843554,0.33123654314424256,5.253605340113585,0.49959329722434975,0.462598804845475,0.5400136098806145,0.7603763022212178,6.588316154043682,0,0.0,0.0
2260.0000000065847,2260000,298.6516191847598,-307620.6338174944,59677.00858038051,0.34458766544357156,2.7898147434591096,0.5026598860507978,0.4634853816914317,0.5490005617037486,0.7702090342049495,6.600845596618711,0,0.0,0.0
2262.000000006992,2262000,300.27143356688606,-307474.47727385163,60000.682287707605,0.30275788567297224,2.458046425494399,0.5003227396060859,0.4576429792132899,0.5462199238599261,0.7566381823384463,6.583926863486411,0,0.0,0.0
2264.0000000073996,2264000,302.83732098498007,-307851.79492501775,60513.401709366444,0.3489037376675852,8.573965377075623,0.5008026883475649,0.4603723016804677,0.5473545239599185,0.7683311459426818,6.619676433987436,0,0.0,0.0
2266.000000007807,2266000,302.71358663432324,-308569.68201480154,60488.676928278735,0.3279283174637303,4.917694752183562,0.50151562963171,0.462763383279273,0.5430705331011509,0.7710710580329518,6.6951811215773205,0,0.0,0.0
2268.0000000082146,2268000,301.84014858196804,-307901.855733044,60314.14524387964,0.34759034264772865,1.3216429223618087,0.4957508711195993,0.45237036850240786,0.5415478824718019,0.7594048113615912,6.678018745391867,0,0.0,0.0
2270.000000008622,2270000,302.9173136687559,-307736.953477887,60529.38596583588,0.32491402104180256,6.053560452597823,0.5007302597973067,0.46121511993075615,0.5344982811857149,0.7670578532809422,6.663067661406771,0,0.0,0.0
2272.0000000090295,2272000,299.3742423084406,-308774.3114285846,59821.4042025104,0.3158928273906517,6.132242853379096,0.5002276154657374,0.461516398997051,0.5402994030197483,0.7573392190998582,6.670417207511981,0,0.0,0.0
2274.000000009437,2274000,296.8592066982066,-309732.5269017224,59318.84606436401,0.337832577859952,7.950194328576224,0.49986013209227476,0.46000645989790545,0.5405280377726935,0.7625874306436415,6.630387492669016,0,0.0,0.0
2276.0000000098444,2276000,296.1024192827174,-308673.3563499823,59167.62368287833,0.33735943446047845,4.076768042488537,0.5009131732121812,0.46117225709379905,0.5394919215951344,0.7653450976697204,6.62282727696946,0,0.0,0.0
2278.000000010252,2278000,298.56830070334144,-308402.94917978346,59660.35975810363,0.32499779740115,5.087338945620011,0.49958375549182654,0.45551991785217405,0.5381082450883667,0.7596794427225264,6.80021681462398,0,0.0,0.00021681462397982187
2280.0000000106593,2280000,300.52084270062244,-308538.6124922917,60050.51958996178,0.33636895147150336,1.067717318638835,0.5020999456233106,0.4595261014219316,0.5494769948874216,0.7681400113258823,6.631787764914699,0,0.0,0.0
2282.0000000110667,2282000,298.79117175217357,-308728.29619761277,59704.89418095317,0.365809626346355,3.5662304063929327,0.49797057335560674,0.457945764264705,0.5432889206237999,0.760093256053965,6.572621505809636,0,0.0,0.0
2284.000000011474,2284000,299.2643134327743,-308576.39350719796,59799.4380518688,0.32523279575601294,4.744990664830591,0.4994351120584194,0.4545035266937072,0.5481766203574239,0.7686163404173953,6.608156159367013,0,0.0,0.0
2286.0000000118816,2286000,300.5211408854472,-308137.74001956405,60050.579173694816,0.36077277554531667,2.5837917818803633,0.49806298711461267,0.4557939664819868,0.540082726793651,0.7715401609307504,6.59342679160865,0,0.0,0.0
2288.000000012289,2288000,297.5334327250534,-308899.8727184348,59453.57090697187,0.3430524661101064,3.9508726078714274,0.5003178572331413,0.4679879157758018,0.5419415230857092,0.7691106133569616,6.577008641002024,0,0.0,0.0
2290.0000000126965,2290000,301.08273176520623,-308486.7792610442,60162.79709450009,0.3234685884573665,1.5484090505427006,0.5000240609333385,0.4569678242280242,0.5436943741174498,0.753241643989691,6.619542139966946,0,0.0,0.0
2292.000000013104,2292000,297.67553571663103,-308232.86659752624,59481.966137075855,0.32849259720654284,3.9515126763799406,0.4991161622496481,0.46080669950760056,0.544475188509705,0.7685395054755144,6.6201521193172965,0,0.0,0.0
2294.0000000135115,2294000,303.47956125982734,-307301.4063365655,60641.73511166759,0.3312854759740814,5.934796768938511,0.4993658015469955,0.46098761264461885,0.5440969309658374,0.7656391513245371,6.66130044786334,0,0.0,0.0
2296.000000013919,2296000,300.90693525028973,-308362.2735443902,60127.669174692695,0.3355921167885289,5.358594553368924,0.499905123065616,0.4479252841516441,0.540119267595621,0.7744294975857033,6.518657398596048,0,0.0,0.0
2298.0000000143264,2298000,297.7842912694188,-307652.1227903948,59503.697832603226,0.34676847505380737,4.546539795073335,0.49992521252897015,0.4549272444528514,0.5495752331667809,0.7518018573600775,6.597322151461313,0,0.0,0.0
2300.000000014734,2300000,299.8866288158181,-308682.40835049516,59923.79003279889,0.31040088368898694,2.6525439074985706,0.49626260284068574,0.45779922234842063,0.5321074467391185,0.7764210249498484,6.698929546860512,0,0.0,0.0
2302.0000000151413,2302000,299.29061812020734,-308147.71724976273,59804.69429344529,0.35517921297630717,5.830900732965806,0.5003846847478142,0.46515487026913327,0.5417688830278369,0.7678040274456337,6.6624756276115065,0,0.0,0.0
2304.0000000155487,2304000,302.7595146326468,-307845.71016939403,60497.85432888188,0.3034861078888763,3.3989040211611816,0.5032039137598684,0.4617769713361667,0.541170323096674,0.7729584834734045,6.737612259132501,0,0.0,0.0
2306.000000015956,2306000,300.5005367972689,-308342.8569398518,60046.46203429888,0.32871378768511295,3.80178036868774,0.49914322681292544,0.4601812677532995,0.5452118759074569,0.7524718387809664,6.68785465065146,0,0.0,0.0
2308.0000000163636,2308000,299.81040909829693,-307265.59141920647,59908.559696030854,0.33285874118458336,4.948793601560056,0.5011220273354684,0.4587767334928685,0.5440399654493882,0.7605924277721012,6.8231012960860085,0,0.0,0.023101296086008638
2310.000000016771,2310000,300.4434471837299,-308482.4508675644,60035.054303223056,0.35854518510325945,8.410634282598771,0.4998182938023374,0.4628881341141806,0.5376019730722401,0.7772553449335184,6.77755244788429,0,0.0,0.0
2312.0000000171785,2312000,297.14780407929885,-308009.6533876057,59376.51402020744,0.3431805144387914,10.833294580933684,0.5025400596227865,0.46606545470926,0.5474836849810454,0.7689401491441027,6.691197865617471,0,0.0,0.0
2314.000000017586,2314000,299.8084400772667,-307756.46883206954,59908.16624333424,0.3336815748523878,1.252302373147422,0.5016153424977192,0.45829884965956413,0.5403452914883253,0.7563404123256081,6.690779331077778,0,0.0,0.0
2316.0000000179934,2316000,302.65565062051394,-308682.1017294079,60477.10006824814,0.34071368395552815,8.395444314381768,0.5010219350076472,0.4614854578136347,0.5419479302912453,0.7609442348794229,6.630507422615469,0,0.0,0.0
2318.000000018401,2318000,299.593437999032,-308066.4344260334,59865.20420983636,0.3357432728361154,3.616424277639098,0.5003088691944012,0.4623110912460695,0.5468741002732589,0.7822312212879963,6.654152411546239,0,0.0,0.0
2320.0000000188084,2320000,299.27898784920745,-308017.73459676374,59802.370315480104,0.3449987786690437,3.3160452839376484,0.5015385664700177,0.45252227904839937,0.5470123150881614,0.7761773531053255,6.677162015506767,0,0.0,0.0
2322.000000019216,2322000,300.68638271343065,-307853.2578009567,60083.59804033724,0.3630691351639658,0.3749781502781753,0.4989125849639191,0.4532221411785562,0.5404646062435425,0.7580654385273942,6.647000170772415,0,0.0,0.0
2324.0000000196233,2324000,300.34538339787406,-307522.49363322137,60015.459052388935,0.34299721286799933,1.3784968344172892,0.5004077005091734,0.45775911375052547,0.5396031676397848,0.7629653614711458,6.564427629109687,0,0.0,0.0
2326.0000000200307,2326000,303.84796435279617,-307860.16522649163,60715.349962978806,0.33820708901045615,6.184971097285238,0.5013089120712841,0.45807852688616624,0.5528461237620022,0.7666480041164077,6.644688440403186,0,0.0,0.0
2328.000000020438,2328000,301.2515282470528,-308505.51170877134,60196.5262573387,0.31642433466745445,4.9031624133435825,0.500743692269721,0.4618991395304546,0.5554098922496475,0.7541511893204049,6.603906613295063,0,0.0,0.0
2330.0000000208456,2330000,299.41280999004164,-307870.3681096523,59829.11085373202,0.34429889478206743,4.559848410268074,0.5020531321232121,0.4661467208579255,0.5382502125211985,0.7720310341754342,6.597809592103943,0,0.0,0.0
2332.000000021253,2332000,299.758211328289,-308787.3288605665,59898.12946036985,0.33068681569660296,5.070131436113117,0.49995102449571316,0.45870824718388636,0.5383408042474978,0.7745186535420547,6.573259917536944,0,0.0,0.0
2334.0000000216605,2334000,300.5296951737362,-308610.3175717369,60052.28850424194,0.3439432944978049,3.089180789803343,0.5011710789694754,0.46487282431299803,0.5363764734872112,0.766938822711813,6.74558091238562,0,0.0,0.0
2336.000000022068,2336000,300.09349667614043,-307431.90734115336,59965.12667483406,0.3344674873101112,3.7196274370861673,0.5027175844912053,0.46279417942453316,0.5426792502813699,0.765968951885748,6.661201745246771,0,0.0,0.0
2338.0000000224754,2338000,299.9514989260952,-307859.6410829229,59936.75247424885,0.3128974987785613,2.042677234963552,0.5006219307448188,0.461891614531873,0.535946376800136,0.7734440937925218,6.769472024769534,0,0.0,0.0
2340.000000022883,2340000,299.34232248397615,-308380.6318133385,59815.0259359413,0.33338043199083967,1.9473621798417435,0.4987369721659519,0.461331159395957,0.5374765577217016,0.7640460697561529,6.6363471207345555,0,0.0,0.0
2342.0000000232903,2342000,301.8270022548588,-308769.8806628315,60311.51832533877,0.33083152247010583,3.8659018245578958,0.5030153720342886,0.4631400375691932,0.5396144422810871,0.7751987202433739,6.614190023806792,0,0.0,0.0
2344.000000023698,2344000,293.7678434843348,-308417.2468349519,58701.125291435026,0.3528123397642944,6.716883657832353,0.5006559658787197,0.4541212341387091,0.5434378709680203,0.7623321953266116,6.709562942139144,0,0.0,0.0
2346.0000000241052,2346000,298.932209349724,-307895.9347799043,59733.07652244574,0.3523820191524488,5.950989822989851,0.500354293282307,0.4470566382535548,0.5380073314379867,0.7746702112529782,6.823809336982137,0,0.0,0.023809336982137275
2348.0000000245127,2348000,301.2124257630022,-308923.7143031275,60188.71274110004,0.30031475836069743,1.1390111290036538,0.49985049253572633,0.4578228113974614,0.5377573105205382,0.7735421915840686,6.662159275146806,0,0.0,0.0
2350.00000002492,2350000,299.69978132307153,-308651.59986076737,59886.45389024491,0.31682830233285925,2.8393534850984166,0.49957802563436554,0.4569786538249918,0.5390206457172857,0.7720357130115967,6.651453483227506,0,0.0,0.0
2352.0000000253276,2352000,297.9454750804904,-308293.723629612,59535.90582030004,0.31081139095202454,6.218917034429002,0.496198917692424,0.45688751371561737,0.5325717030505466,0.7577333613214066,6.700837629932142,0,0.0,0.0
2354.000000025735,2354000,301.18586271391615,-307846.24525181577,60183.40487331564,0.32952098244202155,6.498148947259948,0.5017951230273208,0.467360927702849,0.5417402964853721,0.7600397820328695,6.660051090215589,0,0.0,0.0
2356.0000000261425,2356000,303.61700525840126,-308005.3205724121,60669.19937489378,0.3242568710175115,6.216687576769887,0.4993850153502802,0.46291461303608994,0.5465426196370604,0.7604347294361808,6.6457417870780375,0,0.0,0.0
2358.00000002655,2358000,300.1863517692523,-307814.39902733034,59983.68111697469,0.35132229886127253,5.638358559745368,0.4987403720174346,0.4531447610704453,0.5441511729531463,0.772854637584727,6.769252576757097,0,0.0,0.0
2360.0000000269574,2360000,302.69639979543126,-308440.1844398291,60485.242628693064,0.32603273989776094,3.3108528603148857,0.499349590898144,0.46295173501106834,0.5378466705942131,0.76908423451132,6.667256082359216,0,0.0,0.0
2362.000000027365,2362000,298.75071667348635,-307380.20769477636,59696.81038725225,0.3184243616925656,5.548431596390607,0.5008584587745264,0.46072966517026126,0.5553476152124528,0.7634081617453106,6.585719757113779,0,0.0,0.0
2364.0000000277723,2364000,297.05382100623785,-308111.1849382664,59357.734183443856,0.3073970413572153,3.074123241491202,0.4990258655228313,0.4554077563848997,0.5486444790549982,0.7523963361321249,6.621216371377393,0,0.0,0.0
2366.00000002818,2366000,303.2735416008469,-308192.32789061824,60600.567958479995,0.31936513167792524,5.096308982690898,0.5003073894898631,0.45374213037262834,0.5378435176715497,0.764945329182462,6.666440564830815,0,0.0,0.0
2368.0000000285872,2368000,303.98270470201703,-307582.8132181172,60742.27397898959,0.341079859073637,4.374334116530165,0.5011159385009114,0.4665715258107177,0.5351059795732631,0.7661150368585368,6.61025190906054,0,0.0,0.0
2370.0000000289947,2370000,301.6067829765842,-308105.5647119647,60267.51378320693,0.3435485822306434,3.4208176824410943,0.49742895740339216,0.4431101455487827,0.540561052852409,0.7686283216262026,6.715555959199861,0,0.0,0.0
2372.000000029402,2372000,298.59312901610105,-308346.94593570987,59665.32098830769,0.33992213599988164,1.8263108434154591,0.501105188804005,0.45972607037287094,0.5395688078197036,0.7763647538200811,6.669643536636201,0,0.0,0.0
2374.0000000298096,2374000,299.289034850626,-308383.00479751034,59804.37792217414,0.3118962940927662,4.595851546686047,0.5005174342097258,0.4502133964233934,0.5490210276894967,0.7840758550303444,6.711106761801597,0,0.0,0.0
2376.000000030217,2376000,294.95714764638825,-307474.02421333175,58938.773809388105,0.3356271205411293,3.991549488887881,0.5020053470550915,0.4651831151478074,0.5440309779106292,0.7729583273509189,6.679045113502966,0,0.0,0.0
2378.0000000306245,2378000,300.5957579629781,-307909.1184014161,60065.48926856794,0.3340296158687584,5.732562277112678,0.4993668174471568,0.46174813998759934,0.5456327259755476,0.7593251469919503,6.636933814819977,0,0.0,0.0
2380.000000031032,2380000,299.2682807565823,-306991.0534841744,59800.230808384156,0.3420393965462458,7.502907940479934,0.5024190554687944,0.4642769843972774,0.5467040409656967,0.7485772491868854,6.68526363317648,0,0.0,0.0
2382.0000000314394,2382000,305.56367499882407,-307398.167083818,61058.18580369499,0.31836731886312597,3.0888280178734946,0.49923462612850744,0.4580352701634327,0.5377094272349989,0.7626003916558624,6.668106988416248,0,0.0,0.0
2384.000000031847,2384000,301.2550244278402,-308142.4507453353,60197.224869358346,0.3501313165764133,3.5181530997370873,0.4995985893576165,0.44982676480829653,0.5335727503161216,0.7618658151068107,6.695278848002758,0,0.0,0.0
2386.0000000322543,2386000,299.64587866987614,-308652.4680763334,59875.68298230199,0.35719809162036475,10.126071425715207,0.5023145828060482,0.46390685371487156,0.5402132227671688,0.7753113672952185,6.63670812827246,0,0.0,0.0
2388.000000032662,2388000,302.3449144596655,-307573.99775493005,60415.008308666176,0.3319135316364828,5.296003664309794,0.49922756870146395,0.44711012619724055,0.5390921153541122,0.7667611499092359,6.602798477159993,0,0.0,0.0
2390.000000033069,2390000,301.9406873114873,-308424.991995967,60334.235041619766,0.3226506906787163,5.216483161456479,0.5010536257344477,0.4628904911690519,0.5416923626064198,0.7711591522768781,6.7182330696043735,0,0.0,0.0
2392.0000000334767,2392000,300.73908338665285,-308531.1696474082,60094.12876686288,0.3358717965849506,3.7795155035875494,0.5000583499863457,0.4640622597333177,0.5377059906753647,0.7818170540113929,6.619373663640374,0,0.0,0.0
2394.000000033884,2394000,300.7104959812378,-308607.781445934,60088.41638920056,0.33147385599728774,2.0016243198621266,0.49978583515171193,0.46361780097502603,0.5399027273751518,0.7779702315293306,6.629848487431189,0,0.0,0.0
2396.0000000342916,2396000,298.94665525929764,-308166.6223312607,59735.96312547817,0.34150472611315863,6.321721106703986,0.5012474419943576,0.4583067197472186,0.5420342903581048,0.765255475028777,6.6874738656175055,0,0.0,0.0
2398.000000034699,2398000,299.0668544460475,-307400.2215966028,59759.981504881594,0.33065566945378194,11.380995795047856,0.4983719133612256,0.4542330968234358,0.5438465952414333,0.7589884658086401,6.710054828468408,0,0.0,0.0
2400.0000000351065,2400000,298.9071947869859,-307604.1353654377,59728.0780754953,0.3140549217488032,3.562550340251152,0.4997096070623653,0.45719221788007136,0.5396908139695302,0.7701166152603989,6.662710496699617,0,0.0,0.0
2402.000000035514,2402000,298.4491408743305,-308774.41895383503,59636.549064701954,0.3348155235404313,3.5084678479288667,0.5003334538064914,0.4617289658431405,0.5382468860596905,0.7669705975505394,6.725508174615037,0,0.0,0.0
2404.0000000359214,2404000,300.3320877549648,-308857.3616708815,60012.802297343886,0.3484117699425102,6.122867090789809,0.5008042288513869,0.46350924389189885,0.5423643587233454,0.7685812422490486,6.726080697912323,0,0.0,0.0
2406.000000036329,2406000,298.56848500522887,-308222.3144588908,59660.39658557957,0.31481858948668323,4.045462015573076,0.49948662802440885,0.4612813488188401,0.5420539208383648,0.7526458129700622,6.705030514179619,0,0.0,0.0
2408.0000000367363,2408000,298.1577713221113,-309602.1639025714,59578.32716952083,0.3263642592428404,3.938100647267571,0.49636475868030383,0.4442671131375251,0.5334666925766887,0.7549492085130398,6.6359235883235925,0,0.0,0.0
2410.0000000371438,2410000,294.8848267849107,-308776.2450879947,58924.3225478054,0.3428620979561594,6.816933280609001,0.5012264193365865,0.4623636576418797,0.5443685136903689,0.7653730244630914,6.622571431289273,0,0.0,0.0
2412.000000037551,2412000,299.7371757902757,-309274.1661758949,59893.92610802929,0.3368107090136051,2.850410456943879,0.4981323853802918,0.4639813925688865,0.5405327310059374,0.7585385960586652,6.536400014360723,0,0.0,0.0
2414.0000000379587,2414000,300.7067604032582,-308011.3386492254,60087.66994047965,0.3216978807784705,2.662806931405213,0.498302385555053,0.4527793225917336,0.5486651086835845,0.7653694661800552,6.612553235998043,0,0.0,0.0
2416.000000038366,2416000,297.7981815334494,-308297.77736258646,59506.473405720826,0.3288630441306333,3.121633707802835,0.5009962799163206,0.46750474943972087,0.5441293723808537,0.7701061250031103,6.5958162949306,0,0.0,0.0
2418.0000000387736,2418000,298.6187864827929,-308668.18421476893,59670.44790127774,0.32150316793483397,2.5960575442573144,0.49958897094554006,0.4641348515767145,0.540809582333809,0.7687100848546002,6.629174450354398,0,0.0,0.0
2420.000000039181,2420000,304.1076629882113,-307851.5083161462,60767.24332868795,0.33153273696607216,3.0714096205358,0.498676267176233,0.46484591214843185,0.5410113415985744,0.7628442441473595,6.702570613291726,0,0.0,0.0
2422.0000000395885,2422000,299.3658359785592,-308039.40652873926,59819.724437231256,0.31229282811366577,4.867539239415719,0.49800315643626825,0.4645913330040363,0.5366080524399948,0.7651421765138693,6.664307512190355,0,0.0,0.0
2424.000000039996,2424000,301.1280086178434,-308037.52804612275,60171.84438220842,0.33549964030348134,9.682624330713601,0.504025280251627,0.4627909706177924,0.5421246607274526,0.778095629355855,6.810693011704004,0,0.0,0.01069301170400383
2426.0000000404034,2426000,301.1086831765234,-308196.67153262766,60167.982743920234,0.32324545697654894,6.118846996711516,0.5007132943583517,0.46629751119505025,0.5369470473843272,0.7740526355843667,6.666751648138316,0,0.0,0.0
2428.000000040811,2428000,300.6028299849267,-308249.5335312369,60066.902410461014,0.3293692194133547,5.6686683578288175,0.49934945415233795,0.4626462675683767,0.5412653000537446,0.7731740428151546,6.6751008652640635,0,0.0,0.0
2430.0000000412183,2430000,300.81894148601936,-308716.70357058477,60110.08613047643,0.33131632695718216,6.841786500941898,0.5014731892861528,0.46356522139638745,0.5371158937439038,0.7535913878204603,6.634786651528341,0,0.0,0.0
2432.0000000416258,2432000,300.9278013463729,-308174.2148497761,60131.83866889599,0.3204134284859318,3.639993297323428,0.4992448561118168,0.4505896429325773,0.5453029587609031,0.7621563671034346,6.709412197309277,0,0.0,0.0
2434.000000042033,2434000,300.31781644714243,-309079.38186485134,60009.95058349183,0.331096288449479,3.917728658901909,0.5015427992503425,0.4570944643880239,0.5382057744008684,0.7710778426376788,6.72129053069019,0,0.0,0.0
2436.0000000424407,2436000,297.0522397085045,-309254.25893818773,59357.41820619028,0.337367153412674,2.3936494123848213,0.49825729877464575,0.4524034667618553,0.5381092060902173,0.763972837262008,6.549511764611594,0,0.0,0.0
2438.000000042848,2438000,299.4989404965178,-309173.6799907945,59846.321579018026,0.33698296183200227,2.3757460992971713,0.5005054158408365,0.4576503057006224,0.5496034117488877,0.7692070193935141,6.625800872589693,0,0.0,0.0
2440.0000000432556,2440000,299.5979336742386,-308310.6382326619,59866.102542310204,0.32480309840665555,2.4135728368431697,0.500850812552995,0.46635768751569984,0.5381942938975386,0.7591059148149739,6.630159894606308,0,0.0,0.0
2442.000000043663,2442000,300.0530918420457,-308990.5767096365,59957.052921081966,0.33538020841099925,3.473218986584088,0.49933749022331386,0.4627345727880461,0.5459804522666131,0.7597635452669502,6.584170573122307,0,0.0,0.0
2444.0000000440705,2444000,302.9701262815581,-308278.18611333007,60539.93906029408,0.3369573718582967,2.429749854507333,0.498912630524091,0.4588330338454951,0.5458971976352736,0.7623190471912764,6.710292497990665,0,0.0,0.0
2446.000000044478,2446000,300.1630863059261,-308067.0827429397,59979.03217765757,0.34197575440640293,6.25417500695018,0.499779575988999,0.4562023376504687,0.5491289491967113,0.7653215833694151,6.6591152515977186,0,0.0,0.0
2448.0000000448854,2448000,299.36426371752145,-307326.2476675585,59819.4102657036,0.34493616127701665,5.621998297167941,0.4998647564546407,0.4662729507224448,0.543734725368799,0.7578125126785356,6.638783353820195,0,0.0,0.0
2450.000000045293,2450000,300.3396713042632,-308406.5339430054,60014.31765338913,0.3428373031483044,6.547906609862391,0.4998110253364849,0.45908081396802136,0.5354408697599835,0.7777035355974222,6.715928167776752,0,0.0,0.0
2452.0000000457003,2452000,299.187179917345,-307939.5753264087,59784.02511865024,0.34536671745978514,7.239653603128103,0.49997538034392536,0.46291448432528526,0.5390004861645572,0.7615514852033947,6.7098098668166415,0,0.0,0.0
2454.0000000461077,2454000,301.9051427228199,-307648.26998168556,60327.132469302625,0.32517272304693273,5.598591916332915,0.4987675834713606,0.4587645524400579,0.5390725353288381,0.7767592366374938,6.752328231630855,0,0.0,0.0
2456.000000046515,2456000,296.5270676985824,-308778.39441440813,59252.47755785947,0.34362617170980464,6.6331457584483635,0.4961679155103926,0.45727062067610225,0.5308714938642627,0.7713121819428976,6.634989089743129,0,0.0,0.0
2458.0000000469227,2458000,303.2696662019874,-309135.66754253674,60599.7935705439,0.3248882511617417,2.171434646803848,0.49803934326532073,0.4538918536091039,0.5355858118512513,0.7720818561105527,6.630975502176867,0,0.0,0.0
2460.00000004733,2460000,299.7095853606949,-308357.203093268,59888.41294755379,0.33063379286148004,11.274558431646701,0.49584871251390766,0.4565812011809647,0.5429316218672628,0.7699241365297063,6.633919112936795,0,0.0,0.0
2462.0000000477376,2462000,301.7912036374106,-308827.30923786573,60304.36499261466,0.35008622505872394,11.146472052878723,0.498504138944096,0.4406781217627409,0.536736567781297,0.7522460917911866,6.664450928983072,0,0.0,0.0
2464.000000048145,2464000,299.96745302187185,-307301.65415911656,59939.940445280634,0.3342851629385218,0.872193381619879,0.49878075918815873,0.45023968221004695,0.5396530914502495,0.7652263700947244,6.702001576244773,0,0.0,0.0
2466.0000000485525,2466000,298.9105295957968,-307701.1105506043,59728.74444192776,0.333563716969363,2.536665074298273,0.4987425426843682,0.46134501214189383,0.5358532179852267,0.7629946251446729,6.611133542630906,0,0.0,0.0
2468.00000004896,2468000,301.38150553860396,-308480.5067101042,60222.498512116115,0.3266141932712255,0.7539260932529175,0.4986736223890533,0.4418766136483234,0.5357896831429745,0.7690110094359692,6.649991312343218,0,0.0,0.0
2470.0000000493674,2470000,302.95698496296035,-307784.70501329843,60537.313142561376,0.3351264337354216,4.504786657165483,0.5012589073485063,0.45928921871045736,0.5388639954944487,0.7672796061502698,6.667845156631138,0,0.0,0.0
2472.000000049775,2472000,300.0158560685297,-309230.48335759016,59949.612413705254,0.33663471888003943,3.8827678165249444,0.4990662132096471,0.4494338949819361,0.5425563336144563,0.7713318238378282,6.7418984760754626,0,0.0,0.0
2474.0000000501823,2474000,300.57365700297856,-308967.4755694554,60061.07302202915,0.3390957606804223,2.6736511069875255,0.49751856548757206,0.4570891392379943,0.536986833768271,0.7575754309213689,6.621228616899522,0,0.0,0.0
2476.0000000505897,2476000,306.28043279838295,-308272.20132195717,61201.40940807756,0.3193192345820945,3.7050333472173365,0.4981539486274496,0.4511396698766985,0.5429665008131348,0.7582631383259049,6.67910439853442,0,0.0,0.0
2478.000000050997,2478000,302.07595118024113,-308257.35949364584,60361.263668078485,0.33939802406262043,3.8190008818432895,0.4993951983033764,0.4526096200646377,0.5404084120700965,0.7711951973814397,6.67153187399272,0,0.0,0.0
2480.0000000514046,2480000,301.8595681871815,-308064.1685427148,60318.02569813639,0.3309763770974854,2.9913586970734802,0.49966363373712686,0.4572776065627213,0.5511701145748606,0.7754586327732971,6.631913172244474,0,0.0,0.0
2482.000000051812,2482000,301.0750695253028,-308958.5655525974,60161.26601438169,0.31985489495304886,4.246316779834838,0.5004303486734785,0.46332831678270736,0.5454819284248655,0.774574184959592,6.699668955663192,0,0.0,0.0
2484.0000000522195,2484000,296.6432849904322,-308226.37288034335,59275.700269130364,0.33684464073168985,2.3274048716766393,0.5029750489601974,0.4629360367142912,0.5537312385496023,0.7526203712232711,6.674493990289264,0,0.0,0.0
2486.000000052627,2486000,297.3109664092138,-308853.16358219227,59409.11735846795,0.355547016682454,2.618922760005324,0.49976098896580895,0.4586384322947261,0.5427543165085247,0.7644493913967381,6.710895236567723,0,0.0,0.0
2488.0000000530345,2488000,302.2523252209613,-308721.1119250809,60396.50698994678,0.32538202286653906,2.0201216051756394,0.49961287275752164,0.46172175332520293,0.5348159311252694,0.7729697891036111,6.618728644699923,0,0.0,0.0
2490.000000053442,2490000,300.9273955790738,-308251.6793695362,60131.7575878737,0.3408539328629231,3.154316122868936,0.49810503028949604,0.45486370182425384,0.5419734951513657,0.765613789389239,6.574569078172814,0,0.0,0.0
2492.0000000538494,2492000,298.7514046265465,-308719.62004232267,59696.94785505097,0.3261850633975373,3.504791207915793,0.5000928588024726,0.453816998622794,0.5403538412921054,0.7523370265077238,6.697433676263088,0,0.0,0.0
2494.000000054257,2494000,301.1181997858354,-308767.1957539413,60169.8843668785,0.3381399572006133,5.077842172496181,0.4998775440704505,0.4604419242538089,0.543903837270677,0.7730461826186232,6.695359346283546,0,0.0,0.0
2496.0000000546643,2496000,298.6406767653302,-308760.57577408943,59674.8220499342,0.342992499026493,2.672101535366725,0.4982821984924084,0.456190423602588,0.5320227224065164,0.7570088417615635,6.686739748891085,0,0.0,0.0
2498.0000000550717,2498000,296.78023095546325,-308365.62281399406,59303.065014556865,0.3171510024253513,4.006080553129686,0.5011043116056882,0.45984725967018036,0.5462955468347133,0.7698163491330012,6.653784859368727,0,0.0,0.0
2500.000000055479,2500000,301.09364260732804,-308696.28469798015,60164.97731512203,0.33875681742633357,1.5567721534565215,0.5007658433078465,0.4424907183676918,0.5504006434900752,0.7489032105490274,6.671642044174305,0,0.0,0.0
2502.0000000558866,2502000,300.6371276493596,-308778.41724342527,60073.75582053205,0.3493428449071191,7.774463688709833,0.5000006305357649,0.460201699097202,0.5526982611417939,0.7482389330399943,6.702564647218566,0,0.0,0.0
2504.000000056294,2504000,296.7476167185763,-308465.519820679,59296.54798946972,0.31920303957194757,9.345417143486527,0.4975794316417304,0.44941871383716414,0.5485670700437204,0.765470171646971,6.635376680450705,0,0.0,0.0
2506.0000000567015,2506000,303.37689207824445,-308882.29422871536,60621.21960384284,0.3234337166833297,1.356375771215594,0.49855196603368185,0.45167273085795157,0.534867412231069,0.7606943596387961,6.660180312182362,0,0.0,0.0
2508.000000057109,2508000,300.1171363903759,-308582.6399321528,59969.850397521775,0.3280303043915668,6.225885552240877,0.49921601483232336,0.4528157108204027,0.5470335053002131,0.7757956266650208,6.645495469141473,0,0.0,0.0
2510.0000000575164,2510000,301.09109679130313,-308683.51494152285,60164.468606395865,0.3124526955379494,1.254288725737811,0.5012980066254958,0.44745404719293624,0.5569979602863535,0.759551392871515,6.624543404894467,0,0.0,0.0
2512.000000057924,2512000,301.4058343039624,-308483.37211448,60227.359922019095,0.3635259416760165,4.308534568561768,0.5019573330297884,0.46562309051584005,0.537021216087076,0.7801461469124114,6.601868309266152,0,0.0,0.0
2514.0000000583314,2514000,301.6734161179612,-308303.03960947506,60280.828516140726,0.35287854468234736,5.1323662949672775,0.4993673237225017,0.4486065321954955,0.5463395332185961,0.7541854305816837,6.638659398233045,0,0.0,0.0
2516.000000058739,2516000,297.961773929249,-308161.70640891884,59539.16268038294,0.3502106837517976,4.904111025453425,0.498298882599663,0.4638161886826482,0.5440911826853547,0.7710084306626624,6.664086669280152,0,0.0,0.0
2518.0000000591463,2518000,297.85113153746187,-309002.3942030226,59517.05395389401,0.33619312223836295,3.888962322480989,0.5044276259698445,0.4546606514405189,0.5531729743262161,0.774515782099499,6.609434020600247,0,0.0,0.0
2520.0000000595537,2520000,299.9858981050276,-309442.6782461079,59943.62616909743,0.3556203442021224,0.5024806003620418,0.5002590739615869,0.46314538992237075,0.5376621956079077,0.7738928582198898,6.650975949851656,0,0.0,0.0
2522.000000059961,2522000,299.42657899973904,-308555.03239999665,59831.86219762929,0.3441592842476282,5.190445424215488,0.4992522053274919,0.4597693614779419,0.5368879740150039,0.7738938457503579,6.626105956582123,0,0.0,0.0
2524.0000000603686,2524000,299.66871739475204,-308946.3620705935,59880.24665011033,0.32673018581767854,5.182295763014501,0.5014080709650575,0.46583315253136615,0.5440183770468954,0.7750630343749139,6.647888191452636,0,0.0,0.0
2526.000000060776,2526000,299.83212410558855,-308346.66356907645,59912.8988209283,0.32452257155092035,1.2456865499307521,0.5004004258359867,0.4555437289074753,0.5375728821951213,0.7659827269977786,6.6293533045040505,0,0.0,0.0
2528.0000000611835,2528000,299.8911959770559,-308671.246307618,59924.70264971729,0.3328538360179753,4.722571395491891,0.4993629852970522,0.46948447501840374,0.5320253234608519,0.7711044752270215,6.594296640275687,0,0.0,0.0
2530.000000061591,2530000,299.3239996692531,-307991.1298893923,59811.36464398372,0.3275343518560783,3.062375643112131,0.499960575198201,0.4631266300489044,0.544610905555162,0.7739769671039687,6.6244632691564505,0,0.0,0.0
2532.0000000619984,2532000,301.0738288533361,-308335.5615848163,60161.01810147299,0.3714184643922528,10.202383484497869,0.5008030201726228,0.4435057709085717,0.5400301136100616,0.7672412125030466,6.621616268705829,0,0.0,0.0
2534.000000062406,2534000,299.9226083966894,-307799.47454459965,59930.97952590205,0.32515854038728,7.705461425412613,0.5005779251244044,0.4534092398143379,0.5371903179073455,0.7725798346560175,6.619444159155989,0,0.0,0.0
2536.0000000628133,2536000,300.31638155171674,-307934.54862613464,60009.66386056408,0.3351524715686055,2.782749719078179,0.5021312212940329,0.4643378255981769,0.5488302471055437,0.770990777429577,6.621754818696402,0,0.0,0.0
2538.000000063221,2538000,302.76691427192605,-308607.1217116504,60499.33293575488,0.3348144502708489,3.5580506740826334,0.5013994436747854,0.46324877196700065,0.5427532920934945,0.7758408020811665,6.625084611414636,0,0.0,0.0
2540.0000000636282,2540000,301.6967970690336,-308022.6092269677,60285.50053239021,0.3336525591457926,2.404248113918472,0.5001259969882189,0.46540376177494736,0.5430880755295919,0.7802012020536457,6.616580098251291,0,0.0,0.0
2542.0000000640357,2542000,296.29903173312465,-308451.3169016065,59206.9110737252,0.33344229621193144,1.3534271074333877,0.500658747627887,0.45336011272009724,0.5400829098733322,0.7722787280794752,6.562058291294051,0,0.0,0.0
2544.000000064443,2544000,302.128447163555,-308167.6823129221,60371.75349316368,0.3409153148614705,5.20686203897724,0.49953632323400327,0.45957324082112083,0.5406323859360143,0.7698062090457447,6.7367295249822305,0,0.0,0.0
2546.0000000648506,2546000,298.3976582209664,-308137.5257735043,59626.26172470716,0.3428236250158368,4.145282838424537,0.49909219085621587,0.45680855871125736,0.5369572810825662,0.7770844030251367,6.635047465848803,0,0.0,0.0
2548.000000065258,2548000,301.479625959078,-308053.213721097,60242.105079763474,0.33686008947527507,1.7586231425916161,0.4991267648121464,0.45169504324445064,0.5404010510662793,0.7608397086386933,6.620049216246741,0,0.0,0.0
2550.0000000656655,2550000,301.63085908512784,-308568.0103277415,60272.324706851214,0.3249046647858331,3.7414075484133122,0.4993364764299671,0.4515159463278866,0.5411635461470965,0.7501404746923406,6.70981732811822,0,0.0,0.0
2552.000000066073,2552000,301.00307925268663,-308741.9240626232,60146.880811554576,0.33697034050997277,4.422102110067215,0.5014290244972218,0.4596506395541282,0.5510993830620823,0.7683158244593447,6.65333210032189,0,0.0,0.0
2554.0000000664804,2554000,301.0302002004522,-308417.30675841635,60152.300159478866,0.33324673549011,4.199223984425163,0.4992558094986113,0.4620849182065694,0.5474730785043151,0.7595366932426408,6.59643303804917,0,0.0,0.0
2556.000000066888,2556000,298.3843596832168,-308034.55615205085,59623.60439121084,0.34940997771343374,2.41527908002173,0.5030392904654505,0.4654281994077474,0.5437500439829841,0.7747544934666326,6.61490113266197,0,0.0,0.0
2558.0000000672953,2558000,301.2956225223306,-308815.1449221615,60205.337240688736,0.3462543576014373,3.1487422446112845,0.5001397508940423,0.4552454722441732,0.5507696676098828,0.7575447120827263,6.633782839618675,0,0.0,0.0
2560.000000067703,2560000,297.6747770428745,-308186.1228532926,59481.814537762904,0.33270210413780554,5.396219530275726,0.5005357260881891,0.4616200131741053,0.5358140869726782,0.7834296895996342,6.742831141520497,0,0.0,0.0
2562.0000000681102,2562000,299.1127537121313,-307680.9246505336,59769.15316416605,0.32320786430546067,3.160789115826006,0.49780305774601674,0.46213321958506537,0.5424254456810065,0.7712783661267917,6.72749945894822,0,0.0,0.0
2564.0000000685177,2564000,300.87486651618036,-308806.32310228096,60121.26115277795,0.3565280782862911,3.7911699797025387,0.4996978254485639,0.455489171552931,0.5404759735264815,0.7835974267311627,6.594062035156938,0,0.0,0.0
2566.000000068925,2566000,301.41507892345555,-307140.22938073426,60229.20719556919,0.3490007643953861,5.538310714402031,0.5003191483596086,0.4582127073059592,0.5447796314369633,0.7593301220867286,6.767535295643114,0,0.0,0.0
2568.0000000693326,2568000,299.1914691553736,-308472.3072285382,59784.88220054163,0.3537529978595776,1.8475773334750158,0.501832649607166,0.46003263921437654,0.5411244080168833,0.7825245091812221,6.60710365396848,0,0.0,0.0
2570.00000006974,2570000,302.7959975574697,-308002.3780329679,60505.14440091844,0.3391569496377592,8.214859206736602,0.5048144485271868,0.4690355366257696,0.5471921929797876,0.7762998630120528,6.6312390847908915,0,0.0,0.0
2572.0000000701475,2572000,300.82852226886774,-307865.8595659132,60112.00057668573,0.3180067451055257,2.5940424486321363,0.4998636648293156,0.45782875896586495,0.552767501280699,0.7771278770563192,6.673542319461305,0,0.0,0.0
2574.000000070555,2574000,300.6013580771763,-307225.3776450702,60066.60829167576,0.35275142356078004,1.8051757545749916,0.501855190156877,0.4668806187104986,0.5439571742730245,0.7785455116347464,6.771054903508627,0,0.0,0.0
2576.0000000709624,2576000,299.07296116627697,-308543.75000875583,59761.20175875641,0.335954974038631,7.476891769661847,0.4987041825765995,0.46274136571017266,0.5357895152343435,0.7644892992859034,6.733535835853026,0,0.0,0.0
2578.00000007137,2578000,299.60151190682194,-308658.21726509323,59866.81755004116,0.3418884685388506,2.6487351516843582,0.5010371994230696,0.4613584658608456,0.5386318465094933,0.7682585844465466,6.678840564463975,0,0.0,0.0
2580.0000000717773,2580000,296.90927177094585,-308638.59034576174,59328.85014130018,0.33357275800718517,6.1377361921338665,0.499779083596475,0.45456695478508674,0.5457418137917713,0.7706951849836479,6.75461735588128,0,0.0,0.0
2582.000000072185,2582000,303.4543714131769,-308989.9446513476,60636.70163922636,0.3491493386044842,1.6141925251516003,0.4993039323103849,0.4558189249567832,0.5388989423915351,0.7851829778923527,6.6604069164603885,0,0.0,0.0
2584.0000000725922,2584000,299.97859016589416,-307821.34797088336,59942.16588588328,0.33112918526745194,4.730600369794851,0.5010846857980321,0.45255343707376383,0.5441280840665641,0.7646927839580734,6.707663451695893,0,0.0,0.0
2586.0000000729997,2586000,302.9826899527576,-308035.3413775563,60542.449551668666,0.32966638751555805,1.0779356239612403,0.4993957238287167,0.4572987486881752,0.5405195651594177,0.7727478040864497,6.729959204185221,0,0.0,0.0
2588.000000073407,2588000,299.5870133886519,-308629.5674477061,59863.92043468113,0.36895190320235216,2.1763757886213235,0.5003409407374294,0.4690824923305019,0.5415768809915633,0.7804810028822065,6.576642663461968,0,0.0,0.0
2590.0000000738146,2590000,302.0980596127264,-308181.7788210665,60365.68140778043,0.3490039178837421,4.589333853983822,0.499692236355995,0.45143996725481905,0.5373453444891787,0.7675606278650662,6.638018292292159,0,0.0,0.0
2592.000000074222,2592000,301.8325170716247,-307429.85114600416,60312.620304187425,0.3278913140228167,6.806256197682043,0.4993550876756859,0.46110526610055214,0.5394330529030666,0.7648925837242593,6.622881431319776,0,0.0,0.0
2594.0000000746295,2594000,299.18269407749585,-308325.8367842366,59783.12875149208,0.3094244151663512,3.5590698486222387,0.5007425887070935,0.46334821909564106,0.5431314023899834,0.7772926381748881,6.778420349980607,0,0.0,0.0
2596.000000075037,2596000,301.2819812368652,-307842.65861103265,60202.61141883655,0.31887767972977327,5.699746477321981,0.49807377766555966,0.4570647615539096,0.538773571804807,0.7670818265865869,6.655903081808873,0,0.0,0.0
2598.0000000754444,2598000,300.8508549486568,-308599.06051354716,60116.463125815826,0.3396163279284761,8.512089433465267,0.4999372537101236,0.4555176834353567,0.5454796715688985,0.7655660281427767,6.628698890570988,0,0.0,0.0
2600.000000075852,2600000,299.58520743708624,-307824.40291001694,59863.559566766286,0.32919119309661804,7.188931103619595,0.5000705633228965,0.4595085859629746,0.5401191404071017,0.7722116755655568,6.812845088016047,0,0.0,0.012845088016047335
2602.0000000762593,2602000,298.75898192848524,-307433.273966603,59698.46196273955,0.3457428778344068,6.435255598126873,0.5003254748410896,0.4653189821173549,0.5373430987654606,0.775887341550801,6.749526894984868,0,0.0,0.0
2604.0000000766668,2604000,302.1662301871867,-308005.13833383005,60379.303352868505,0.34248190860059596,8.636731968881811,0.4999012475907489,0.4556743381355002,0.5376789649496256,0.7783711590532327,6.686865035315222,0,0.0,0.0
2606.000000077074,2606000,301.06137806566966,-308159.3458536393,60158.53016665304,0.3444675541493398,3.1464587921195863,0.49848930152005977,0.4557711348372475,0.5393611669064855,0.766136875381453,6.755077626791447,0,0.0,0.0
2608.0000000774817,2608000,302.22399590586383,-307865.901820953,60390.846184273716,0.32428339643054827,8.206014751617333,0.5011978832850121,0.4511787007607988,0.543935577162161,0.7715074115503917,6.667535678672962,0,0.0,0.0
2610.000000077889,2610000,302.9481796917161,-308179.61381822126,60535.55366022865,0.3185119674557382,3.724352139615819,0.49879491767441597,0.4618969696525781,0.5426327645354001,0.7594268813499214,6.65071774972479,0,0.0,0.0
2612.0000000782966,2612000,301.1557464721745,-308302.67078269925,60177.38700131571,0.3377230776363027,5.75065004237278,0.49914655220750903,0.45536297951404947,0.539783443835077,0.7691746403054118,6.660088640493079,0,0.0,0.0
2614.000000078704,2614000,304.0322956633115,-308938.1764477105,60752.18331827514,0.343904696147472,4.6040600701662795,0.5006723383653647,0.45339860030088364,0.5431891006447751,0.7801449393970792,6.708720489413409,0,0.0,0.0
2616.0000000791115,2616000,302.53002852667095,-308332.9026922486,60451.99807552292,0.3120133614029571,4.229848146401809,0.49982341572154654,0.4595437601071648,0.5527137150536809,0.7657925259257734,6.757874023708351,0,0.0,0.0
2618.000000079519,2618000,301.0189753017348,-308312.2604232663,60150.05718360317,0.324207374083985,1.123296840027524,0.49834032735500716,0.4578386436707804,0.5466316217254175,0.7605315883753914,6.6703575925535645,0,0.0,0.0
2620.0000000799264,2620000,302.78603768051084,-308817.32850833563,60503.15420356288,0.3299435449749689,3.184105240459326,0.5002956277848393,0.4631636304903699,0.5369570279638938,0.7419488059557668,6.7349724234912145,0,0.0,0.0
2622.000000080334,2622000,302.05108789722703,-307822.4066715413,60356.29545006641,0.33535735693168395,5.5676164117448765,0.49912651716810225,0.4598575198588688,0.5368844042042369,0.7686166815711846,6.638855758390477,0,0.0,0.0
2624.0000000807413,2624000,299.16932904126054,-308328.7493331991,59780.458130169915,0.3324355895293249,1.4331259686617552,0.4990309568006817,0.46159791857142174,0.543612678558901,0.773404279248366,6.6419438117663105,0,0.0,0.0
2626.0000000811488,2626000,300.56533586189045,-307778.1249611438,60059.41027930078,0.33065405982878243,3.4907552147147323,0.4993683749350269,0.46111743473867506,0.5489643446161399,0.7791987431472673,6.714713122495766,0,0.0,0.0
2628.000000081556,2628000,300.1923040882412,-306786.05548758944,59984.87051816509,0.3415081571864341,2.2585877136259978,0.5019262936460777,0.46301929446587486,0.5376984458046283,0.7867258923083904,6.683354809765767,0,0.0,0.0
2630.0000000819637,2630000,301.1396005830848,-307863.2288561999,60174.160705860246,0.31917303791175666,2.145955808044464,0.49843593184868096,0.45364555939356355,0.5394254331644018,0.7591405924684835,6.784489622555302,0,0.0,0.0
2632.000000082371,2632000,300.35537880091755,-307809.44724868285,60017.45634861929,0.34667639573440784,6.394847483686294,0.4998962421037266,0.4607185377886771,0.5393785319500353,0.7668058351315521,6.697260152966479,0,0.0,0.0
2634.0000000827786,2634000,301.2543839743566,-307265.0267283083,60197.09689299531,0.31127634921016245,1.4284762417607948,0.5035259606431535,0.4648181892657126,0.5412375322510362,0.7676955253808107,6.653781548246158,0,0.0,0.0
2636.000000083186,2636000,300.514558557547,-308295.29482325166,60049.26388319128,0.33213079006940693,3.6929186907483267,0.4997280631188735,0.453681473102475,0.5368188070759832,0.7728361954046488,6.682531663637533,0,0.0,0.0
2638.0000000835935,2638000,300.49411907630747,-307747.48688757885,60045.179635797474,0.3214864762295667,2.545724337084965,0.5015091112404618,0.4505721581822595,0.5482007322791529,0.7743056466673313,6.6538704710986565,0,0.0,0.0
2640.000000084001,2640000,298.91171800463616,-308651.17765867244,59728.98191154101,0.33705898783028154,1.624300650797143,0.5012036837641737,0.45668864557299016,0.5490610396545321,0.7574586305231015,6.720640332830101,0,0.0,0.0
2642.0000000844084,2642000,297.75389893863223,-308469.1945883059,59497.6247920817,0.32924535663802673,3.442698068648457,0.49938642467773814,0.4512937125281624,0.5383043947678718,0.7700331023299132,6.693958633691452,0,0.0,0.0
2644.000000084816,2644000,298.99009582468295,-308126.72047466924,59744.64348354993,0.31571983605796317,2.769583752403274,0.49897355769440854,0.4599238643990311,0.5392013981827333,0.7675410548798896,6.6756757956080435,0,0.0,0.0
2646.0000000852233,2646000,298.43580823820963,-309106.34799895296,59633.88491761862,0.3449234122166804,7.375730855958108,0.4992280548837063,0.46050406761650287,0.5465639406109659,0.7609285749840495,6.687156032044243,0,0.0,0.0
2648.0000000856307,2648000,298.2165445656219,-308249.74115286255,59590.07132602953,0.33911201968828386,2.3320556987280674,0.4980166303278283,0.45129443774619915,0.5497012553231215,0.7753373215645656,6.646798457422591,0,0.0,0.0
2650.000000086038,2650000,299.3540195756638,-309073.167989118,59817.36326611522,0.3583656060073167,5.123479263970825,0.5003770809898206,0.45296111315114906,0.5416155008456629,0.7586388876920882,6.542300196576845,0,0.0,0.0
2652.0000000864457,2652000,303.3400176675574,-308599.6466515255,60613.85130452145,0.33220043445057756,9.205018944693645,0.49988729846495605,0.45694835301735104,0.5481244817677515,0.7769771049512677,6.613995007775927,0,0.0,0.0
2654.000000086853,2654000,298.96956641569966,-308200.4177377899,59740.54126666127,0.3231969738449544,2.326371497805565,0.5020569953977089,0.46547642806801637,0.5382082906704451,0.7635216648069343,6.583059825514429,0,0.0,0.0
2656.0000000872606,2656000,299.24552413999857,-308328.0072462931,59795.68354757628,0.3398684194876348,2.1157160962158112,0.5003815537313419,0.45912514267833693,0.5406173726903649,0.7624773603506529,6.700924956365206,0,0.0,0.0
2658.000000087668,2658000,298.99008746435186,-307479.22275025584,59744.6418129762,0.34267333453330606,3.4181159958234253,0.4993290712297155,0.45149542967073497,0.5401380487032839,0.7596917492740758,6.731712888851483,0,0.0,0.0
2660.0000000880755,2660000,298.01112754145424,-307235.00035123946,59549.02459222218,0.3407800718387173,4.913464797833276,0.49805950454754677,0.4505999091147476,0.5392333125884994,0.7523089127342342,6.64006482569566,0,0.0,0.0
2662.000000088483,2662000,299.67789239979476,-307970.57849947177,59882.080013197905,0.32983878481285306,1.2288732642717075,0.4969142489038069,0.4597847343725414,0.534090446124897,0.7677169390098069,6.6110403091263095,0,0.0,0.0
2664.0000000888904,2664000,300.29653688432734,-308440.32208788954,60005.69846975419,0.34387815948486505,3.5282364617543287,0.49944948179945275,0.46524192052909097,0.5435948526381829,0.7711061622608124,6.641425930031531,0,0.0,0.0
2666.000000089298,2666000,300.02340069924674,-308218.83863797784,59951.119992981956,0.3193498340469622,1.8884174020447837,0.49908847627227987,0.4548309489671696,0.5409909974602671,0.7652408630798089,6.632712571875601,0,0.0,0.0
2668.0000000897053,2668000,297.9610005365,-308846.33146661334,59539.00813989914,0.3301931226228145,1.3408970434246985,0.5024455367831203,0.46404097067338235,0.5587025891743252,0.7653212414498576,6.693632461717684,0,0.0,0.0
2670.0000000901127,2670000,300.33462709826887,-309265.37228237744,60013.309712681395,0.34067132539171197,5.813956278041219,0.49902162163225694,0.4548500429680429,0.5412529415530809,0.7707942492204225,6.77955515830439,0,0.0,0.0
2672.00000009052,2672000,300.24009724653445,-308332.7409238075,59994.42061779399,0.30135390201227263,4.149421834693327,0.5011023316683474,0.46202503366798453,0.5440128691917483,0.7670698653110586,6.67491612153772,0,0.0,0.0
2674.0000000909276,2674000,302.18781498298625,-307807.4132231623,60383.61645871286,0.306295579608079,1.5196739813038662,0.4991225717929508,0.46129119284251274,0.5428700223142968,0.7687164205304811,6.643003639579035,0,0.0,0.0
2676.000000091335,2676000,299.7504866303806,-307674.4472765727,59896.58589980044,0.33855067167405084,2.954583477283317,0.5015062573173814,0.4609398038108301,0.5372212667890652,0.7710381316560824,6.741794158793418,0,0.0,0.0
2678.0000000917425,2678000,301.42062680387437,-308220.5012768158,60230.31578124591,0.3495402715180136,4.778551652502995,0.5012431834728348,0.46269143639089805,0.545138441335526,0.7737233672461223,6.689002132084454,0,0.0,0.0
2680.00000009215,2680000,299.73409978743035,-307316.0981740528,59893.31145658793,0.327153153054795,1.8131611378795034,0.5023785587962856,0.461932309895424,0.5432930308953843,0.7694125628784798,6.709961317605888,0,0.0,0.0
2682.0000000925575,2682000,302.7529386255181,-306751.5589375007,60496.540301404246,0.3365074166032551,1.4342598493270367,0.50023303942942,0.46357591598399583,0.5401012638133089,0.7445445185462205,6.81386121887347,0,0.0,0.013861218873469916
2684.000000092965,2684000,301.8092179742989,-307355.05946108606,60307.964644074746,0.33176887894015605,6.866027014929759,0.49881814772581357,0.44668727628421,0.5420857576633153,0.7745676183985628,6.6464756277891865,0,0.0,0.0
2686.0000000933724,2686000,301.46306585731946,-308272.2536557475,60238.79601571944,0.33891887967090323,4.35121436650257,0.4976373709706204,0.4430614685729293,0.5509609216931004,0.7623684973903142,6.662276007588133,0,0.0,0.0
2688.00000009378,2688000,301.30118148144584,-308229.543103816,60206.44804012697,0.35633520912727806,10.41730519426575,0.4999527327174312,0.4671110952720481,0.5388842439926549,0.7633789816507868,6.730613898305009,0,0.0,0.0
2690.0000000941873,2690000,301.22532279368517,-308302.60278056515,60191.28984486003,0.3197943693492597,2.496845340618811,0.4991461326057434,0.4585486174573319,0.5403221632290602,0.7595353154990485,6.602961016372866,0,0.0,0.0
2692.0000000945947,2692000,300.6173300345527,-308922.01209910633,60069.79983183884,0.3225542425903669,2.5930450911768377,0.4972420777852755,0.45906602401415064,0.5371450323558937,0.7607756387531044,6.815339767895907,0,0.0,0.015339767895906853
2694.000000095002,2694000,300.40218469448433,-309034.95194995916,60026.80917154931,0.3186370976342703,0.8089200899920274,0.5001485405578784,0.46441781345378885,0.5449407650235512,0.7699810175633983,6.617269855457025,0,0.0,0.0
2696.0000000954096,2696000,300.9909504835499,-308201.92850155476,60144.45722295386,0.33887345368512517,13.164829948832253,0.4986995399235333,0.4568065485698112,0.5412728969395513,0.7638011451531161,6.614497333308606,0,0.0,0.0
2698.000000095817,2698000,303.1387939779196,-308697.9734991058,60573.64248902643,0.3198267713346639,3.5013945464568828,0.49964008555753553,0.45452305417473227,0.5421695228937029,0.7692021449215858,6.6416238924971225,0,0.0,0.0
2700.0000000962245,2700000,300.97324698621367,-307785.9056154578,60140.919683913155,0.3304715953756976,3.1873376368853736,0.5032495280846758,0.4591522306684368,0.5492196749282621,0.7714110248007522,6.736358781701995,0,0.0,0.0
2702.000000096632,2702000,297.39082344992346,-308005.5173041043,59425.074510539125,0.33170609996379996,9.66458669427219,0.5002339195341358,0.4576828726755404,0.5359791785187831,0.7652141268461232,6.650557333228619,0,0.0,0.0
2704.0000000970394,2704000,302.58757721679046,-309284.06329379044,60463.49753996053,0.33541438686434405,3.2738381205003666,0.49941018072451054,0.46387536715333333,0.5515844466263147,0.7722750547666859,6.610137216007843,0,0.0,0.0
2706.000000097447,2706000,302.0345424174646,-308661.83387707453,60352.98930781129,0.35275304261080576,8.142105242459737,0.49968726714165623,0.4585831144022985,0.547365443750099,0.7481644153664498,6.647708855460838,0,0.0,0.0
2708.0000000978544,2708000,302.02011395380475,-308591.732710605,60350.106190847175,0.3404768254015773,4.708293138469357,0.49957691226930456,0.4567025034377439,0.555229426186943,0.7690474436781489,6.622811429047957,0,0.0,0.0
2710.000000098262,2710000,298.8052963861462,-308488.93701756094,59707.71658621948,0.34816882805840543,2.675347445379523,0.5009856968404642,0.44662065697151565,0.5400110044419186,0.7818598492010089,6.695699522266722,0,0.0,0.0
2712.0000000986693,2712000,301.3580410946574,-307911.6975809741,60217.80981219694,0.3460570801819065,8.427314584145101,0.5022421816219829,0.4625437566358913,0.5379988133929547,0.7654471858055389,6.696292136350252,0,0.0,0.0
2714.0000000990767,2714000,296.8431540215871,-307882.4101857748,59315.638394762296,0.3131219687872514,2.0545520913596538,0.4995415702031003,0.4588110386530957,0.5387995420983156,0.7528825996222084,6.6825958852811596,0,0.0,0.0
2716.000000099484,2716000,298.6490640319205,-307670.55747401714,59676.49800595827,0.3277266577263989,0.8205669751086007,0.49866257022159916,0.46552936961586777,0.5383498636432931,0.7693765133476553,6.647212483504063,0,0.0,0.0
2718.0000000998916,2718000,303.03235206353236,-308271.1588357156,60552.37310814868,0.31560971744355587,9.113328719208388,0.49636259685788336,0.4470374654457854,0.5279361482114524,0.7511599490254355,6.783552203955651,0,0.0,0.0
2720.000000100299,2720000,299.9442113695714,-308274.92105271295,59935.29626391794,0.3406931178466379,1.5390201120562337,0.5000977283439321,0.45384930822281033,0.5447954717002226,0.7634247157196388,6.645346487494464,0,0.0,0.0
2722.0000001007065,2722000,303.1880611706873,-309797.3685937994,60583.487132405746,0.32236593636539246,2.0512692401882826,0.5002398250363295,0.45466808894067867,0.5329377793938388,0.766115542081721,6.743536433587433,0,0.0,0.0
2724.000000101114,2724000,297.9464361683062,-308517.64954090863,59536.0978662899,0.31234696206067736,6.520804994377705,0.49664619029382284,0.4581516104743275,0.5466351187383882,0.7789298462334404,6.741355354459827,0,0.0,0.0
2726.0000001015214,2726000,296.10593336455514,-307900.6859451714,59168.32587191234,0.32524291346749334,4.237481893957877,0.5003503653416413,0.4580299275477895,0.5415903305448571,0.763322223611282,6.605117460438294,0,0.0,0.0
2728.000000101929,2728000,298.8987305367069,-309166.1826426117,59726.386736476605,0.3703173234047186,4.3890781176919855,0.4995737004147151,0.4589358498544578,0.5458566144126422,0.7582343130399698,6.5639369470193,0,0.0,0.0
2730.0000001023363,2730000,301.6649184212003,-308718.68568519596,60279.1304937965,0.33228015199583305,2.0547582433533065,0.4979907219034365,0.46109127884084655,0.5350625633729056,0.7675941005482498,6.658418845839833,0,0.0,0.0
2732.000000102744,2732000,302.03893337386097,-308553.26249497803,60353.866715217475,0.33234501558093543,1.3360298859464246,0.50235963677638,0.46545063874532655,0.5435800521646286,0.7792926408145293,6.645418346205076,0,0.0,0.0
2734.0000001031513,2734000,299.8869688757065,-308706.5151467589,59923.857984069116,0.33677841461855484,2.785451950175352,0.500690996649401,0.4563940436453733,0.550153428380133,0.7681765198444346,6.660359412930717,0,0.0,0.0
2736.0000001035587,2736000,303.90595928319425,-307073.021567469,60726.93859580938,0.3397259949482571,1.3297429542162753,0.4993910298420076,0.4666165641573663,0.5408227535654762,0.7830891749144886,6.803504333930746,0,0.0,0.0035043339307465615
2738.000000103966,2738000,300.1067911803774,-307678.41258701496,59967.783202347906,0.349006596194385,7.277786957239265,0.49859771990263724,0.4558355144208459,0.5364331888533993,0.758833264651912,6.662686744629099,0,0.0,0.0
2740.0000001043736,2740000,301.59922901209643,-308819.5802342617,60266.00433884234,0.34513001308526786,2.354148923057347,0.499821347725171,0.45531823867537824,0.5339603019478893,0.75701101025785,6.756171547083341,0,0.0,0.0
2742.000000104781,2742000,298.570851071637,-307106.348212576,59660.86937647125,0.3218585841157575,3.594419615861986,0.5019000955942869,0.45376588563859244,0.5434280797847233,0.7785295193180035,6.768106601719197,0,0.0,0.0
2744.0000001051885,2744000,298.6584551863124,-307894.79930747766,59678.374560328724,0.29953869479049533,2.776396881559876,0.5000403824763745,0.4557369407067,0.5405713897493737,0.7603533130219713,6.783965690500921,0,0.0,0.0
2746.000000105596,2746000,296.86155663402735,-308516.730094627,59319.315632017846,0.3454767654283043,2.0520307507149576,0.49809841488878426,0.458039790000977,0.5362208898318457,0.7737929634088712,6.75506896038118,0,0.0,0.0
2748.0000001060034,2748000,298.37027642922317,-307688.5310854879,59620.790254553176,0.3301326583087285,4.691511363095199,0.5000784528321085,0.46102175298775583,0.5470275601458425,0.7656002915983571,6.71321279972716,0,0.0,0.0
2750.000000106411,2750000,298.3589118938518,-307857.7178229424,59618.51937627461,0.3544463584152714,6.248064810884887,0.5005361522136287,0.45540049395527316,0.5359783301953094,0.765426645427647,6.62966965894602,0,0.0,0.0
2752.0000001068183,2752000,299.07178963391556,-307823.24326160736,59760.967661425966,0.32084465109017735,3.312824666218546,0.49820086085467885,0.46016911103346425,0.5437166725819633,0.7731738465775972,6.565158323037217,0,0.0,0.0
2754.000000107226,2754000,302.86720390779755,-308053.532672578,60519.37295923361,0.31998035057001567,0.2860113000754781,0.4989160687393421,0.45773217953406053,0.538656208118157,0.771524078376955,6.725835075212402,0,0.0,0.0
2756.0000001076332,2756000,297.85968506098703,-309121.63002774585,59518.76313162489,0.3230971636752181,2.0482170634206867,0.5003253268178823,0.45285738298190115,0.5368762433227179,0.768562390115541,6.6652890882863005,0,0.0,0.0
2758.0000001080407,2758000,298.71568578724344,-309033.5733828489,59689.810463713904,0.3514814614610037,3.8937566592613306,0.5003747572939137,0.44199017722114764,0.5332551715969078,0.7570971773726409,6.7504120452991145,0,0.0,0.0
2760.000000108448,2760000,302.43167678963994,-308896.567118688,60432.34528585877,0.3258776087497831,4.211270584658289,0.4991846338549818,0.45541756490639074,0.5430847592801609,0.77286412037963,6.661271896120439,0,0.0,0.0
2762.0000001088556,2762000,300.7253670909073,-308654.2044851533,60091.38795634548,0.34120379265656586,5.761684672001823,0.49975371618949505,0.46380517629781526,0.5384767776804154,0.7621830301040653,6.724296099515055,0,0.0,0.0
2764.000000109263,2764000,304.4637752129432,-308464.5412775632,60838.40220051631,0.3343764281170849,7.187387969483582,0.4968582085998938,0.455219228848053,0.5466513531874355,0.759151018751842,6.639207731606021,0,0.0,0.0
2766.0000001096705,2766000,301.50199036217845,-308545.6939628734,60246.5739678926,0.34696041170035286,4.173085731421697,0.4992991725558815,0.4585991631254842,0.5402677066650784,0.7705528901283021,6.692811218914187,0,0.0,0.0
2768.000000110078,2768000,299.565758873724,-307795.82350542815,59859.673326049386,0.3265051837276619,3.219734466305315,0.5005829415212736,0.4623031430498372,0.5410822039940837,0.7635413236622135,6.709208575756406,0,0.0,0.0
2770.0000001104854,2770000,301.38708064271856,-309228.23328082403,60223.612537672016,0.3531945320562443,3.6579104865347967,0.49900889419459793,0.45943263618754937,0.5315913834079993,0.7744210404526886,6.711056388234454,0,0.0,0.0
2772.000000110893,2772000,299.3258710072849,-307808.7334901211,59811.73857751899,0.3232151291465193,2.3616093123683126,0.49808835225245396,0.462958998648495,0.5538765702917576,0.7779139786683347,6.624072856819396,0,0.0,0.0
2774.0000001113003,2774000,305.0769730898404,-308351.3141399119,60960.93230787337,0.3394759323808275,7.22247289383547,0.5020350823497034,0.4457279961789551,0.5519530140366171,0.7445319344320036,6.625285079786977,0,0.0,0.0
2776.000000111708,2776000,297.8587256559053,-308726.90079466393,59518.57142188144,0.3208716366683579,7.687514361725518,0.49801366444365386,0.462430850771713,0.5402279209240675,0.7653849486853552,6.620442029628393,0,0.0,0.0
2778.0000001121152,2778000,299.84851930654645,-308306.69173317635,59916.17493425027,0.3459319539919232,3.7587862579360447,0.5009061074992573,0.4535905895515935,0.5442894772827618,0.7690848541662199,6.6926700415896505,0,0.0,0.0
2780.0000001125227,2780000,299.66552645337697,-307689.53486843687,59879.60903148184,0.3270368707520833,7.002564644572951,0.501738103506575,0.4540859982522316,0.5469980528802392,0.7750621340916775,6.624835863293043,0,0.0,0.0
2782.00000011293,2782000,300.60317151547997,-307404.4892259333,60066.970655601675,0.33828339852204875,1.4262666497748193,0.49800201686054063,0.4575183720678888,0.5380843416765053,0.7653819343144888,6.672348422473064,0,0.0,0.0
2784.0000001133376,2784000,296.924991741715,-307975.2684651399,59331.99132912643,0.33537473863502265,1.8172046412179146,0.49950232238577985,0.461078384424189,0.5494354139279505,0.7721268756729227,6.710958586294332,0,0.0,0.0
2786.000000113745,2786000,297.9568567074103,-307570.20988851273,59538.18011383714,0.3252027046826523,2.5810645842983684,0.49803043048693935,0.45498498393868747,0.5473848848744503,0.7471972195234695,6.7379729370823185,0,0.0,0.0
2788.0000001141525,2788000,298.77242329164227,-307304.78486679913,59701.14783582017,0.327696697016617,1.065234282214212,0.49801241161804627,0.45741805271610136,0.5429719792341761,0.7603466345574663,6.661433974347034,0,0.0,0.0
2790.00000011456,2790000,301.69963884234346,-308152.2989899125,60286.068379739096,0.32394418842757144,3.0313131744115482,0.5011214922836487,0.46315724319075047,0.5396352832159046,0.743993095241227,6.613362173756059,0,0.0,0.0
2792.0000001149674,2792000,298.91750134076415,-309356.74906803854,59730.137546326034,0.332313497106979,8.606468727678706,0.49990952697164515,0.46003792588986414,0.5415803202208349,0.7673008850451914,6.611232571147696,0,0.0,0.0
2794.000000115375,2794000,296.78318484822597,-308709.0921879383,59303.65526578078,0.32957018167195706,6.123555728029134,0.5008471858496261,0.4544558053179255,0.5396183208918686,0.7632601075361976,6.686401771639261,0,0.0,0.0
2796.0000001157823,2796000,298.2787982361409,-307771.2434140276,59602.51094661442,0.32306308505914166,0.983593226038668,0.49980519386381145,0.46021189370307614,0.545534823026518,0.764249076329353,6.610461140575502,0,0.0,0.0
2798.0000001161898,2798000,297.6293133387382,-307442.1695038392,59472.72991311147,0.3597069367539669,5.173759041907992,0.49935083882821707,0.4591661790355719,0.5356227747668169,0.7529873564929677,6.679090484211898,0,0.0,0.0
2800.000000116597,2800000,297.6717372496207,-307996.52302531945,59481.20712177573,0.33180656125540314,2.783851843897518,0.49787788605067734,0.4602320558334343,0.5324840424852679,0.7515120325998463,6.683574418341891,0,0.0,0.0
2802.0000001170047,2802000,297.6008942985331,-308007.6635981109,59467.0511784346,0.33767930072335045,1.948032296031727,0.49684499343877225,0.45457227881975903,0.5411493534205967,0.7619579874452231,6.684617902143287,0,0.0,0.0
2804.000000117412,2804000,300.36284130447575,-307717.7825251701,60018.94751712556,0.317546411751057,0.8474016343344116,0.5019438445290618,0.4587234844320789,0.5467431808377885,0.7731612043980807,6.731698192076891,0,0.0,0.0
2806.0000001178196,2806000,299.71031208877156,-308728.8590365774,59888.5581634337,0.3218195405530989,3.023184237598391,0.500175793909403,0.4657965143629763,0.5372248325425013,0.7671634277223713,6.801404812863993,0,0.0,0.0014048128639929658
2808.000000118227,2808000,298.5533338844649,-308815.65289177233,59657.369066203304,0.3192639478653664,5.699784055508355,0.5010572715774865,0.4648786552036479,0.5411786870187925,0.7723152459130205,6.661781088476417,0,0.0,0.0
2810.0000001186345,2810000,301.23869737577587,-308148.8608770808,60193.96237364915,0.33814028409191604,3.3928768755763214,0.4990411532219852,0.46649475731350876,0.5450983017880393,0.7705227589605554,6.762149595220862,0,0.0,0.0
2812.000000119042,2812000,300.20734578584927,-308685.1249716077,59987.876172444376,0.3364529293577547,2.8511361587554056,0.4994605281762544,0.45224719566214144,0.5395348996159282,0.7552033726171601,6.665467505833462,0,0.0,0.0
2814.0000001194494,2814000,299.8279119027895,-308468.441047729,59912.05713233049,0.3320213368171067,0.5763215132024143,0.49950454234526714,0.45783518302067616,0.5360317482860584,0.7656564895298281,6.654797465381577,0,0.0,0.0
2816.000000119857,2816000,299.9970244925868,-308209.5011284705,59945.849460327685,0.3474556696243711,5.438342830292463,0.49883176469228535,0.45559588059919004,0.5365834709749082,0.7724115918483516,6.670699227312049,0,0.0,0.0
2818.0000001202643,2818000,299.8415360526556,-308379.95169533463,59914.77953012187,0.3427864213685576,3.2364089504731366,0.4959916670340901,0.4584494449954635,0.5355026895805057,0.766876986468322,6.65308365789879,0,0.0,0.0
2820.0000001206718,2820000,299.1586909482242,-308606.29501944594,59778.33241067393,0.3387579118966606,4.794325636174604,0.4999940001482879,0.45954640144920234,0.5408750092308372,0.767688814806962,6.663569714596065,0,0.0,0.0
2822.000000121079,2822000,299.59215778105937,-308933.47185429884,59864.94839478622,0.31499523399224855,3.742031892518995,0.4983133883171558,0.4620182510309887,0.544397383302158,0.7626211238124405,6.8293538209122415,0,0.0,0.0293538209122417
2824.0000001214867,2824000,303.89581303684935,-308228.0760341096,60724.91115784725,0.33623243375173006,0.9040060556043218,0.5003355989872612,0.46342402565897534,0.5370507920977552,0.7649945655602135,6.771941554171647,0,0.0,0.0
2826.000000121894,2826000,300.7600916159133,-308851.72411910305,60098.32666232803,0.33460735541303943,0.9385601466282463,0.5001787609558229,0.46055743690552564,0.5435370559479722,0.7714654816438329,6.677886594191676,0,0.0,0.0
2828.0000001223016,2828000,298.11280189260765,-309032.5411563604,59569.34131155808,0.32308727278592786,5.138769798021228,0.5002000596624245,0.46011206730610943,0.544137303298954,0.7702168631061852,6.643929082885499,0,0.0,0.0
2830.000000122709,2830000,298.2532605838998,-310394.9993225881,59597.407975145274,0.3027037356606339,1.8910723812587542,0.4998691565908506,0.45674312615437174,0.5529673659125387,0.759355399801839,6.74949811040419,0,0.0,0.0
2832.0000001231165,2832000,302.15996204740543,-309639.603592901,60378.05084389991,0.33654802161654085,5.0503019485417076,0.4991107367972052,0.45812623686288223,0.5471046829970749,0.7607220757168225,6.730335304378954,0,0.0,0.0
2834.000000123524,2834000,297.9640367788663,-308427.8089124211,59539.614846342716,0.3349489795775543,7.229467175081742,0.5017200131977732,0.4600903176629201,0.5485074305117479,0.7821704607936173,6.70766422260904,0,0.0,0.0
2836.0000001239314,2836000,299.39715243202926,-308375.50225390214,59825.98213731519,0.32804095048847404,5.714558811212801,0.49856492397524454,0.45780353909350424,0.5426363532522629,0.7750620627966693,6.6942327128167705,0,0.0,0.0
2838.000000124339,2838000,300.74347061675513,-307998.199483017,60095.00542967546,0.31306092391227675,3.691351655046631,0.4985257142843877,0.4570013360189984,0.5389882759053464,0.7800615856209774,6.7719205863968455,0,0.0,0.0
2840.0000001247463,2840000,302.6457474186281,-307900.3570005712,60475.121195789565,0.32337692095908527,3.381776844142635,0.4993741584714165,0.4545340028893996,0.5380208952096837,0.7702613277534098,6.708638395613249,0,0.0,0.0
2842.0000001251537,2842000,301.0740796265466,-307834.42301771045,60161.06821134708,0.36258434968765896,9.363888551266543,0.49994240431596426,0.45819956000571394,0.5381353497497187,0.7719429730301637,6.665355573262893,0,0.0,0.0
2844.000000125561,2844000,300.4677304175879,-308291.1238590344,60039.90661495423,0.3386470319954016,4.0919480721764145,0.49875143865940497,0.4586459907084466,0.5361427497754292,0.773243650158129,6.619281622028822,0,0.0,0.0
2846.0000001259687,2846000,299.4858902127551,-307779.7180701131,59843.713852000816,0.3340172396476874,6.117366356507441,0.4990451758356092,0.4432697961545258,0.5462187285947788,0.7535826148976312,6.599982560655903,0,0.0,0.0
2848.000000126376,2848000,301.4997925067241,-308600.1539061973,60246.134789162665,0.3148055165782554,3.739284022680006,0.49976530796812446,0.45247367010514783,0.5377627311857864,0.7774727800461942,6.655605081237155,0,0.0,0.0
2850.0000001267836,2850000,301.27228737720543,-308495.6732169688,60200.67437745143,0.3148042162812299,4.32577550435947,0.5007749272766944,0.46082783541668615,0.5382006698061019,0.7674499963823234,6.687256211542106,0,0.0,0.0
2852.000000127191,2852000,303.2502412644513,-308602.94617062993,60595.912050774554,0.3308825677723396,6.741093837387451,0.49910746751748913,0.45779832787587216,0.5444845581351445,0.7645099106533699,6.704753127142098,0,0.0,0.0
2854.0000001275985,2854000,298.7015946411621,-308774.7194773108,59686.99475004759,0.33131718362083706,1.2019411329219702,0.5019895742111309,0.4537428570967452,0.5428086452599996,0.7736116241907371,6.659684664993093,0,0.0,0.0
2856.000000128006,2856000,298.77438077480804,-308463.6317280098,59701.53898300363,0.3396657773245785,2.9879417429385957,0.5001553361272453,0.45713348241234275,0.5393961078204138,0.7728494610897378,6.699899868057443,0,0.0,0.0
2858.0000001284134,2858000,301.4274126646024,-307820.7939941557,60231.671741980346,0.3285621323444706,2.9520811974687176,0.5009215766451228,0.4545967579795722,0.5447902800561426,0.7632290113948569,6.6722099481255555,0,0.0,0.0
2860.000000128821,2860000,300.43759011642936,-307234.18421618594,60033.88393536601,0.3209350016592768,4.7418007337638395,0.4990950173192754,0.4654833082708001,0.5451297156850469,0.7723291003202073,6.7570898039043215,0,0.0,0.0
2862.0000001292283,2862000,299.56288511371093,-307035.421779301,59859.09908707012,0.35019325217806613,1.5497476614652366,0.49771592035760676,0.46199400433531235,0.5353693571798672,0.7651348087384497,6.65486038983952,0,0.0,0.0
2864.0000001296357,2864000,305.0389566823852,-308854.2460859227,60953.33581306752,0.34951311978505617,3.4514065858703633,0.4995592291419976,0.4604508960258178,0.5427027987609456,0.7670811314602011,6.69088743553913,0,0.0,0.0
2866.000000130043,2866000,300.8121550823947,-308453.0514454022,60108.730061259594,0.348715850627017,4.370100233102136,0.4976516040529188,0.45529564790508603,0.5345271222561961,0.774778154296552,6.720538101217041,0,0.0,0.0
2868.0000001304506,2868000,294.6840746323255,-308156.2789005516,58884.20795554216,0.3322266660312954,3.2707315571236797,0.49832327285840144,0.4633684716488462,0.5397941933306329,0.7685290900354733,6.6870731672524855,0,0.0,0.0
2870.000000130858,2870000,300.8342795575973,-307431.00466329604,60113.151006641056,0.3285999702507021,1.7839951812902517,0.4999106411161376,0.45404840027681725,0.5385570674879796,0.7710077446385508,6.625033892110345,0,0.0,0.0
2872.0000001312656,2872000,298.25937984916254,-307950.03659944655,59598.63073578721,0.34937452002990255,3.4834534712647867,0.4989107449931791,0.4562378655910342,0.5416660605902379,0.7697043850394252,6.763397234473288,0,0.0,0.0
2874.000000131673,2874000,299.41494208594236,-309066.66223534057,59829.53689229061,0.3526300093617758,4.037393416145967,0.5016723460750949,0.455054348354631,0.5491794810483048,0.763243549727775,6.681739886086348,0,0.0,0.0
2876.0000001320805,2876000,297.4085500197781,-308988.82160299877,59428.61665996461,0.34942741043975567,0.7979247334147015,0.5005657904421934,0.46191145134074674,0.5439918227559488,0.7703658327582161,6.645606543936992,0,0.0,0.0
2878.000000132488,2878000,297.9556860244755,-309302.6717856019,59537.946186240384,0.3243200136921832,2.441287062014385,0.5008731729373163,0.4525941996811236,0.5470950614355204,0.7751199331976917,6.6764584484224585,0,0.0,0.0
2880.0000001328954,2880000,295.83556919014114,-308701.25596985826,59114.301302414366,0.33719020274873224,0.5902776828814799,0.49952277531019207,0.46125209917474264,0.5447572930339355,0.7710824734723634,6.698413075157646,0,0.0,0.0
2882.000000133303,2882000,299.19986684044187,-307461.3259826093,59786.5602384014,0.3541363748315711,4.773925667961894,0.5007061102869448,0.44774578283500954,0.5455134281327751,0.7687561916532832,6.654548603072804,0,0.0,0.0
2884.0000001337103,2884000,301.8104324567621,-308193.87643402955,60308.20732375809,0.3402546960090046,4.221365868585169,0.5022190429278881,0.46079451783286807,0.5420851642351994,0.7753694296523825,6.715980325266457,0,0.0,0.0
2886.0000001341177,2886000,299.83045374215845,-307771.54251337517,59912.56504643538,0.31602210682616316,2.7684990828331655,0.5007893001321112,0.45261128276223506,0.5420070253129374,0.7623827998971104,6.653674111311857,0,0.0,0.0
2888.000000134525,2888000,298.0856792814366,-307953.0521806143,59563.92163124964,0.3323739438144949,0.1435275838337283,0.5006765470200627,0.4638091390501433,0.5541374304264934,0.7690903252245729,6.655521574915184,0,0.0,0.0
2890.0000001349326,2890000,300.05689481019505,-307741.89175631804,59957.812835806355,0.3459633462906354,5.832440410458772,0.5005281911826835,0.4633507678258031,0.5512555489591158,0.7716369039060319,6.727340949066644,0,0.0,0.0
2892.00000013534,2892000,295.91469875030214,-308693.25826659286,59130.113088245555,0.3478329859475391,7.14370793445383,0.49850748992717997,0.449356185636792,0.5429535711399556,0.7615135514562787,6.588378133426673,0,0.0,0.0
2894.0000001357475,2894000,301.40811563096844,-308944.66690955637,60227.81578015804,0.3255004155116319,6.358660377404391,0.5009436369127408,0.45832506695572395,0.5427526701556955,0.7705352282620528,6.645423065136839,0,0.0,0.0
2896.000000136155,2896000,302.6971842277744,-308821.5724078384,60485.39937512491,0.3195897108418936,5.088460628150393,0.5005981233626849,0.46680154363712045,0.5483524075332404,0.7714133953106579,6.629780810193669,0,0.0,0.0
2898.0000001365624,2898000,299.27986421770146,-308697.4271247587,59802.54543272969,0.34393623908479015,2.2567202229449332,0.49781817020638547,0.4583697461601304,0.5353456140438493,0.7520419213729248,6.689766248208997,0,0.0,0.0
2900.00000013697,2900000,300.9689109337664,-309014.5522810784,60140.053247495336,0.3566985026982755,4.772279493346674,0.5006163027065504,0.45305136918687694,0.5436234484828795,0.7646592616931613,6.66114750764784,0,0.0,0.0
2902.0000001373774,2902000,299.5420335361393,-307845.04290847527,59854.93249397729,0.3384113614352402,3.426313046052283,0.5030953947010333,0.45048351079651106,0.5405117939146487,0.7712892731041858,6.7417706082549955,0,0.0,0.0
2904.000000137785,2904000,300.67131954692564,-307353.03586648917,60080.58809611118,0.3023497343816659,4.772522133564192,0.49898999969324076,0.45748364198442815,0.5360006691082388,0.7627077236821664,6.556453870739489,0,0.0,0.0
2906.0000001381923,2906000,297.6284770197215,-308442.2468858785,59472.562798607716,0.33899286607282564,5.533515284236181,0.5010811174256699,0.4623242339312146,0.5358641825385693,0.7754856438367668,6.649333444995513,0,0.0,0.0
2908.0000001385997,2908000,302.64644068752557,-308404.23668373097,60475.25972580677,0.331600334316819,4.734764899237322,0.49921623014127725,0.45811997241934765,0.5464657571036662,0.7681909315764281,6.681217960236538,0,0.0,0.0
2910.000000139007,2910000,299.30371060589795,-307992.5031880317,59807.3104533142,0.32429841254329184,1.8885971124173428,0.5016901325617132,0.4625221422229604,0.5478290270341142,0.7742254657547862,6.620285233025683,0,0.0,0.0
2912.0000001394146,2912000,299.87972860674734,-307371.17301473813,59922.41122280936,0.33383084713068684,1.3835490328950746,0.4995193493364977,0.4616578707426733,0.5473034859379773,0.7668232542907294,6.625936281097012,0,0.0,0.0
2914.000000139822,2914000,305.37551978170393,-308212.70722919935,61020.58834972112,0.3290971682566045,2.329065921638097,0.49703668316206984,0.46109477246984554,0.5370116838942179,0.7542943961876594,6.63168028956585,0,0.0,0.0
2916.0000001402295,2916000,300.6581424942283,-307047.9770736089,60077.95503793782,0.32364515020814383,2.6172317608975217,0.49705159706423047,0.4598721407324238,0.5403210598442918,0.7636579693970766,6.671672386610766,0,0.0,0.0
2918.000000140637,2918000,300.4604607393556,-308035.11120909965,60038.45397708998,0.34481546650174894,3.7867837928264145,0.49898769131526394,0.4623442336158421,0.5517009369524697,0.7677610843462688,6.638876240097943,0,0.0,0.0
2920.0000001410444,2920000,299.81902394368876,-308582.00281116366,59910.2811271879,0.33625321552739723,0.6340811065313695,0.49899439238418036,0.46422248406176525,0.5403166607209577,0.769681238480791,6.693808992639724,0,0.0,0.0
2922.000000141452,2922000,299.9450048047867,-307274.02016418334,59935.45480931703,0.31360077751700455,5.355239857790514,0.5004216862071643,0.4531029960946009,0.5445111884888956,0.7666649927676019,6.7747579719186675,0,0.0,0.0
2924.0000001418593,2924000,299.03084442597276,-307543.5114734364,59752.78592937175,0.34339161154986597,5.455407461905012,0.5003523518319114,0.46497187286590647,0.5399189265836917,0.7688542063142991,6.815394871719455,0,0.0,0.015394871719455416
2926.000000142267,2926000,298.8342653475015,-307154.39350354206,59713.50520695452,0.3225604058269006,4.19351683144857,0.4992614401082007,0.45935632869368703,0.5363573894798161,0.7686076118721159,6.692833898843261,0,0.0,0.0
2928.0000001426743,2928000,299.17986168136747,-308188.3835545406,59782.56277790547,0.3432958633452188,1.2612377522011546,0.5011193878886024,0.460808718919397,0.5471411670673785,0.7631137141845787,6.717561866065793,0,0.0,0.0
2930.0000001430817,2930000,299.8800478472287,-307900.5862821704,59922.47501391485,0.33407928385685604,6.243621121896215,0.4995035274321932,0.4627431061849654,0.5473825271673562,0.7785540396976458,6.814042592997435,0,0.0,0.014042592997435044
2932.000000143489,2932000,305.4630098047345,-308462.70746943215,61038.07073561725,0.3406662973427263,6.042770056165299,0.4997720127021256,0.45643424587376735,0.5378068125453188,0.7632496878562347,6.704581484692923,0,0.0,0.0
2934.0000001438966,2934000,300.5253737271679,-308295.80852544075,60051.424986392485,0.3247553200752957,5.918079445821831,0.49917444217355916,0.45210178022950664,0.5406055892686954,0.7478269800806592,6.673380151310198,0,0.0,0.0
2936.000000144304,2936000,300.95340452356345,-307693.19428191707,60136.95473365751,0.32733138507335086,3.7672174066532067,0.49966539396400994,0.4617341974977327,0.5510962246160336,0.7699834648491795,6.645603783422956,0,0.0,0.0
2938.0000001447115,2938000,299.6632050811068,-308220.39785385877,59879.145171438955,0.3348973480080741,5.096350554145173,0.4966109750294256,0.4480325668263152,0.536872573688493,0.7511453248524607,6.670549561931054,0,0.0,0.0
2940.000000145119,2940000,301.28813627971863,-309109.0922046616,60203.841328609604,0.3161912215404774,1.2712746426610766,0.4985446802175071,0.45652898971360123,0.5473298529604262,0.7753517384553685,6.656820571066618,0,0.0,0.0
2942.0000001455264,2942000,295.73372086258667,-308320.28550701076,59093.949818856505,0.3241241023077661,0.31653374634827536,0.5008234209831138,0.46162485740770576,0.5459185391114074,0.7730751147872379,6.766622422103211,0,0.0,0.0
2944.000000145934,2944000,300.3310690138978,-307998.5971969669,60012.59873099603,0.3336281705954063,6.816117183069769,0.4979708603078925,0.45975802882046146,0.5401357839589913,0.7606984405890338,6.711840091581578,0,0.0,0.0
2946.0000001463413,2946000,299.0021050207674,-308567.69699003734,59747.04317888635,0.33693632087071484,6.635887880286545,0.499632266961546,0.46211957647242174,0.5429378218455954,0.7604216315827821,6.660434738189009,0,0.0,0.0
2948.000000146749,2948000,297.7204109207925,-308302.20221374603,59490.933166791285,0.348642795963441,1.5849457982211554,0.49866584928894137,0.4641121554951102,0.5387261069469407,0.7702161944306951,6.589321406037939,0,0.0,0.0
2950.0000001471562,2950000,299.6541668959221,-307811.6751019587,59877.33914789792,0.3235228640515755,4.626976252552664,0.5020145284464581,0.46979190860226083,0.5444209238781443,0.7639577217183291,6.619627012909356,0,0.0,0.0
2952.0000001475637,2952000,296.34715836550436,-307568.7059631683,59216.52780863964,0.3390840656180176,3.3901099237153,0.5021461935575864,0.4603303612395173,0.5444599716376572,0.7583204749668884,6.7365532519599896,0,0.0,0.0
2954.000000147971,2954000,301.741574876949,-307523.62207776774,60294.44810024359,0.3450923558439398,2.566217333596146,0.5020292289563832,0.44998118148955335,0.5441785342810554,0.7775914137307258,6.6520039401671625,0,0.0,0.0
2956.0000001483786,2956000,301.31425965031195,-307332.3766470505,60209.061339186825,0.3421396504735475,1.592210577140141,0.49796956334678005,0.45744189281518133,0.5424454419230216,0.7693195681963978,6.670989908145266,0,0.0,0.0
2958.000000148786,2958000,299.2051428166795,-308918.54376293253,59787.61449178218,0.3274244357411884,1.9832350340601945,0.5005957270059116,0.4609767889985843,0.5524497207123318,0.7534796042873739,6.770650428724981,0,0.0,0.0
2960.0000001491935,2960000,300.16824935436483,-308150.8134172922,59980.06386563845,0.31149934505378946,3.0720317264721024,0.49899710074866704,0.45942876757648055,0.5451437531461476,0.7697209162295318,6.696353355196706,0,0.0,0.0
2962.000000149601,2962000,303.5355820412591,-308341.0718657952,60652.92926712976,0.33105073734428536,1.6145190646467784,0.5017369814324482,0.46800300131657524,0.5447240952476102,0.7725857716440423,6.656515629972034,0,0.0,0.0
2964.0000001500084,2964000,299.77807015008875,-308608.5998264146,59902.097679534956,0.3450408743144488,4.201159394558429,0.4993814535554853,0.451856709980222,0.5379260009960056,0.7730009974956822,6.6050017224778514,0,0.0,0.0
2966.000000150416,2966000,300.3626967130173,-309556.3091494567,60018.918624646336,0.3108265277681099,1.4810084864145738,0.49860265504928664,0.45721216966633715,0.5436671989932047,0.7726896702268888,6.6224631239244545,0,0.0,0.0
2968.0000001508233,2968000,298.104066286001,-309303.7954282854,59567.59574971635,0.3393514457233575,10.28273439988566,0.5002412103651916,0.46412686984215945,0.554506618009226,0.7658250791539816,6.631048113234009,0,0.0,0.0
2970.000000151231,2970000,301.8808531088757,-308316.9728075145,60322.27888269319,0.3386560537108384,2.493074235327778,0.49829968701847394,0.45974180430124645,0.5370383977924416,0.7675734108525121,6.636609649302265,0,0.0,0.0
2972.0000001516382,2972000,297.30509578362853,-308233.496580184,59407.94428137438,0.32580260067506317,3.2887836929504313,0.4983438710161514,0.45350680281106204,0.5470063574269277,0.7567758526543777,6.625165682963228,0,0.0,0.0
2974.0000001520457,2974000,301.75589054608145,-308579.5978924427,60297.30867843828,0.3355605623692554,2.1586124564644993,0.49800584740230863,0.4602832466521112,0.5422029454610184,0.7677507943897899,6.5968743420762195,0,0.0,0.0
2976.000000152453,2976000,299.2852320040124,-308264.612817619,59803.61803173521,0.3251454283190405,3.250747502942327,0.5009995045844114,0.451351758031858,0.5485813324714446,0.778625581486061,6.545560530556656,0,0.0,0.0
2978.0000001528606,2978000,302.2091778625876,-307752.44660323113,60387.88522093404,0.31921909291033157,2.213748398319996,0.5006464666845267,0.4550061153586462,0.5413429014182256,0.7662439349197381,6.677966649482443,0,0.0,0.0
2980.000000153268,2980000,298.54270996111813,-307982.5698236348,59655.24617811566,0.3213063251872659,1.0861591617258897,0.5002058517160606,0.4668144736446349,0.5390855648707735,0.7736916420689486,6.689749562756617,0,0.0,0.0
2982.0000001536755,2982000,298.7153949920814,-308511.3437595777,59689.75235659421,0.302946828291449,1.2508899083241758,0.49773367625061654,0.4591742685854703,0.5383206804623555,0.7774662895559246,6.603928529203721,0,0.0,0.0
2984.000000154083,2984000,300.53705148979867,-308140.22434388194,60053.75845420565,0.31840035183277376,1.621577772733298,0.49886893824404305,0.45626872541863706,0.5373052781122052,0.7633149780050594,6.6612728802164725,0,0.0,0.0
2986.0000001544904,2986000,296.3664325289283,-307453.53108779714,59220.37920050275,0.35089959069891896,4.233684958808306,0.5011003301413066,0.4558611140430022,0.5547547320346857,0.766357635833824,6.620147743924171,0,0.0,0.0
2988.000000154898,2988000,305.8428606968087,-309299.1539468523,61113.973103089615,0.3336195550552735,3.215169228105027,0.5010673359359715,0.4628689606878058,0.5361666070279749,0.7642419190748484,6.545287819540505,0,0.0,0.0
2990.0000001553053,2990000,300.99754149694326,-308857.38380423374,60145.774249005495,0.3489199627361413,4.142378811870053,0.49838209269831785,0.45404804690782896,0.542608699048559,0.764727521734696,6.658643478413794,0,0.0,0.0
2992.0000001557128,2992000,299.8809320103485,-309200.37049080105,59922.65168869811,0.32810966343411757,5.490570734042547,0.49899861219031466,0.46085173906644084,0.5397445153080387,0.7665500063441597,6.667994414083481,0,0.0,0.0
2994.00000015612,2994000,298.03420982796035,-308733.0694819349,59553.636928875974,0.3173455304564119,4.400133762870839,0.49930804449350563,0.4606270064640059,0.535650967533644,0.771310743939867,6.610369012381284,0,0.0,0.0
2996.0000001565277,2996000,299.1960289469642,-308188.9945247667,59785.79334484621,0.33412765797881316,3.4785015185268953,0.5015608695223637,0.4520925144057797,0.5360161901656895,0.7491027276608744,6.597437392015603,0,0.0,0.0
2998.000000156935,2998000,299.55002244258407,-308559.45365585247,59856.52884908748,0.32233853394953377,2.817577205342479,0.4978203779121892,0.46015743292050537,0.5361192904933736,0.7740598627447426,6.611121482866068,0,0.0,0.0
3000.0000001573426,3000000,300.78752572435707,-307992.7006505681,60103.80858648254,0.3256091078099722,5.358535984402716,0.5000367817977801,0.45534472003076587,0.5418880237035442,0.7743445678213372,6.770036255412741,0,0.0,0.0
3002.00000015775,3002000,298.82949304631774,-307931.18165833363,59712.551598668484,0.33345231537916964,4.115585897210696,0.5005646211208468,0.46057140374240735,0.5399498252886756,0.7692511057583069,6.569666692617375,0,0.0,0.0
3004.0000001581575,3004000,299.246094059944,-308778.128342384,59795.79742982332,0.32711100727985953,1.5142027659255517,0.4995006036315761,0.45596719208755454,0.5374668391741224,0.7651824646868199,6.6319531013241715,0,0.0,0.0
3006.000000158565,3006000,302.4471709405512,-307868.84491534997,60435.44135002678,0.34957178089353236,7.627567898362593,0.5003665445510391,0.4672367626430076,0.5427072497519481,0.7662107318872116,6.619199619897159,0,0.0,0.0
3008.0000001589724,3008000,300.31895626999216,-308657.95991010545,60010.17834458072,0.34378179731222663,1.6051756000461235,0.499325138315952,0.4519197230793859,0.5522104885226717,0.7616739246692705,6.675274038004559,0,0.0,0.0
3010.00000015938,3010000,302.20844234446326,-308542.87133521494,60387.7382486138,0.32722988487789895,2.0810596846460343,0.4999336783157494,0.45187326449298304,0.5398010070109658,0.7658372182561521,6.526087124860098,0,0.0,0.0
3012.0000001597873,3012000,298.2077742226795,-307866.6117945146,59588.31882312178,0.3415425249762828,4.726969254943331,0.5008131016941667,0.4603985227775025,0.5449090023757979,0.76148649149129,6.631487386447253,0,0.0,0.0
3014.0000001601948,3014000,300.64049929710654,-308765.11648850236,60074.42954817522,0.3539001118350093,5.932288084302749,0.4973727375561568,0.45824970445873703,0.5427291017504032,0.7768652855285705,6.667983536358197,0,0.0,0.0
3016.000000160602,3016000,298.1783030807894,-308601.66067457525,59582.429855929004,0.3543887268494016,10.764510472794873,0.500481887853492,0.4649593241417686,0.5462507790005908,0.7687060866215141,6.58114418754154,0,0.0,0.0
3018.0000001610097,3018000,300.71892263546033,-308335.6530258036,60090.10021571962,0.3280641103056977,3.8002391399098854,0.4994160941727124,0.4523810329317941,0.5410928315185579,0.7670335826722114,6.674376052029089,0,0.0,0.0
3020.000000161417,3020000,296.8056170321184,-308583.83533524815,59308.13769796808,0.35536292405796144,3.903149848735724,0.49832390819142636,0.4563078759114667,0.5432096506755855,0.7576335843574356,6.624963493675267,0,0.0,0.0
3022.0000001618246,3022000,299.9358787714807,-308421.33564251615,59933.631231834355,0.34822989660793713,11.566579268318458,0.5015958053591023,0.45595799269901427,0.5418619034978676,0.7598711496661892,6.6297898727579145,0,0.0,0.0
3024.000000162232,3024000,301.3477325613365,-308447.4039928098,60215.74994581107,0.31539266823210454,3.7059577598737716,0.5008828059644458,0.4656574103075459,0.5436699326432022,0.7742649626637377,6.635528754566366,0,0.0,0.0
3026.0000001626395,3026000,301.55540982941966,-308056.7423863211,60257.248324903005,0.32619646951333614,6.217311711273614,0.5006370461096361,0.45586111332258294,0.5433912619289529,0.7700263135503009,6.625157379344106,0,0.0,0.0
3028.000000163047,3028000,302.5855457580722,-308299.34024332836,60463.09161087268,0.3370493936215029,4.279987421836125,0.500435894271626,0.4591266243939054,0.5446334241789952,0.7624027872067956,6.757995087938458,0,0.0,0.0
3030.0000001634544,3030000,300.8166183239504,-307930.92785690585,60109.6219127933,0.307952932960784,0.9059662435399729,0.49826334656063537,0.4548681132975583,0.5443044283719374,0.7559170162433682,6.795292988302961,0,0.0,0.0
3032.000000163862,3032000,301.40678581978597,-308731.2877723733,60227.55005531929,0.34219111257180473,2.624032153018959,0.499412037859389,0.4491044661666672,0.5451823355974605,0.7483276526706337,6.702824702917688,0,0.0,0.0
3034.0000001642693,3034000,297.2994368887235,-308266.44349326426,59406.81351261871,0.35373435484274174,6.438498731307232,0.4998465236911711,0.46337905730310536,0.537077993541871,0.7656048797939476,6.779195058248803,0,0.0,0.0
3036.0000001646767,3036000,297.11237188020243,-308263.2538212943,59369.43390574073,0.32589203944453615,3.210606678319022,0.5013547599990225,0.45926352413622507,0.5447794157111874,0.7553231162210032,6.801651435379259,0,0.0,0.0016514353792596026
3038.000000165084,3038000,297.79935139691884,-306715.0253847609,59506.7071695708,0.3458751897868728,3.0036146678471205,0.4993328707510498,0.45512462250755226,0.5446768858280393,0.7626095451493584,6.780745228424834,0,0.0,0.0
3040.0000001654917,3040000,301.5028243362677,-307987.2167565818,60246.740613829475,0.32488114946324126,5.239575577968902,0.49991778858672103,0.45891892769597753,0.5389014012564708,0.7736954345193983,6.683148969639639,0,0.0,0.0
3042.000000165899,3042000,298.3567984902902,-308522.0277394005,59618.09707284687,0.3532200852861894,1.8236921787263969,0.4982081027751367,0.4585857398226843,0.5350621882196087,0.7600610008474646,6.6709666303684525,0,0.0,0.0
3044.0000001663066,3044000,296.5399956480678,-308611.2623880962,59255.060839860336,0.3294991842641537,4.235815115139918,0.5020035166348822,0.45994426585864545,0.5456895688904613,0.7607136626028179,6.688765290408611,0,0.0,0.0
3046.000000166714,3046000,298.0543433458346,-308346.64913876075,59557.66003821726,0.32699412469732764,1.0722387458889133,0.49851911388516573,0.45341472463909405,0.5304019198836105,0.7701780773821532,6.635776182756572,0,0.0,0.0
3048.0000001671215,3048000,300.0560306345121,-308918.75713532185,59957.64015494232,0.32823576934730414,4.605267759243767,0.5011365783547539,0.4572105756567635,0.5404095294336972,0.7676618523343226,6.624551060239128,0,0.0,0.0
3050.000000167529,3050000,299.85180565429874,-307528.69030839065,59916.83161712227,0.345453496185754,4.170885930462482,0.499457504804177,0.4498600012862757,0.5379132744107018,0.7619911237844903,6.619478825325174,0,0.0,0.0
3052.0000001679364,3052000,296.82123461244555,-308155.63277597073,59311.25842598466,0.3249055572892652,4.54426601565246,0.5005877540944004,0.4554601046439857,0.5369769627420151,0.7729055285854222,6.666694042141003,0,0.0,0.0
3054.000000168344,3054000,298.59739081684927,-308482.67093081726,59666.17258764111,0.34487840556033317,4.922198086650556,0.49629998923785607,0.4579680857240811,0.5369122761620995,0.7704140803009825,6.802427700971606,0,0.0,0.0024277009716060505
3056.0000001687513,3056000,297.6977173355412,-308377.3114552675,59486.398500997544,0.3430807346258219,2.902406649345645,0.5043211030071356,0.46461458294853664,0.5424809366190324,0.7737685810882358,6.65886105428708,0,0.0,0.0
3058.0000001691587,3058000,303.90929058387525,-309085.3731735498,60727.604261242115,0.3315203819179402,7.256000317566432,0.5003476195743006,0.4568329777095794,0.5368283677754846,0.7700773461735794,6.690588791187565,0,0.0,0.0
3060.000000169566,3060000,303.3269178843796,-308619.0915985103,60611.233686457854,0.3590544015203636,5.38616607339679,0.5001365393094876,0.4628094500273692,0.5341937513946142,0.7682038511351925,6.6802574373575325,0,0.0,0.0
3062.0000001699736,3062000,302.07805842711235,-307977.06292819325,60361.68474126723,0.3250437482993454,1.9981445300076028,0.499715513007092,0.45842563182984897,0.5411623111480361,0.7773639559756523,6.703351732809423,0,0.0,0.0
3064.000000170381,3064000,306.42765048079156,-308114.7801869777,61230.82666327365,0.34024782526404607,6.043336117781405,0.5000070301757112,0.4633705096052365,0.5411069669783153,0.7627236659449697,6.66723704663471,0,0.0,0.0
3066.0000001707886,3066000,300.2177954587785,-309444.1465981472,59989.96424155568,0.34903058240322055,3.59529101295771,0.4976688169139169,0.45517372498956377,0.5364975041097715,0.7590156607282008,6.6409490845756665,0,0.0,0.0
3068.000000171196,3068000,297.8869631609023,-308819.10181879066,59524.21388192434,0.3267678585966475,1.5198742401284357,0.5033279111542208,0.4614529344166778,0.5451981958331702,0.7739121297014153,6.762647306096014,0,0.0,0.0
3070.0000001716035,3070000,298.50064960560763,-308687.8695684923,59646.84161562394,0.38133598284748904,9.51114212442041,0.5008060109423967,0.4541430370413737,0.550829161827604,0.7539104319799339,6.744928837948448,0,0.0,0.0
3072.000000172011,3072000,299.9386471055666,-307208.60209742,59934.184404448824,0.3302426116904694,1.8541137691982803,0.5016987435934058,0.45638621071669694,0.5485583877506297,0.7546180240718883,6.740095047663949,0,0.0,0.0
3074.0000001724184,3074000,301.2439222961281,-308415.2162233535,60195.006424967345,0.35546627868325115,8.642415728009247,0.4998170516220098,0.4575629513390409,0.5443690160976331,0.7709674296111109,6.687225943630281,0,0.0,0.0
3076.000000172826,3076000,297.37095006214463,-308324.9853004804,59421.10338077851,0.3318869478148301,7.127935670846593,0.49892057786707045,0.4583302836039058,0.5318715645096019,0.7719638835534663,6.659987162177913,0,0.0,0.0
3078.0000001732333,3078000,296.4466610363577,-308025.9752543741,59236.41057960367,0.3291384023202094,7.742992236101353,0.5001649296965444,0.4632780686754918,0.543625880150099,0.7400015453202773,6.643808475130619,0,0.0,0.0
3080.0000001736407,3080000,301.39849958261584,-307405.3272961364,60225.894287143485,0.3179414651366197,1.8146446993604495,0.4971874799647855,0.4562525501978474,0.5349221866524605,0.756904601485637,6.616027117972649,0,0.0,0.0
3082.000000174048,3082000,297.5453434178586,-308211.85458237166,59455.95091923725,0.3243058340994699,3.352251024851968,0.5034085092267547,0.4620327246710012,0.5432459905811999,0.762500348835097,6.627674414001632,0,0.0,0.0
3084.0000001744556,3084000,300.8843037681921,-307951.3194717509,60123.146918443046,0.33549868105365965,4.105348604196455,0.5001103646801595,0.4576988443369192,0.5535526348456123,0.7598712713864995,6.692128445601398,0,0.0,0.0
3086.000000174863,3086000,298.6099774729348,-307717.8420499638,59668.68767188965,0.34493451788618323,6.13668667244255,0.4976082345498184,0.4500327264435029,0.532736720417751,0.7506950541041881,6.64545782679599,0,0.0,0.0
3088.0000001752705,3088000,300.07005557792576,-308156.08081179624,59960.442639893576,0.3473396119856571,3.5122420892695425,0.5012805023750552,0.45625359107016616,0.5423063038602606,0.7717073377267987,6.772251977387462,0,0.0,0.0
3090.000000175678,3090000,298.76432191720386,-308697.0274240379,59699.52900718903,0.3358418286973039,2.4064023797526186,0.49998061710948677,0.4536479744092461,0.5463670247910297,0.7720468667768907,6.647120536075661,0,0.0,0.0
3092.0000001760855,3092000,298.29917830455565,-308553.9746424346,59606.583322049635,0.3249427502696327,2.390563192963693,0.5001288552550348,0.4609322926971302,0.5403900930115366,0.770094244488277,6.726010444690559,0,0.0,0.0
3094.000000176493,3094000,299.6717835711671,-308142.83878764696,59880.85933801984,0.3310967488767871,4.1576471324822855,0.49850257955075405,0.44373479720974496,0.5380169857287651,0.7633818430745305,6.6616374384691,0,0.0,0.0
3096.0000001769004,3096000,302.03067314414915,-307636.2681423086,60352.21614389047,0.3174882267131236,3.33582925767454,0.49979868232369506,0.4618787113455598,0.5456484518061835,0.7696403446063602,6.754487901656205,0,0.0,0.0
3098.000000177308,3098000,302.23306155762367,-308172.08055090625,60392.657696226466,0.3185317373159675,5.875938316311137,0.5030743663647554,0.4642585276164013,0.5449886473621497,0.7807873474159884,6.7217559339678985,0,0.0,0.0
3100.0000001777153,3100000,299.0844499588368,-308297.383058134,59763.497466290304,0.3413137486789918,2.41068480947577,0.5003307743049817,0.45463847501665233,0.5380574457787085,0.7719038562701375,6.62682156789937,0,0.0,0.0
3102.0000001781227,3102000,296.5102311611334,-307506.68286952935,59249.11325602662,0.3190484617330829,4.9233962396568955,0.5006696168633371,0.45179955900030233,0.5424947244861258,0.7655055410391309,6.634157667097556,0,0.0,0.0
3104.00000017853,3104000,298.5834713116798,-308008.09076003917,59663.391171515854,0.30336810510787693,0.5296486045346802,0.49970782955793813,0.46466409962730015,0.5397925016499965,0.7576069068060178,6.605995269907815,0,0.0,0.0
3106.0000001789376,3106000,300.80747854317303,-307709.4874766213,60107.79558827056,0.33513025328724777,3.7695569329685825,0.5009832326437815,0.45515172911311996,0.5418711600272701,0.7638003331323429,6.629477376133494,0,0.0,0.0
3108.000000179345,3108000,298.2358985493935,-307852.4361115629,59593.93866771263,0.3597024643246467,1.6311347128905065,0.49903584897421904,0.45934236067401857,0.5292225744287915,0.7529219060126984,6.68435328827259,0,0.0,0.0
3110.0000001797525,3110000,303.1389084562061,-307774.37276441744,60573.66536424707,0.34980930454613274,8.324448434784758,0.49954617697362363,0.4546112124475162,0.5358996697721885,0.7784571706464627,6.752207096015994,0,0.0,0.0
3112.00000018016,3112000,301.50909373245366,-308393.7597366874,60247.99337385471,0.33291603535857434,3.684263885977548,0.4986476424029908,0.4600746811820615,0.539126318672766,0.7672810129386995,6.6683702758584555,0,0.0,0.0
3114.0000001805674,3114000,301.41010032792883,-308058.9259819845,60228.212365242216,0.33339370627616083,5.035524645169576,0.5016381029387605,0.46078116195199126,0.5442169275470352,0.7767675302651682,6.6151265367084235,0,0.0,0.0
3116.000000180975,3116000,302.60634115633576,-308072.00985296303,60467.24697813302,0.3402058042800254,7.878272573387137,0.49961690273796305,0.4622028088297059,0.5483185219936697,0.7671012311678702,6.681958861245903,0,0.0,0.0
3118.0000001813823,3118000,300.48374901522016,-307289.18437614664,60043.10747484226,0.32307341554206526,2.310742406612338,0.5002750278579409,0.46182662925689133,0.5448760682685858,0.7709412940749321,6.6528144246984695,0,0.0,0.0
3120.00000018179,3120000,297.3124829800506,-308485.9547171872,59409.42040189724,0.337833361345539,0.4995005814870317,0.5009461862544623,0.4607850306240693,0.5383503747356784,0.776524624113538,6.674867886300632,0,0.0,0.0
3122.0000001821973,3122000,297.67431769379954,-308370.52474283846,59481.72274995086,0.33947655738927507,2.9765412165209075,0.5010877741076203,0.4639441364370642,0.5475204833675669,0.7681666386558526,6.722201935919877,0,0.0,0.0
3124.0000001826047,3124000,300.6185571405042,-308037.5888764467,60070.04503396631,0.3510909722526089,2.4378535497410363,0.4991068845299792,0.4599849286304203,0.5472162600597077,0.7840664931666748,6.705068459601492,0,0.0,0.0
3126.000000183012,3126000,302.40937114484166,-309404.2720836019,60427.88813890054,0.335595585509457,3.223564791371806,0.49956074904106373,0.4578461107778544,0.5351403003018191,0.7590010061205508,6.671586437688596,0,0.0,0.0
3128.0000001834196,3128000,297.97270229413425,-308673.62467109226,59541.34640242941,0.3486722265213111,1.5943005627526696,0.4972899250907305,0.46436411188480586,0.5360535299725857,0.7685484539135494,6.7701159758335905,0,0.0,0.0
3130.000000183827,3130000,301.495437034324,-308276.6179803307,60245.26447222114,0.3272631678625162,2.237904537666246,0.5026082957515972,0.4576669836343834,0.5446798583783572,0.7688208771466267,6.683763154046304,0,0.0,0.0
3132.0000001842345,3132000,300.6870662873054,-309135.2489146665,60083.73463308066,0.334389195691725,6.889814078711681,0.49829573906506774,0.45295080123753184,0.5397032641670174,0.761915649710291,6.712240180390474,0,0.0,0.0
3134.000000184642,3134000,299.8963065642574,-308254.947334582,59925.72385481609,0.314574247410559,2.630470498310287,0.49896497487913055,0.44727429387236817,0.54813833519695,0.7540537253503574,6.674052284464587,0,0.0,0.0
3136.0000001850494,3136000,302.7409819817702,-307748.888549143,60494.15110715349,0.3438164740391659,1.1238809022125653,0.49865122585326555,0.46715118082715446,0.5358345758037206,0.7690508950101727,6.698657362839327,0,0.0,0.0
3138.000000185457,3138000,298.7978878936343,-307890.802574554,59706.23621028043,0.3411575197654255,1.3801509568066634,0.5008371049937248,0.45831354059374174,0.5406956879287499,0.7631758679234419,6.797895121557389,0,0.0,0.0
3140.0000001858643,3140000,299.55884891297734,-308822.64960134495,59858.29256746554,0.32028444704676856,5.909870410057491,0.4991794331722658,0.4597088670414211,0.5407398781077628,0.7734591824062571,6.745634091086788,0,0.0,0.0
3142.000000186272,3142000,299.42964986577334,-308485.2064781715,59832.475822625456,0.3383650125103729,5.5463896214944475,0.501674689613809,0.4572126029878154,0.5353988016284958,0.7623809397380779,6.664126394336117,0,0.0,0.0
3144.0000001866792,3144000,302.32382434128976,-307715.78779591294,60410.79404999681,0.33260120413042255,4.0267688224909435,0.49984833717706206,0.46012303314124675,0.5538451820886348,0.7726616597793541,6.696535208046392,0,0.0,0.0
3146.0000001870867,3146000,299.5238170456426,-307789.60580150597,59851.29244788397,0.3063446599650332,0.5524143197504475,0.4990235061045492,0.4529578781598369,0.5358461092136872,0.7643600734771989,6.626786932778558,0,0.0,0.0
3148.000000187494,3148000,302.37850732574236,-308862.1990985987,60421.72088488652,0.3280055672937864,1.8086748136404047,0.501351271809444,0.4583197072636853,0.5445858046827343,0.7711823322774052,6.667087048629792,0,0.0,0.0
3150.0000001879016,3150000,299.5085294576506,-307923.0701675243,59848.237659424216,0.3397135114813912,9.719062725720333,0.5009261923348862,0.46240833112891067,0.5419744901341774,0.7604343031353302,6.621956162100062,0,0.0,0.0
3152.000000188309,3152000,300.6468837308243,-308206.2883525188,60075.705295170315,0.35179220218159085,9.045388183918073,0.498112065307075,0.4576962482519038,0.5366412008460841,0.7728391603964759,6.599052524236697,0,0.0,0.0
3154.0000001887165,3154000,297.227968735429,-307981.06870376086,59392.53264044724,0.33841322430707366,1.9010503580465985,0.4997877347796371,0.44849833897894154,0.5378053610064484,0.7706963911559681,6.796121610642129,0,0.0,0.0
3156.000000189124,3156000,300.5393634522154,-308770.499947384,60054.2204339577,0.3322120943644533,3.709933627395946,0.500533618783547,0.45966265266624484,0.5442415403293746,0.7713120645109459,6.709557070749669,0,0.0,0.0
3158.0000001895314,3158000,298.72670732642547,-308805.7840679353,59692.01280398626,0.32753941751601257,5.278192503367416,0.5017217568229229,0.4592314250758074,0.5385748599528837,0.7721615195385709,6.727450719933373,0,0.0,0.0
3160.000000189939,3160000,296.4898658709732,-308287.53385575535,59245.0438336041,0.34467279106449866,6.295336597042337,0.4992922496952491,0.46118657834882093,0.542319211969227,0.7680447709292719,6.756173070169055,0,0.0,0.0
3162.0000001903463,3162000,298.16930213333876,-308745.6218873807,59580.63127328709,0.32849543073452775,2.947141067497126,0.4995216975968176,0.4616426013708228,0.5411227915310746,0.7790600319981493,6.78655340475866,0,0.0,0.0
3164.000000190754,3164000,302.5583227292415,-308441.921827991,60457.651864958876,0.3411308780013801,4.739016242013694,0.4966737218367041,0.44397789655201025,0.5412504148913952,0.7709572339309747,6.728501557333999,0,0.0,0.0
3166.0000001911612,3166000,298.06942895152775,-308070.77298463834,59560.67446627511,0.32995138352205866,5.829007656361402,0.5018584355766305,0.46031779654308824,0.5371062100172277,0.7845710551723826,6.662127071887902,0,0.0,0.0
3168.0000001915687,3168000,299.79377458933715,-308382.9462080868,59905.23576382974,0.3373612601820962,4.028878159649678,0.5011189255477749,0.4609145182229253,0.5377364440091892,0.7780324066741251,6.734849338585327,0,0.0,0.0
3170.000000191976,3170000,300.7753656427255,-308334.4585070545,60101.37874097276,0.3287748270858903,4.0469899608694755,0.49681749210998444,0.4546316030023645,0.5416712185637964,0.7666132438112838,6.6574159056274596,0,0.0,0.0
3172.0000001923836,3172000,302.14627532249426,-308274.1393333622,60375.31594227041,0.31070914991339393,5.982043095484933,0.5010957949106021,0.46070200416343177,0.5452827031889047,0.7657141468035356,6.668811611927353,0,0.0,0.0
3174.000000192791,3174000,300.7191776215511,-308455.4731615605,60090.15116741769,0.3315255527814874,2.5517759326412346,0.4996272263468809,0.45686852032051384,0.542987029771286,0.7720950281742036,6.804477532681389,0,0.0,0.004477532681389285
3176.0000001931985,3176000,302.67572615441696,-309479.7176730004,60481.11159114649,0.3254530836648504,5.129662153864954,0.501479023880692,0.45357215045771704,0.5435879385010516,0.7766301967329046,6.755210009752737,0,0.0,0.0
3178.000000193606,3178000,299.4229824114284,-307971.4722191305,59831.14352202974,0.3360715136198247,0.40058054213093564,0.5002414500118182,0.4596553600881581,0.5466675421307166,0.7701536888293612,6.751028201026003,0,0.0,0.0
3180.0000001940134,3180000,299.37205311026565,-307919.1066913856,59820.96675369084,0.3529205240790982,6.460015445469172,0.49988503936537226,0.45889761295255305,0.5383878055220919,0.7737069842287525,6.777797851997548,0,0.0,0.0
3182.000000194421,3182000,301.10868803189226,-308202.3217556374,60167.983714127215,0.33093089435461,3.649268767364326,0.500276764424383,0.4590173117995162,0.5377019436285,0.7625302330070571,6.792536187283467,0,0.0,0.0
3184.0000001948283,3184000,299.26988443034554,-307568.2913861284,59800.551256849125,0.3356033874138456,9.076734042621158,0.49954576958731284,0.4581179215156528,0.5424551506394977,0.7756345087115797,6.712691196810802,0,0.0,0.0
3186.0000001952358,3186000,302.67508557858474,-308124.54855284607,60480.98359033557,0.3235325054183353,0.818111241688863,0.4998722412698385,0.4563581747529195,0.5396580713237724,0.7724652682507358,6.77587461163997,0,0.0,0.0
3188.000000195643,3188000,301.63175220101226,-308464.52512867237,60272.503170589145,0.33399655732747124,3.8018030534723843,0.501396439830563,0.46491102945579765,0.5448125858364623,0.7653637030217153,6.722749455032869,0,0.0,0.0
3190.0000001960507,3190000,299.9635276054403,-308478.1296472745,59939.156062759255,0.3336076062515964,2.3475254527157725,0.4980561140362941,0.4606360172100816,0.5456158451869224,0.7740774403733095,6.703016824699461,0,0.0,0.0
3192.000000196458,3192000,299.56275309285786,-307949.93815872865,59859.07270646786,0.3252244847886183,2.8121217901093813,0.5014602493558634,0.4574131823609209,0.5507082375986223,0.762398856637521,6.663038353676434,0,0.0,0.0
3194.0000001968656,3194000,303.7294441651108,-308360.43331544846,60691.66708365354,0.34263997352884357,5.386609709391843,0.5021053833980923,0.4573109001229314,0.5394719991655776,0.7766143749095429,6.7629784152762795,0,0.0,0.0
3196.000000197273,3196000,299.2567904302981,-307883.6934814169,59797.934794379194,0.33468820314854897,10.030971805648795,0.49884928390354544,0.44588266686129785,0.5401495253385775,0.775647909552049,6.785255315868028,0,0.0,0.0
3198.0000001976805,3198000,301.0752206373572,-308126.24544792995,60161.29620981606,0.3339747983283542,1.2116719853416822,0.5019528229958842,0.4671771590274649,0.5380158998189706,0.7645247791023255,6.698737131979171,0,0.0,0.0
3200.000000198088,3200000,303.18067601478793,-308743.1396760619,60582.01141962315,0.32002478659424516,4.0651443377678875,0.5004051333667607,0.4610673108995469,0.5399073883742123,0.7678071591267486,6.664296182733835,0,0.0,0.0
3202.0000001984954,3202000,299.34222164679915,-308888.08041813923,59815.00578650735,0.35012698688684846,6.892853398557569,0.49998979698489604,0.457223046999216,0.5401807649640844,0.7719275307416611,6.693985414549417,0,0.0,0.0
3204.000000198903,3204000,301.1181266593146,-308883.324557913,60169.86975462889,0.3499157117573233,5.296366121956666,0.50043475329086,0.4622936388849652,0.5541563472016016,0.7743707641368864,6.612351273854642,0,0.0,0.0
3206.0000001993103,3206000,300.9200237251403,-308555.028682373,60130.28453310962,0.33472571745201257,6.321025705466129,0.4995750430850768,0.4582923200330544,0.5333800269007796,0.7613281516770938,6.57392943413015,0,0.0,0.0
3208.0000001997178,3208000,299.22580817370624,-308019.61674239766,59791.7438740101,0.3360720228062001,6.074284874460941,0.5001667750610056,0.4569726221748116,0.5346112277486181,0.7723835930536396,6.586779237041057,0,0.0,0.0
3210.000000200125,3210000,302.1098561871833,-308820.1020609201,60368.03861674854,0.3307743263485645,5.494407670434847,0.5006426619016704,0.4671239440922097,0.5383217311997741,0.7539010058458575,6.687882308598034,0,0.0,0.0
3212.0000002005327,3212000,301.05682705957264,-308419.76976376213,60157.62077787878,0.3363309973602094,5.096616974151121,0.4985045825929943,0.4543171876828991,0.5402450288845078,0.7597931486568932,6.666764825282854,0,0.0,0.0
3214.00000020094,3214000,302.4869105491218,-307448.1974311145,60443.38217743003,0.34693705864836466,5.203450333022361,0.5003756808669686,0.4577931661829151,0.5334986389399026,0.7794103895794748,6.667048951214266,0,0.0,0.0
3216.0000002013476,3216000,297.6984685056931,-308733.21296601836,59486.5486009291,0.33823053359207633,5.582959192540151,0.5006116488549941,0.46227429582380886,0.5424844278420373,0.7676198293002052,6.59987465577548,0,0.0,0.0
3218.000000201755,3218000,298.85314771596757,-307645.33242659084,59717.27830976924,0.32512337021853155,4.687705264048127,0.5029943231247176,0.4625410760233999,0.54187484903259,0.7664000161853668,6.687371701923789,0,0.0,0.0
3220.0000002021625,3220000,303.174248818406,-308561.5803255532,60580.7271277292,0.3274727093124882,3.1445083870091337,0.5006253453107776,0.4646469821637069,0.5462451273603683,0.7709423124546149,6.610250174347087,0,0.0,0.0
3222.00000020257,3222000,302.9664001028806,-309092.34177131625,60539.1944897556,0.34762284079091305,3.7399567099366062,0.4999156730279059,0.4566566942961797,0.5375922638425354,0.7704074509281025,6.627431006535758,0,0.0,0.0
3224.0000002029774,3224000,296.9442827060474,-308826.2334983782,59335.84607817192,0.34257403608274084,0.6575249988522626,0.5016984006766022,0.45728146462908237,0.5543585277648884,0.772884897917411,6.640808624158776,0,0.0,0.0
3226.000000203385,3226000,298.4194069540537,-308278.75516407937,59630.60758874302,0.3413953579039679,11.26411972458875,0.49896798834611644,0.46369202051026903,0.5342542666283752,0.775412934550781,6.665546120391468,0,0.0,0.0
3228.0000002037923,3228000,299.48755537567064,-308956.16578436876,59844.0465873192,0.357945568368082,6.736669805103088,0.4995127327190313,0.45813563372114274,0.5461849455264467,0.7718133022091198,6.742369193650866,0,0.0,0.0
3230.0000002041998,3230000,300.16103961864417,-308848.1373565132,59978.6232055756,0.3239243146158074,9.260530078882018,0.5032701875007664,0.4629615667098106,0.5380930542247615,0.7587587710572539,6.688777682383829,0,0.0,0.0
3232.000000204607,3232000,300.97423731779395,-308533.6375934151,60141.11757343531,0.3315463931713855,2.1114012953784544,0.4961384114051262,0.4542390557353082,0.5309743113723844,0.7593944640731571,6.665356860819443,0,0.0,0.0
3234.0000002050147,3234000,301.04356352558244,-308770.79804295907,60154.97043888548,0.3306195015651626,5.408542446327893,0.5019696640025747,0.4540799465132652,0.5552717047373577,0.7758208713127637,6.694578396011067,0,0.0,0.0
3236.000000205422,3236000,296.4975075016929,-309256.62688986724,59246.5707955649,0.34867236578639116,4.057033302962719,0.500352670960455,0.4610064952446413,0.5374640873890062,0.7736382615173767,6.6968874744948295,0,0.0,0.0
3238.0000002058296,3238000,296.28138663226224,-308507.12750569405,59203.385203554324,0.34418296930230435,7.916971995387801,0.4991246280646035,0.4634029265285529,0.5475735985489276,0.7662150712990208,6.62211075593067,0,0.0,0.0
3240.000000206237,3240000,297.2856948209972,-307549.3431644682,59404.06755230598,0.346137821768085,5.450337054489279,0.4986633897832147,0.4488311794178781,0.5495315964182943,0.7648757777038,6.621747943046401,0,0.0,0.0
3242.0000002066445,3242000,300.3000366078843,-310101.1200518673,60006.3977896953,0.32214485587935526,3.073066277573933,0.49887685706248996,0.4625432509770029,0.5466287802297574,0.7725924437666531,6.662194552454494,0,0.0,0.0
3244.000000207052,3244000,298.6492776182755,-309448.19923956785,59676.54068509986,0.32390436380993015,6.552954738196034,0.5009665737596856,0.45958436913946255,0.5428668114185058,0.7714849694732228,6.7098797030851784,0,0.0,0.0
3246.0000002074594,3246000,299.31510154405413,-308913.896030196,59809.586607436315,0.3469048432439868,5.761598565358709,0.49824893037762047,0.4648254508719263,0.5360926611892989,0.7657345146439951,6.650126607671552,0,0.0,0.0
3248.000000207867,3248000,296.7108043527533,-308792.44763481105,59289.19208804491,0.31871590477812317,5.453002211222553,0.49963902823104034,0.45642719570577306,0.5361272915776301,0.7654741427438394,6.632914114571264,0,0.0,0.0
3250.0000002082743,3250000,301.3468955031729,-309052.66163292807,60215.582683609886,0.3256041634596688,8.217725194923975,0.5002264048177666,0.4578084254531172,0.5362476512372467,0.7649336463602154,6.5818523806863745,0,0.0,0.0
3252.0000002086817,3252000,297.82091272360697,-307948.9430727917,59511.01558578259,0.3329500403863441,4.028560599796276,0.5006723480606863,0.461704554938438,0.5368417526908633,0.7673156151889762,6.692919703957214,0,0.0,0.0
3254.000000209089,3254000,301.51192047214846,-308420.0534201828,60248.55821716439,0.3233233725631016,3.1331482384503144,0.5001514180285943,0.4633371158958042,0.5381477850142051,0.7811219078425321,6.666326127438538,0,0.0,0.0
3256.0000002094966,3256000,303.44450042890526,-308262.03016441595,60634.72920453914,0.3313797194513144,4.945439265157577,0.500143656134909,0.4624581529137908,0.5372629790057921,0.7624923213175823,6.550506436437146,0,0.0,0.0
3258.000000209904,3258000,299.4645126209074,-309063.94389649667,59839.44214995678,0.33431240273950336,2.728498609617662,0.49924866192677075,0.4536108333162123,0.5380250667531721,0.7568967795863264,6.615807260945843,0,0.0,0.0
3260.0000002103116,3260000,299.04852969481595,-308888.3654652685,59756.319825968,0.3260436012078305,4.850122490232645,0.4993546470708574,0.45938250663488844,0.536312295887746,0.7558545484647855,6.62751140216745,0,0.0,0.0
3262.000000210719,3262000,300.3536692279288,-308239.2030659402,60017.11473921434,0.3297783150369822,3.0871506322841196,0.4999310009841399,0.4526287219333147,0.544225607879337,0.7611705546721401,6.685076041301983,0,0.0,0.0
3264.0000002111265,3264000,298.524067019018,-308230.69322666945,59651.52091783176,0.33924810473895894,5.1863920406579975,0.49930776023971846,0.46022064912912963,0.5321324597922841,0.7528891266246198,6.576230976615886,0,0.0,0.0
3266.000000211534,3266000,298.3239418914609,-307949.11015062407,59611.53161863768,0.323854280827252,2.979327094355797,0.5000567367059818,0.45174487273254105,0.5392236252501776,0.7704207522871478,6.572162234699562,0,0.0,0.0
3268.0000002119414,3268000,303.03158567115577,-309316.4901457364,60552.21996648965,0.3214985124087013,3.967660316757238,0.49995148163532077,0.4428485714999928,0.5393288396940434,0.7793662518582685,6.5724305573571264,0,0.0,0.0
3270.000000212349,3270000,297.0898063283346,-309051.79518976854,59364.92482376717,0.344577810857156,6.460199882779455,0.5018555238954021,0.4566196399724891,0.5529690274448615,0.7714319368510729,6.6740068184289925,0,0.0,0.0
3272.0000002127563,3272000,298.455011131159,-307960.80155598884,59637.72206811,0.34654333244064833,0.366639498131519,0.4979121926936751,0.45389319325532806,0.5404691530957049,0.7700412009728659,6.570360951289004,0,0.0,0.0
3274.0000002131637,3274000,304.63234192923915,-307966.4025215516,60872.08545126252,0.33493571525157706,2.919667718122916,0.5001207635990288,0.4637788843501167,0.5363220244186557,0.7720063447935317,6.651539472749931,0,0.0,0.0
3276.000000213571,3276000,299.5491419009157,-309234.11471312074,59856.35289794802,0.2947570069654092,2.0128285165156727,0.4984960665394301,0.45671550410441775,0.5410000386449898,0.764367851422481,6.641552053028391,0,0.0,0.0
3278.0000002139786,3278000,301.59407659508787,-307945.60179864103,60264.97477524959,0.33642989396217554,3.336705667835159,0.4994811563005747,0.46161067870159345,0.5486941363328528,0.7603618541434063,6.6270690099352345,0,0.0,0.0
3280.000000214386,3280000,301.1181063273149,-309151.1328869001,60169.865691858606,0.32454001580786207,2.844257715114034,0.4983502400302784,0.4524089326671197,0.5446227924250167,0.7653171651526023,6.737400177114395,0,0.0,0.0
3282.0000002147935,3282000,297.77800203819635,-308876.32708011055,59502.44110911165,0.33864928974081415,4.406868416120936,0.4992342083144015,0.46016777385923024,0.5485533219854517,0.7724442689176101,6.681866261335962,0,0.0,0.0
3284.000000215201,3284000,300.4698461896923,-308889.64406100195,60040.32939166769,0.32088944556185417,6.0989014478954395,0.5008407954617583,0.45407267015812014,0.5541288070758821,0.7714420822230981,6.682765838522926,0,0.0,0.0
3286.0000002156085,3286000,303.45676591042957,-308373.18808924546,60637.18011121149,0.32500026920062375,8.520222791323507,0.4983070499139616,0.45827771386366045,0.5486035677886907,0.7779152866027106,6.616470445372279,0,0.0,0.0
3288.000000216016,3288000,301.2157704048609,-308459.93328317255,60189.38107238666,0.3224966752693542,1.827336102251945,0.5010145833980417,0.4649939318984977,0.5398504023170227,0.7768871229024934,6.664724152545162,0,0.0,0.0
3290.0000002164234,3290000,299.94683915237306,-307914.8098543049,59935.82135136676,0.3350082278877404,2.797621068473948,0.4989919632978191,0.45838908653763877,0.5401920087972076,0.7622560584960212,6.595615772896494,0,0.0,0.0
3292.000000216831,3292000,299.8691483257644,-307951.8223943184,59920.29705540346,0.3596677583376189,1.2393343136421933,0.49961679526894875,0.4608915818042836,0.5396111162394011,0.7667835666281277,6.7662449642556695,0,0.0,0.0
3294.0000002172383,3294000,299.2882421697623,-307889.7237427081,59804.219527510715,0.3471806047773887,7.480242286762725,0.49901563849087277,0.45020851455506933,0.5390234794871702,0.7721129086441432,6.661329405661945,0,0.0,0.0
3296.0000002176457,3296000,300.7216459359018,-307924.58427596325,60090.6443896446,0.3307719084104139,5.528314954705268,0.49905622402253685,0.4517822694398719,0.5352598947479272,0.769162429737487,6.683149554455241,0,0.0,0.0
3298.000000218053,3298000,298.50725962387673,-307727.1937852688,59648.16243925797,0.3324718408398844,7.095792708126846,0.4993198457718517,0.44975631746482003,0.5442938664231676,0.7641803187483642,6.683431712448382,0,0.0,0.0
3300.0000002184606,3300000,304.0274721827404,-308625.31746278284,60751.21948324818,0.3258285915402701,3.465805934273691,0.5011870026832905,0.4643148639075072,0.5475299076985038,0.7811721126217268,6.660344431921544,0,0.0,0.0
3302.000000218868,3302000,302.45139487547885,-307944.68638731353,60436.28538295588,0.3386802262960493,10.276919031641887,0.5004257397193868,0.4626494966358401,0.5487581167819044,0.7730604121888991,6.673079873123548,0,0.0,0.0
3304.0000002192755,3304000,299.32064991916735,-307268.26896235393,59810.69529196361,0.32456430242964013,2.248510626661877,0.49982050559147556,0.45815557149096603,0.5426570703346534,0.775709623158936,6.709404134862623,0,0.0,0.0
3306.000000219683,3306000,295.88563192060917,-308269.3072077404,59124.30491131444,0.3293768586050061,1.821321899161953,0.5015932392765459,0.465963711536002,0.5444233413806536,0.7762591007497992,6.797513942144384,0,0.0,0.0
3308.0000002200904,3308000,295.3092165359373,-308445.5399049907,59009.12473599569,0.33508944982263866,4.882917371829832,0.49994686206687766,0.4546867641866186,0.5369768538993434,0.7657521202384547,6.7247877516632,0,0.0,0.0
3310.000000220498,3310000,299.9038019892171,-308853.9737476888,59927.221601725534,0.34543066482321877,6.164017490152665,0.4994670323111748,0.4618301326039327,0.5391266124461804,0.782074772453484,6.743949396338055,0,0.0,0.0
3312.0000002209053,3312000,299.18920870337985,-308071.5432144045,59784.430513678526,0.31780527835878003,3.739655052060458,0.5008142365060831,0.45535163213927543,0.5388422023535551,0.7545209504690775,6.768983189046324,0,0.0,0.0
3314.000000221313,3314000,298.49090351759577,-308252.3923399453,59644.8941378922,0.3347970742695289,1.0959664827233353,0.49861934092822796,0.4606446945679834,0.5416060757781915,0.7641019125158159,6.817216073152196,0,0.0,0.017216073152195754
3316.0000002217203,3316000,298.7994165518232,-308564.59052629257,59706.54166902231,0.3319254258656097,1.8985104094610696,0.5005635563069472,0.463728065503358,0.5437592609845314,0.7822157680670925,6.696214671721417,0,0.0,0.0
3318.0000002221277,3318000,298.7101773129649,-308464.32375587337,59688.709752230454,0.3332986735674469,3.7461093404264583,0.4982424810603543,0.45502495596832326,0.5346699044906682,0.7741877908362973,6.785886165658212,0,0.0,0.0
3320.000000222535,3320000,298.17387096734285,-308139.987822806,59581.54422446012,0.3307633438275216,2.4419394353818094,0.49994426696619276,0.4563708238546855,0.5379374544126954,0.768925893094595,6.738516234160976,0,0.0,0.0
3322.0000002229426,3322000,299.93811985816393,-309322.16474320507,59934.07904909244,0.3171652390647325,2.170478997157054,0.5016897760321221,0.46538943479503203,0.5381270757521284,0.7743505892532916,6.684678666076209,0,0.0,0.0
3324.00000022335,3324000,297.30388637875024,-307850.5515267928,59407.702616301554,0.32008159266478886,1.918742362344152,0.5013241928965027,0.4600227696889476,0.540998409647167,0.7687083873053719,6.678870270278274,0,0.0,0.0
3326.0000002237575,3326000,299.94908412043674,-308120.95680226944,59936.26994420802,0.3381477335346249,5.097275927434616,0.5023370192381699,0.45250328047295874,0.5388061230570838,0.7766486220723099,6.714599483094943,0,0.0,0.0
3328.000000224165,3328000,302.5907207845858,-307927.60657212,60464.1256923302,0.33679177356865353,4.770795224795507,0.49994002067452914,0.4597759212030028,0.5435686485496483,0.7702387698783966,6.639683951148996,0,0.0,0.0
3330.0000002245724,3330000,300.4429789618316,-308444.55044077337,60034.960742430325,0.3335052008040674,1.4019895214771614,0.4980726259242343,0.46023015203002426,0.5401444052996691,0.7819598600296036,6.667401353551821,0,0.0,0.0
3332.00000022498,3332000,298.6328435717954,-307838.2189678862,59673.25680960814,0.3318833315736608,5.181701722037969,0.4985986431591133,0.45785428525382166,0.5371463918745394,0.7732919126701692,6.652994085392287,0,0.0,0.0
3334.0000002253873,3334000,302.6017665475238,-308915.84152437607,60466.33287302933,0.3382119600489788,5.221451125873814,0.499604319970546,0.46392228839027005,0.5450140119972655,0.7604998524591782,6.710730406281954,0,0.0,0.0
3336.000000225795,3336000,297.2629567537257,-307713.92580338335,59399.523998049124,0.3429290383222219,6.686235726888217,0.5022327684565231,0.4610003429035947,0.5504790644785382,0.7587378795443289,6.723257255676302,0,0.0,0.0
3338.0000002262022,3338000,301.7811005590612,-308631.2622318608,60302.3461805453,0.35443354892829537,2.815107772190986,0.5002572303037108,0.46096076496877103,0.5479363272348206,0.7753960420238828,6.697410820222913,0,0.0,0.0
3340.0000002266097,3340000,297.3777309366374,-308934.37545343116,59422.458345156054,0.32274214673780444,3.469783201413573,0.49914229424613465,0.4569809379270451,0.5448591624529193,0.7759375256418028,6.662521260589273,0,0.0,0.0
3342.000000227017,3342000,302.08348874460063,-308914.9982724618,60362.76983534517,0.33926605799799797,3.1151829838179057,0.49913391952833136,0.4542299204081691,0.539651752170929,0.7611683153456656,6.710552403824877,0,0.0,0.0
3344.0000002274246,3344000,300.3108251970902,-309026.66038558446,60008.55358155863,0.33202670704699944,6.143161256676207,0.5003943152967044,0.46061648115329135,0.539306218007356,0.7663048660360783,6.6685742053688415,0,0.0,0.0
3346.000000227832,3346000,298.52686663386066,-308729.59827985615,59652.08034101334,0.3351226152294783,1.594835309501544,0.49878981460026417,0.4525630741464908,0.5409802820034573,0.7629215018431514,6.668237040321955,0,0.0,0.0
3348.0000002282395,3348000,302.5332867723355,-308499.91156674037,60452.649142994145,0.33337702017583026,4.4268201617572,0.5030711382883284,0.4616383013805278,0.5564880820664087,0.7750243382949726,6.68584733271922,0,0.0,0.0
3350.000000228647,3350000,299.5156863825758,-307699.85204107827,59849.66776675575,0.3360371064972641,2.777254315169217,0.496889313377783,0.4626740786898327,0.5381743512790802,0.7545692845341083,6.694414507746579,0,0.0,0.0
3352.0000002290544,3352000,302.31159707397524,-309044.8345964351,60408.35077934441,0.3446077043956859,1.704084829846069,0.5008811239166642,0.4517740320010373,0.5521915877932972,0.7779073983821156,6.6426808365092995,0,0.0,0.0
3354.000000229462,3354000,303.39109693453156,-309144.59083339805,60624.05803925076,0.33074182521066725,2.933054071011897,0.49949926651758153,0.4570170050766611,0.5322234701214104,0.7698756264932474,6.649139959432077,0,0.0,0.0
3356.0000002298693,3356000,300.3028652017706,-308871.0226757736,60006.96300351227,0.3601504864717441,3.4503438535368045,0.4986185396757604,0.45839342655908677,0.5408766231820055,0.7728862407870754,6.667038166623513,0,0.0,0.0
3358.000000230277,3358000,301.54989976685545,-306853.3001251216,60256.147296045965,0.30237026020262175,4.906571953103268,0.49866348516165054,0.45299997334605013,0.5463949989719352,0.7648117361751883,6.60602037228125,0,0.0,0.0
3360.0000002306842,3360000,298.13110109118935,-308119.8677093731,59572.99788450335,0.3216486943621085,6.90025442434745,0.5005543062661858,0.4432431355344768,0.5397315746633362,0.7746769932298232,6.78130861755773,0,0.0,0.0
3362.0000002310917,3362000,297.76687739964956,-308466.6422342509,59500.218167371626,0.3524583554487903,8.956519128881899,0.4997117789368742,0.4591076793291693,0.5437085061109788,0.7635267888572548,6.706392825189667,0,0.0,0.0
3364.000000231499,3364000,299.6616115698109,-308675.0817046361,59878.82675365324,0.3485035128440004,7.482000828435737,0.499068993344726,0.4540860676308096,0.5490173833105798,0.7838725545560079,6.672581214959354,0,0.0,0.0
3366.0000002319066,3366000,301.4624674044082,-308993.7936632959,60238.67643197294,0.32310388043688143,4.129359913529388,0.5019124676238573,0.46110226599395077,0.5433737453378473,0.7607764902675633,6.687644378161799,0,0.0,0.0
3368.000000232314,3368000,300.3291733343935,-308767.44830068666,60012.21993351169,0.32734188043337803,7.3443362444759055,0.49913902319051956,0.4574621539273922,0.5450150312109416,0.7742522385796757,6.6545288703404,0,0.0,0.0
3370.0000002327215,3370000,298.3244639401297,-308960.01696003694,59611.63593517537,0.34272878331966194,5.440562831961473,0.5013108462152784,0.4602154493811881,0.5525832082539246,0.772018805092828,6.688142289240335,0,0.0,0.0
3372.000000233129,3372000,295.4549278570848,-309229.72048278386,59038.24098785502,0.3498279523425587,6.21550531833366,0.49983132801840313,0.4534347612846594,0.5346088164891807,0.7739382703066617,6.812100710757633,0,0.0,0.012100710757633415
3374.0000002335364,3374000,300.9149299229009,-308438.65213680314,60129.26668200679,0.33619723817360403,5.797979689634314,0.49795646969710305,0.4503857883064475,0.5386938978004681,0.7676056080066362,6.723111031517988,0,0.0,0.0
3376.000000233944,3376000,296.87685484603077,-307612.24084915686,59322.37254338329,0.3215429697713803,5.4937502412519565,0.5002444906125703,0.45443349230002816,0.5423723671628764,0.7761195601584774,6.6513619222778,0,0.0,0.0
3378.0000002343513,3378000,302.12996260545924,-308837.5808441504,60372.056311008,0.3342937737119228,6.035315332062365,0.5015668991595765,0.45515994191667364,0.5446871219412888,0.7731894939336792,6.634521157085274,0,0.0,0.0
3380.0000002347588,3380000,295.8767837314223,-309665.8875395814,59122.53685305489,0.34431309646589003,3.754145529136083,0.4989486580414253,0.4612653034478029,0.5411524477849277,0.7686671401515621,6.678500675643768,0,0.0,0.0
3382.000000235166,3382000,297.0870475319126,-308291.42662721174,59364.37355698283,0.3585864038223173,2.992562442656132,0.5007303582293116,0.44922359373660825,0.5463888295762249,0.762231158631014,6.6324661205682105,0,0.0,0.0
3384.0000002355737,3384000,300.54498880182524,-308181.5974049773,60055.34449964283,0.34234924433454494,2.416932779454273,0.49977482552414987,0.46553466860017956,0.5441154749034238,0.7790420472054347,6.651519270126993,0,0.0,0.0
3386.000000235981,3386000,297.0811221729216,-307417.3396464018,59363.189542979104,0.3156509522190527,3.5571387181196505,0.501350393417046,0.4606269393672777,0.5406159520076308,0.7770271730552061,6.711673697932813,0,0.0,0.0
3388.0000002363886,3388000,301.1022846472666,-308464.64135998907,60166.70418033365,0.34296584326569035,5.092661107568874,0.5012874020117357,0.4620045420406723,0.5408045885394603,0.774446398336508,6.625146220534731,0,0.0,0.0
3390.000000236796,3390000,298.3099662905656,-307977.9550273707,59608.73899338147,0.3489049442770102,2.6603495643806436,0.4984296505859411,0.45527906213387137,0.5413065107802364,0.7726536177904961,6.64941206979055,0,0.0,0.0
3392.0000002372035,3392000,299.72722072282784,-308698.32207371946,59891.936871717335,0.33764308754170147,4.39801238289027,0.5008547489924464,0.4614019023675966,0.5347006298843464,0.7636247919303822,6.716833321503671,0,0.0,0.0
3394.000000237611,3394000,298.941659238037,-308991.68087704014,59734.96481311525,0.31758997853230203,2.125194295488586,0.4988603368056858,0.4560443918469659,0.5422011934929554,0.7562450611901976,6.711603622449463,0,0.0,0.0
3396.0000002380184,3396000,295.99323033974974,-308223.6036840929,59145.80538668374,0.33028837393050625,1.8658946322113463,0.5011044849467837,0.46102219740680295,0.5445931918888078,0.7597967637512077,6.687064534317052,0,0.0,0.0
3398.000000238426,3398000,296.58688603079975,-308522.7706556679,59264.43054554038,0.3283525370119864,4.708109055829522,0.49883534735086343,0.45326101179789946,0.5365607823339289,0.7645674223576542,6.663541300654465,0,0.0,0.0
3400.0000002388333,3400000,298.8211892571338,-308223.371648713,59710.89232322331,0.35454130940965345,5.74408301684908,0.49887550019599713,0.46051474628411526,0.5389901861404534,0.7542667824824356,6.763584818615783,0,0.0,0.0
3402.0000002392408,3402000,300.07789749741863,-308042.18146635406,59962.00962385349,0.33149628387843955,3.9333417686149517,0.4986985130384921,0.4547191568857724,0.5481036944050452,0.7559095994148617,6.590101739688102,0,0.0,0.0
3404.000000239648,3404000,300.4321025261615,-308452.1231592279,60032.78739695648,0.3481373743710609,10.005180698068964,0.4994411134781043,0.4608709727128639,0.5391011211825154,0.7722487346868361,6.635847282099206,0,0.0,0.0
3406.0000002400557,3406000,299.6287947441333,-308918.5588370273,59872.269246974094,0.3221696006857451,4.5825345602049445,0.5011470976384419,0.45852463342218464,0.5378717858268027,0.7645711731144171,6.670173083049939,0,0.0,0.0
3408.000000240463,3408000,297.83250709186507,-308783.15447077947,59513.33238960877,0.33440538112179063,4.912199041532794,0.5003346282193415,0.4555465879097886,0.5412610041894794,0.7691435593265972,6.6800154808557295,0,0.0,0.0
3410.0000002408706,3410000,298.8729361749905,-308748.76975421887,59721.23246894015,0.3148691440572914,1.6659119598714365,0.4974962388726567,0.45235139405397096,0.5337902144451032,0.7599434441572104,6.5859903050245805,0,0.0,0.0
3412.000000241278,3412000,302.97275244199,-309082.1841462427,60540.46382355856,0.3491328843929145,10.228628224146128,0.4984291999960793,0.4634916908366433,0.5379154366542558,0.763938610552481,6.59318551179318,0,0.0,0.0
3414.0000002416855,3414000,299.56235801936845,-308627.67002024734,59858.99376229844,0.3140790704492098,4.725808099239308,0.5011053475534942,0.4598855978992508,0.5410830973511536,0.7723468068658104,6.603949752275739,0,0.0,0.0
3416.000000242093,3416000,298.07954273105923,-308619.40712600853,59562.69541667052,0.32914205333226043,1.277314759464234,0.5002502290407831,0.4397278814540053,0.5415296914788215,0.7718733618931832,6.59655369264668,0,0.0,0.0
3418.0000002425004,3418000,297.52973305837963,-309316.9059118419,59452.83163410124,0.33877024035876024,3.5852425031723825,0.4999579792993618,0.4566769309814412,0.5466931458170708,0.7707434363050467,6.567831628378428,0,0.0,0.0
3420.000000242908,3420000,298.1870553021445,-308918.45481504826,59584.17873775435,0.3208197779545029,1.7836230357166059,0.5023612581298071,0.47001412175357915,0.5452169012167261,0.777537617930335,6.65839758956205,0,0.0,0.0
3422.0000002433153,3422000,301.99535959198494,-308143.9233243326,60345.15973762936,0.3186159888108232,2.2266646886152817,0.49692800381109936,0.45896202544025133,0.5385199930733497,0.7588458245585201,6.714349513960428,0,0.0,0.0
3424.0000002437228,3424000,302.40060645605564,-307739.93324882817,60426.13676581469,0.3290321220738971,3.4199227417472184,0.5008143815459499,0.4586850095647921,0.5369429708532341,0.7660423481349112,6.664848120699361,0,0.0,0.0
3426.00000024413,3426000,301.2080190374361,-307481.73555736523,60187.83218267502,0.326670236632563,3.083925114244983,0.5026341935267336,0.46335652104075464,0.5407877069718499,0.7700976303637805,6.7102080918930085,0,0.0,0.0
3428.0000002445377,3428000,298.638481290357,-308651.7612169981,59674.38334687551,0.3531151302740595,8.596732228606566,0.49895975407934656,0.45766305929252754,0.5332399087529085,0.7763539835290061,6.6482632439415426,0,0.0,0.0
3430.000000244945,3430000,300.27644977089574,-308448.5609352216,60001.68463301732,0.35735903284502435,0.6585132561746434,0.5015550506865526,0.45358305632456775,0.540707379599807,0.7754703879932219,6.660343342868586,0,0.0,0.0
3432.0000002453526,3432000,301.899296608737,-308192.355313845,60325.964290133736,0.3471734034912055,8.545223311671313,0.500614573231221,0.45207560746749476,0.5483588160295305,0.7625859523675071,6.730879342667954,0,0.0,0.0
3434.00000024576,3434000,301.5533382941536,-307928.32873329753,60256.834387660056,0.34097008762653613,4.427517516073036,0.5003181821820902,0.45512404314633104,0.5378694033936453,0.7570085903856274,6.680729135773589,0,0.0,0.0
3436.0000002461675,3436000,300.25788148663423,-307902.9323566491,59997.97429097322,0.3400064857006166,3.103598218330966,0.49967135484226183,0.45370901527306096,0.5412709850827895,0.7689179730944176,6.762974987965137,0,0.0,0.0
3438.000000246575,3438000,303.954117007839,-308316.21289707534,60736.56154362623,0.3289974343914106,2.3564043066907785,0.5020454785513018,0.4585606600054559,0.5361567997060526,0.7735873787781138,6.616191157279076,0,0.0,0.0
3440.0000002469824,3440000,299.88355041485164,-308356.941574262,59923.17490216143,0.35236122342699816,0.38965327679160966,0.5012310058508683,0.46557930791803726,0.5409444385966751,0.7678861595109927,6.7029694637545205,0,0.0,0.0
3442.00000024739,3442000,301.85709374981775,-308636.15511150565,60317.531252399946,0.32707705157621,6.923138967215399,0.49760814776687173,0.4583127726159484,0.5379700222877997,0.7664584066248485,6.80820462845432,0,0.0,0.008204628454319796
3444.0000002477973,3444000,293.4097992546333,-308650.69462274807,58629.58036351406,0.3346105192156319,4.244384361560177,0.5018650148521542,0.4652792741879219,0.5450739773060569,0.7701883375712555,6.7836660994379905,0,0.0,0.0
3446.0000002482047,3446000,301.5038257670084,-308000.2578745433,60246.94072120231,0.349188220828189,4.229418441915299,0.5003764190338976,0.4607255491770852,0.5371473547772467,0.7765114930805019,6.724546942778467,0,0.0,0.0
3448.000000248612,3448000,302.2581936956718,-307769.29130916717,60397.67963724938,0.33555097914811494,2.7290898096795093,0.5012229777661669,0.45083448283456046,0.544046941470786,0.7714091412362061,6.66967886157677,0,0.0,0.0
3450.0000002490196,3450000,301.08300258676127,-307866.843979327,60162.85121046407,0.350433093827521,3.394519324754057,0.49979303647552725,0.4593940525781619,0.5535889037314412,0.7666818330187137,6.6510271687574445,0,0.0,0.0
3452.000000249427,3452000,300.3312962200611,-307491.4513499141,60012.64413166788,0.33591560854257735,3.3383951810858794,0.49877106097108354,0.4615301863810686,0.550653950049039,0.7532078476381541,6.675664724339299,0,0.0,0.0
3454.0000002498346,3454000,298.17352223440326,-306340.36915621907,59581.47454012798,0.3314997756476077,0.8649929326778607,0.49912093594635853,0.45986777529015255,0.5414900061485364,0.7606793197433959,6.751062283655983,0,0.0,0.0
3456.000000250242,3456000,300.0942147183245,-307122.2503077155,59965.27015508606,0.31748432216153766,2.859855685944631,0.5024609490086419,0.4650373149654875,0.5414148933978211,0.7663010659614571,6.701719973040241,0,0.0,0.0
3458.0000002506495,3458000,299.6503246569517,-307454.30026620254,59876.57138601993,0.3245082159234376,2.1212342568403493,0.4988055277035599,0.44999912612735127,0.5331361516378337,0.7634686238543575,6.642950176350524,0,0.0,0.0
3460.000000251057,3460000,302.7192523773423,-308189.8809139831,60489.80906543468,0.31941032397750757,2.5320305121007345,0.4989838777897936,0.4488340780937161,0.5456615294081804,0.7618034065282924,6.678803520893716,0,0.0,0.0
3462.0000002514644,3462000,304.60327708526574,-308588.47041158145,60866.27767112083,0.3095937714966214,2.043866462163887,0.5003750514944294,0.46108150230404377,0.5418990970135624,0.7672937615080517,6.664659540577031,0,0.0,0.0
3464.000000251872,3464000,297.93189630707775,-308431.03044707654,59533.192489698755,0.3125644488799813,2.514213761909784,0.49944035093217126,0.45962735227726803,0.5476216314502285,0.7705804833297076,6.673806481339668,0,0.0,0.0
3466.0000002522793,3466000,298.22395886885715,-307700.0514661148,59591.55286307592,0.3455334679776338,3.071953754386696,0.4972083096294831,0.4618545025792704,0.5426662069417443,0.7845510290569537,6.710424620965497,0,0.0,0.0
3468.0000002526867,3468000,296.94079841989605,-309249.0175229679,59335.14984295607,0.3294337087128081,2.7188586935309695,0.50024255253373,0.4527265766479127,0.5368868043380814,0.7637633150271594,6.677657179352092,0,0.0,0.0
3470.000000253094,3470000,296.48587063691,-308179.63187098503,59244.24550002024,0.3499823377811362,4.011297637184363,0.5002388287492878,0.46570795008719124,0.546513127601238,0.7703068413477112,6.757066557546693,0,0.0,0.0
3472.0000002535016,3472000,299.70268946107063,-308542.8473681039,59887.034998684234,0.32393598316517114,5.699090813250425,0.500800269943223,0.4628678304834466,0.5409959888138278,0.7718767205376018,6.751882268453869,0,0.0,0.0
3474.000000253909,3474000,304.62894790774186,-307652.82059840625,60871.407252863435,0.3244257778895325,2.327916437714714,0.49989670575731854,0.45310709107143055,0.540161779526148,0.7544256812299217,6.677716345260542,0,0.0,0.0
3476.0000002543165,3476000,300.41318831311105,-307594.39993295725,60029.007930909786,0.3181799376981769,2.8297647576359486,0.5007526818431816,0.467062057283661,0.5476157448298533,0.784453186500695,6.6578568501748805,0,0.0,0.0
3478.000000254724,3478000,300.3460099167849,-307873.8611312327,60015.58424432501,0.32480408825154994,6.862647573574911,0.501569976513836,0.4602296837526261,0.5394442583124528,0.7652941018764743,6.761954746146706,0,0.0,0.0
3480.0000002551315,3480000,298.4813353504382,-307381.9737891839,59642.98221256891,0.32098810443139786,2.8167154509885415,0.49945387205760555,0.45024733961799335,0.5397419003699824,0.758152268205853,6.7020251015852494,0,0.0,0.0
3482.000000255539,3482000,302.9937290293314,-309248.62068912387,60544.65539628861,0.3415816589284242,1.1561094156855547,0.49862576055165575,0.45881530023579664,0.5472120743225695,0.7654184839242095,6.714893309090446,0,0.0,0.0
3484.0000002559464,3484000,298.93561279978053,-308908.09924563626,59733.756604873495,0.34570169928277983,7.927777673147159,0.5000268895497969,0.4583092723610367,0.539542637234609,0.7782976022501884,6.731796533336521,0,0.0,0.0
3486.000000256354,3486000,296.65964681306696,-307795.98670695955,59278.9697127464,0.3363189982580169,2.3156583203262953,0.5006231027898406,0.45775846971908685,0.5380714455222737,0.7791011832644239,6.82471606742563,0,0.0,0.02471606742563015
3488.0000002567613,3488000,298.32582345524065,-308168.45834382065,59611.90759549706,0.33513392209104886,1.7882041650532903,0.49867415144538607,0.4501144349619781,0.5484813012539966,0.7750818411616045,6.7548169261607285,0,0.0,0.0
3490.0000002571687,3490000,300.40083109965326,-308426.0547734746,60026.53869422671,0.3391375473520962,5.325776182253722,0.5001026958085341,0.45533857743423933,0.5406925428088734,0.7583933657560333,6.728928196133026,0,0.0,0.0
3492.000000257576,3492000,297.72340660104584,-308064.6061385665,59491.531768053406,0.3423348670967449,4.23927477763247,0.49873548892688657,0.4561173910011821,0.5410619010121653,0.7658202383263841,6.817198222266896,0,0.0,0.017198222266896046
3494.0000002579836,3494000,299.7063926973382,-308994.62284990726,59887.77498483638,0.3413644533364745,6.283403600634592,0.4991526617056821,0.4558935970421478,0.5437047529557013,0.7629361429177344,6.734985377381488,0,0.0,0.0
3496.000000258391,3496000,301.99368393855616,-308685.28566246247,60344.82490608108,0.3514805233839363,2.205733510542754,0.49841101186069336,0.45990126417113775,0.5509134301486167,0.7670838500130568,6.705085280755671,0,0.0,0.0
3498.0000002587985,3498000,298.8972557794573,-308942.2469575186,59726.0920483002,0.348428382709731,0.2571811479299401,0.5026265613827884,0.458411448984525,0.5545221913073011,0.7640451752016857,6.666151390875271,0,0.0,0.0
3500.000000259206,3500000,301.98186749803176,-308571.018311196,60342.46372744595,0.3336567300039902,9.111651639111761,0.4989417359162105,0.4596880894448301,0.5417939105380025,0.7722721777259434,6.8011116290777025,0,0.0,0.0011116290777026805
3502.0000002596134,3502000,302.776642762011,-308053.4768176568,60501.276897042815,0.3487836132624969,4.2130371710340055,0.4985255675826136,0.4628347552547982,0.5362827694311152,0.763797028029547,6.726488833467286,0,0.0,0.0
3504.000000260021,3504000,300.3589194111569,-308501.8208171264,60018.16383859778,0.3361923119476615,8.381085251394891,0.5002803574963743,0.45594717210778324,0.5396678441150197,0.7748123564258922,6.750155583676829,0,0.0,0.0
3506.0000002604284,3506000,299.26433671056077,-308860.61252262583,59799.44270327054,0.33542165045805516,4.212435984014426,0.5025140815432709,0.4625551126842604,0.544659665614053,0.7707666231030501,6.75327532010305,0,0.0,0.0
3508.000000260836,3508000,298.9691068922134,-308248.67859142926,59740.449443998106,0.3447428888399302,2.167154115853686,0.5031352456976377,0.463299658650034,0.5433256595998461,0.7676610563445383,6.743863171984017,0,0.0,0.0
3510.0000002612433,3510000,300.3204650590735,-307665.052405613,60010.47983304811,0.3218326863339068,1.4159200301507486,0.5013927525527455,0.4531161366825893,0.5375895030991451,0.7633269405787586,6.7469533037517095,0,0.0,0.0
3512.0000002616507,3512000,298.80784359648453,-307052.5239914814,59708.22557355942,0.31904880566360366,1.4973148460819368,0.49981212897651733,0.45774171755645376,0.5406914099876552,0.7729379799103349,6.809519865755718,0,0.0,0.009519865755717838
3514.000000262058,3514000,297.42447742187045,-308090.3179057697,59431.79929702489,0.35041100118205515,5.193439498042456,0.5004664821569691,0.46815506050717737,0.5407790755787314,0.7675850610063666,6.828802565899792,0,0.0,0.028802565899792576
3516.0000002624656,3516000,301.0305877394561,-307889.62225909205,60152.377598096224,0.30637820484942035,1.0752994605957862,0.49744548370372277,0.4581624652411884,0.535285878962747,0.7478899908365868,6.721667017591969,0,0.0,0.0
3518.000000262873,3518000,300.1090575235429,-308547.12576609105,59968.236066393656,0.35758704907232164,2.911179519305459,0.4982794467247895,0.45705167955447656,0.538477858998105,0.7589540625604565,6.676056199093409,0,0.0,0.0
3520.0000002632805,3520000,298.7007237652743,-308871.97813757556,59686.8207303387,0.34371059415171573,2.092408640745617,0.4964208900749388,0.4609581315949498,0.5364769369405504,0.7682762964403089,6.6609072030599705,0,0.0,0.0
3522.000000263688,3522000,299.3822908008858,-308700.1023503537,59823.01246418338,0.3433936107251527,4.804463799463786,0.4996818906749155,0.45886820865693334,0.5430188875866548,0.7566622685289008,6.6571948289588505,0,0.0,0.0
3524.0000002640954,3524000,300.3728667518704,-309145.15048561664,60020.95081686264,0.3285139621445005,7.711696749651101,0.4995612842178629,0.44303698402357217,0.5395860942139876,0.7356157831408221,6.756213004818932,0,0.0,0.0
3526.000000264503,3526000,297.93684699877053,-309750.34840094484,59534.18174424034,0.3314114023371204,6.696668800945385,0.50208936737914,0.4607517616568,0.5435388771666547,0.775078779803601,6.758599801927758,0,0.0,0.0
3528.0000002649103,3528000,301.16774484612273,-308851.6527754837,60179.78453415686,0.31864219867134136,3.5849758389404696,0.501813005162207,0.45921348590395805,0.5449753901832528,0.78433890877516,6.63775383387744,0,0.0,0.0
3530.000000265318,3530000,299.80176229797553,-308791.66203874815,59906.831879592486,0.3365933013991873,5.169611787894925,0.49904546981873366,0.45760631791418205,0.5446496225504962,0.7739797529851984,6.805407893583869,0,0.0,0.005407893583869061
3532.0000002657252,3532000,297.29311877629897,-308530.6007472384,59405.55101804259,0.3273510149092539,1.8321069553901215,0.5014004203496002,0.4575641532058121,0.5445186488360657,0.7661612145302579,6.702640056560018,0,0.0,0.0
3534.0000002661327,3534000,301.52915818296395,-308227.99410594814,60252.00268205311,0.311819059102334,3.428791479733561,0.5020416786688194,0.46730718700359786,0.5413344625304344,0.7635344073365822,6.685017448002014,0,0.0,0.0
3536.00000026654,3536000,299.7296901213273,-307993.46094766865,59892.43031058046,0.34280834417284495,5.197804939209826,0.49865985972813304,0.45057764675077083,0.5487791118725482,0.7582641545869748,6.6358063713229285,0,0.0,0.0
3538.0000002669476,3538000,300.82424914447034,-307517.4486397123,60111.14671464398,0.34654210452005396,0.7661961412160136,0.5001199149130754,0.4608142577800711,0.5448892289738474,0.7576263262515237,6.692721684725953,0,0.0,0.0
3540.000000267355,3540000,300.6664768782732,-308209.2527902145,60079.620426893416,0.31498548125745973,0.9355918538828926,0.5010570108549974,0.4531170507186877,0.5396393589815713,0.7846730006900255,6.722237398170947,0,0.0,0.0
3542.0000002677625,3542000,303.18954710300056,-309109.4610477602,60583.78405359991,0.3246604099579651,2.9155593711571997,0.5008828770742696,0.45027915345207425,0.5424802474680064,0.7443299639173695,6.701546327628208,0,0.0,0.0
3544.00000026817,3544000,294.6655229034021,-307600.13721792726,58880.50092161023,0.33008396147517693,3.163053833854804,0.5022008075652715,0.4512570402691365,0.5495243485905608,0.7621823481010122,6.689615840067404,0,0.0,0.0
3546.0000002685774,3546000,298.8216538388952,-309034.2828338649,59710.98515663849,0.34023029416761225,5.275027932867397,0.49971421555980317,0.45827726611501163,0.5359359067320586,0.759568175183885,6.681361398202938,0,0.0,0.0
3548.000000268985,3548000,302.7006506380961,-308154.0755476421,60486.09203836603,0.3448054965842045,5.068309001182637,0.4987128364179307,0.4547797713718458,0.5387546764765947,0.7692327213987316,6.767249054377956,0,0.0,0.0
3550.0000002693923,3550000,299.9717629237488,-307948.4643848948,59940.801656252785,0.31948313197637357,4.9766017927621045,0.5011744880007006,0.4675786177345058,0.5415438743021657,0.7709803931484291,6.714234093882837,0,0.0,0.0
3552.0000002698,3552000,300.78348211543937,-307956.1549685104,60103.00058656365,0.3381837475067344,0.9372353815348257,0.4993320569833306,0.45433380064626316,0.5457618960823369,0.7712034463114348,6.758520939210328,0,0.0,0.0
3554.0000002702072,3554000,298.3711473346815,-308018.5149554685,59620.9642801709,0.3322376869026267,6.876598119337551,0.49732698184376994,0.4493993601897266,0.5402840194060659,0.7636981695274763,6.689219313168863,0,0.0,0.0
3556.0000002706147,3556000,300.13520061955813,-308287.0653351038,59973.46001853388,0.33820882772350086,2.1536932388266705,0.49884282723030055,0.45244993636802633,0.5428307515854192,0.7601350084105665,6.641139211731712,0,0.0,0.0
3558.000000271022,3558000,298.8954970698456,-307674.6240463904,59725.74062034251,0.31708014119860756,2.9290381918795947,0.49860637979038186,0.44919620194443155,0.5357366737359919,0.753178517510074,6.6528668262268384,0,0.0,0.0
3560.0000002714296,3560000,297.9130034365997,-308060.7164388215,59529.41728835645,0.34964453393460104,4.670256145416169,0.5006112945692758,0.45441074851407315,0.5458866226814996,0.7701819376597854,6.700983629997012,0,0.0,0.0
3562.000000271837,3562000,299.88411102086206,-308894.14993452514,59923.286923284184,0.32455262200951285,2.0164134028869776,0.4990238358709561,0.4530738141258972,0.5406934974348143,0.7523006092047098,6.7132225653518205,0,0.0,0.0
3564.0000002722445,3564000,300.4374201364523,-308579.11860632664,60033.849969715404,0.31820881124869826,5.501271923864261,0.5025022033793303,0.46558480419236314,0.5439504927485066,0.7715930778291131,6.720864278487596,0,0.0,0.0
3566.000000272652,3566000,302.20615903085053,-308592.3371266327,60387.281993508164,0.31681095984110763,1.448084526125088,0.5010408517247789,0.4596813368964634,0.5428200624600059,0.7662787722149886,6.597174071294134,0,0.0,0.0
3568.0000002730594,3568000,304.11839574358737,-309071.6817966467,60769.38796375277,0.35355454334383707,3.1366466278719702,0.4998131744317589,0.4569293073315741,0.549639474690518,0.7726062830525962,6.548065728973405,0,0.0,0.0
3570.000000273467,3570000,300.65573719310294,-307016.1758723804,60077.47440710686,0.3139279801351801,2.1657257259778477,0.5001680722733964,0.45193990434768594,0.5432935162182702,0.7733562774991185,6.722396489486819,0,0.0,0.0
3572.0000002738743,3572000,300.1518338042437,-307514.41816553473,59976.783686116556,0.347838922759066,4.2375495581897376,0.5016379422246008,0.46081030917603094,0.5376543087271504,0.7731018559823823,6.571625212236617,0,0.0,0.0
3574.000000274282,3574000,303.6963703376663,-307738.11232137866,60685.05822250094,0.34298936867121355,4.802612121819627,0.4969102612884999,0.4521608723783821,0.547605158899557,0.7718784929396048,6.59707363592819,0,0.0,0.0
3576.0000002746892,3576000,299.58152380691536,-308726.33610420674,59862.82349833339,0.32508011247970714,2.8943576358015193,0.5009870782212383,0.4642205064011833,0.5433588311009867,0.7711889749526436,6.640395309611122,0,0.0,0.0
3578.0000002750967,3578000,300.9771775018061,-307686.6745567238,60141.7050853564,0.34821189213174775,8.311022862090121,0.49915392407894177,0.45430553139051455,0.5446214635611373,0.7659567527127606,6.627273124335392,0,0.0,0.0
3580.000000275504,3580000,298.9676292052619,-307444.41582160676,59740.154170404334,0.34011600892654886,3.856997130426169,0.49951827516316355,0.4601094338359699,0.5487240626009995,0.7707028571874286,6.621445762125397,0,0.0,0.0
3582.0000002759116,3582000,298.48894179073415,-308204.9832946183,59644.50214272716,0.32742633021998246,4.375219316125093,0.5000977039193852,0.4647640617668962,0.5456573845504105,0.7643545602374111,6.6028716788913755,0,0.0,0.0
3584.000000276319,3584000,299.5519432564376,-307360.77606580546,59856.91266895469,0.33042239834222586,6.287683875392942,0.5006537260405945,0.45489978419723665,0.5428505316462697,0.7701549805287478,6.69856825056722,0,0.0,0.0
3586.0000002767265,3586000,301.0955847285609,-308244.2997252601,60165.36539266132,0.3397113688211013,2.5143692302491023,0.5008193997218504,0.4571010834310565,0.5343388489426335,0.766368558469436,6.666703184148993,0,0.0,0.0
3588.000000277134,3588000,298.00503243559695,-308414.96493843896,59547.806659148395,0.32337301378723426,0.926873636734338,0.5007384096809567,0.45643594237952323,0.5393381003228823,0.7686907638977776,6.722806594651573,0,0.0,0.0
3590.0000002775414,3590000,301.77519086420256,-308503.01509207115,60301.165296571686,0.3227079535099131,6.315714561036329,0.5004061053569357,0.4579158122215029,0.5434201100915672,0.7636379653923906,6.726658790607843,0,0.0,0.0
3592.000000277949,3592000,299.1239439288528,-308917.70595392445,59771.38920983401,0.3401931316212954,0.7682195616770111,0.4993319591334826,0.46258327810465305,0.5363443799685115,0.7540076551466708,6.7246542364391715,0,0.0,0.0
3594.0000002783563,3594000,300.59519236309563,-308611.5982561046,60065.37624956227,0.32683558921101474,1.0850630823690863,0.5015281285849847,0.4633273833631866,0.5364096523199677,0.780253834212044,6.733473699992629,0,0.0,0.0
3596.0000002787638,3596000,300.29139617790617,-309256.0223272955,60004.67124618834,0.3284366225694183,1.6851453718650677,0.5005034857984718,0.4572167483886682,0.5350160322278192,0.7709963025788991,6.71371964119858,0,0.0,0.0
3598.000000279171,3598000,300.0268082282422,-309914.50560423825,59951.80089046932,0.3174992026181016,2.7835447980877355,0.4994504249630276,0.46290762575650213,0.5316201864361592,0.766185750540715,6.732312464597328,0,0.0,0.0
3600.0000002795787,3600000,302.3560765143111,-308770.7188477339,60417.23872694644,0.34601691505697985,5.139063082630975,0.4989805550793225,0.4586598205626311,0.5524696527616708,0.7646046732325908,6.779976145745081,0,0.0,0.0
3602.000000279986,3602000,301.94013710729524,-307838.5325869066,60334.12509900375,0.32240286071292357,2.773240336635317,0.5005106594350577,0.46958066054263714,0.542350962275262,0.7776369374613967,6.743516626332706,0,0.0,0.0
3604.0000002803936,3604000,297.17278010422666,-306900.26465943176,59381.504766475584,0.3326104992746903,5.372070805436363,0.4990014416996989,0.45477246490877654,0.5419667627945337,0.7776366450327974,6.7113240629219035,0,0.0,0.0
3606.000000280801,3606000,302.8755614816725,-307681.51664738497,60521.042982015366,0.3469203455647131,3.501344516476046,0.4985265707416998,0.46499239595020647,0.5376808316359387,0.7804942231682332,6.764321464185301,0,0.0,0.0
3608.0000002812085,3608000,299.25251421120737,-307968.55001786724,59797.08031395124,0.31899480323811713,0.49957269043829033,0.5004092480719581,0.4491593983484137,0.5379817360002708,0.7749262244901676,6.761696888314212,0,0.0,0.0
3610.000000281616,3610000,299.0268036162291,-306897.8905259669,59751.97848878796,0.33544135965931227,4.052626471523087,0.49981145943660915,0.45990861065879063,0.5426770404027215,0.7503289477705328,6.805678739077088,0,0.0,0.005678739077088046
3612.0000002820234,3612000,304.470928788865,-308557.7033920288,60839.831638645046,0.3103612601979099,3.5171180857349165,0.5006475155594504,0.4607508033855403,0.5385088827850568,0.7690643830153903,6.8149651111106095,0,0.0,0.014965111110609719
3614.000000282431,3614000,302.318756564609,-308253.2513699243,60409.78139935962,0.32043168222577906,0.8393282283889965,0.499695443307765,0.46594557253427776,0.5373995626051915,0.7814078010087773,6.737059200860443,0,0.0,0.0
3616.0000002828383,3616000,301.63140046178535,-307790.84582166094,60272.43288553621,0.33119977220197566,2.5165879931219575,0.49952309215044227,0.45932631677262936,0.5450943529489756,0.7646102120529239,6.787318970222898,0,0.0,0.0
3618.0000002832458,3618000,300.0830765409271,-308123.21075707115,59963.04450799287,0.3419891111893544,2.1400269013854674,0.49677320178995477,0.4501556012470349,0.5349797243942636,0.7530626248623573,6.811519782152473,0,0.0,0.01151978215247329
3620.000000283653,3620000,301.43045603552315,-308122.62770789536,60232.27987286223,0.3560178394183453,2.837685672056335,0.5002391028647954,0.4523135753261798,0.5524555222941494,0.7652770665745958,6.802995581358587,0,0.0,0.0029955813585873514
3622.0000002840607,3622000,302.5752338991337,-308401.7412966979,60461.031079956985,0.33386483077675144,1.0943342520307584,0.5006466923964265,0.4682636072030837,0.5508867786268219,0.7757844514155288,6.69856631696868,0,0.0,0.0
3624.000000284468,3624000,299.95088966965466,-309046.49650418665,59936.63073172514,0.34506135340580224,0.7293543875753518,0.5023269381531658,0.45977132808538235,0.5393140522379447,0.7831839469422128,6.658225440513924,0,0.0,0.0
3626.0000002848756,3626000,299.00596656368003,-309677.87570934324,59747.81479810664,0.34856838227182757,10.776504635986383,0.49847780042607565,0.456653556691764,0.5370628195208025,0.7545200631013644,6.699357504871707,0,0.0,0.0
3628.000000285283,3628000,299.6805690211365,-308894.8848371566,59882.61485963609,0.32989200094521803,2.592195621369238,0.4998313268995482,0.4575929016097797,0.5373857212482669,0.7550189757220913,6.827348597410015,0,0.0,0.027348597410015607
3630.0000002856905,3630000,298.34412918914387,-307526.14894461585,59615.56547433996,0.33330406593865103,5.2681094757280436,0.5000707774825194,0.461886002614345,0.5460813299775928,0.7728085516812071,6.675053320173646,0,0.0,0.0
3632.000000286098,3632000,300.30438156981705,-307790.7879323866,60007.26600641968,0.32748169184077647,9.21116555033767,0.5010854670909641,0.4606617318517028,0.5372291141562759,0.7643327653551832,6.655398470551681,0,0.0,0.0
3634.0000002865054,3634000,297.8577891284524,-308611.73794338945,59518.38428357965,0.3220310038868942,4.315306515393044,0.5006318708383909,0.45321496035681275,0.536687506805487,0.7683083301474438,6.677107103165568,0,0.0,0.0
3636.000000286913,3636000,302.95800274657535,-307969.62315041246,60537.51651758975,0.32060195634471556,1.3962457190211222,0.5005532281176996,0.4551068820896156,0.5400988403434517,0.77491886475116,6.687736396749251,0,0.0,0.0
3638.0000002873203,3638000,300.0677193077184,-308025.4233309403,59959.975802922825,0.3646276732851757,2.7451294367835066,0.49936564119613575,0.45578916240453626,0.543105531487889,0.7640048843886647,6.807250113032559,0,0.0,0.007250113032559291
3640.0000002877277,3640000,300.89399453045496,-308114.0439775847,60125.08334090172,0.31656770149158897,3.7792549143978316,0.5022276780027812,0.4604604565258117,0.5411312600781661,0.7689428907007848,6.829268606272521,0,0.0,0.029268606272521147
3642.000000288135,3642000,298.46822593044664,-308010.141283893,59640.362668862916,0.3391876388102517,4.854042930717225,0.5006463912717578,0.4527909921765598,0.5493202417810981,0.7730489345499734,6.794444343694508,0,0.0,0.0
3644.0000002885427,3644000,304.10869995919387,-308183.99582298007,60767.45053776451,0.3244938926427138,3.846275947867888,0.5011271432473213,0.46478322534374517,0.5416564291101533,0.7669548976863416,6.753254919446746,0,0.0,0.0
3646.00000028895,3646000,300.4471721117733,-307409.1815629313,60035.79862385796,0.3366984101511855,6.2794115913518835,0.5007284317703654,0.45324573305501037,0.5479798558733489,0.7691843014711175,6.726907304548515,0,0.0,0.0
3648.0000002893576,3648000,297.3051513649932,-308156.0706450385,59407.95538772493,0.34999136400248365,4.001959090341994,0.5014821489845784,0.45522221431219423,0.5431799706138527,0.7540841458870897,6.797199024291189,0,0.0,0.0
3650.000000289765,3650000,299.51812820734676,-308770.95319240494,59850.155695795635,0.3340195855470185,2.0928289434788527,0.49818633686000957,0.4534847297147664,0.5388456553035494,0.7661107672972101,6.793357699504071,0,0.0,0.0
3652.0000002901725,3652000,299.682622911582,-306870.3313729027,59883.02527106487,0.33741760157905565,5.0404200367121845,0.4997202974965621,0.46195237394677946,0.539109252177127,0.7703875370311453,6.735113930658173,0,0.0,0.0
3654.00000029058,3654000,300.3359538529085,-306276.77311640745,60013.57482675723,0.3307743555745003,6.684759799557432,0.502640923300833,0.4606112872789896,0.550240884360556,0.7716612971785164,6.685049876698642,0,0.0,0.0
3656.0000002909874,3656000,301.7306106906228,-306414.1506887786,60292.25722030378,0.3115909592040107,1.4123934779460376,0.5003099208226236,0.45287143869664837,0.5458800049444976,0.7678647016062596,6.734519885792423,0,0.0,0.0
3658.000000291395,3658000,300.24944293377683,-307607.5726216859,59996.288086851346,0.32727634982144205,3.780478787347847,0.5000289815532627,0.45878260282145256,0.5517749868409005,0.7727936984368879,6.668571394806001,0,0.0,0.0
3660.0000002918023,3660000,300.38808907503113,-309335.0358414608,60023.99256400722,0.3245071872990482,3.140153835816261,0.4995583471159711,0.45876297453601067,0.5409474226934856,0.7540807170644719,6.657823969131229,0,0.0,0.0
3662.0000002922097,3662000,299.3085441037191,-308197.5699868677,59808.27629000289,0.33062483771380385,3.5052990515982927,0.4988200667684152,0.4555277812602043,0.5431291805085134,0.7721238729663563,6.643239472368727,0,0.0,0.0
3664.000000292617,3664000,300.24302257665494,-307930.2511084229,59995.00516158846,0.31270120578559685,6.108083828035427,0.49979352476499034,0.45846196473307055,0.5373352496980814,0.7759951938730695,6.627580017951104,0,0.0,0.0
3666.0000002930246,3666000,299.06277056940024,-307907.58950729296,59759.16545860538,0.33225281614506863,4.227926267886237,0.5017242921667027,0.46953637307766716,0.5404679035600806,0.7574595063678338,6.719728510973962,0,0.0,0.0
3668.000000293432,3668000,301.7229580486403,-308380.2636128608,60290.728058056135,0.34992223468036976,4.97109291651182,0.5005478644823452,0.46189532217780815,0.5358629448651335,0.7685282389975825,6.720133857311787,0,0.0,0.0
3670.0000002938395,3670000,300.57874910341394,-307858.92033270095,60062.090533074974,0.3454584062435433,7.885436336949416,0.5012341764476019,0.4584128296213188,0.5358437213105347,0.7712160243703172,6.613933472338054,0,0.0,0.0
3672.000000294247,3672000,302.3712525908106,-307674.8754352848,60420.27123301471,0.34287874823961295,6.580468392606785,0.5003453570972527,0.45726678679442845,0.5422615521891467,0.7758340412271991,6.731117268667152,0,0.0,0.0
3674.0000002946545,3674000,302.4648440668534,-307958.4431779897,60438.97282028252,0.3383780038962082,6.432775869313889,0.5021716341168139,0.4570162382225105,0.5487755734805138,0.7727710663622647,6.722595125208549,0,0.0,0.0
3676.000000295062,3676000,299.4300588705322,-307774.2769275964,59832.557550561745,0.3436481905332509,2.2701204774457318,0.5009778436171417,0.4621599718188243,0.5406100992293119,0.7706506473864554,6.631315527146228,0,0.0,0.0
3678.0000002954694,3678000,298.692465364269,-307550.65801128745,59685.170524426554,0.3347940402328271,3.8275989083032105,0.49855581438616836,0.46385667517486784,0.5310376895175021,0.7573775754985066,6.770977571476109,0,0.0,0.0
3680.000000295877,3680000,299.61219513899346,-307768.28952760855,59868.95228930594,0.32427046185571884,7.64394235817784,0.5022681466221908,0.46472474399405295,0.544915302703977,0.7733140331251871,6.677688090069697,0,0.0,0.0
3682.0000002962843,3682000,301.88273532760786,-307646.0231558024,60322.65499042612,0.31030653648696094,3.414823506158251,0.5014184258753914,0.4653859180526503,0.5372210003958129,0.7623476299749639,6.728281559587806,0,0.0,0.0
3684.0000002966917,3684000,302.65042834140473,-307951.91247343784,60476.05654470703,0.3383674966369018,2.252848463816711,0.4981956685050498,0.45317721046569037,0.5452161858759794,0.7620644354269785,6.78183236279277,0,0.0,0.0
3686.000000297099,3686000,300.84082735909584,-307718.70380502054,60114.4593980279,0.32096906935912817,2.857190338263883,0.49819721854618226,0.44858318902157857,0.540825226430913,0.7584464726006104,6.656055175387905,0,0.0,0.0
3688.0000002975066,3688000,297.8082811566829,-307514.88080474455,59508.49152738381,0.3315783796008943,1.7620843346685782,0.4995352809717891,0.45921174123492614,0.5429888430678229,0.7730458941161549,6.6917060190006055,0,0.0,0.0
3690.000000297914,3690000,302.9348879735963,-308373.7445802139,60532.89768944085,0.3301077156456129,2.1756862191518116,0.4970720165190189,0.45857032027907163,0.5327696239153428,0.767894350565129,6.7890267495784045,0,0.0,0.0
3692.0000002983215,3692000,301.19662435555574,-308764.3133048541,60185.55528047639,0.33499756190331786,3.7138081219981403,0.4977171218921068,0.45416862035556016,0.5373100669278545,0.7611591420946073,6.766721561864415,0,0.0,0.0
3694.000000298729,3694000,301.7415716059467,-308812.6529704742,60294.44744662707,0.3646910487750601,3.220054994815829,0.5000058237596456,0.46058129552738203,0.5368819832531327,0.7711807436992615,6.726863648033813,0,0.0,0.0
3696.0000002991364,3696000,300.4399435766445,-307956.3885761718,60034.354207269556,0.34153007722079376,3.7076709585856755,0.5016788274647936,0.45772154369715956,0.53963713637964,0.7637784420714779,6.744203339504111,0,0.0,0.0
3698.000000299544,3698000,299.7060650480794,-307639.95865051914,59887.70951347654,0.33896980169077817,5.9098462836560675,0.5002885890128442,0.46496435292149396,0.5438459537891229,0.7684537137597838,6.685567542027414,0,0.0,0.0
3700.0000002999514,3700000,304.02314319589846,-307347.5380346356,60750.35445869008,0.3292939890826332,0.4696538871233146,0.5034932187609027,0.46460351190274995,0.5468409543163464,0.7735592777629567,6.765984974405217,0,0.0,0.0
3702.000000300359,3702000,300.6512712099534,-308069.43642864656,60076.58200774381,0.33306568967553996,6.194163597450631,0.5016804630037164,0.4572199626472129,0.5468917574184946,0.7700270516349139,6.69050322752539,0,0.0,0.0
3704.0000003007663,3704000,300.79008811322035,-308150.9069504859,60104.3206068178,0.3484561879566068,3.785471666273232,0.5001490070553773,0.44763985073129575,0.5397206951681657,0.7783981935797577,6.815765442508621,0,0.0,0.015765442508620886
3706.0000003011737,3706000,296.98523011836954,-307964.0456131031,59344.028250708485,0.3424994997288441,2.5201314789672504,0.500489364894398,0.4625783268084109,0.5332781647465836,0.7589945596111303,6.688776644738368,0,0.0,0.0
3708.000000301581,3708000,300.7223651116572,-307219.0017688498,60090.78809640849,0.3244734670265833,4.784295932609104,0.5015290351837801,0.45906510816802837,0.5428595074486484,0.7624951045855366,6.666464736882261,0,0.0,0.0
3710.0000003019886,3710000,300.69836483899036,-308422.3325176984,60085.99232640135,0.32690346690599065,6.186704840031542,0.49961440477223457,0.4554980907445918,0.5447481891644397,0.766601837408496,6.605084647991788,0,0.0,0.0
3712.000000302396,3712000,301.6414958412367,-308150.80629072804,60274.450159200365,0.33160784650887487,0.48192476077764973,0.5005315408210405,0.4508702892120464,0.5441185699197302,0.7473463536167575,6.669952817880716,0,0.0,0.0
3714.0000003028035,3714000,299.7910210689282,-308131.6375097954,59904.68555130614,0.3219473783968446,7.2350403633267,0.5006356861436844,0.4628086477500304,0.5406247109743525,0.7645392269567051,6.74895152147662,0,0.0,0.0
3716.000000303211,3716000,299.4523396841175,-307511.93083209964,59837.009735710235,0.3221911485865857,3.025409858199019,0.5006196052825173,0.4518528841684506,0.5403124285535288,0.7695270680141881,6.745172747696543,0,0.0,0.0
3718.0000003036184,3718000,300.27234424541757,-308064.2943839431,60000.86426083968,0.3177352958270465,4.888771871623367,0.5002642532524203,0.4554557217591375,0.5441250278529486,0.7439896368036409,6.759162817101505,0,0.0,0.0
3720.000000304026,3720000,299.7853805895777,-308237.3147682408,59903.558462373825,0.34494943922222665,4.932830173484648,0.5005658917352559,0.46281439185569306,0.534392815006342,0.7724697579665332,6.733055362150225,0,0.0,0.0
3722.0000003044333,3722000,303.8510995180244,-307616.53174617374,60715.97643633508,0.3198245155777607,3.970469362240163,0.5002196929226052,0.4536841936310996,0.5396921692986338,0.7774304751852374,6.691271602605568,0,0.0,0.0
3724.000000304841,3724000,301.3151947356065,-307529.1585103744,60209.2481893144,0.3419552870466457,2.3768203131702617,0.5002186322233412,0.46234303589969317,0.5390468807584088,0.7618523640254047,6.648164015321754,0,0.0,0.0
3726.0000003052482,3726000,298.34911254702473,-308664.6335805147,59616.56125628758,0.3289555299767058,0.5416593729228758,0.4981397696199476,0.4532756324064282,0.5334594311507783,0.7632266037213125,6.634508398916637,0,0.0,0.0
3728.0000003056557,3728000,301.083198194081,-309268.4033435974,60162.89029700821,0.32604436424509553,2.154255022908143,0.5022736868814978,0.4662698521319566,0.5482916913511922,0.7686789450377649,6.635969525513353,0,0.0,0.0
3730.000000306063,3730000,299.5949586619861,-308195.7481059907,59865.50807095858,0.3140616156582672,6.617434076770841,0.4967891493136667,0.45221728350052515,0.5559490487524332,0.767070269424357,6.674172764679518,0,0.0,0.0
3732.0000003064706,3732000,304.32042599027943,-308561.57216945523,60809.75794667217,0.33984384457450334,1.8366015515127545,0.4996578933704361,0.46293631949971026,0.5469152084835631,0.7708139884933143,6.57883267865083,0,0.0,0.0
3734.000000306878,3734000,298.90225528871764,-308734.7998749758,59727.09105764038,0.3289638110112384,3.6053507616950844,0.5003703315742779,0.45644950061223444,0.5395140813381616,0.7726123902454884,6.621007482904972,0,0.0,0.0
3736.0000003072855,3736000,301.1153728704431,-310239.2476859074,60169.319488460686,0.3288701888575557,1.3149915016926559,0.50094928166375,0.46330002690009575,0.5477523422002317,0.772006487208472,6.672955130095396,0,0.0,0.0
3738.000000307693,3738000,299.7466599121157,-309287.64012464974,59895.821239292825,0.33012435717458233,4.229513942454163,0.5009308510489268,0.46434837969019105,0.5421672324156965,0.7747414425006074,6.750424949936026,0,0.0,0.0
3740.0000003081004,3740000,302.0888726958406,-309973.38726726826,60363.84566445074,0.34765342444229586,5.82754358056734,0.5000800509372493,0.4652871995008443,0.541025537584007,0.7704104548406043,6.658384734243313,0,0.0,0.0
3742.000000308508,3742000,297.70373318079044,-308711.0650729509,59487.600596099306,0.3501554536879421,4.638152717502129,0.4992512151788522,0.4598649614649126,0.5548115360135292,0.7563032960146456,6.603876706984764,0,0.0,0.0
3744.0000003089153,3744000,299.82125438258595,-308529.12520437595,59910.72681678961,0.33267810960350597,2.1954510463830585,0.501736785829883,0.4561077885673246,0.5406720972632097,0.7583457774143065,6.757700757556876,0,0.0,0.0
3746.000000309323,3746000,300.0754703163565,-308915.05938479817,59961.52462094117,0.35395530964026467,11.443361473517395,0.49948692627995117,0.4468891255146934,0.5486486743345758,0.7568811731940008,6.6543510569565285,0,0.0,0.0
3748.0000003097302,3748000,297.14004403207065,-309885.9828583668,59374.96339608464,0.3488129138092938,3.1036888800673963,0.5009008098401544,0.4579602694980949,0.5409085974081478,0.7686441364260901,6.572206048715822,0,0.0,0.0
3750.0000003101377,3750000,298.8353739944092,-308804.38744832017,59713.72673842053,0.347861369422299,5.190376421032676,0.4983529448501935,0.45981175677045627,0.5329470259773412,0.7642505964551951,6.578556324631265,0,0.0,0.0
3752.000000310545,3752000,301.3305799741464,-308251.5546174445,60212.322490451166,0.32560815886928196,3.239662062517374,0.5010752602286154,0.4545756001637853,0.5528398733283664,0.7686921862061098,6.683555763542728,0,0.0,0.0
3754.0000003109526,3754000,299.37459289659154,-308462.41395598045,59821.474257553615,0.33025471526496075,2.2596845275364585,0.4991792503665621,0.45857772632666904,0.5405204830962687,0.7630220734226114,6.619598437137483,0,0.0,0.0
3756.00000031136,3756000,301.6056779666127,-308554.8308614637,60267.29297847889,0.30627783706656964,0.813003928399259,0.49970832646835495,0.45901416074850676,0.5371929904069352,0.765026313017291,6.670959086976794,0,0.0,0.0
3758.0000003117675,3758000,297.79376410751985,-307572.4488442312,59505.59070913334,0.3182884719053114,2.76103580387183,0.49872928821300966,0.45306678616757257,0.5546304676116813,0.7621515074427521,6.774187455922053,0,0.0,0.0
3760.000000312175,3760000,295.7541635759706,-307863.6926738727,59098.03471210219,0.3315155395594752,4.398176825242215,0.5022369523118692,0.458596330664923,0.5497486874023814,0.7655318704680436,6.671449436266087,0,0.0,0.0
3762.0000003125824,3762000,302.96046809068855,-308732.7283900245,60538.0091462994,0.34453551359422224,4.014312018869668,0.4972354612431285,0.45337881927325796,0.5309820822476787,0.7786446862459862,6.643912121312638,0,0.0,0.0
3764.00000031299,3764000,302.48716549128187,-307634.83822040167,60443.4331203498,0.34012782087940474,1.935014113706179,0.5014535432060003,0.45169790895473083,0.5380370611444342,0.7785220365452687,6.678640000183968,0,0.0,0.0
3766.0000003133973,3766000,302.23241899523373,-307965.13986807596,60392.52929845865,0.35268488943092624,1.9409710133545526,0.49884866776013315,0.44761322513087,0.5455578811368706,0.7690433048818157,6.640571279067501,0,0.0,0.0
3768.000000313805,3768000,299.5298944886023,-307951.3937934479,59852.50685153142,0.31619991311798823,4.359086215300485,0.5002081293266818,0.4676974956538169,0.5395114068375868,0.7627873439339758,6.6952325320754795,0,0.0,0.0
3770.0000003142122,3770000,301.1405877039178,-308438.77029937087,60174.35795380613,0.34288131235504793,3.343758628614269,0.5001768285138721,0.4545084277850009,0.5490509270990954,0.7630453762550746,6.604388778232071,0,0.0,0.0
3772.0000003146197,3772000,300.92406574451354,-307917.3362301574,60131.09221540337,0.33739884545794524,2.7466257178602365,0.4996365223885672,0.4574989894111603,0.5395358008535549,0.7540245494770073,6.734336741446938,0,0.0,0.0
3774.000000315027,3774000,300.2782252009426,-308132.0543527021,60002.03940207709,0.3522423802889768,5.233307765174966,0.500105683978584,0.4636128491441478,0.5410609898865237,0.7567704231422958,6.610692503291636,0,0.0,0.0
3776.0000003154346,3776000,303.186384716685,-308250.9023441002,60583.15214088568,0.36087269939222,1.664202767577556,0.5001216859636392,0.45601825002349106,0.539747953256344,0.767366707956648,6.65692371448808,0,0.0,0.0
3778.000000315842,3778000,301.07974934597934,-307424.02649076795,60162.201143075894,0.3343690576954035,4.227952369896359,0.501389780976359,0.46126227391655394,0.5338613102279268,0.7610684266527308,6.688645346383776,0,0.0,0.0
3780.0000003162495,3780000,298.2950129202377,-307979.10090376204,59605.75098879002,0.3191182175373193,5.729054971295252,0.4972025524829842,0.4570297770297431,0.5382322241209714,0.7733852676952555,6.631892900571714,0,0.0,0.0
3782.000000316657,3782000,299.6581045274709,-307691.1927951933,59878.125971262096,0.34298534771910205,2.6416834510222844,0.5009300528857545,0.46355006132424775,0.5359415928014135,0.7728182354206155,6.692155532463929,0,0.0,0.0
3784.0000003170644,3784000,302.92761536653256,-308429.8113406575,60531.44446633317,0.33301467977286636,2.9878907908566448,0.5024099269898883,0.45563023493788357,0.5415559105783174,0.7639295207097714,6.757686409143659,0,0.0,0.0
3786.000000317472,3786000,300.45787658944863,-307907.90116139874,60037.937608430766,0.3259457543555049,1.3918962205360057,0.4999645384905127,0.4608212263900162,0.5435481815163365,0.764027955561275,6.674457897272816,0,0.0,0.0
3788.0000003178793,3788000,302.5588126428089,-308579.2366596549,60457.74976021303,0.3336376327890743,1.7956444117446881,0.49937121580742794,0.4597643964725049,0.5367210621893559,0.7436905043713722,6.641748594097919,0,0.0,0.0
3790.0000003182868,3790000,299.5020181850429,-308137.76762502594,59846.93656729441,0.36108814877244744,3.3423183965836554,0.4961084959285501,0.459501068268068,0.5360558439888301,0.7718132733144175,6.663811325243344,0,0.0,0.0
3792.000000318694,3792000,299.40150928865353,-308354.2994856979,59826.85273085446,0.3382710119555544,2.7038182081640842,0.5005097152603859,0.46031787476570374,0.5401478301794418,0.7684764181849015,6.60856897390164,0,0.0,0.0
3794.0000003191017,3794000,298.0010067491001,-307692.35453029536,59547.002240514164,0.33078992233891036,7.1489447905408,0.5007692257790077,0.46000388139291526,0.5458077144885483,0.7681986319657437,6.616158292888898,0,0.0,0.0
3796.000000319509,3796000,299.4188106687813,-307970.3909355379,59830.30991823939,0.33731291274981173,4.980858123464459,0.49774749909969157,0.45314408019391506,0.539395376031905,0.7614538430346123,6.57840168841463,0,0.0,0.0
3798.0000003199166,3798000,301.1657840071657,-308529.5217496804,60179.39271641423,0.3242546205294051,2.1433724486699313,0.5002730020483633,0.4370866502233648,0.5386161495261614,0.7690002508215983,6.65203932711708,0,0.0,0.0
3800.000000320324,3800000,302.57074036641603,-308054.5951348231,60460.13317559846,0.3486564600271065,4.060649760396381,0.5009774617326439,0.44756975778667163,0.5468029105072514,0.7658929025970025,6.5730545318683085,0,0.0,0.0
3802.0000003207315,3802000,300.8981751844483,-308820.4128353782,60125.91872537046,0.3228828270441456,3.5293692847438916,0.5005988432953702,0.46315190447355703,0.5566379312231478,0.7662223611469292,6.620495849988998,0,0.0,0.0
3804.000000321139,3804000,298.9855761068358,-308103.1364902132,59743.74034684007,0.3338372195224498,1.4509047581772512,0.5024041616876155,0.4632485210873832,0.5334291714760369,0.7742663659730868,6.6860294891728,0,0.0,0.0
3806.0000003215464,3806000,298.24508869841475,-308166.99772893963,59595.775056892424,0.3327327781038794,0.8646066215194664,0.49945089530978665,0.45221705822474245,0.5384288053377357,0.7689637092105297,6.602003548526591,0,0.0,0.0
3808.000000321954,3808000,298.5959493273872,-308291.06304437947,59665.884547083246,0.31602863279928406,3.123328249377701,0.5006005864887813,0.4591279272506945,0.5415682694022141,0.7786049780271931,6.624071007976809,0,0.0,0.0
3810.0000003223613,3810000,300.3032443864998,-308140.9309352543,60007.038772766085,0.34065405792565345,4.840821929435952,0.4998946513470299,0.4593530346889887,0.5422659822562856,0.7730056352650063,6.6640434553404475,0,0.0,0.0
3812.0000003227688,3812000,300.5102616818012,-307733.6904422757,60048.405275119934,0.36009659389173754,2.1109017861697232,0.5016658330409705,0.46003949430232205,0.5422560078246281,0.7663210385892665,6.639694471262288,0,0.0,0.0
3814.000000323176,3814000,301.53424259098335,-308378.3905119789,60253.018655988984,0.3197974704810687,0.9953789434703592,0.4987800407465978,0.4610086458443723,0.5415126585193661,0.7639385199399786,6.628345886236069,0,0.0,0.0
3816.0000003235837,3816000,303.3128457485276,-307761.26342139347,60608.42177144371,0.34751904020734803,2.1254086229661175,0.49818878449693194,0.45697143421295183,0.5412867054752224,0.7615420516607898,6.624566988028555,0,0.0,0.0
3818.000000323991,3818000,301.12390663586876,-307813.6594484998,60171.024718098895,0.3232448400133595,4.605750865322249,0.5003775513564,0.44967547547401265,0.5489465977133356,0.7722059483988452,6.659452968962476,0,0.0,0.0
3820.0000003243986,3820000,302.24273765469246,-307750.05214795936,60394.591188264356,0.3224476336084698,2.1979140743881094,0.4975288401803704,0.4592977279785364,0.5415963852767653,0.7608413506590157,6.719503804721342,0,0.0,0.0
3822.000000324806,3822000,302.09427095766745,-308393.37620451767,60364.92435311896,0.3311777052501355,6.699825973559652,0.4996539420748996,0.45977477916731146,0.5429378326232666,0.7656453078777403,6.745779797370858,0,0.0,0.0
3824.0000003252135,3824000,303.16705359439675,-308534.19160642195,60579.28936741801,0.3186635455819412,3.2361497954813987,0.4992931745219983,0.4608047549671812,0.5367989867804805,0.7743053329030323,6.629528649870238,0,0.0,0.0
3826.000000325621,3826000,300.5780981153879,-308555.61393703846,60061.96045168408,0.3237624615513991,3.4074707553858756,0.5007529158665884,0.46024206122960865,0.5366452921828916,0.7662318332881587,6.625284613864743,0,0.0,0.0
3828.0000003260284,3828000,301.29295892062487,-309425.058880975,60204.8049958535,0.33631336907311926,4.13168451427543,0.4983149273145753,0.46030808454886163,0.5370806500727148,0.7715571581047542,6.650495299901181,0,0.0,0.0
3830.000000326436,3830000,300.49153452022233,-309401.2617359157,60044.663185975136,0.33267311601396715,3.5104250221656566,0.4988611534445692,0.4585303971324802,0.5348308501429422,0.7751332234454171,6.670882023882655,0,0.0,0.0
3832.0000003268433,3832000,299.5696228511077,-308845.01498026866,59860.44543172928,0.3283298694012061,1.6974016729052308,0.5009740502153369,0.46796225480352405,0.5370160847125085,0.7768725659045934,6.688270293844326,0,0.0,0.0
3834.0000003272507,3834000,299.8906898237502,-309336.09702561935,59924.6015094146,0.3299467225794377,7.557399165657287,0.49991494424874416,0.4632179635766809,0.5406012289334914,0.780788290042822,6.608736766409265,0,0.0,0.0
3836.000000327658,3836000,301.3294463847015,-308342.1018846235,60212.09597493045,0.33548425574610885,3.354927123857208,0.5020443455953025,0.46705584778542075,0.5371470400658547,0.7710339939718782,6.552621263790215,0,0.0,0.0
3838.0000003280657,3838000,300.5306131686855,-308175.9054516214,60052.47193935143,0.34957015707430017,0.2200576862424534,0.5025258029224842,0.46530710641710993,0.5391007703687984,0.7731070308917012,6.622390100507758,0,0.0,0.0
3840.000000328473,3840000,302.173328568923,-308126.72418956365,60380.721762013374,0.3394230090290152,6.476303533345204,0.4989955321017329,0.4517114860100673,0.5467262803430395,0.7655153963171211,6.689998064926392,0,0.0,0.0
3842.0000003288806,3842000,299.2822161057284,-308416.33841175726,59803.01539047627,0.33921605515615727,2.4455838343699274,0.5017218669848085,0.4656955450084279,0.5446234449896359,0.7707327435307025,6.777198782800539,0,0.0,0.0
3844.000000329288,3844000,298.8889754117481,-307803.29694898333,59724.437452968756,0.36883831639956155,5.06754578851781,0.50251147478748,0.45344124098679117,0.5381994978350804,0.7702244376864771,6.718392237832205,0,0.0,0.0
3846.0000003296955,3846000,297.517632941211,-308773.9988315706,59450.413770779196,0.3299801161306122,6.375536120832096,0.5003515060041213,0.45575155656204647,0.5377376239635545,0.7565254567115609,6.825655016169485,0,0.0,0.025655016169484846
3848.000000330103,3848000,301.43519900554134,-308890.71785219945,60233.227620151345,0.3492349167865225,5.641956652128813,0.49956583603280724,0.46128812736718516,0.5414917060262319,0.774354349994975,6.728869050301967,0,0.0,0.0
3850.0000003305104,3850000,299.3739504655616,-308760.04608079325,59821.34588603435,0.3470053929063741,2.2662463534272295,0.4995221992200176,0.4580570495758427,0.5426312717917583,0.7670701335714725,6.770194544367568,0,0.0,0.0
3852.000000330918,3852000,303.6258569088728,-308881.22935948754,60670.96812479235,0.33319857256749186,1.3903137565745323,0.49885760399256995,0.4574574896932999,0.538509553162168,0.75706228542807,6.755312354560537,0,0.0,0.0
3854.0000003313253,3854000,299.1179964000367,-308069.1120139053,59770.20076582303,0.34518167836016933,1.4828870392130726,0.5023042275029757,0.46862437791953004,0.5416761768310812,0.7690360303134565,6.767924181063506,0,0.0,0.0
3856.0000003317327,3856000,300.9113462791978,-308684.4838012336,60128.55059301788,0.34108400938545913,2.1224495528298086,0.5000071653605848,0.462973239306383,0.54228231144209,0.7722075024009629,6.708930281136219,0,0.0,0.0
3858.00000033214,3858000,300.0011243163867,-308133.3317494849,59946.66869318755,0.34435023721280605,4.630710755162472,0.4987595872011637,0.45762112599788596,0.5512947611576244,0.764034442966774,6.663078814468847,0,0.0,0.0
3860.0000003325476,3860000,301.11661473635155,-308241.8820789745,60169.56763994461,0.3350927222298363,3.274412963838052,0.5010791956400434,0.46671000408284646,0.5398208392404014,0.7669677465052587,6.6874952784048,0,0.0,0.0
3862.000000332955,3862000,300.9224374581205,-307771.3996234648,60130.766848806285,0.3453519390080523,2.3039115936994845,0.4967898285319856,0.4600644918284065,0.5396611995818983,0.756645179087128,6.681735521850034,0,0.0,0.0
3864.0000003333626,3864000,300.839982419074,-308188.54652108345,60114.29056086214,0.3229257604679134,4.51457424417722,0.4983443553966383,0.4574060256536381,0.5414442638808055,0.7571556786917188,6.644955766450025,0,0.0,0.0
3866.00000033377,3866000,302.03261982230225,-308304.3705913597,60352.6051320003,0.3359137057573841,7.648328558247372,0.5027906051011303,0.46055131937694593,0.5489155902510081,0.7471671708781378,6.710443016143219,0,0.0,0.0
3868.0000003341775,3868000,297.5217339222576,-308666.8200485022,59451.2332348818,0.31133919771612073,0.47103798261204993,0.5005442760382248,0.46515468420254225,0.5523898529396001,0.7773630837351355,6.741930631184374,0,0.0,0.0
3870.000000334585,3870000,299.7700955741556,-309594.34897081414,59900.50418796881,0.32495690163709695,5.528566267537211,0.499233636415014,0.4585365206843983,0.5351377741960871,0.7718003662410027,6.704039057730693,0,0.0,0.0
3872.0000003349924,3872000,298.5806687544098,-307176.1564711272,59662.8311603741,0.3414240948906404,4.753674372410131,0.5010391934673977,0.4607785072719506,0.5425897051769066,0.7725768362175902,6.6496213867328535,0,0.0,0.0
3874.0000003354,3874000,302.33625975362725,-308277.57310309727,60413.27891249576,0.33711132228293655,2.1493783711794427,0.4999164371093818,0.46612238892551316,0.5433612181658951,0.7734439329475058,6.8015874194112484,0,0.0,0.001587419411248625
3876.0000003358073,3876000,299.93352762518475,-308638.17588078976,59933.161422301564,0.32189810807970987,2.2742833102225015,0.4991675372672071,0.4621175284257282,0.5495169870348509,0.7762228890153744,6.6869367359963405,0,0.0,0.0
3878.0000003362147,3878000,297.18241951835125,-308215.33413226996,59383.43092847327,0.34247902298279564,2.255348268026006,0.5010346464834927,0.45359876079856987,0.5442222023167087,0.7694351360886582,6.628934001807735,0,0.0,0.0
3880.000000336622,3880000,297.2890754230848,-308215.98393979995,59404.74306921876,0.3455957115053907,0.488144040731155,0.4999689649617647,0.45643309163015555,0.5472126730411411,0.7689748156582468,6.602964649367749,0,0.0,0.0
3882.0000003370296,3882000,298.68253933739686,-308378.6012211549,59683.18709104543,0.34494116043312245,1.3219595683613983,0.4987042111349745,0.4623521420078802,0.5440667777733648,0.7626621338205819,6.599943512255592,0,0.0,0.0
3884.000000337437,3884000,297.11819529727137,-308841.5415264559,59370.59754955869,0.3263380093132126,4.416168310350077,0.4989016977984189,0.454865494832827,0.5359026665290632,0.776291828979053,6.619439091586834,0,0.0,0.0
3886.0000003378445,3886000,300.899913280761,-309088.8005451262,60126.26603434823,0.3432312943748881,0.9101571218775611,0.5004833193645364,0.4529361613665257,0.5474033502426172,0.7561241854452403,6.7355108329107205,0,0.0,0.0
3888.000000338252,3888000,300.02242076508855,-308841.9982065824,59950.92418108806,0.3281217105480048,3.003456156081756,0.4978153286140696,0.45723449754486367,0.5366676295364243,0.7736503241053949,6.795129364251153,0,0.0,0.0
3890.0000003386594,3890000,295.9668692729979,-308998.628626877,59140.53787930832,0.3570129084538978,5.104692257427899,0.49763039272481885,0.45485152546520347,0.5408091562067298,0.770260838225358,6.6921213530649055,0,0.0,0.0
3892.000000339067,3892000,300.01344763345327,-308751.83829816664,59949.131156643554,0.35273347377052916,5.84841168227277,0.49903165685341017,0.4545041877432765,0.5353272611461719,0.7697727151281888,6.7262710841665125,0,0.0,0.0
3894.0000003394744,3894000,298.4844121603681,-308358.6682890649,59643.59702528309,0.33433518594645695,1.481069571194367,0.5017931212813893,0.4601980493180169,0.5483864946865626,0.7740182740640975,6.593495124692609,0,0.0,0.0
3896.000000339882,3896000,303.342799039423,-307743.2083594431,60614.407082364356,0.3291174531629856,8.617670168832984,0.5012982208641127,0.45206431288584303,0.544852951202019,0.769789371528951,6.626815042842338,0,0.0,0.0
3898.0000003402893,3898000,298.1828506611882,-307562.70059184404,59583.33856017516,0.3589417199877448,3.057334238044417,0.5004450533346745,0.4638636955760127,0.5511968464376107,0.7507376842190787,6.592137823159172,0,0.0,0.0
3900.0000003406967,3900000,299.8222567347939,-309208.2621887694,59910.92710829139,0.3555089399680399,5.024555199088836,0.501469877328851,0.45993635390379617,0.5349469656753598,0.7751035101658739,6.618364432556447,0,0.0,0.0
3902.000000341104,3902000,297.4348615617271,-308574.6239133924,59433.87427122063,0.32775939192180015,2.6320969485193633,0.4974860603058363,0.4468489137359022,0.5433516298512249,0.7730941398133329,6.662643370559628,0,0.0,0.0
3904.0000003415116,3904000,298.36919627338665,-309149.6300675324,59620.57441621519,0.322362948857572,3.722090584757702,0.4998255924858245,0.4576098330818074,0.5362143800074826,0.7627807943386857,6.727340708938977,0,0.0,0.0
3906.000000341919,3906000,301.06034813950043,-308106.6671610316,60158.324365281514,0.34885197496289255,7.555392814807531,0.5010829513320619,0.4533725058156586,0.5397002745496464,0.7576732596633589,6.754783469338278,0,0.0,0.0
3908.0000003423265,3908000,298.05756260152054,-308953.6344251917,59558.303314653254,0.3386333460697274,4.059629545591162,0.49756489642823254,0.4635966867000274,0.5373384087144721,0.7672003515526146,6.731156767976284,0,0.0,0.0
3910.000000342734,3910000,297.660392684118,-308747.1805888377,59478.94023390586,0.34950771466578734,0.9035076560009448,0.5004133696885112,0.4526632472211709,0.5418594255889779,0.7591903803417367,6.803262478779146,0,0.0,0.003262478779146427
3912.0000003431414,3912000,298.7346294087973,-308943.32243182836,59693.59580621128,0.344830531184508,3.4097246771456384,0.4988483970204536,0.4577839050649182,0.5380732249468068,0.7682959332231318,6.675476710536401,0,0.0,0.0
3914.000000343549,3914000,298.56279995574204,-308550.5450990191,59659.260590576654,0.32610298198371523,5.507019816009221,0.5015632821481567,0.46410763766184004,0.542402814634718,0.776390985820905,6.725822795183788,0,0.0,0.0
3916.0000003439563,3916000,299.8211103516986,-308275.9767230563,59910.69803632453,0.3619666723488023,8.547766204503091,0.4990969871092453,0.45655522312596997,0.5402536270382345,0.769951127437194,6.738088817241149,0,0.0,0.0
3918.000000344364,3918000,301.4574530022134,-309152.5702219582,60237.67444670455,0.3420819277466508,4.467431427401258,0.5005972106702351,0.45933078208826217,0.5463017546645386,0.7635220159163012,6.744334741804906,0,0.0,0.0
3920.0000003447713,3920000,299.8885015712202,-309542.89098312566,59924.164249555215,0.36151850158750876,2.729046553154535,0.5018533144822214,0.4595126653715873,0.545649036237803,0.767281591431753,6.717243564892037,0,0.0,0.0
3922.0000003451787,3922000,299.8219030202587,-308568.1489482224,59910.856428529434,0.3380532169850272,4.31057606998744,0.5029058938109232,0.4590391734652908,0.5466750078227118,0.7702741711129564,6.777026517932185,0,0.0,0.0
3924.000000345586,3924000,304.03899395167696,-308698.58926258376,60753.52178017047,0.32887156734088663,6.060076729895329,0.4971276680597949,0.448599192811288,0.5374934372185596,0.7661596388093264,6.753291863269567,0,0.0,0.0
3926.0000003459936,3926000,298.8389189098403,-308416.92854708247,59714.435088668804,0.3194890962744381,2.465405831525968,0.5006862702048689,0.45939917389546814,0.5399891422829928,0.7634134117490028,6.70372638540006,0,0.0,0.0
3928.000000346401,3928000,302.23313504442996,-308444.4527688776,60392.672380468866,0.33133397576335555,3.29468714625114,0.5006570361748061,0.4565557458500358,0.5486981113732057,0.7661537288025446,6.692722273472189,0,0.0,0.0
3930.0000003468085,3930000,297.9628350047484,-308100.8185176621,59539.37470605974,0.3203691813463134,7.455669645694378,0.5019866266763695,0.46165581212786666,0.5431122900688008,0.7769396896664208,6.616669088607232,0,0.0,0.0
3932.000000347216,3932000,303.1350368221613,-308752.17493825546,60572.891728601826,0.32914223573585766,2.357952103278284,0.5001899673328564,0.4604731896918599,0.5405584758472202,0.7729204175228803,6.626033006916671,0,0.0,0.0
3934.0000003476234,3934000,297.8712781561931,-308108.3211540412,59521.07968106793,0.3322710195162589,2.651493573440999,0.49870496200031555,0.45934011035173583,0.5363205854341704,0.7671379617056804,6.634034102425989,0,0.0,0.0
3936.000000348031,3936000,299.5902442021684,-308264.1794915027,59864.566020619925,0.3558113367532697,6.176319323364126,0.5008480600747969,0.45325438832836173,0.5347317573143897,0.7716835808629048,6.758591180432369,0,0.0,0.0
3938.0000003484383,3938000,301.9849359416259,-308078.00916119665,60343.07686838655,0.3469005319812912,2.5465030467698244,0.5003800735877074,0.45953342480642445,0.5446107792906165,0.7679387589794704,6.721895174810715,0,0.0,0.0
3940.000000348846,3940000,301.12243385367907,-308660.1255333768,60170.730424581874,0.34810749082254555,6.000771202609083,0.500361573514729,0.45478570798865214,0.5353183228729481,0.7711702322478597,6.70535976126466,0,0.0,0.0
3942.0000003492532,3942000,297.60740377238886,-308090.4445713484,59468.35191113515,0.3516650752605105,7.467647020639324,0.5001438001077351,0.4654597545902428,0.5423119167998998,0.7664633620205397,6.636983597923361,0,0.0,0.0
3944.0000003496607,3944000,300.89333835612626,-308038.72707194043,60124.95222317615,0.3354323457509443,6.358560270318186,0.49949814657703046,0.4568997479308079,0.5444533336987858,0.7684574874129382,6.7229897028573475,0,0.0,0.0
3946.000000350068,3946000,298.3796762930319,-307475.90914852824,59622.668549252194,0.3461228562287581,2.1217891869969696,0.4995365525202256,0.46244262760915333,0.5456466889166158,0.7641823016288161,6.672129967077979,0,0.0,0.0
3948.0000003504756,3948000,303.93336689190613,-309325.10168833146,60732.415224748234,0.33318953017843855,1.3804622200797094,0.5006132198677572,0.45828181127405543,0.5357904240618172,0.7637839891340366,6.727546846091002,0,0.0,0.0
3950.000000350883,3950000,299.3546668928118,-307973.2152726166,59817.49261398583,0.339442111278538,4.014275500778137,0.4990981564346641,0.4502620285087202,0.5454223340453765,0.7635773231859204,6.745647120145975,0,0.0,0.0
3952.0000003512905,3952000,298.81010782723666,-308636.0542206499,59708.67801549961,0.3474147028466459,3.7662791356359135,0.5001532452232281,0.461708263518708,0.5417932253985547,0.7594795289694272,6.758247577483829,0,0.0,0.0
3954.000000351698,3954000,302.32242484487625,-308464.20880362066,60410.51440055206,0.3351059288587641,3.574522947159303,0.5025208802614975,0.461816631899596,0.5448544931622017,0.7605850670346832,6.666908391641073,0,0.0,0.0
3956.0000003521054,3956000,299.74104389582567,-307772.0453066244,59894.69903860547,0.32650002031896674,6.539120368471971,0.5004599640117882,0.45741500235605237,0.5319255906285552,0.7712110638849818,6.790087416380658,0,0.0,0.0
3958.000000352513,3958000,298.51921941638113,-308201.69100206904,59650.55226269791,0.3308013198774661,3.309336329413526,0.5001154897330234,0.45463235781351763,0.5396168039165445,0.7706837524868275,6.828848428840537,0,0.0,0.028848428840537288
3960.0000003529203,3960000,298.0024173862753,-307534.06669924175,59547.284116122406,0.3210959838234011,6.804242239266952,0.4996815260648293,0.4633752977589225,0.54054575086841,0.7674790538850882,6.685578866397748,0,0.0,0.0
3962.000000353328,3962000,296.84643351169143,-307711.83540677,59316.29370732892,0.34057596642450977,5.9547579621771645,0.4991158147547872,0.45491817818951574,0.541048059179416,0.7693387199945376,6.745778728756477,0,0.0,0.0
3964.0000003537352,3964000,301.21316309245253,-308321.6408075737,60188.86007536213,0.3652309359464856,11.914725541097905,0.5013678958427664,0.4639580409757169,0.5381096621333357,0.76568008852104,6.6370238093323835,0,0.0,0.0
3966.0000003541427,3966000,298.80910661922564,-308125.4678866528,59708.47795263295,0.32960346380763395,1.622917926309746,0.5014850125808333,0.46600490225864055,0.5368319811417086,0.7757289869247348,6.670697527357632,0,0.0,0.0
3968.00000035455,3968000,300.67313979049743,-307703.28563347785,60080.95181987585,0.33831991643397363,0.5913375130467092,0.5011741039212889,0.4497797663979499,0.5485112293304404,0.7692817339655846,6.716390283851695,0,0.0,0.0
3970.0000003549576,3970000,300.1294809946481,-307764.7889308641,59972.31711461872,0.3153741438587795,1.1328454476615515,0.5005167326570258,0.4668923221530408,0.5473819648740772,0.7681321252089859,6.707633762295444,0,0.0,0.0
3972.000000355365,3972000,303.3148949370598,-308387.6427658242,60608.83124332922,0.35429669863748564,3.8611737690889716,0.49991729632196386,0.4565865685040973,0.5481919170881993,0.7594356434737,6.8225773194703265,0,0.0,0.022577319470326707
3974.0000003557725,3974000,298.19442463153626,-307665.2670775247,59585.65128806077,0.33798438336430875,5.4420844372033335,0.4980933347955097,0.4550751551642893,0.5391865730634784,0.7596726416125388,6.739077296175694,0,0.0,0.0
3976.00000035618,3976000,297.34465697131003,-309046.5767573435,59415.849456451484,0.3400984393618036,1.2376970299393666,0.5009793772062545,0.4569274420732494,0.5398790865669849,0.7620159024972253,6.667831570963656,0,0.0,0.0
3978.0000003565874,3978000,300.3622854390204,-308456.8993215193,60018.83644326754,0.3464912645894951,1.797574316822817,0.5019818398495217,0.4574431312104883,0.5402077883883383,0.7653569713032216,6.723232486157073,0,0.0,0.0
3980.000000356995,3980000,297.6935406489438,-308434.1110799392,59485.563909299715,0.3409945645242438,4.70712953579948,0.49979054221646035,0.45856248685855006,0.5397243049038982,0.7716585233629747,6.715105416920544,0,0.0,0.0
3982.0000003574023,3982000,299.76986802211803,-308808.52907274617,59900.45871818386,0.34100436625414343,2.6855278830874996,0.49875008214176175,0.45871265593830035,0.5414339088679707,0.7630786306306673,6.752434838223678,0,0.0,0.0
3984.0000003578098,3984000,299.49027687426076,-308131.04219975276,59844.59040119558,0.33548295343987594,1.373261170747151,0.4985158084924351,0.4613939369796922,0.5377058800498329,0.7650238027654623,6.66956596752874,0,0.0,0.0
3986.000000358217,3986000,297.966493026518,-308529.1067903512,59540.105657383974,0.32233883842483313,2.849406344504352,0.5008311734708147,0.4624836034665112,0.5440822133804479,0.7683574202033672,6.750991141461455,0,0.0,0.0
3988.0000003586247,3988000,301.1657315567358,-308332.0387914609,60179.3822356917,0.32148822349814316,6.135026102983661,0.4989302457815242,0.46336522903067845,0.5410772046821766,0.7667001865391931,6.70869502761267,0,0.0,0.0
3990.000000359032,3990000,298.81321885266175,-308051.79557292536,59709.29966520468,0.33289809293376504,1.9409715210713996,0.4974191321243472,0.45542387769526194,0.5479207127723056,0.7752597705229025,6.826622362048923,0,0.0,0.026622362048922987
3992.0000003594396,3992000,299.68484538879295,-308450.78488594014,59883.46936975066,0.3456542817687163,4.381023434288255,0.4997964279328299,0.46069236585607154,0.5389082030388828,0.7484795610877715,6.810477431277775,0,0.0,0.010477431277775118
3994.000000359847,3994000,301.98625841114955,-308110.2877243776,60343.341126204155,0.3002829353267502,5.62420716752588,0.4976979046160206,0.457408549557242,0.537130305458958,0.7644843787592386,6.814388977190305,0,0.0,0.014388977190304963
3996.0000003602545,3996000,301.317380483321,-307820.9177924376,60209.68494865784,0.33072597650110774,7.101106238690074,0.4994047910392488,0.45992466177935265,0.540501667539897,0.7723168119562667,6.792979118025002,0,0.0,0.0
3998.000000360662,3998000,300.93903894106916,-308161.4253573683,60134.08418170097,0.3161508059416762,4.330172907092206,0.5001944047347879,0.45302812511860857,0.5308367727374899,0.7738914207498624,6.760452928710691,0,0.0,0.0
4000.0000003610694,4000000,299.8471503953919,-308285.6523931087,59915.90139639724,0.32817397912791657,2.777234783184419,0.5009569333709492,0.4559683746680445,0.5524350762936425,0.7592771539928851,6.702651207586371,0,0.0,0.0
4002.000000361477,4002000,298.9509514700841,-307714.6328258305,59736.82160067634,0.3318449436508865,7.992313606769776,0.49737960005186405,0.45294867999803845,0.5513502772148122,0.7548702991752401,6.689962234739085,0,0.0,0.0
4004.0000003618843,4004000,299.9099961430243,-308066.83636349486,59928.45932670726,0.32100874204858887,6.601458737296691,0.4999223087791005,0.46514589112133997,0.5413923810670096,0.7733688704918826,6.708018088022101,0,0.0,0.0
4006.0000003622918,4006000,299.54014818424866,-308657.30817270046,59854.55576017199,0.31515269303245785,4.003516162188719,0.5010262125751549,0.4618167283263559,0.5405087918644984,0.7542981753879019,6.758210828065344,0,0.0,0.0
4008.000000362699,4008000,298.1112788984474,-308415.9250920876,59569.03698461078,0.33804644060365674,5.570347201654489,0.501285152598637,0.45798628288072063,0.5475430837135953,0.7692646225542568,6.767109114072866,0,0.0,0.0
4010.0000003631067,4010000,300.93625108965415,-307082.24958163593,60133.52710910493,0.3288898893200414,5.850745347921405,0.49710325504316444,0.4512984394133861,0.537861914442427,0.7648191497742758,6.746961035886677,0,0.0,0.0
4012.000000363514,4012000,301.6840669911061,-307177.71338520385,60282.95678937691,0.3481193446634864,5.829825910596534,0.5014936375202993,0.45842812186487514,0.5426818377750333,0.7719277417186454,6.703623056620472,0,0.0,0.0
4014.0000003639216,4014000,303.3873556183116,-306789.4811993679,60623.31044390616,0.3299598625266624,0.6354664589405397,0.49889227595972535,0.46262598853276504,0.5428452324974806,0.7506157498899011,6.822205499385028,0,0.0,0.022205499385028027
4016.000000364329,4016000,300.1838785507426,-307412.22396465065,59983.186914791455,0.31849332317862145,9.187961379357448,0.5018352748856125,0.4600501893930091,0.5528273694657333,0.7754956399242676,6.827923247300479,0,0.0,0.027923247300479126
4018.0000003647365,4018000,303.3067138010415,-309098.0278675491,60607.196476621124,0.35376000225276905,1.3075514177372218,0.5002236871343259,0.463142232126172,0.5335884305250644,0.7680571215266578,6.822816325146423,0,0.0,0.02281632514642329
4020.000000365144,4020000,298.4754022864939,-307710.5807617055,59641.796658950014,0.3364594468345179,7.82217916634481,0.5020249528752705,0.4550542248472975,0.5525304770155577,0.7751647526748471,6.77242353836229,0,0.0,0.0
4022.0000003655514,4022000,298.2973246944091,-307981.7298387261,59606.21293092662,0.31922562817453526,4.888851497149494,0.5016174766782556,0.4669961401300222,0.5492596335003022,0.7690778997445702,6.798165294522946,0,0.0,0.0
4024.000000365959,4024000,300.25887090226144,-308690.9069546121,59998.17199746829,0.3192683123854399,2.743683996294988,0.49788824257479575,0.4488399037985438,0.5368372627466211,0.7664155823927441,6.777655290072701,0,0.0,0.0
4026.0000003663663,4026000,298.3477723609726,-308846.701069274,59616.29345832704,0.3228007111004173,2.734592126277873,0.5012543015032652,0.4617980944021043,0.5477539866979,0.761953015932388,6.821664434582466,0,0.0,0.021664434582466363
4028.0000003667737,4028000,301.60796951314603,-307389.74199993024,60267.750878698906,0.3307617876345982,5.393355306542791,0.5021885801206621,0.4651549558490995,0.5400871890311336,0.7758108131921748,6.798474771509515,0,0.0,0.0
4030.000000367181,4030000,300.0740477220817,-307853.3716557515,59961.240356047594,0.33141318174405354,0.5737897892483982,0.502569767253406,0.46727020737530367,0.5404000481999542,0.7595004823687326,6.7280722929056935,0,0.0,0.0
4032.0000003675887,4032000,300.35404679042097,-308978.67447444005,60017.190184310355,0.33902419621154634,6.26083347045346,0.49949194066572145,0.455903691603762,0.5461682832565575,0.7489897620644849,6.7867433668874355,0,0.0,0.0
4034.000000367996,4034000,302.12220807915276,-309317.4016436548,60370.506790083935,0.35180944729890556,2.878970435355634,0.4981165803613063,0.46102158560940243,0.5403414298963085,0.7704522980488004,6.6741029570771815,0,0.0,0.0
4036.0000003684036,4036000,299.9145637839753,-309025.2754948223,59929.372039482674,0.3109164508195976,1.8127354654709977,0.49805532635678085,0.4495896306464333,0.5494429218821395,0.7542622062000861,6.79787686532158,0,0.0,0.0
4038.000000368811,4038000,302.81771803595353,-308537.0229468616,60509.4846190776,0.3550228088342652,7.292790354060029,0.5015449918107728,0.4651339800197709,0.5342803775901821,0.7836452338135693,6.744616336298677,0,0.0,0.0
4040.0000003692185,4040000,300.9446246960952,-308939.9074751078,60135.200335537775,0.33557312516149596,5.917875177189438,0.500084950322027,0.4590707744340563,0.5476547907139242,0.7715997384451718,6.625863327269357,0,0.0,0.0
4042.000000369626,4042000,303.60282133497464,-307959.37451118464,60666.36512232102,0.2961958274391796,1.5197696304225525,0.4982011838459468,0.4528448678519075,0.5539546465246659,0.756943938050644,6.675765914874063,0,0.0,0.0
4044.0000003700334,4044000,301.99324783130135,-308167.9171893094,60344.73776248394,0.31708418255349424,3.6766377603599123,0.5009778805644631,0.46427135931241814,0.5440490847743437,0.7740956881804859,6.703029897137455,0,0.0,0.0
4046.000000370441,4046000,303.5235378207416,-308576.33056280203,60650.52257315928,0.3413144239367137,5.792534844460761,0.49594819184468125,0.4459765019645143,0.5404087986566202,0.7657018644492748,6.812225236234653,0,0.0,0.012225236234653103
4048.0000003708483,4048000,302.37764188357403,-307913.7526831832,60421.5479509515,0.3417505101794256,2.0574065223553477,0.5000100390258444,0.4565527265103899,0.543873826357828,0.7473977578379731,6.719817818140939,0,0.0,0.0
4050.0000003712557,4050000,300.75290570502636,-307951.94100392424,60096.89076297871,0.3414962875788232,0.8421509149761869,0.5008108473927237,0.45490130868378775,0.5464258996248716,0.7551281879253882,6.744288049236459,0,0.0,0.0
4052.000000371663,4052000,298.9902264725776,-307890.07477669977,59744.66958980561,0.34456047600378314,7.2694756533275955,0.5003352427710169,0.4643889252538349,0.539309905332531,0.7659727609686122,6.789800325889914,0,0.0,0.0
4054.0000003720706,4054000,300.1537998169749,-307333.7195006269,59977.17653769041,0.33891451476545065,7.3034759330047505,0.5006702420837521,0.45696758194497633,0.5351499502725758,0.7594177138372197,6.737334123221601,0,0.0,0.0
4056.000000372478,4056000,301.26846745505,-308306.25678986916,60199.911074952455,0.33912406465928735,1.9466777987713342,0.5009747482915311,0.46087824676955513,0.544560949198722,0.7807232524769017,6.688291979639203,0,0.0,0.0
4058.0000003728856,4058000,298.9434083530642,-307343.81622225465,59735.31432386885,0.32071648551367005,2.87533792506164,0.5002593139010408,0.4647809451046623,0.5454460218765806,0.7689412518087195,6.688546265550798,0,0.0,0.0
4060.000000373293,4060000,299.59705162532345,-308733.3847787571,59865.92628999045,0.33042999479186624,6.483628817403906,0.49885888783383,0.4675986744377416,0.5587311008470444,0.775743899011581,6.644049573531859,0,0.0,0.0
4062.0000003737005,4062000,300.203321795778,-307449.6460877564,59987.07209279242,0.3213261095268683,3.1006678848670473,0.49955291487359593,0.4629755844087913,0.5425584900506665,0.7735314315304294,6.714089382177546,0,0.0,0.0
4064.000000374108,4064000,301.5376129342459,-308201.6217429619,60253.69212296816,0.32079388815996096,3.196907212138407,0.49774187234081174,0.45835918106024165,0.5298788555514371,0.7630847362541608,6.716048480968183,0,0.0,0.0
4066.0000003745154,4066000,300.736392926144,-307996.8708002106,60093.59115506185,0.3432221614956473,1.710862783835431,0.5003062518819161,0.45606895356417265,0.5350899327879937,0.7582612107902262,6.841039941807921,0,0.0,0.04103994180792103
4068.000000374923,4068000,301.34297651431416,-308079.90486800764,60214.79958545563,0.33934241567554113,1.4695090348565347,0.5004177452377843,0.4495126781469949,0.540906126777478,0.7572326434504184,6.5945335091092545,0,0.0,0.0
4070.0000003753303,4070000,297.99511668029777,-308648.2144349511,59545.82527824819,0.3289629752869144,4.626943761690144,0.4982942416291888,0.45152939249474944,0.5361149363171416,0.7562473549001991,6.733306623734251,0,0.0,0.0
4072.0000003757377,4072000,298.1874999351059,-308769.2259534127,59584.2675849708,0.3510717575951995,3.4646925889505225,0.4984737578720366,0.45223141988452387,0.5449456303214522,0.7599311519152017,6.719391964550283,0,0.0,0.0
4074.000000376145,4074000,297.16938955248395,-308241.6241448126,59380.82726140799,0.31273723441400225,4.8496803915728055,0.5010876120855934,0.45418709769837196,0.554458560360074,0.7705877586524679,6.783361520210391,0,0.0,0.0
4076.0000003765526,4076000,300.54396680637603,-309061.16616833955,60055.14028299951,0.34343685370249066,0.8738963613770624,0.4989266630990937,0.4611740850220931,0.540744732560535,0.7624231643169872,6.76494975795266,0,0.0,0.0
4078.00000037696,4078000,303.35827689485933,-308383.55641285516,60617.499890346444,0.31974883226218115,2.525499701136763,0.49970901728844147,0.4655230004025337,0.5398343623796187,0.7701290932714224,6.788488000492045,0,0.0,0.0
4080.0000003773675,4080000,298.6787645404205,-308724.0763012981,59682.43280552653,0.32123541638514486,1.9125714396645905,0.5016567395241353,0.45768157153428746,0.5427939314363648,0.7653390875232997,6.718667228697868,0,0.0,0.0
4082.000000377775,4082000,298.616411698635,-308496.34573221346,59669.97336839237,0.3356850385078381,1.5429168136592177,0.49829361113831067,0.4620169542311974,0.541670307390163,0.7658006372431441,6.756752664677535,0,0.0,0.0
4084.0000003781824,4084000,297.82737259758926,-308296.437140964,59512.30640736301,0.3232182579770065,4.951344087809537,0.4955727550243995,0.4569281149864288,0.5358019039160027,0.7556774880947188,6.683923409048035,0,0.0,0.0
4086.00000037859,4086000,297.71957446380947,-308536.88531848416,59490.76602471889,0.3137980953947535,3.0215443032402654,0.4975658570448776,0.4524609035622449,0.5365209401708988,0.7621679045036558,6.637807449294549,0,0.0,0.0
4088.0000003789974,4088000,298.1551194458121,-308884.04234486446,59577.79726767368,0.34617548779798146,7.8108272203755655,0.5009051306674993,0.453018539937855,0.5450034151653,0.7779670521515367,6.618799170401335,0,0.0,0.0
4090.000000379405,4090000,299.16451944928315,-307601.32848880766,59779.49707038231,0.3200602921921849,4.2009433103284435,0.5005337523062483,0.4604806235198575,0.5428439962885657,0.7712545958344013,6.642466220754969,0,0.0,0.0
4092.0000003798123,4092000,300.568924641774,-307936.90106760105,60060.12739460888,0.3429757497688451,3.855038460713274,0.4982809927297433,0.45836159282535704,0.5398441995251737,0.7642860171310986,6.6191383941452955,0,0.0,0.0
4094.0000003802197,4094000,298.80044933293004,-308515.291087992,59706.748040871695,0.3342860633443633,4.1291155301618465,0.49969537845797196,0.4578311137672992,0.5386640210071381,0.7729602659962644,6.565423781641968,0,0.0,0.0
4096.000000380627,4096000,300.40330273601677,-308144.18333066814,60027.032580263134,0.3390007497961077,5.2498768369323665,0.500218272226219,0.4662723527131748,0.5502292394784867,0.7670869822060363,6.61375316974754,0,0.0,0.0
4098.000000381035,4098000,300.519249632681,-308297.3299485659,60050.20126076783,0.32423989733893904,3.759320426700685,0.49859266972841404,0.45488683934753116,0.5381017036246156,0.7778484825592611,6.646201441518201,0,0.0,0.0
4100.000000381442,4100000,299.5663766999017,-308930.09453825094,59859.79678099066,0.32086481145044293,5.642461510034264,0.4987797755949625,0.4536761793474202,0.5438838170629428,0.7719431629952958,6.666459165781568,0,0.0,0.0
4102.0000003818495,4102000,302.4275614089777,-307691.4923629863,60431.52294440365,0.3505307181975761,3.8508256472567006,0.4998776365260056,0.4565785846571191,0.546104568377956,0.7642419391227491,6.5787957340138234,0,0.0,0.0
4104.000000382257,4104000,299.6856714182133,-307282.8761392101,59883.634428172045,0.31507284358327614,2.5737251206295992,0.4988286789434865,0.45544749520235417,0.5426262819845711,0.7632152320931551,6.62767696991577,0,0.0,0.0
4106.000000382664,4106000,302.76635955473597,-307659.828818711,60499.22209134491,0.33872080661875864,5.802557748036958,0.4985142901344784,0.45884139062670526,0.5398174166900418,0.75738896101669,6.639855199306396,0,0.0,0.0
4108.000000383072,4108000,301.12612437162306,-308800.9111610134,60171.46786933979,0.36024790255934175,1.9637036456524422,0.4991349155520381,0.45339626319469817,0.542626575698149,0.7516370159520172,6.628388608022377,0,0.0,0.0
4110.000000383479,4110000,299.39930233728666,-308905.03292188095,59826.41173456581,0.3346775095310768,3.1365455953062122,0.5005636522128403,0.4598705428994867,0.5377630987151125,0.7751899655618057,6.6315122977284915,0,0.0,0.0
4112.000000383887,4112000,299.5493634128546,-308590.0314844083,59856.39716079151,0.3329717838766455,7.316950284687423,0.49822677914394864,0.4547931265735998,0.5372801158991471,0.7663396209340227,6.735492502650075,0,0.0,0.0
4114.000000384294,4114000,300.30176505007955,-306935.3183529116,60006.74316957302,0.3446047723148049,4.146970604642998,0.5023038871361121,0.4560438388541945,0.5431349408158983,0.75743674764577,6.630787018170594,0,0.0,0.0
4116.000000384702,4116000,302.8497753652684,-307983.0692579346,60515.89036206941,0.31851290101867535,1.9441924491719496,0.49886018718239655,0.458830222689496,0.5358054100250773,0.7669854899607254,6.647547805897922,0,0.0,0.0
4118.000000385109,4118000,301.3809967023948,-307034.141608112,60222.39683571167,0.3510838161710507,5.61980636808594,0.49906136714744737,0.4595294197368309,0.5442978186300653,0.7636862263665511,6.715764378795313,0,0.0,0.0
4120.000000385517,4120000,300.84023211472925,-308192.86263200734,60114.34045541755,0.35725922744720917,5.146370439364831,0.5016598423559401,0.4603443732499239,0.562695115710536,0.7792304427224472,6.6132334984717005,0,0.0,0.0
4122.000000385924,4122000,298.42882386165155,-307924.0739186434,59632.489289157194,0.3146144622052928,3.766030416041297,0.4999227876155819,0.46415740515859527,0.5422127686231448,0.7633405528012069,6.6294565928140585,0,0.0,0.0
4124.0000003863315,4124000,301.1879483726716,-308714.97622790653,60183.82163273515,0.3238444687874805,3.237559315994397,0.5000265254509384,0.4630209824754088,0.5471724507053484,0.7681569753133353,6.666033393046774,0,0.0,0.0
4126.000000386739,4126000,300.7208912175127,-307947.731746336,60090.493580699025,0.32568102687782013,3.444365656104956,0.4998333336180601,0.4584976681105095,0.5446211074921421,0.7602327738981938,6.662454752104779,0,0.0,0.0
4128.000000387146,4128000,300.42959320202266,-307151.7296472322,60032.28598009301,0.3193173015760597,2.9196618207344396,0.49831482458991966,0.4565473524288759,0.5525619063130858,0.7643146558685228,6.642614091510794,0,0.0,0.0
4130.000000387554,4130000,301.8532706818583,-307531.6091323034,60316.76732130176,0.3176370100453084,2.54701345270504,0.5003171995176076,0.4583892409167536,0.5359025656638048,0.7756070501185406,6.621877474293981,0,0.0,0.0
4132.000000387961,4132000,302.066071892388,-308377.3888542121,60359.289574157316,0.3461912721281,6.630941467163423,0.4972696320138467,0.45143964585048946,0.5378403400985245,0.769086638315347,6.619920861997983,0,0.0,0.0
4134.000000388369,4134000,296.992704583439,-309310.7872419362,59345.52180938164,0.32412284757837745,1.7378195600995783,0.4988656057918757,0.46201886637913425,0.5370412868927144,0.7652035080749737,6.659648764580524,0,0.0,0.0
4136.000000388776,4136000,293.1729539257233,-308391.2486281353,58582.25357933601,0.3310006521563452,2.0412861045495965,0.49904658181796013,0.45946173619356934,0.5366111338362414,0.7792288857949146,6.691404848248002,0,0.0,0.0
4138.000000389184,4138000,298.44805502230327,-309076.00040586386,59636.332088142706,0.3366194233367532,4.391301254978313,0.5005306302271259,0.45140018015116734,0.5467487228457717,0.7696084888959493,6.675174866875366,0,0.0,0.0
4140.000000389591,4140000,300.16184918688776,-308517.54583728826,59978.784974700284,0.33810206817888233,3.530254265885484,0.5015355596291101,0.4644340406783982,0.550431537448695,0.7682659856842946,6.690545866274903,0,0.0,0.0
4142.000000389999,4142000,305.1482700244743,-308775.5844736318,60975.17896687866,0.3412537970469785,11.101240513792433,0.4994300329061658,0.45975762211095317,0.5366628907422903,0.7750136479987386,6.700938021994716,0,0.0,0.0
4144.000000390406,4144000,299.77334517036195,-307707.5637560645,59901.153527092494,0.3268333598390798,2.1702017432204013,0.49859278296012544,0.45854457740951826,0.5385490320790112,0.7715601157421439,6.680260503619351,0,0.0,0.0
4146.0000003908135,4146000,300.66569739561544,-309073.56854268117,60079.46466951503,0.3539059788942036,4.729635033166179,0.5006832563522974,0.458857245743423,0.5412911630912891,0.7663125097575918,6.560731124218279,0,0.0,0.0
4148.000000391221,4148000,302.50936135629195,-308925.99756594,60447.868330948266,0.3333864398814519,1.6790370138055692,0.5004340788504744,0.4686249516083236,0.5392413537787082,0.7798760775992086,6.590921855370695,0,0.0,0.0
4150.000000391628,4150000,299.5891319362386,-308723.62511471985,59864.34376599557,0.34649747058440006,5.935007073891999,0.5021496913679435,0.4655263787946051,0.5429737834176525,0.7766439336517705,6.6411400848860325,0,0.0,0.0
4152.000000392036,4152000,301.12470449896784,-308738.2819607705,60171.18414828427,0.35085655052730375,1.5148827355754224,0.49824840412182786,0.4487709161455773,0.5508750537618976,0.7715927871009134,6.662509390418968,0,0.0,0.0
4154.000000392443,4154000,295.2965602532204,-307317.85443376657,59006.59573885061,0.3352461016079975,4.367570003814575,0.5012776411464541,0.4585327518366351,0.5458359326560593,0.7740233913311112,6.682363773695158,0,0.0,0.0
4156.000000392851,4156000,299.65755300586824,-308708.86059717415,59878.015765399134,0.31941166241718516,6.859562687379669,0.4993509967253285,0.45967077153033564,0.5520312690304889,0.7794826499359626,6.803051077065739,0,0.0,0.0030510770657388164
4158.000000393258,4158000,299.2514600992446,-308688.42138278624,59796.869679738644,0.33968415001952296,2.5532787177831997,0.4991364653659424,0.4495885887872806,0.5401418988819007,0.7538102505766098,6.6975300698326095,0,0.0,0.0
4160.000000393666,4160000,304.40505106294677,-308647.1938162679,60826.6678539463,0.3369132841089692,6.415157229131328,0.49897487264986046,0.4570395746149192,0.5378274335643214,0.7712483906315502,6.742568152692996,0,0.0,0.0
4162.000000394073,4162000,300.2880109370754,-307826.27971766936,60003.99480235504,0.3319122833291377,3.997171250263104,0.500919809161158,0.4612821466285242,0.5419627719230427,0.7686501554699969,6.625989028960312,0,0.0,0.0
4164.000000394481,4164000,297.7761005577631,-308759.8533890983,59502.06115247708,0.3048274411245321,2.905095618374654,0.5019626452514488,0.4514447252166862,0.5456374563453323,0.7820146772030192,6.77012619852627,0,0.0,0.0
4166.000000394888,4166000,301.9198015592889,-308949.2107985234,60330.061619702436,0.33597861241728605,2.8926028482202497,0.49721545934349304,0.4586199741197774,0.5327791533132791,0.7636905518481392,6.789865976149512,0,0.0,0.0
4168.0000003952955,4168000,302.04844925856565,-307255.6361071379,60355.76819338364,0.3590277642161518,7.0414405673699685,0.5001121805913437,0.46647749233543667,0.5488568449745808,0.7684088636847743,6.795630703149456,0,0.0,0.0
4170.000000395703,4170000,300.83235883631954,-308699.14808095293,60112.76720527247,0.30726275288308524,4.157435487812042,0.5011950494655925,0.4493193747535269,0.5372665920434461,0.7706321722867724,6.780130963650805,0,0.0,0.0
4172.00000039611,4172000,298.7994978812038,-308541.6472717128,59706.55792037952,0.31595345935370894,1.5768763117850506,0.4984272279538487,0.4550636240519639,0.5352125736994777,0.7577179045951352,6.657195553781753,0,0.0,0.0
4174.000000396518,4174000,299.26426189359427,-308645.21677329205,59799.427753233555,0.340968912612703,4.158090710958817,0.5003716044321047,0.4616497834562159,0.5339129762843768,0.7657346894700847,6.664896616680707,0,0.0,0.0
4176.000000396925,4176000,300.1604919915631,-307938.0698423344,59978.51377792172,0.35029230489265145,3.505155148952017,0.49989202524529847,0.46028424235695287,0.5356524540843912,0.7614068913073995,6.822363006989782,0,0.0,0.02236300698978244
4178.000000397333,4178000,297.57975440352124,-307914.50631763786,59462.82697332413,0.323235117204986,3.0957615279285036,0.4996029240164702,0.4580663159490823,0.5463610897616443,0.753052679552292,6.781872953434728,0,0.0,0.0
4180.00000039774,4180000,302.64446741700215,-307631.86198444664,60474.865423970135,0.3386768395271553,1.0908469007489339,0.5005796014141777,0.4517024649599879,0.5366069840535364,0.7668129147742158,6.753010494821794,0,0.0,0.0
4182.000000398148,4182000,305.24252788144713,-307805.03224661015,60994.01371137022,0.33290400957737143,2.4577695552843792,0.5007503970016276,0.4551586104286196,0.5405348342598764,0.7719638217156222,6.623994795171431,0,0.0,0.0
4184.000000398555,4184000,300.80485318353476,-308721.86065717926,60107.27098502184,0.34789075680268056,4.286608123167099,0.5013686433134109,0.4613264485416517,0.5371876550571368,0.7516650242024348,6.79543373807833,0,0.0,0.0
4186.000000398963,4186000,298.8471015175957,-307691.6773148691,59716.07014946159,0.31817134338813846,0.26964301514256594,0.5009174351542064,0.4619918627944557,0.5454411835599675,0.7651408067500594,6.701983332312182,0,0.0,0.0
4188.00000039937,4188000,300.29956480221375,-308035.43249426363,60006.30351278789,0.32425891611987256,3.115844488582938,0.5009496006303873,0.46654473845073063,0.5406441919594744,0.7697616736183637,6.800389984175325,0,0.0,0.0003899841753254307
4190.0000003997775,4190000,301.26739065453677,-308208.55125857284,60199.69590708013,0.343842165120377,2.2485151074992427,0.5009750767425188,0.4596892695640431,0.549889581967534,0.7837412362643713,6.7407391027164465,0,0.0,0.0
4192.000000400185,4192000,297.2832702096792,-308966.5832470744,59403.58306288374,0.3480016186815878,6.286137295327928,0.49962782742203865,0.463371223321174,0.5439227408002587,0.7649127557733593,6.687760759573948,0,0.0,0.0
4194.000000400592,4194000,300.12303275267374,-309717.3941704128,59971.02861736335,0.3403516931326217,4.773964646320885,0.5009472198560736,0.4602938104234253,0.539324818932105,0.7646096633125179,6.813446414620799,0,0.0,0.013446414620799096
4196.000000401,4196000,302.9193768106707,-308354.41817788966,60529.798225906954,0.30938161791013485,1.2913679060229784,0.4987078065735854,0.4567887185858638,0.5404131848566305,0.7729276646454544,6.646798078772395,0,0.0,0.0
4198.000000401407,4198000,300.291144051385,-308671.22330262605,60004.62086589372,0.3260863347116074,2.6871525161437697,0.4988473800377853,0.4577833896379433,0.5349828952866797,0.7689632655418706,6.64872018345433,0,0.0,0.0
4200.000000401815,4200000,304.180619515434,-309543.0199804874,60781.8216099407,0.34125761092216644,0.9844216792168057,0.5022085255114429,0.4586676333395818,0.5405725320210601,0.772434129439433,6.7114668703249265,0,0.0,0.0
4202.000000402222,4202000,298.97722161295917,-308708.03744371235,59742.070939508136,0.36128484834279323,4.2611117682954305,0.4998355250124798,0.4623044800659253,0.5476055182124906,0.7743352176213296,6.758518079053701,0,0.0,0.0
4204.00000040263,4204000,300.2036058767893,-307852.28946432984,59987.12885828057,0.314307898151331,2.047869130079627,0.4985024563206477,0.4580512364510194,0.5364202695043812,0.7498886089988144,6.790752533203289,0,0.0,0.0
4206.000000403037,4206000,299.52408843445187,-308886.7028941838,59851.34667719753,0.33756920655492884,4.490215694836748,0.5016508580567823,0.45993291686999616,0.5457941571282792,0.7596945825024606,6.7824201020206125,0,0.0,0.0
4208.000000403445,4208000,301.91265283511876,-308927.1916395654,60328.63315105791,0.329172173386581,4.41363718869932,0.4995641808938386,0.4547298182914705,0.5335694315495747,0.7532390781542428,6.780320407364897,0,0.0,0.0
4210.000000403852,4210000,299.7672920494801,-309681.4290571371,59899.94398351864,0.3348715692224396,7.163077307046442,0.4994980604625418,0.45174170439344774,0.5376820638353794,0.7780281176535508,6.821336935823794,0,0.0,0.021336935823794256
4212.0000004042595,4212000,299.74893543012246,-308592.65660796966,59896.27593666893,0.3570135919518341,6.330929884046844,0.49993809377173254,0.44555254417010204,0.5372567458505078,0.7627256118406418,6.795121381692383,0,0.0,0.0
4214.000000404667,4214000,301.9779560703153,-308505.0351717733,60341.68214017035,0.3313625814491411,3.348128667908727,0.4991359236842122,0.45916606659252857,0.5393742027170543,0.7740446441764313,6.726486679980531,0,0.0,0.0
4216.000000405074,4216000,302.0137372775382,-308712.9710676917,60348.83199395746,0.3562799617212167,3.7252055922548966,0.5009488594594884,0.46332675305317317,0.5373785999108867,0.7684689671427636,6.648129593425367,0,0.0,0.0
4218.000000405482,4218000,298.83898746323376,-308480.2303957939,59714.44878710936,0.3232567864304644,3.200001117799915,0.4986541967653312,0.45674175738253364,0.5399952849376728,0.7690104921294632,6.719633755903189,0,0.0,0.0
4220.000000405889,4220000,299.2387886750405,-308162.27719381405,59794.33765699918,0.35440265880590816,2.0074197293209926,0.5014908590985314,0.4621767856298904,0.5392281611535079,0.7792804911544202,6.7149786034306445,0,0.0,0.0
4222.000000406297,4222000,300.50096075069615,-307789.06277149543,60046.54674930021,0.3341247327038898,6.320317749753336,0.4992418607494273,0.4520120538939061,0.5375532747795191,0.7561487672725242,6.567110761137826,0,0.0,0.0
4224.000000406704,4224000,298.4236555583884,-308207.698176126,59631.456551149546,0.32324865288460947,0.5933792085280171,0.5011111942620579,0.4556580436041089,0.5453276201348274,0.7447216393138429,6.6441381349646065,0,0.0,0.0
4226.000000407112,4226000,303.2710741182248,-308300.1537728263,60600.07490245033,0.3217684761080184,3.322028199049277,0.5010176100957997,0.45947361219038574,0.5468276159094742,0.7680932976835795,6.6833714943184255,0,0.0,0.0
4228.000000407519,4228000,297.500573823455,-307706.994568964,59447.00499261996,0.34482063023908516,3.1797224517108322,0.5011948511082082,0.4568960460993674,0.5380449433413395,0.776975771277737,6.650839690025975,0,0.0,0.0
4230.000000407927,4230000,301.696124758334,-307335.65575909475,60285.366190271125,0.3311655198982707,3.851353494366416,0.5024466806982438,0.46794272804105486,0.5429508774522223,0.7689018278163471,6.690212086591288,0,0.0,0.0
4232.000000408334,4232000,296.3756798510448,-308333.7100676098,59222.22701409505,0.3547662134167511,2.0323553704447583,0.5018080731927663,0.4541943199415597,0.5425832237003803,0.7686054785417733,6.6988590251255715,0,0.0,0.0
4234.0000004087415,4234000,300.0909585443298,-308869.16515716305,59964.619501578956,0.325617348161899,4.101804823018691,0.4985230403538171,0.45729438284300095,0.5360031489736112,0.7731866724114864,6.618864581221825,0,0.0,0.0
4236.000000409149,4236000,301.7970103862259,-308796.8567892541,60305.52530575751,0.34151363436263704,3.740994087007314,0.5021610620178766,0.46393299327493676,0.5541369323632657,0.7772154697140561,6.749816602265412,0,0.0,0.0
4238.000000409556,4238000,300.58727220577464,-307129.7642626092,60063.79363200375,0.32155532307839163,2.939605682282651,0.5026797416013922,0.4613372815057213,0.5460269351179896,0.7731135760855725,6.742765788793108,0,0.0,0.0
4240.000000409964,4240000,303.3202244783721,-307102.6553784958,60609.896200162504,0.3308662985059053,2.8634090953074187,0.5017389185824561,0.45873221856688984,0.5534229530193624,0.7668595702258187,6.743249628174709,0,0.0,0.0
4242.000000410371,4242000,297.94259556027356,-307473.7248928263,59535.33043030833,0.30636004932755156,4.536108343991238,0.49992109767756865,0.45970251900293047,0.5471881471438209,0.7633985065318925,6.758366510928475,0,0.0,0.0
4244.000000410779,4244000,301.6450231529397,-308539.3316438757,60275.154991845644,0.3288216038667694,3.735111739301634,0.5002974041568936,0.46162213282479314,0.5418867397228491,0.7747560011561516,6.775768434839307,0,0.0,0.0
4246.000000411186,4246000,299.145546348511,-307478.5760930469,59775.705837303896,0.31710133826460285,1.8257037341608777,0.5017942268065572,0.4645773252881611,0.5417328862515678,0.7759501662698867,6.73320904563397,0,0.0,0.0
4248.000000411594,4248000,300.6115047910525,-307292.6505561038,60068.63582306067,0.3351924822184217,6.584158508368092,0.500044603306321,0.4398371920790365,0.5389000407944131,0.7420407477859126,6.64201830381568,0,0.0,0.0
4250.000000412001,4250000,298.40223206817717,-306481.29175121617,59627.175677626576,0.303279497865907,4.01922781869045,0.5010957567367457,0.45421463455142685,0.546544143242782,0.757028593887795,6.720763235527928,0,0.0,0.0
4252.000000412409,4252000,300.66878719089186,-307912.38816873403,60080.08207698037,0.325646293772839,4.5407749177682035,0.49952044951551305,0.46175070755777803,0.5494870962977974,0.7676132976330337,6.702132937054486,0,0.0,0.0
4254.000000412816,4254000,299.5936653414471,-307601.378643753,59865.24963773423,0.3516793464928314,8.03980119268202,0.49904035027165616,0.45868423889161547,0.5327452090837976,0.7739936220964481,6.832607513066819,0,0.0,0.03260751306681886
4256.0000004132235,4256000,298.5687664612248,-307695.05021420494,59660.45282653326,0.3579405491485482,4.314870635076944,0.5000291073861067,0.4653075527019448,0.5446340633947937,0.770185785953597,6.776998388767936,0,0.0,0.0
4258.000000413631,4258000,301.5581524222562,-309244.78505207226,60257.79635386293,0.32785521111797883,5.928679427383417,0.4998661173267451,0.45899464117385325,0.551426104563749,0.7466033989048402,6.700355771211974,0,0.0,0.0
4260.000000414038,4260000,299.61996947544174,-308508.9950358942,59870.50576872185,0.3464698214854722,0.9466247802062597,0.49983714869350987,0.45724719693034843,0.5425509916444238,0.7551639563359833,6.746622205089309,0,0.0,0.0
4262.000000414446,4262000,298.0219793364271,-309770.53714005137,59551.19301395542,0.33278584100127995,4.752234777854573,0.49845048853764384,0.46213267347896547,0.5415545346294692,0.772601352803032,6.7883565795066545,0,0.0,0.0
4264.000000414853,4264000,299.26879609178224,-308563.70045577595,59800.33378342655,0.3218436500196417,1.4041859994521373,0.49768874597515494,0.4520774372197671,0.543670520190128,0.7504858566821859,6.6816093818408575,0,0.0,0.0
4266.000000415261,4266000,301.0411298829766,-308723.94913397357,60154.484144817936,0.3383152214455074,3.3347918046587153,0.49767457204895615,0.45339720626938096,0.5370989300563993,0.7636900814444783,6.704334952621764,0,0.0,0.0
4268.000000415668,4268000,299.2622799222779,-308189.4210763583,59799.0317127916,0.31052251240934103,0.7888881122093145,0.49928256704258567,0.4539441774526426,0.5410742399082018,0.7802970685322936,6.687482570615046,0,0.0,0.0
4270.000000416076,4270000,297.7954357822502,-308521.21799772047,59505.924745652206,0.3454389576558585,8.876985926926737,0.4976885106739729,0.4555504155725165,0.5360821455936264,0.76045247142501,6.71732603570544,0,0.0,0.0
4272.000000416483,4272000,299.2753884207155,-308651.71623738296,59801.65107235132,0.3458484117621444,3.40937964995315,0.5005804105248736,0.4601497607596552,0.5437150236478363,0.7706938547459323,6.717648869795383,0,0.0,0.0
4274.0000004168905,4274000,297.52903671360775,-308201.82362223463,59452.69248945826,0.3163139847052118,6.087965447533098,0.4988846382365651,0.4545393534758464,0.5413899995722524,0.7590284173901036,6.681317859698623,0,0.0,0.0
4276.000000417298,4276000,298.71501795678586,-309165.84637815226,59689.67701684341,0.3328079577645313,5.185902934699131,0.5012092108547571,0.4611369198543427,0.5373483804464705,0.7767036867019996,6.702341800827455,0,0.0,0.0
4278.000000417705,4278000,296.59925088339554,-309172.61179368617,59266.90130868732,0.3250763867033145,3.313978210251031,0.5015950044277959,0.45741057255262507,0.5455211863342235,0.7829677108483821,6.693721775134511,0,0.0,0.0
4280.000000418113,4280000,300.6501660214442,-307525.2576841023,60076.3611673401,0.3130825739776958,3.3529600458298625,0.5039761415067509,0.4586787696025132,0.5476634263285689,0.7592705910824264,6.721639442740127,0,0.0,0.0
4282.00000041852,4282000,303.6517674442621,-307732.0180735416,60676.14560632408,0.3468237676967824,6.4478006530264365,0.4983208747723438,0.4556338670963731,0.5380756562956872,0.7582469654730009,6.72515461141893,0,0.0,0.0
4284.000000418928,4284000,299.5616154297323,-308626.15327302227,59858.84537693825,0.32587033524036313,2.2910689020115735,0.502504104686804,0.463111519460791,0.5488369562853235,0.7807543990142678,6.693260246283298,0,0.0,0.0
4286.000000419335,4286000,301.3045725459477,-307834.6934118164,60207.12564765485,0.33343953695466855,3.345453425116099,0.49957845338794815,0.45759284028949043,0.5396788478909968,0.7802758617643768,6.7855157143335845,0,0.0,0.0
4288.000000419743,4288000,300.9860030250947,-308619.5448393221,60143.4686144826,0.3431047700324606,2.894367765761709,0.49746127375785926,0.4500106991753068,0.540233758533244,0.7587339185194155,6.73255232390035,0,0.0,0.0
4290.00000042015,4290000,301.31588173065086,-308179.7275013793,60209.385465680985,0.34200518457737694,2.9344814012166753,0.5021004227989692,0.46612021449635144,0.5430196347676883,0.77479101825406,6.752964490407729,0,0.0,0.0
4292.000000420558,4292000,302.0932622091879,-308175.0562369209,60364.72278350472,0.3403822530205888,5.714852279757708,0.49929319141426187,0.4446760834377441,0.5399979136790929,0.7629140379343564,6.686224477687148,0,0.0,0.0
4294.000000420965,4294000,302.7907449475855,-308940.7813468878,60504.09481663698,0.32986966654555294,3.6068740722697172,0.49784972801749916,0.45561001322660477,0.5396044291894677,0.7657574199926245,6.717692351004448,0,0.0,0.0
4296.0000004213725,4296000,301.969666523473,-308749.72362559615,60340.02571065094,0.3368917273295454,2.089811249166401,0.502661646021482,0.4588946404657234,0.5420720539399682,0.7692523804940077,6.699559555661182,0,0.0,0.0
4298.00000042178,4298000,299.04299310879685,-307568.1194288386,59755.21349715495,0.3431798435045368,6.239132063064282,0.5002850652491163,0.4612486088195904,0.5396292963609639,0.7672670109945088,6.6471579149389015,0,0.0,0.0
4300.000000422187,4300000,299.12362726516255,-308250.69421003666,59771.32593362672,0.324333761624369,3.570834918735755,0.5007779007845731,0.46420394943559407,0.5358141302307651,0.7513978696507184,6.639441817438183,0,0.0,0.0
4302.000000422595,4302000,300.7515579809393,-308707.3507378092,60096.621458756876,0.3142206797752759,4.122104788385449,0.5001700856251209,0.46109141784048724,0.5441182445710826,0.7535649942505032,6.582701324700054,0,0.0,0.0
4304.000000423002,4304000,297.8110020532206,-308376.3606810495,59509.03522095719,0.34709111609192733,1.9385597569180593,0.5014387080884976,0.4643809534583998,0.5464953196092652,0.7699937676254285,6.6038887597490685,0,0.0,0.0
4306.00000042341,4306000,300.1477479324471,-308676.20622039214,59975.967241166654,0.34747419713383765,4.664343996096876,0.5006198145602213,0.462142383333243,0.5489109188714365,0.7686575260184974,6.632094819212579,0,0.0,0.0
4308.000000423817,4308000,301.6103132564058,-307354.72986418614,60268.21920894605,0.3382261374396289,2.771791371138043,0.49874148538849805,0.4575665995884881,0.5304845832575165,0.7666431365586117,6.577520256011887,0,0.0,0.0
4310.000000424225,4310000,302.2762793820862,-308040.35463525634,60401.29354587736,0.32469123623559,5.139627952127846,0.4985481684263941,0.45100182537406397,0.5323583176261355,0.7688961631872154,6.6199857827477615,0,0.0,0.0
4312.000000424632,4312000,300.1319029733861,-307976.883125416,59972.801077994925,0.3262351076802857,2.7970972473546936,0.4972261137667818,0.46263500330296603,0.5545477436679249,0.759033362590543,6.627303599088009,0,0.0,0.0
4314.00000042504,4314000,299.94018177444593,-307821.8389002769,59934.49106425575,0.326236176203606,4.657233709844727,0.5017513893527075,0.45848413073952354,0.5437408720797119,0.7711036291708453,6.844680122733706,0,0.0,0.04468012273370636
4316.000000425447,4316000,300.39378249031887,-307901.18937955936,60025.13023067685,0.33774080092053516,3.0525393899930395,0.4990198217397943,0.4574403731510783,0.5463223788037297,0.7726630510901744,6.7039796648344065,0,0.0,0.0
4318.0000004258545,4318000,301.99208733168336,-308835.71269526053,60344.50586973262,0.3246322486490808,2.959871192603907,0.502021645709115,0.45959376308155875,0.5438624496892306,0.7663667516945143,6.701807217078795,0,0.0,0.0
4320.000000426262,4320000,298.62838220853956,-308233.32526069647,59672.36533339908,0.3605736873929083,2.93403449590299,0.5008383751575779,0.45487469748075826,0.543896750455735,0.7718195457436039,6.680342159310918,0,0.0,0.0
4322.000000426669,4322000,299.45867370718054,-307352.21446631197,59838.2754095737,0.34724658936380787,4.28011336708652,0.4992820672801151,0.4545873474181943,0.5383112990785752,0.7636286765992715,6.635014075363728,0,0.0,0.0
4324.000000427077,4324000,298.04762148035906,-308487.5378286708,59556.3168651089,0.34749718634399474,4.16124443803449,0.5015567484656979,0.45443397573590083,0.5457449146487061,0.7721243166464582,6.63992977529777,0,0.0,0.0
4326.000000427484,4326000,300.26821647161006,-308945.2091958658,60000.03944296793,0.33414350359111317,3.2648890776822532,0.49889337431705355,0.46325416719331347,0.5355488356445655,0.770409277991976,6.64982145634356,0,0.0,0.0
4328.000000427892,4328000,299.3761405658048,-308233.58186316537,59821.78351510652,0.32515832979066034,3.5600611858904583,0.49984269089281513,0.4605711008398776,0.5341767242433253,0.7692720115495941,6.797760179976166,0,0.0,0.0
4330.000000428299,4330000,299.51015891873794,-309240.7356506577,59848.56326075046,0.3219694194068846,4.9491110855851606,0.49662783226348595,0.4520632200636818,0.5484674903935325,0.7577391838665077,6.683783786070194,0,0.0,0.0
4332.000000428707,4332000,299.9793171842653,-309462.0575457504,59942.31115977027,0.3334521503071986,3.8383450061492486,0.49691167671722053,0.4572437227804791,0.5377634349795581,0.7636223853958057,6.761384442531863,0,0.0,0.0
4334.000000429114,4334000,298.6161021553095,-309033.5368780303,59669.91151498692,0.33200380061816287,6.207822327707357,0.49961346359417075,0.44527547368438825,0.5392509496227245,0.7652665979623968,6.649879293035127,0,0.0,0.0
4336.000000429522,4336000,298.67610969414704,-308591.0375811914,59681.90231021472,0.3396425058539392,5.904245428292567,0.5039791770312338,0.4689610944269442,0.5393024295046658,0.7698175868244066,6.620715857817061,0,0.0,0.0
4338.000000429929,4338000,300.0822767188552,-308488.04245241825,59962.88468636264,0.3123300539599269,4.521946557396397,0.4991400289659324,0.45924879382788397,0.5362716088722514,0.7679418449830635,6.6958041211064705,0,0.0,0.0
4340.0000004303365,4340000,300.82355601383057,-308098.7071635034,60111.00821225364,0.34717148044390983,6.809840486093023,0.49997230100488715,0.45451283646549734,0.5407752153378418,0.7622175212432402,6.648059801384619,0,0.0,0.0
4342.000000430744,4342000,297.78648948920886,-307641.99624478724,59504.13708413526,0.3229242181219562,4.4098035278668055,0.499296079003784,0.45039847962631985,0.5442743127587732,0.7638850240243218,6.693651125339329,0,0.0,0.0
4344.000000431151,4344000,299.8909925954492,-308074.76821673894,59924.662009703614,0.3237844438325753,3.2523172223468007,0.5004110903187812,0.45929249835564323,0.5466722625371503,0.7717086620065139,6.658786358046683,0,0.0,0.0
4346.000000431559,4346000,304.07688007708936,-308233.35387179116,60761.09224182571,0.3158849504444271,0.7697371657299314,0.5006774841455088,0.4551297789319335,0.5418798913395769,0.7606031370033435,6.699578518435189,0,0.0,0.0
4348.000000431966,4348000,303.2399663036103,-308947.16073230235,60593.85889289131,0.3411917757779574,3.2808951837691467,0.49821383271244596,0.45579263496806033,0.535021424527022,0.7680329784085398,6.603410804469789,0,0.0,0.0
4350.000000432374,4350000,298.3965414130576,-308029.09439501306,59626.03856249784,0.33895877639366545,7.071786512634521,0.4982255232209216,0.443401974503419,0.5443676481214439,0.7375931450914521,6.685336191666579,0,0.0,0.0
4352.000000432781,4352000,298.59884378683336,-308571.88445911324,59666.46292225387,0.3261826366116176,6.31209786994898,0.5013524772411038,0.46013146156316465,0.5429521893938363,0.7626473853795739,6.658923376247586,0,0.0,0.0
4354.000000433189,4354000,303.20332688200983,-307841.889230269,60586.537549437024,0.32141742447442867,2.8804713541902287,0.5009458069677554,0.45276829393644547,0.5418968416241761,0.7534846079750378,6.6714093658293905,0,0.0,0.0
4356.000000433596,4356000,301.5083421022556,-306695.29142123647,60247.84318199604,0.34159598189273466,3.5537061821113354,0.4990602555991639,0.45878154424837714,0.5387082964065808,0.7733291796051471,6.710176716811688,0,0.0,0.0
4358.000000434004,4358000,302.9493423284581,-306957.4622359392,60535.785980023255,0.34109094311751054,2.9972056760000236,0.5004204169091163,0.4484429481259493,0.543059580834083,0.7676772811306041,6.575673223527147,0,0.0,0.0
4360.000000434411,4360000,303.3308775457718,-307704.9871399994,60612.024911857945,0.32780250243660713,5.297613486688418,0.5000996038772073,0.4533612460358323,0.5372397387381307,0.7501715237053759,6.65840257909683,0,0.0,0.0
4362.0000004348185,4362000,302.46173320813534,-308410.90292519843,60438.351203889084,0.32998886587385845,4.881474305324213,0.5015541001716936,0.4563901378375541,0.5438732262125789,0.7662522130286247,6.688716702302017,0,0.0,0.0
4364.000000435226,4364000,299.0379635884483,-308535.0838928176,59754.2084909547,0.3403066742553813,4.532884502415436,0.5001336185552447,0.4574904340687871,0.5447247476006769,0.7684616439373112,6.757045685006766,0,0.0,0.0
4366.000000435633,4366000,296.39408201042534,-309555.5326909451,59225.90416081954,0.3292955271364466,0.9980590073834603,0.5006024481634221,0.4642071266646832,0.5423625371887564,0.7634230818689423,6.803126247319696,0,0.0,0.0031262473196962404
4368.000000436041,4368000,295.4712193443226,-308124.747606162,59041.49637694794,0.3315757067202957,7.4843493206821305,0.5015330262451738,0.4511003275418384,0.5373081134799484,0.7549117258413092,6.712856650737301,0,0.0,0.0
4370.000000436448,4370000,300.3016006225822,-308456.9668527432,60006.71031342713,0.36032508399687335,5.092483764933314,0.5009388189176066,0.4640363592700609,0.5440268638323147,0.7766313060616818,6.702214959348353,0,0.0,0.0
4372.000000436856,4372000,301.3715318490387,-308191.51176782744,60220.5055547051,0.33492461455693906,2.2601633415702325,0.49743156673533123,0.44942461651523224,0.5361904342943955,0.7582476992632046,6.704019407843845,0,0.0,0.0
4374.000000437263,4374000,302.28813808312776,-308179.5194249861,60403.663169071566,0.30970518094008226,5.985909257982311,0.500099014514399,0.4571084828594154,0.5415595302885787,0.7646272343572349,6.6875187353881245,0,0.0,0.0
4376.000000437671,4376000,301.6027838142118,-308918.46123447036,60266.71466466251,0.34160445725328203,1.4151322295311464,0.500481920656336,0.46354611019227665,0.540472907503883,0.7658841360430593,6.6633950062099885,0,0.0,0.0
4378.000000438078,4378000,300.18668520412564,-308259.7993295579,59983.74774442459,0.3147663500953243,1.8500144773305687,0.49934162854716635,0.4538328299843002,0.5399975404456434,0.7521335211041933,6.803851147253523,0,0.0,0.0038511472535232016
4380.000000438486,4380000,301.5808078411708,-309350.63235070696,60262.323393202765,0.34249600665016666,2.7281640141348187,0.4994032892792082,0.456515883559494,0.537408205125848,0.762750398465017,6.589771853639746,0,0.0,0.0
4382.000000438893,4382000,300.43716635003904,-308655.94758213917,60033.79925773867,0.318501345498352,7.979280980762864,0.4989324832857412,0.4592196589317252,0.5437752931279842,0.7695731303308193,6.579197120637033,0,0.0,0.0
4384.0000004393005,4384000,302.19294500311906,-308752.044814941,60384.64154692876,0.3271692278254277,3.2372544901093905,0.500618849027394,0.45946144603539807,0.5367327814866059,0.7592696411225432,6.69171369700107,0,0.0,0.0
4386.000000439708,4386000,299.70050125724293,-308167.5897236825,59886.597748556625,0.33531515530681566,5.0044058530448865,0.500266636198107,0.453429816699513,0.5380980836480944,0.7716426126840661,6.689724454716663,0,0.0,0.0
4388.000000440115,4388000,300.13878873645274,-308300.7905570683,59974.177001362536,0.3525165537517907,4.5557421742126305,0.501012323506008,0.45820005218371396,0.5386863166554701,0.7625308367851336,6.708979353343452,0,0.0,0.0
4390.000000440523,4390000,300.17059509359103,-306305.0954017029,59980.532594722565,0.3352991908939584,5.360238755758402,0.49674109410132333,0.4593400234319738,0.5489195845973427,0.7563730793150718,6.7678309459811175,0,0.0,0.0
4392.00000044093,4392000,300.6067308166019,-307755.19702601247,60067.68188041998,0.32366951561231233,3.9486031572452474,0.49882060069844864,0.4564555516884492,0.5431684557822063,0.7387941897304469,6.646415712861415,0,0.0,0.0
4394.000000441338,4394000,298.8734976595245,-307899.270629528,59721.34466561078,0.3248692806596819,2.5249300629826217,0.5001849211848522,0.46398134467419894,0.5456811300929179,0.7651999728327201,6.704587220049007,0,0.0,0.0
4396.000000441745,4396000,298.59642311380844,-308858.05924803996,59665.97921978719,0.33605886919389355,4.625745255205104,0.4997938273095685,0.4580267919638046,0.5394540625313056,0.7637083637948754,6.759103341164632,0,0.0,0.0
4398.000000442153,4398000,300.0850472462344,-307888.6512999474,59963.43829724421,0.35646146651507404,5.108673221566392,0.49795149379262205,0.46131141519257746,0.5377176553891587,0.773046853600249,6.743752390186785,0,0.0,0.0
4400.00000044256,4400000,301.2502064073728,-308326.9514057515,60196.26212537738,0.31152474442025957,1.9657626593765212,0.4986980403897451,0.4574862490452922,0.5356342668282705,0.7623144434844149,6.654309841886025,0,0.0,0.0
4402.000000442968,4402000,299.4861374611079,-308191.62757028127,59843.76325753262,0.3412841569432276,5.372959156311676,0.4977350221833436,0.4558982944166363,0.5409838173560182,0.7564405492042763,6.56956776614787,0,0.0,0.0
4404.000000443375,4404000,300.9689359272332,-308387.49878538493,60140.05824172687,0.35896819784582684,0.9927659230865581,0.4982275323925707,0.4626807849585943,0.5394485394433506,0.7535879290312586,6.634003689608157,0,0.0,0.0
4406.0000004437825,4406000,300.97543001526174,-308061.6964642266,60141.355900008646,0.34113837289602106,2.592309798558595,0.498449364963026,0.4642351550625783,0.5349263559195425,0.7667161846267319,6.779467908190028,0,0.0,0.0
4408.00000044419,4408000,301.87148728038795,-308234.4743246925,60320.40738898238,0.33504912093101985,4.301252968145118,0.4986468315836799,0.46145912867050787,0.5418190332053205,0.7496188837642888,6.684782076956406,0,0.0,0.0
4410.000000444597,4410000,299.3615454300723,-307922.56096767914,59818.86709348216,0.33905612028770304,5.576524839843739,0.5010562125548429,0.449050916502153,0.5415124146680146,0.7684319569243101,6.743217209403937,0,0.0,0.0
4412.000000445005,4412000,302.68096864884546,-308296.26335230423,60482.15915414262,0.3402864789798742,4.6808567261324185,0.4995396945673545,0.456352071669321,0.5407756359298403,0.7682481152892944,6.717063965099214,0,0.0,0.0
4414.000000445412,4414000,298.73934161662396,-309138.65756529756,59694.537406553754,0.3372971194979718,3.3592683551529836,0.5009121428183673,0.4586243400657195,0.5433937017697232,0.7721818169728074,6.737374592599906,0,0.0,0.0
4416.00000044582,4416000,299.7055553666345,-306956.47744109295,59887.60766817584,0.34119171585658453,3.4740205978607324,0.4997733875614931,0.45934928506915007,0.543693865320046,0.7711017452403244,6.750778397217772,0,0.0,0.0
4418.000000446227,4418000,299.6491217144364,-307246.2906411304,59876.33101226605,0.33688110513971775,5.336206329302493,0.49969444001932645,0.44943330365697864,0.5384386386737514,0.7636872605653195,6.804395550901177,0,0.0,0.004395550901176826
4420.000000446635,4420000,300.80819673259805,-307511.6868421803,60107.93909794446,0.33668456175902206,7.800115361687456,0.4984029293794229,0.4306618601335992,0.5500567791211548,0.7504014925204179,6.747969650096827,0,0.0,0.0
4422.000000447042,4422000,299.1810128767202,-308294.5215622955,59782.79281146474,0.32786478290916177,2.7457671297559503,0.4991905207038435,0.4610602471549061,0.5394621815524392,0.7755248865294053,6.679351408523864,0,0.0,0.0
4424.00000044745,4424000,301.8766139358135,-309131.56438070815,60321.431804857486,0.35380160018176854,2.22390662809046,0.500194447653358,0.4630929851055179,0.537337767116334,0.7707237987040774,6.719771736203924,0,0.0,0.0
4426.000000447857,4426000,295.27540897028854,-308540.4860881446,59002.369258189115,0.3486746962195533,7.106565298933054,0.4969919846738487,0.4534633549967051,0.5378628157721277,0.765743955787558,6.766713341482756,0,0.0,0.0
4428.0000004482645,4428000,294.38624780725587,-308387.0326605211,58824.69575854264,0.3454267574845151,3.3997223446118205,0.5037840172707926,0.469168804684315,0.5381440313272243,0.7658304253668202,6.708430691499792,0,0.0,0.0
4430.000000448672,4430000,300.0884086102895,-308719.0498024821,59964.109969984864,0.34953954649332963,7.027345103845568,0.5018694331281479,0.4639407261291506,0.5472169632247601,0.7599768810730243,6.7930718110068895,0,0.0,0.0
4432.000000449079,4432000,301.58679960324815,-308670.448452245,60263.520675969485,0.3507879638805361,9.325964232249854,0.5015007074361754,0.4546298254204313,0.5508653825721552,0.7748641505334151,6.738394006916749,0,0.0,0.0
4434.000000449487,4434000,296.08161415327686,-308684.9244171395,59163.46637111981,0.34444115265804365,1.8927681608795244,0.5027285978850126,0.46405540904950016,0.541344071104966,0.7673920438682629,6.751328406587547,0,0.0,0.0
4436.000000449894,4436000,297.134047454231,-308714.49428800074,59373.765151025174,0.3098973911127591,1.0897287330974565,0.49694216890198023,0.4573131425314463,0.5393042441766909,0.7657926215220181,6.764530651209874,0,0.0,0.0
4438.000000450302,4438000,295.71460033716437,-308933.64021272026,59090.12912716629,0.3477205503111884,6.487183266538217,0.5020070362345623,0.46279492036528946,0.5413806420777472,0.774516646493915,6.744455372630327,0,0.0,0.0
4440.000000450709,4440000,301.61734735424113,-309806.7892447724,60269.62477278669,0.341869226359232,6.574028395319322,0.49887524389506943,0.45808700490721943,0.5426016931138538,0.7688536484043649,6.673598678198019,0,0.0,0.0
4442.000000451117,4442000,297.6453567457425,-309750.204310365,59475.935730444944,0.35241409745074304,3.220821920567111,0.5023380183713251,0.4604754268350604,0.5460707029650314,0.7671286556167072,6.6772681389377055,0,0.0,0.0
4444.000000451524,4444000,300.27058563741275,-309090.65739104105,60000.51285318523,0.3348300203102482,6.356326426979417,0.5014629625939017,0.4631132282961472,0.5411402272703008,0.7776618818616363,6.724156629816804,0,0.0,0.0
4446.000000451932,4446000,302.292155642339,-309119.4106384292,60404.465963699564,0.3245164697688345,2.821890246255697,0.499495560441628,0.45203594655357104,0.5397540117559352,0.7588075972361268,6.678760182874001,0,0.0,0.0
4448.000000452339,4448000,302.118937700165,-307976.7052175426,60369.85329811412,0.3394934619078048,3.576338165257096,0.5000957153547751,0.45881305762596636,0.5386806945887042,0.7667442331193133,6.768482571311978,0,0.0,0.0
4450.0000004527465,4450000,300.416029677305,-308409.1372296568,60029.57569650853,0.3313339284998562,5.212027766795612,0.5002029908435552,0.46251430499330715,0.5360640464626414,0.7761125011648482,6.697781992273541,0,0.0,0.0
4452.000000453154,4452000,297.92884782944736,-308318.1957659414,59532.58333838659,0.3210110982792487,4.139404316231113,0.49894042964407115,0.45133297583022625,0.5411373371639944,0.7522508159281109,6.58730442798057,0,0.0,0.0
4454.000000453561,4454000,297.7050176816244,-308361.47124973545,59487.85726695714,0.3276214041402924,6.155081891085072,0.5000928330327438,0.45573264074511033,0.5384613596607437,0.7683821985528025,6.621660478976082,0,0.0,0.0
4456.000000453969,4456000,298.41765266696626,-308681.29336641636,59630.25704450067,0.33526592060343163,2.0990756119329865,0.5000572494754127,0.4614901476637252,0.5356697578015179,0.7711619141955036,6.656854916155183,0,0.0,0.0
4458.000000454376,4458000,299.38109510889257,-308599.35596561385,59822.77353923955,0.33257412591074087,4.212363581891625,0.5014303514594729,0.45477367574829763,0.5388175221258185,0.7749460440502958,6.611900949259692,0,0.0,0.0
4460.000000454784,4460000,301.237277167556,-308630.1313090329,60193.67858554059,0.33237560796881815,2.3201400656228968,0.4999436409582634,0.46761950285402154,0.536916427259456,0.7733020814901961,6.642843411388455,0,0.0,0.0
4462.000000455191,4462000,296.0131687622058,-307825.9286605753,59149.78951176982,0.35228087597356283,1.755840387850804,0.5011668377194992,0.4646664095452211,0.5469196308402058,0.7597564643051715,6.6746831403074225,0,0.0,0.0
4464.000000455599,4464000,301.04123574772757,-309271.97774610855,60154.50529886917,0.3305956958814791,4.656729221784052,0.4970685758591673,0.4593491093622193,0.535559994343215,0.7586523128166487,6.620182097087017,0,0.0,0.0
4466.000000456006,4466000,298.8836682644584,-308353.9781198087,59723.3769709422,0.3459755298141661,1.8994518363535096,0.5012011493707592,0.4566528720947094,0.5381390698711463,0.7630256316218524,6.696923851298536,0,0.0,0.0
4468.0000004564135,4468000,298.6348948865922,-308828.47851240356,59673.66670636699,0.32249835151795225,4.368531581613429,0.5012809249291328,0.4594614243251578,0.5420071286686579,0.7711141837928785,6.661794762553079,0,0.0,0.0
4470.000000456821,4470000,299.4383757610859,-308033.3292516484,59834.21944394204,0.34328472416903594,4.728917670464474,0.4965735538106922,0.4408176614022832,0.5349816417695745,0.7624801232342087,6.576162530207313,0,0.0,0.0
4472.000000457228,4472000,300.6043870463517,-308452.75306780357,60067.213544779566,0.33239351197692124,5.12704014252927,0.5014093664519783,0.4623190340004033,0.5632640178131787,0.7705329908879719,6.642050796453017,0,0.0,0.0
4474.000000457636,4474000,295.7408341806504,-307870.8678439297,59095.37121260043,0.33234714360783313,1.1520460976928752,0.4998051262109755,0.44615438897487203,0.5371804594374296,0.749410152279201,6.592802266753978,0,0.0,0.0
4476.000000458043,4476000,299.4710484547199,-308375.37882670434,59840.7481499429,0.34990684059146604,6.707722103355182,0.4996001039195608,0.46022485118525047,0.5463909329609375,0.768963651380318,6.682888485042067,0,0.0,0.0
4478.000000458451,4478000,299.88209961429504,-308025.1441153977,59922.88500104688,0.35058845279405604,3.202526016493245,0.49686017749998035,0.45249492740518527,0.5424614497878082,0.7649175635839498,6.750077735253167,0,0.0,0.0
4480.000000458858,4480000,297.657128237016,-309154.4630039898,59478.28792725423,0.32671455986330067,5.389514517515489,0.501925725424368,0.4628813382985193,0.539593924881963,0.7651382031326026,6.70669287176662,0,0.0,0.0
4482.000000459266,4482000,300.139610506678,-308398.0512196887,59974.34120870525,0.326930600558787,6.825617215692465,0.5010392875018083,0.4535527202822043,0.5440075504466675,0.7690117906731433,6.724747037083048,0,0.0,0.0
4484.000000459673,4484000,298.880667496741,-308178.35724395374,59722.77735309547,0.33335407722721344,5.525238298932777,0.5020807440752123,0.4567386522686202,0.5486815710255257,0.7703993045059043,6.70361858910136,0,0.0,0.0
4486.000000460081,4486000,301.65343141879305,-308994.2374123661,60276.835143973556,0.3541165809494992,4.104487204626275,0.49973463033641247,0.46320885056429195,0.5340392835330583,0.7711093964834346,6.669908651397051,0,0.0,0.0
4488.000000460488,4488000,299.3914409464455,-307800.941938051,59824.84085981228,0.3299633678667252,0.25267049830531546,0.5005409211065835,0.4635153571666244,0.551502336851919,0.7753671672602369,6.724190130669001,0,0.0,0.0
4490.0000004608955,4490000,301.03574854833306,-308205.2348682671,60153.408838564545,0.32380621117900327,3.694514667282759,0.4977753392435443,0.4499681453565154,0.5396389889089828,0.7574950657116002,6.744736273568286,0,0.0,0.0
4492.000000461303,4492000,299.09502831248585,-307926.4224517839,59765.6112485735,0.33407411718480834,2.1782615671711363,0.49924512350479383,0.4580470481118155,0.5369398068376281,0.7531717932089856,6.7913900943466246,0,0.0,0.0
4494.00000046171,4494000,303.3159096484762,-308753.148596853,60609.03400446632,0.30616123888031466,3.1328879692745315,0.5007066709516413,0.45246391518413365,0.5439834565661199,0.7796889756669181,6.604826973378266,0,0.0,0.0
4496.000000462118,4496000,298.38236913888557,-308290.15112292627,59623.20663769636,0.33718825260499163,4.94962077395428,0.5006195327154501,0.45895358275772,0.5449086863047707,0.7770087315765739,6.678890115259058,0,0.0,0.0
4498.000000462525,4498000,300.34850789818404,-308254.8967767884,60016.08339466545,0.3234441725789174,3.701710966131346,0.498605946309249,0.4599457273685186,0.5417919223638794,0.7697148110055707,6.635487275402056,0,0.0,0.0
4500.000000462933,4500000,299.29717653686055,-308472.0138591239,59806.004805968056,0.32497344279873214,1.3252215874050703,0.4976976816813648,0.4525941176255186,0.5343850427180836,0.7690612258184188,6.597698457382165,0,0.0,0.0
4502.00000046334,4502000,297.2189084320296,-308875.1007498256,59390.7221972118,0.3505181710233214,2.5308187719784896,0.5010270057473054,0.4583979590885878,0.5381759557985433,0.7580315280589147,6.697392850229029,0,0.0,0.0
4504.000000463748,4504000,300.0294719047099,-309000.69046298554,59952.33315024361,0.3490233208786153,3.3769869505238646,0.4990143594030403,0.46189356143982185,0.5346071492416922,0.7651123205195187,6.661638971826335,0,0.0,0.0
4506.000000464155,4506000,297.13967336723255,-308681.1176740448,59374.88932928807,0.33754923493111627,3.307075874754531,0.4994091518480898,0.44944750366705044,0.5428669905226533,0.7657650972669785,6.687321104550321,0,0.0,0.0
4508.000000464563,4508000,300.69892576183474,-308354.8457293585,60086.10441083434,0.3190118880084669,4.516378069378,0.5002676788606158,0.44942748619355777,0.5427749981036758,0.7667815203798147,6.697110852849093,0,0.0,0.0
4510.00000046497,4510000,301.95128731994174,-308370.4961851896,60336.35315099823,0.3350688956036042,10.530902959023917,0.5010546571744974,0.46046320417320796,0.5498197391242847,0.7640554261553301,6.676793762172238,0,0.0,0.0
4512.0000004653775,4512000,298.72654322573925,-308825.1702647223,59691.980013144246,0.34034528344235515,4.6454432812944075,0.49903420456693637,0.45257727744085496,0.5398815622786444,0.7697278257645762,6.709407432586637,0,0.0,0.0
4514.000000465785,4514000,298.572290194157,-308295.70304169925,59661.15694406325,0.3419091829067739,5.247766658197834,0.49759704731793425,0.46028708234478977,0.5324138568361132,0.779661015606683,6.659527771331576,0,0.0,0.0
4516.000000466192,4516000,301.5603962869228,-307806.085792128,60258.24472622175,0.32407520638914533,4.811073625372806,0.4993194504709274,0.45886779418266066,0.5414625672262616,0.7615772218104198,6.654949870720316,0,0.0,0.0
4518.0000004666,4518000,301.42915271479677,-307295.00050687604,60232.01944138564,0.3336336462172518,2.765382612817473,0.5016139300076056,0.45841843987017405,0.5412820974350101,0.7670920700966644,6.652619920916855,0,0.0,0.0
4520.000000467007,4520000,299.093133210912,-308240.42240259796,59765.23256657207,0.3370625123616894,6.7599508605703855,0.5010797916731634,0.4652535384003027,0.5482469830543308,0.766546352928124,6.711397139741308,0,0.0,0.0
4522.000000467415,4522000,297.6038867949496,-308473.53849094454,59467.64914349774,0.35409814399392203,11.439655371781964,0.49707640237217254,0.4530792565227506,0.5418165755598228,0.759311783112552,6.649726445524216,0,0.0,0.0
4524.000000467822,4524000,302.331394636749,-308730.4833639101,60412.306757640275,0.3488614920495322,8.338662100494277,0.5022873427000408,0.46582186537525905,0.540294168819793,0.758087987414378,6.7638373566268015,0,0.0,0.0
4526.00000046823,4526000,300.0643978760372,-308993.47879920434,59959.31210952824,0.34504427237586327,3.40691810310276,0.49772540335037135,0.45557956022500967,0.5362910121387561,0.7612461016917678,6.701065810523886,0,0.0,0.0
4528.000000468637,4528000,298.7447038900432,-308969.18443449074,59695.608903965105,0.3515845179166783,2.4235410818644794,0.4986446882578586,0.4616941719648615,0.5404900377453612,0.7496204350013147,6.735740033082152,0,0.0,0.0
4530.000000469045,4530000,299.7693182831621,-308930.4958455013,59900.34886853201,0.32669305023034145,4.271180958303411,0.5015681903426511,0.4615117330613625,0.5537628354590254,0.7656528826759548,6.61407493651879,0,0.0,0.0
4532.000000469452,4532000,300.66689260395043,-308793.6324771582,60079.70349781355,0.3192888148690643,0.9015455251823281,0.49886621362999356,0.45755097742432627,0.5458922266869175,0.7566475311971699,6.629526088772202,0,0.0,0.0
4534.0000004698595,4534000,303.7739648960296,-309389.2056772602,60700.56328200097,0.3374320668902575,8.983861764718723,0.5003442247795897,0.4566709430727731,0.5376819962072866,0.7629583880842112,6.6128821191523866,0,0.0,0.0
4536.000000470267,4536000,301.72432880428426,-308504.3493425357,60291.00196447778,0.34445873637278845,3.5586774233413654,0.501453920782588,0.46338590895508236,0.5422641617593131,0.7564116576835929,6.67170865149145,0,0.0,0.0
4538.000000470674,4538000,297.17473321217136,-307506.6924353801,59381.895039395895,0.31494533431512284,1.328251847551306,0.497226314637225,0.4561697938813838,0.5449298069415414,0.7782971977803896,6.534148282360867,0,0.0,0.0
4540.000000471082,4540000,299.18060995395325,-308036.0147335641,59782.71229884108,0.35170861681603705,4.245994839482529,0.5000857410274457,0.4577506523826771,0.5360534941699999,0.7789516241041152,6.6296248586521465,0,0.0,0.0
4542.000000471489,4542000,299.0331871428988,-308178.76034143334,59753.25405453537,0.32203284610914273,1.7238753138931886,0.4996025200668873,0.4694181354626388,0.5358649947427878,0.7761363578928648,6.570855941105876,0,0.0,0.0
4544.000000471897,4544000,299.85645290705685,-308344.0381959914,59917.760238046794,0.3163639778934362,2.3434988737758338,0.5009160174200019,0.46701307635448686,0.5499008882785801,0.7809800806937801,6.614106690071893,0,0.0,0.0
4546.000000472304,4546000,302.26729829724957,-307590.5899400157,60399.49893221237,0.31612631723499895,1.1645220466580537,0.5006830267636827,0.45748300016216303,0.543804583176136,0.7695136066383822,6.636898994022986,0,0.0,0.0
4548.000000472712,4548000,301.49334037000466,-308524.96267048223,60244.84551365356,0.3335955331241747,4.083788297908646,0.4999144976095962,0.4577098162766624,0.5340606823968823,0.7589727218246516,6.63912100323774,0,0.0,0.0
4550.000000473119,4550000,297.23372174812306,-308178.22447185963,59393.68221595882,0.3273098278536325,3.311508693585626,0.5016332469598036,0.46271530841951414,0.5582829181657116,0.7709107695376947,6.630770310355189,0,0.0,0.0
4552.000000473527,4552000,300.06717515508944,-308963.67794786766,59959.867069539105,0.319919840830572,3.5987955668664653,0.500922632087269,0.45415408392683254,0.5432119425893851,0.7693469246763094,6.5821149487264705,0,0.0,0.0
4554.000000473934,4554000,297.7956984771685,-308956.82596130436,59505.9772377396,0.32919102024185165,3.5477502837884196,0.4999429761967399,0.46537600629066134,0.532522834461453,0.7750828337781894,6.642705849796947,0,0.0,0.0
4556.0000004743415,4556000,297.7797444258417,-310450.99602474086,59502.78927558986,0.3467396021182423,9.236850128008985,0.4985601630485337,0.45696572546909575,0.5431177245592096,0.7677427143979969,6.672456482672544,0,0.0,0.0
4558.000000474749,4558000,302.0651451788314,-309380.4456976955,60359.104396882816,0.3203394984206689,1.8848793637788892,0.4999059150573266,0.456171905104755,0.5494267496144918,0.7630254423486509,6.659085985466106,0,0.0,0.0
4560.000000475156,4560000,299.1563367031183,-308086.2863680031,59777.86198193235,0.3498154892171368,3.02055728334576,0.5014717919695113,0.4553491152114013,0.5403070371469685,0.7688805401116592,6.71297188981238,0,0.0,0.0
4562.000000475564,4562000,302.96915019685474,-307943.5958894943,60539.74401760394,0.31907054915645644,4.752038877202188,0.4989924641673152,0.45917393413903973,0.5388307734504139,0.7647129721287804,6.646074904732558,0,0.0,0.0
4564.000000475971,4564000,297.7650616411408,-308397.4830674953,59499.855339818896,0.3440553628488585,3.6122144638078844,0.5008397527321555,0.45828195474337363,0.5523949830056074,0.7763402938469666,6.686336618891524,0,0.0,0.0
4566.000000476379,4566000,298.9578319370321,-309423.2158107101,59738.19646576569,0.3157250270625047,2.6046271797175993,0.49901073277331054,0.453392822697559,0.5434389031192133,0.7697713259730072,6.653293714004747,0,0.0,0.0
4568.000000476786,4568000,299.9781162688982,-309445.6755011426,59942.071191084135,0.32049739510182196,2.404889856497919,0.5020975162534558,0.45899564498800904,0.5495383183948248,0.7642207758961408,6.785370534939176,0,0.0,0.0
4570.000000477194,4570000,300.44673736406594,-308753.58694717195,60035.71175192761,0.32221223006016686,3.541831729038447,0.4993882147309032,0.4547443760001668,0.5405588802289301,0.7799722682830801,6.751041141871397,0,0.0,0.0
4572.000000477601,4572000,299.8452848828752,-308975.98619058356,59915.52862692501,0.3329372636573912,1.6839545558888565,0.500471314323808,0.465201333436041,0.5483081851100993,0.7505438292728164,6.803829867640317,0,0.0,0.0038298676403174525
4574.000000478009,4574000,300.4684723508281,-309156.837454007,60040.054869152416,0.34518217760745173,0.3967692590966453,0.5001872864161268,0.4638745215948996,0.5521641145951222,0.7698001490081285,6.824680096116197,0,0.0,0.024680096116196815
4576.000000478416,4576000,294.8916994133186,-308886.3515165481,58925.695846586066,0.3102377395896896,2.4421807741793997,0.49930527198443,0.46010695779412547,0.5450736273112469,0.7734858202036143,6.7820988378308655,0,0.0,0.0
4578.0000004788235,4578000,299.4643615342756,-308915.7082918463,59839.411959602396,0.33190134282816736,4.384406748346666,0.4987347286342159,0.4494343342501357,0.531618755387786,0.7605713624544364,6.642556605904332,0,0.0,0.0
4580.000000479231,4580000,299.1918833309361,-308689.3814585558,59784.96496171554,0.3280608946662379,5.539839189033182,0.49690101541289733,0.4553459191246505,0.5366448706215636,0.769628819046988,6.638809845717304,0,0.0,0.0
4582.000000479638,4582000,297.8350397895418,-308524.4228589693,59513.838477007186,0.34390023347015364,1.9060488307086279,0.4999900602564805,0.46274812594101,0.5409755538870389,0.7600346698255542,6.7270324200359966,0,0.0,0.0
4584.000000480046,4584000,303.1181079502513,-308982.81865181867,60569.50897636032,0.29889153516989747,2.3410816050632395,0.49975177315633285,0.4541748134622816,0.5428649612407703,0.7651194613050567,6.651942416882889,0,0.0,0.0
4586.000000480453,4586000,302.39175026351256,-308916.6725859321,60424.36710831267,0.3306385433514315,4.4153960194673445,0.5005576730282785,0.4577521332569021,0.5431124262295768,0.7677545762145552,6.678588757853106,0,0.0,0.0
4588.000000480861,4588000,298.7397829361726,-308521.87482980825,59694.62559167917,0.3232940709254968,3.168158015220748,0.5008194753853286,0.4557788091474331,0.541834269014382,0.7651399795107263,6.661977835815016,0,0.0,0.0
4590.000000481268,4590000,299.57533560315204,-308991.1773832259,59861.586962298235,0.3275539988837828,2.101394272867368,0.5002417785443007,0.45427614544689643,0.5463488399549252,0.7514643458350587,6.607980249615206,0,0.0,0.0
4592.000000481676,4592000,298.0953892664488,-308830.80394636514,59565.86189482655,0.3447434810133237,6.328312486972718,0.4975679026948377,0.4534364413397749,0.5361428611245618,0.7693708507823995,6.587470955530918,0,0.0,0.0
4594.000000482083,4594000,295.9597219253612,-307941.1171321082,59139.10968572475,0.35778564666168966,10.170892445239991,0.5008111204023257,0.4607380069848843,0.5426873946696951,0.7717938613307176,6.651049096166751,0,0.0,0.0
4596.000000482491,4596000,298.24822196627656,-308194.05473410105,59596.40115111413,0.3276119220708611,1.361493896454195,0.5016617535716268,0.4669578090725909,0.5510789290436762,0.7727723474796839,6.649554864577269,0,0.0,0.0
4598.000000482898,4598000,301.8727545401902,-307877.248062009,60320.66061471174,0.3242381888949129,2.713028135658319,0.49858926311333324,0.4574992607463759,0.5370611063092348,0.7637620386478599,6.766183898397422,0,0.0,0.0
4600.0000004833055,4600000,303.2350287549006,-307340.35510511603,60592.87226460007,0.3137807664352082,0.37245276906375335,0.4981733877033499,0.45170796031621285,0.5417339045504619,0.7575267897903384,6.73680556580112,0,0.0,0.0
4602.000000483713,4602000,299.8694437787723,-307836.0873517827,59920.356093260794,0.3461658401135196,7.500033722468212,0.4992902573353024,0.45294910327881954,0.5352282007915505,0.7683415715608568,6.657540892941064,0,0.0,0.0
4604.00000048412,4604000,302.4211114858061,-308219.2623933167,60430.23411120896,0.36042528334030904,4.348838197125968,0.4984232119969298,0.4512043926239162,0.53225908131318,0.774888324844988,6.6305658317887435,0,0.0,0.0
4606.000000484528,4606000,300.62328525656613,-308654.5411372199,60070.9898131159,0.3308926890758724,3.843813947641905,0.4998247741121486,0.4587978909544077,0.5347849134024125,0.7567569701699899,6.754270465893242,0,0.0,0.0
4608.000000484935,4608000,301.02936792720084,-308341.54198815813,60152.133853405925,0.3331739390861536,3.8816381947386844,0.4998616846449326,0.45388575931588093,0.5458418007652863,0.7581140399570768,6.5966458175992315,0,0.0,0.0
4610.000000485343,4610000,300.452792877838,-308610.8094565738,60036.92177365233,0.3524065343771339,2.1510688310034056,0.49806013087662016,0.4530690112214062,0.5347200213818724,0.765134949057181,6.7605469859851866,0,0.0,0.0
4612.00000048575,4612000,300.57283806683375,-308840.8901490164,60060.909380996585,0.31788696979318587,3.8544618137806013,0.502316980453908,0.4485571124355414,0.5478400938180599,0.7782273731580354,6.755809020680928,0,0.0,0.0
4614.000000486158,4614000,299.4828233725653,-308892.02219217364,59843.10103145485,0.3241214447989442,7.069359830902383,0.5012245759799873,0.45819019958063123,0.5362187633479509,0.7717671372943367,6.731639311216654,0,0.0,0.0
4616.000000486565,4616000,298.56785933226644,-308468.04619357875,59660.27156268215,0.32747921323368484,1.04183890159861,0.4980837915038338,0.4627332421244157,0.5478637246222036,0.7704873281759657,6.755723344358373,0,0.0,0.0
4618.000000486973,4618000,300.61007836156205,-308668.451339609,60068.350791808625,0.3128444752753464,4.525754995044,0.5016861559716957,0.4672484191531936,0.5453633101475872,0.7761354124578261,6.61819905390405,0,0.0,0.0
4620.00000048738,4620000,299.74010889739475,-308315.3038449143,59894.51220583511,0.3199692526622041,1.0384716332178046,0.4979270606752003,0.45903698876459664,0.5421420526769118,0.7496605609328002,6.7297438564741014,0,0.0,0.0
4622.0000004877875,4622000,297.30730259753636,-308583.62439294485,59408.38525019575,0.32426840786219546,5.119087754357482,0.5003593405212367,0.4615380849889661,0.5365106729984657,0.7693346902804485,6.6306082893986655,0,0.0,0.0
4624.000000488195,4624000,298.54698221914924,-307869.5554804569,59656.09986703882,0.3230319077111072,2.242503104457739,0.49945742979955493,0.4577602552022251,0.5551185594055712,0.7665444492947957,6.668011499443466,0,0.0,0.0
4626.000000488602,4626000,297.8110769548598,-308711.92583787255,59509.050187913585,0.3295962492840371,4.205069466312949,0.5013099941775474,0.46019777891782687,0.5449997000467626,0.7746766526936053,6.653942248136161,0,0.0,0.0
4628.00000048901,4628000,293.58044341849717,-308134.13879991136,58663.67873290813,0.3514244287821859,5.4330923710852295,0.49744218559576275,0.4612416044021732,0.537503711363577,0.7635035962619394,6.610092232967034,0,0.0,0.0
4630.000000489417,4630000,300.2878038597786,-308565.6270881207,60003.953423863095,0.3352191659867487,3.9701192747303238,0.5000847144232184,0.45731299332929787,0.5346544110364082,0.7657505272566522,6.632370842852218,0,0.0,0.0
4632.000000489825,4632000,299.8268505581209,-308429.4935648828,59911.845052867924,0.33309166167738996,2.600675262280842,0.499981005636796,0.4564487920300788,0.5417066120816951,0.7737482015578578,6.715993341140624,0,0.0,0.0
4634.000000490232,4634000,301.6748995095602,-307534.05883657327,60281.12492964561,0.32868180992059104,2.700896422129125,0.49957268012639144,0.44925084107218716,0.5400116975771541,0.756977736061483,6.765532431240253,0,0.0,0.0
4636.00000049064,4636000,300.2243004707654,-308134.84054093855,59991.26408267899,0.3143842579368062,3.6366544924602033,0.49939249555949944,0.46106043658628426,0.5450066546239114,0.7730694793396644,6.751822828748274,0,0.0,0.0
4638.000000491047,4638000,298.6549552627304,-307476.1523594023,59677.67520041833,0.3341493426903014,8.875647824194862,0.5006869292457385,0.44898293170592307,0.5447173619928112,0.7616943229380011,6.746220605775969,0,0.0,0.0
4640.000000491455,4640000,299.2435964123865,-308165.2436855566,59795.29834619161,0.3298731521817425,5.132136365062709,0.5008605284496614,0.45049289255267855,0.5427014590866577,0.7726080538282822,6.808947794593934,0,0.0,0.0089477945939338
4642.000000491862,4642000,298.64115342280985,-308671.9736643899,59674.91729633727,0.3478574920562997,4.644501629151203,0.5001657761379283,0.46652566974171084,0.5420169778337804,0.7760371733565101,6.719189023994247,0,0.0,0.0
4644.0000004922695,4644000,299.8168196234329,-308331.50984034874,59909.84065665175,0.30645903807696195,2.4753697982543175,0.5014224402451918,0.4518303111715092,0.5413917010678961,0.7796717602462842,6.78897718027104,0,0.0,0.0
4646.000000492677,4646000,300.3669838761944,-308345.1730411905,60019.77529193782,0.34630331880492826,5.266425737842523,0.4987226469928667,0.4572561854560071,0.5433347992380391,0.7652306402456102,6.6865797179087725,0,0.0,0.0
4648.000000493084,4648000,302.8019780790236,-309213.88633432053,60506.33943758712,0.3318753206160648,2.0789469127498177,0.4984961027299774,0.45120929190102643,0.5361902978839694,0.7669754343731761,6.749645840622122,0,0.0,0.0
4650.000000493492,4650000,297.4026057100843,-309061.67145374976,59427.42885920341,0.3490867250658406,3.010841549206927,0.5005469328929694,0.4496670656313049,0.5416264257577854,0.7571990291741066,6.659819008687158,0,0.0,0.0
4652.000000493899,4652000,302.6619101518903,-309598.8251992059,60478.35085707252,0.33409227415500437,1.843100259851282,0.4997387563501294,0.45142794258141405,0.5445193583044561,0.7619278892236148,6.620705353239003,0,0.0,0.0
4654.000000494307,4654000,302.50471547681354,-308943.7022169251,60446.93998443452,0.3373620914061517,3.9759955426314826,0.49900360135360877,0.45364736574600073,0.536796929555247,0.7693014496145647,6.653581820055052,0,0.0,0.0
4656.000000494714,4656000,299.6640798592249,-307548.4151129024,59879.31997089727,0.32876892733513763,3.628119101299731,0.4987542427429711,0.4582287081313341,0.5448196381441139,0.760498738567069,6.613997601613917,0,0.0,0.0
4658.000000495122,4658000,298.5342457485281,-308368.9077699338,59653.55484662803,0.32184516156906373,4.0920851702663095,0.5005457460313921,0.44660944368155686,0.5434343310423131,0.7660576285702341,6.70404073950192,0,0.0,0.0
4660.000000495529,4660000,299.36316152343886,-309035.55440988624,59819.190023650655,0.3373293190491422,6.57579005625326,0.4979412609979733,0.452694064556733,0.5363977328572869,0.7620910789167716,6.712595772142464,0,0.0,0.0
4662.000000495937,4662000,299.1542260485909,-308211.98613863206,59777.4402278207,0.32547154189297045,2.4881299336954323,0.4987060968980528,0.45452100990851196,0.5532323504547509,0.777496729243218,6.714347366719362,0,0.0,0.0
4664.000000496344,4664000,300.8317227682828,-308949.7131683789,60112.64010521592,0.3302049554555225,2.9959135539472497,0.4971976941857465,0.45885490645008264,0.5402588080530748,0.7723137968022318,6.5670386293138705,0,0.0,0.0
4666.000000496751,4666000,303.8078231754695,-309070.0259106201,60707.32889351236,0.3032033554958108,4.895695872205588,0.5017014689365263,0.4524178365043934,0.5514086819257074,0.7537362726250247,6.617569848364717,0,0.0,0.0
4668.000000497159,4668000,303.8446267396296,-308802.01931105694,60714.683036175855,0.3090151298451256,2.9456035631759194,0.5002107615762856,0.4660839470362115,0.5424549666929437,0.7685508514199348,6.7766827894103585,0,0.0,0.0
4670.000000497566,4670000,301.37776618962687,-308876.8307280862,60221.751309868894,0.323149913767795,5.5632475672131445,0.5016428173655828,0.46062900341454327,0.5337083300238716,0.7710675417093888,6.693609853295385,0,0.0,0.0
4672.000000497974,4672000,298.9101667938717,-308673.78935729107,59728.6719463101,0.3154138606920916,2.00527706951247,0.49897341480657914,0.45691732791507267,0.5437300389242097,0.773253464785185,6.683731754068617,0,0.0,0.0
4674.000000498381,4674000,300.34334342526637,-308259.2645959649,60015.05142204309,0.3390931953487136,4.6187255209527,0.49861166251122657,0.46024196092145964,0.5392973854690695,0.7704169330332551,6.744116236761187,0,0.0,0.0
4676.000000498789,4676000,297.7194349418182,-307152.33020450687,59490.738145228075,0.3622949175748981,7.779712632741505,0.4983004784262686,0.46212496602820696,0.5335707608036695,0.7543604930842598,6.692947885269001,0,0.0,0.0
4678.000000499196,4678000,304.3685919693367,-307905.13307038276,60819.38254389796,0.3290140735407145,1.6963984064137558,0.49879983520779386,0.44528003060828425,0.5436031026453776,0.7586966349851867,6.730102535148135,0,0.0,0.0
4680.000000499604,4680000,299.3150102814006,-308317.05506396433,59809.56837119781,0.33278310411580325,3.563309724200938,0.4984621194807849,0.45943840508439315,0.5397857724454891,0.7591757309118794,6.7822484567309935,0,0.0,0.0
4682.000000500011,4682000,301.89271144291916,-308726.43975702906,60324.648432553295,0.31519709534586693,5.7581902475117825,0.5008917272509105,0.4572844081874514,0.5471524322354302,0.7718594731867685,6.757281502294646,0,0.0,0.0
4684.0000005004185,4684000,302.43375066469775,-308503.9703603131,60432.75969064237,0.33373111756304047,4.762325334441454,0.4977703941503146,0.45680171132517255,0.5378619524729604,0.7578924093084449,6.748676087657586,0,0.0,0.0
4686.000000500826,4686000,301.21783565124446,-308468.4444836397,60189.79375297579,0.33211573633453817,7.416079210032858,0.5006654530595902,0.4572273810368692,0.5420333109366817,0.7711248571859564,6.756822190439351,0,0.0,0.0
4688.000000501233,4688000,298.8786384936272,-307801.51507053757,59722.37191469014,0.3180814700173254,1.6863510567350632,0.4992377706304802,0.4548702737348709,0.5337201855230855,0.767572146430755,6.649142767683507,0,0.0,0.0
4690.000000501641,4690000,300.7716077749243,-308539.4474169924,60100.62783826669,0.3258779331894564,3.348819128186292,0.49999522856883777,0.4576939178569397,0.5556813845516402,0.769518427063911,6.687225461636515,0,0.0,0.0
4692.000000502048,4692000,299.34344139477645,-308726.21092857653,59815.24951835352,0.3208801639448915,1.5285838812307022,0.5013618310669394,0.45763705801681276,0.5435706223216688,0.7769217275835985,6.666366400306387,0,0.0,0.0
4694.000000502456,4694000,298.30606659954236,-308716.627624264,59607.95975134926,0.3300348201268165,4.1027043356263775,0.5029763370135449,0.4608849269449564,0.5481569877634822,0.7705380318636028,6.747213066132261,0,0.0,0.0
4696.000000502863,4696000,300.2034084986044,-307981.9469648618,59987.08941787952,0.35708122955398547,3.4548109477790683,0.5020997738982383,0.4629122609896275,0.5436311194196524,0.7753080358405313,6.740886599861234,0,0.0,0.0
4698.000000503271,4698000,298.50026685863304,-308058.32754024444,59646.76513455697,0.3408873719079659,5.013232826083275,0.49977110042596595,0.46249293105449674,0.5496044017768007,0.7670474986990197,6.702404800597606,0,0.0,0.0
4700.000000503678,4700000,299.4072845204571,-308712.5670189131,59828.00674622138,0.3327521525840984,8.115693269298323,0.5008977370860557,0.4581228671436959,0.5481979186028809,0.7501014228339713,6.613535323948071,0,0.0,0.0
4702.000000504086,4702000,303.07185470319365,-308660.04355835496,60560.26658407373,0.3341332083771902,1.764891300919384,0.49851057761381545,0.46092687332199667,0.5346073169962811,0.7649924135691575,6.631378889123525,0,0.0,0.0
4704.000000504493,4704000,302.9920865419803,-308640.18889644183,60544.32719203506,0.3288370471337444,8.491278734507423,0.4994696518553048,0.4522625186252833,0.54702262375754,0.771360213367239,6.674784138030681,0,0.0,0.0
4706.0000005049005,4706000,297.739234222554,-308738.4417230766,59494.69446680967,0.3130095163104225,4.14478338687702,0.5008512965677865,0.4619629228794375,0.5406439437932704,0.774883532799155,6.603817482028214,0,0.0,0.0
4708.000000505308,4708000,299.55052313516063,-308984.179045151,59856.628898219205,0.3446524089802301,7.490983355569001,0.5010617314282974,0.4551699022566158,0.5400462359231017,0.7774993984865706,6.609028393337137,0,0.0,0.0
4710.000000505715,4710000,301.8595783863958,-307835.88435036317,60318.027736158496,0.34016213079581903,3.373371769006924,0.5024016063136382,0.45560549150136254,0.5422810030305598,0.7568185097652993,6.698491405560759,0,0.0,0.0
4712.000000506123,4712000,300.5163286434184,-307923.91439609975,60049.617584370004,0.33007981892460453,3.864508934330795,0.49910679274242603,0.4525568164049014,0.5364380123811365,0.7628316619972146,6.707725540556494,0,0.0,0.0
4714.00000050653,4714000,300.7606713512037,-307845.44763051206,60098.44250589183,0.346412021083056,3.9422619177735707,0.49923179269426166,0.45568102700448576,0.5442248599255382,0.7690516510125462,6.67631166439989,0,0.0,0.0
4716.000000506938,4716000,306.1545848894687,-308114.79070911,61176.262292650565,0.3313489323777149,5.091147996783679,0.5007211152473303,0.4576435869668103,0.53713233411115,0.7813764551628815,6.661357613972214,0,0.0,0.0
4718.000000507345,4718000,299.6565708788578,-307079.0171447168,59877.819515326264,0.32853247191850643,4.455267928164388,0.5002256239452445,0.45677624397539596,0.5453273340374558,0.7515369367021378,6.813439082636208,0,0.0,0.013439082636208077
4720.000000507753,4720000,302.7026074912969,-307192.2504885299,60486.48305966895,0.32944984513783837,7.547314096958131,0.5004961991070983,0.4622914048008271,0.5398626762500722,0.7546345435331627,6.6722391986345,0,0.0,0.0
4722.00000050816,4722000,302.4145684464689,-308045.2031341451,60428.92667140423,0.32210030336009043,4.521060967192526,0.5024416638319915,0.46424764417531045,0.5459481525387622,0.7651142760628495,6.696056423834165,0,0.0,0.0
4724.000000508568,4724000,300.6327128174201,-307633.6440808638,60072.87364227949,0.30703557640213713,5.978222284854952,0.497965630770468,0.4432319778535678,0.5362021718421008,0.7514427466302571,6.77154359303389,0,0.0,0.0
4726.000000508975,4726000,300.56968838876105,-308065.10646709846,60060.28000766225,0.33128193849693843,2.701392668731892,0.5002403770149374,0.4605239080648147,0.5457474446958841,0.7427827817301198,6.696463046211967,0,0.0,0.0
4728.0000005093825,4728000,296.80382298561443,-308074.4656274887,59307.779208940294,0.33142378677235496,5.721720487019682,0.5005240005206996,0.4620954571009035,0.5384926284001628,0.7618626012931191,6.642379371857807,0,0.0,0.0
4730.00000050979,4730000,298.9651310966567,-308315.3485104921,59739.654994645374,0.31513827291400964,4.00207167328243,0.5015828807383513,0.4623930991165768,0.5375776282418571,0.7718505166540952,6.6798149199144135,0,0.0,0.0
4732.000000510197,4732000,299.57728903649905,-309009.553167433,59861.97730024091,0.35331649870225834,4.804257582185898,0.5015403745896698,0.4610047352152242,0.5501591278664133,0.7756541847906115,6.64410062542337,0,0.0,0.0
4734.000000510605,4734000,298.6623248671248,-308971.83379177516,59679.147805676184,0.32436502411987805,0.8213337983215082,0.4999243207256064,0.4481346050071422,0.5387615682757829,0.7556425084538692,6.691642709876962,0,0.0,0.0
4736.000000511012,4736000,298.47491809072557,-308248.7140367073,59641.699906234935,0.3277955029581072,4.32804015338751,0.5012082605239057,0.4585150873154973,0.53515659861164,0.7755477726584239,6.641390830324262,0,0.0,0.0
4738.00000051142,4738000,298.0950693396829,-307831.0767954397,59565.79796658666,0.3122452563741598,4.0639419257892255,0.4974051358552032,0.4527853823287975,0.5321363718831096,0.7691432025866654,6.704779452463427,0,0.0,0.0
4740.000000511827,4740000,301.751086444497,-308402.71621336276,60296.348715749125,0.32992985488237275,2.457000089908159,0.4979614320114785,0.46277812494992365,0.5449886775991342,0.7691753298172497,6.789698451522597,0,0.0,0.0
4742.000000512235,4742000,300.30440977697407,-307987.783623972,60007.27164281555,0.34153285175963644,5.090531777800184,0.5010140849381043,0.46132743038568114,0.5440281529442439,0.7741153926928339,6.757343540243781,0,0.0,0.0
4744.000000512642,4744000,302.6440788778965,-307422.6367573631,60474.78778551097,0.32424017192414856,1.6595417278134137,0.5005034078423635,0.46191538117788244,0.5406045205244823,0.7687684563148007,6.761589381611714,0,0.0,0.0
4746.00000051305,4746000,298.7184805804127,-307740.0184160634,59690.36892342156,0.3414329913284158,9.104714651121347,0.4995323230010618,0.45637290216081716,0.5387915281350208,0.7688007962205731,6.680472267525879,0,0.0,0.0
4748.000000513457,4748000,300.75713530851203,-307568.59695481835,60097.735928607464,0.3369907465294978,3.911871946677755,0.5010742925305457,0.44963743776055853,0.5484598722259708,0.761733755416234,6.66372195296767,0,0.0,0.0
4750.0000005138645,4750000,302.11310898607053,-307545.7649629703,60368.68859583666,0.30423737493936787,2.1341171598318707,0.502732508635824,0.46090204840010074,0.5502499023299432,0.7730851629068516,6.742726268874492,0,0.0,0.0
4752.000000514272,4752000,300.8895687912259,-307920.99982170295,60124.19898313843,0.3401206951536112,10.5360284416531,0.5002574025296932,0.44530480279074425,0.5405327574816274,0.7631151369827229,6.740072278312574,0,0.0,0.0
4754.000000514679,4754000,299.36869769815945,-307722.07320907013,59820.296270277424,0.32504341165046546,1.2158459308934535,0.5017774966886375,0.4646787201273588,0.5419125620186942,0.7691162784557464,6.679101755069098,0,0.0,0.0
4756.000000515087,4756000,304.8756883797438,-308366.577474623,60920.71129917995,0.3275560486878373,2.601451844303192,0.4998942528153244,0.4607588736637389,0.5355771947210783,0.7612072269386809,6.68357522798221,0,0.0,0.0
4758.000000515494,4758000,300.0428668788952,-306897.8652153821,59955.009753811246,0.353856606737598,8.059125552332828,0.50111224394903,0.46067886651100487,0.5364527680140521,0.7759150360636555,6.763247684443371,0,0.0,0.0
4760.000000515902,4760000,298.9603758147569,-307537.0993305119,59738.70478717786,0.3205584817353766,2.961008373879547,0.5002436818535413,0.4613369765437101,0.539813562581168,0.7731715549988465,6.74729428292666,0,0.0,0.0
4762.000000516309,4762000,300.2772355042188,-307582.96644825116,60001.8416394129,0.3393885117954897,3.560446898203462,0.5013915412458533,0.46313437349788034,0.5384681885603197,0.7480920997195231,6.705849450078617,0,0.0,0.0
4764.000000516717,4764000,301.14756204919433,-307622.3846747768,60175.75157780203,0.32404403998686526,7.719329651920512,0.5003346559876338,0.4639564253566437,0.5381711039598205,0.7549337576527808,6.782739545651474,0,0.0,0.0
4766.000000517124,4766000,300.3205444492644,-307777.1774669369,60010.49569691356,0.3207427657112678,2.304424960052832,0.5015957195028655,0.45185697835811744,0.5431392872535934,0.7708313499683883,6.701993961621408,0,0.0,0.0
4768.000000517532,4768000,299.50167386856873,-307758.87505362043,59846.86776546691,0.33744665337907365,6.666520343859927,0.5008603199377956,0.4572039534451895,0.5468704807675291,0.7514791184173397,6.7522714006320825,0,0.0,0.0
4770.000000517939,4770000,301.99143712576216,-307997.24428161886,60344.375944623076,0.3340031244681724,3.150981123477248,0.49897662420230515,0.4581132331034574,0.5375241076651696,0.7695989889277186,6.797287205743345,0,0.0,0.0
4772.0000005183465,4772000,301.0199463707811,-308683.5560170547,60150.25122405727,0.3401241324678511,2.9400326590385943,0.4951242897427579,0.4537904367900438,0.5322146493198696,0.7537461980836166,6.693817615174504,0,0.0,0.0
4774.000000518754,4774000,300.83406558427185,-308758.50735550234,60113.10825017445,0.33076499884645405,2.670082293114281,0.5012130516424604,0.4573763702163429,0.5448560237504614,0.7752553897166603,6.673349633885209,0,0.0,0.0
4776.000000519161,4776000,296.03019411693316,-308940.34944521636,59153.1915433507,0.3275618773082989,6.376720221068684,0.4988223764853099,0.4551984536036153,0.5460065335061248,0.7548775642942398,6.679109205888295,0,0.0,0.0
4778.000000519569,4778000,295.764585009726,-308502.96653533215,59100.11713841997,0.3195180037200556,2.6930537891510067,0.49967170961718693,0.45081748419677137,0.5408249538629684,0.7585897272467257,6.731919784761175,0,0.0,0.0
4780.000000519976,4780000,294.6178872530396,-308198.7956050476,58870.98229544917,0.34525164520531093,5.714715333882591,0.5019128347120997,0.4611646528771332,0.5509125843952258,0.7662844385967631,6.798157496026079,0,0.0,0.0
4782.000000520384,4782000,302.13378646403515,-308792.2069474878,60372.82040008833,0.3361669195440108,7.151798763907974,0.49842383993156825,0.4594013720782846,0.5398578248204569,0.7721240876786712,6.703648155014022,0,0.0,0.0
4784.000000520791,4784000,298.7532480228028,-307742.4017027817,59697.31620521931,0.3125375731358768,5.924803717793753,0.5023739007520694,0.46626630188592655,0.5444875887052056,0.7739467124808588,6.70983638348455,0,0.0,0.0
4786.000000521199,4786000,304.16926696371405,-308473.21528638294,60779.553126253086,0.3308057646343786,2.309969879782443,0.4993252081360937,0.45559727415258555,0.5427645605053577,0.7648326486833632,6.70584638645763,0,0.0,0.0
4788.000000521606,4788000,301.79413689968277,-308534.6860607485,60304.95112142341,0.34501344266659284,2.798944866508841,0.5010975012472502,0.43846839587526915,0.5423507576699391,0.7567393034087662,6.709613035527866,0,0.0,0.0
4790.000000522014,4790000,299.8255410916416,-307894.57647823496,59911.583393337874,0.3294167183472715,0.5311871277540545,0.5005232904246776,0.4608845710925072,0.5397464899320834,0.7678893701681861,6.708698243094943,0,0.0,0.0
4792.000000522421,4792000,296.5355733476866,-307869.67222309764,59254.177169252696,0.3050226929449269,1.375860458530511,0.5013216756599908,0.4521760087068585,0.5410607951634994,0.7684300603540484,6.75037235468605,0,0.0,0.0
4794.0000005228285,4794000,301.3126257590785,-308026.64845570363,60208.73485262223,0.316601130200151,6.541017295601621,0.501434331233015,0.45622885577987216,0.5436796604213381,0.7592130145238265,6.756228358907805,0,0.0,0.0
4796.000000523236,4796000,301.16948636311304,-307914.42737365,60180.13252665949,0.33739094226261424,6.011601879485025,0.5005776307656468,0.45843490630581707,0.5402973961459674,0.7751320014490256,6.751709422344803,0,0.0,0.0
4798.000000523643,4798000,298.86099413258444,-308337.8538253177,59718.84619235112,0.3161541199370054,5.586288418089415,0.49941772200524326,0.45587015284351906,0.5321548873702326,0.7602262422216581,6.698503589882563,0,0.0,0.0
4800.000000524051,4800000,299.1705474586966,-307530.39804857457,59780.70159614537,0.3225410710110236,0.7986702754562868,0.5001812211851334,0.4564216246369712,0.5421217200399022,0.7701813783368827,6.713642425217529,0,0.0,0.0
4802.000000524458,4802000,295.28160536447257,-308764.08476193435,59003.60743084626,0.33653297856428077,4.670886847746004,0.5006360239872105,0.45886160756617045,0.5398902445115397,0.7725083699969675,6.673979941618924,0,0.0,0.0
4804.000000524866,4804000,302.67425202299313,-308551.156362568,60480.817028023506,0.34272098125137085,2.6179752617250753,0.5002971542805837,0.46193157696089315,0.5365432956859078,0.7729051946590353,6.718230003271557,0,0.0,0.0
4806.000000525273,4806000,300.19424810782135,-308096.57346293656,59985.25897503494,0.3194053966310114,1.6501787617134305,0.5008204621661162,0.4585097964043836,0.5365587644208905,0.7513131703983955,6.699933897490176,0,0.0,0.0
4808.000000525681,4808000,297.7548497345695,-308176.4238315136,59497.81478153316,0.3384549707249828,5.8108224190839115,0.49659428780800835,0.4473678281867741,0.5416767643313518,0.7659085323718346,6.638258131265729,0,0.0,0.0
4810.000000526088,4810000,298.3883049668857,-307767.5923579531,59624.39274363298,0.32191530464880874,3.6179719480760264,0.49957836978197384,0.4526887149504688,0.5420275060569288,0.7713330194262813,6.624527581357938,0,0.0,0.0
4812.000000526496,4812000,302.15432456134806,-308238.01125778444,60376.924353091876,0.31350299425010697,4.681435412827011,0.5002502852333292,0.46107373618997727,0.5437706945779972,0.7690780103603441,6.687365975407168,0,0.0,0.0
4814.000000526903,4814000,303.05849362065896,-308334.82978806086,60557.59675278589,0.3661604297400841,7.090077416484141,0.5005598897568112,0.45000452441022754,0.5363882728973497,0.7800749456179537,6.69311370354923,0,0.0,0.0
4816.0000005273105,4816000,303.3949214923669,-308637.6757497275,60624.82226805815,0.3227319766602961,0.9170779030218195,0.4976270588325717,0.4567060308346793,0.5327456479582091,0.7812754537383189,6.632362908554647,0,0.0,0.0
4818.000000527718,4818000,301.5613636085045,-307932.7614419153,60258.43801785194,0.33509874373748544,4.977613773472328,0.4991207255424735,0.4473991998068359,0.5381130719971052,0.7592099745325029,6.678030154835284,0,0.0,0.0
4820.000000528125,4820000,297.23633777530284,-307961.5420656055,59394.204954381865,0.3178931172030042,1.7102835888046188,0.49994525665856654,0.45606218903692675,0.5446004333121319,0.7741455389761382,6.753801206740633,0,0.0,0.0
4822.000000528533,4822000,298.54538231384583,-308247.8061817237,59655.78017159307,0.3383475320783928,6.447212190290391,0.4989289869219385,0.45348596016302967,0.541324896352597,0.7736870779835918,6.750735759488255,0,0.0,0.0
4824.00000052894,4824000,300.5832798353066,-307145.1891202661,60062.99587062771,0.31824776069439054,3.336372597167774,0.49921862535613015,0.45827382172404585,0.5462204726090594,0.7678263400330483,6.674816003696222,0,0.0,0.0
4826.000000529348,4826000,296.92188190922474,-307457.28871378675,59331.36991779535,0.3314993522554376,1.3105900299162137,0.5009914167270639,0.4489923391527302,0.5430663399832145,0.7644056014441452,6.670451427380371,0,0.0,0.0
4828.000000529755,4828000,301.497203938698,-307830.0059636021,60245.61753766835,0.32020295524197384,1.0685100556637221,0.4986020087119927,0.4609551129893782,0.5407016456586646,0.7658137481614045,6.712830538127598,0,0.0,0.0
4830.000000530163,4830000,298.79820370903604,-308275.218950212,59706.29931698144,0.335791525108437,4.094192289254835,0.5001209790325739,0.46276065631145324,0.5436240051386587,0.7764767537937374,6.767138168349007,0,0.0,0.0
4832.00000053057,4832000,299.4583186092832,-308082.5947519224,59838.20445338627,0.35603498438928327,3.028117996475122,0.5034685925504913,0.4617044640378052,0.5511486362686746,0.7752205409520627,6.72816736676792,0,0.0,0.0
4834.000000530978,4834000,300.1481457005815,-308621.5894869487,59976.046723784,0.3452134455375431,5.858059078086351,0.49846583324727345,0.45990014965667037,0.544174648698597,0.7547388829066985,6.732092865300576,0,0.0,0.0
4836.000000531385,4836000,301.40128236149053,-308490.7388259047,60226.45034613702,0.3427062380771545,4.589393499860121,0.5011861680577102,0.4574779282327016,0.5379878728799046,0.7734530162890465,6.713265730167407,0,0.0,0.0
4838.0000005317925,4838000,300.77614961901804,-307445.32906977274,60101.535396275896,0.33197073298136065,5.44451476364797,0.4998510452007802,0.4619019141086014,0.5435288310637993,0.7728173382351233,6.732058310537283,0,0.0,0.0
4840.0000005322,4840000,299.0684465477454,-307967.2226046091,59760.299640999336,0.3401214895036796,0.8094020468760418,0.5023511550778629,0.45827673982885475,0.5429748341070657,0.7725225979348167,6.7831189414307715,0,0.0,0.0
4842.000000532607,4842000,302.7073624537793,-307556.8850672515,60487.43320331002,0.3502499836464512,7.943448688030033,0.5012361574299906,0.4595431384237156,0.5498342280420978,0.7750600031995223,6.716364235774677,0,0.0,0.0
4844.000000533015,4844000,302.1238817136481,-307276.84531906527,60370.84121820594,0.35608572665018035,11.81844587186136,0.49965218694473534,0.46653051691360936,0.5496137812257045,0.7619281540614811,6.711390785556233,0,0.0,0.0
4846.000000533422,4846000,297.95150203559746,-308157.93116421066,59537.110135390045,0.329881218778702,3.3030309390266606,0.5009016767976912,0.45244498675694267,0.5436365770905915,0.7770611900271867,6.723149191875123,0,0.0,0.0
4848.00000053383,4848000,302.05031232661185,-308579.6686818544,60356.14047439816,0.3491794882138228,2.168074992544607,0.49842391168651273,0.4573753518209025,0.5399942445424983,0.7772554225172943,6.693198908543707,0,0.0,0.0
4850.000000534237,4850000,300.6299552564471,-307557.5878963582,60072.32262236439,0.3504828273150893,3.906482020434267,0.5016789255235741,0.46918296378246804,0.5454179170241495,0.7728824888170269,6.761163389647734,0,0.0,0.0
4852.000000534645,4852000,299.0027676283128,-308167.04572792724,59747.175582106815,0.31326978917149206,3.452686990770773,0.49916516595689153,0.4490811769284657,0.5375497934843646,0.7674471213188907,6.718512200204202,0,0.0,0.0
4854.000000535052,4854000,299.09239249569157,-307753.2746158233,59765.08455576039,0.33216181884035045,2.697833223085334,0.5002558082258476,0.4638059288008991,0.5457712171818905,0.7687949231390085,6.617737484187359,0,0.0,0.0
4856.00000053546,4856000,299.91619415446587,-307552.5294357422,59929.69782252722,0.33784106968529315,4.215815052012836,0.4984825115527274,0.4590692036511559,0.5337382006809888,0.7483015385929939,6.690033066156786,0,0.0,0.0
4858.000000535867,4858000,300.8163367589695,-307892.1204067017,60109.56565006207,0.3424604015234143,3.2911659798688198,0.5026990748405962,0.4542580714744391,0.5414123435305767,0.7605562054209383,6.672035679164864,0,0.0,0.0
4860.0000005362745,4860000,298.6168899585573,-308538.7541613607,59670.06893499792,0.3262801457916191,5.68023977186962,0.5005694728672127,0.4559883881271949,0.5462669227918413,0.7754371847574353,6.743054912433863,0,0.0,0.0
4862.000000536682,4862000,297.5972669934124,-308767.5722808889,59466.3263649566,0.3165208846251,1.4187006468379129,0.49859984756023334,0.45240642118139807,0.5402172861271275,0.7731142297694991,6.675371439687481,0,0.0,0.0
4864.000000537089,4864000,297.3445964763952,-308553.80311232246,59415.83736826807,0.34193489524328924,1.905409780369972,0.498852099716555,0.46226541985383207,0.5357527846161503,0.7654736419128092,6.604520286192713,0,0.0,0.0
4866.000000537497,4866000,302.37920835061055,-308589.11101596244,60421.860964713276,0.33463869911319355,2.676091106091693,0.5007774581144935,0.45656220652669255,0.5392318890869885,0.7714081943431603,6.66870226507487,0,0.0,0.0
4868.000000537904,4868000,302.22202355074774,-308703.640528169,60390.45206535513,0.3307744908408106,2.6161530159015363,0.49941257888401086,0.4588856709037161,0.5442219033671911,0.7679447430781572,6.646685517974078,0,0.0,0.0
4870.000000538312,4870000,298.1817943909595,-307640.87253488414,59583.12749469469,0.3153966200330145,4.964607559455148,0.5007386339373996,0.4635594101354714,0.5392408001686508,0.7749645447364362,6.664125385773808,0,0.0,0.0
4872.000000538719,4872000,299.97365314085215,-309070.5336170113,59941.179362232084,0.3273778752871578,8.229765989250403,0.4994538522002502,0.46719531543273085,0.5352682052468971,0.7680481391924232,6.698284067054722,0,0.0,0.0
4874.000000539127,4874000,299.2443248931949,-308772.8108089608,59795.44391230497,0.33301521998902034,8.867850172005864,0.4990644130300595,0.4488436107601945,0.5396588971673881,0.7652755403810505,6.6395791095069825,0,0.0,0.0
4876.000000539534,4876000,299.81558447116754,-308310.2792294505,59909.593846697935,0.3222796972686558,2.392799631972388,0.5020020096060267,0.45469768968128754,0.5483044517799689,0.7721473125209286,6.625674516360192,0,0.0,0.0
4878.0000005399415,4878000,300.16902895220943,-308845.5803726455,59980.21964603364,0.34688068927219673,2.602958281081775,0.500906663584929,0.4571733800915043,0.5421572597968254,0.7748084580537666,6.68509098222189,0,0.0,0.0
4880.000000540349,4880000,296.58584649880186,-307079.7404205152,59264.222824717945,0.3171083408424593,5.992324534586901,0.5024869559706767,0.46086215388104756,0.5432998413947905,0.77337432580181,6.752733991130185,0,0.0,0.0
4882.000000540756,4882000,302.6536674786737,-307593.2590998416,60476.703793910376,0.32000300466300247,3.0095207785962295,0.5027315912375516,0.4567215249288292,0.5472124897758794,0.782536969823302,6.734516563118579,0,0.0,0.0
4884.000000541164,4884000,300.40154236520715,-308085.1852403637,60026.68082036243,0.31706378383813766,2.1059637806371367,0.49944152001602377,0.4453575256121032,0.5442015388787089,0.7659379666424506,6.782460709273579,0,0.0,0.0
4886.000000541571,4886000,300.5856028552807,-308144.0139022409,60063.46005991723,0.3168450052478786,4.364269354110886,0.5008923764540998,0.46303630532815276,0.5392722560430294,0.7638326641587945,6.640916172181065,0,0.0,0.0
4888.000000541979,4888000,298.9635969855126,-307849.406143561,59739.34844628592,0.3388652115615127,5.815551622444692,0.5002373929202668,0.4584643776094883,0.5430549101748632,0.7690870862317505,6.765645622234516,0,0.0,0.0
4890.000000542386,4890000,300.25649406382166,-309330.94157014973,59997.69705409329,0.3368866080677925,2.5424710496875824,0.4997229405308146,0.4463981716937979,0.5437592204859487,0.765265897773542,6.685089341118712,0,0.0,0.0
4892.000000542794,4892000,299.1247815246073,-308608.06638867734,59771.55657945739,0.32681192968885253,8.213585049117592,0.4987361503986256,0.45727446860541054,0.5374266284583413,0.7618228607725328,6.777329332643632,0,0.0,0.0
4894.000000543201,4894000,300.51574437943975,-309119.13187555363,60049.50083587703,0.3311924448333583,3.9850607008914216,0.5003795293381916,0.45313949754361005,0.5467231380327435,0.7673545130215054,6.792240238127292,0,0.0,0.0
4896.000000543609,4896000,298.4312873492382,-309314.02533387346,59632.981546892974,0.3140595517565914,1.3126685385530437,0.5025005913606706,0.46764096462930815,0.5424609823745605,0.7718410147051049,6.78131504256514,0,0.0,0.0
4898.000000544016,4898000,300.22351100466005,-309081.5872406531,59991.106330393326,0.33981002816864236,4.802504294984065,0.5002331730909014,0.45611554299512197,0.5386725534682801,0.7733560855455708,6.784131061424691,0,0.0,0.0
4900.0000005444235,4900000,301.5273075422633,-309574.8478106484,60251.63288428917,0.32416052464207157,4.790091215954724,0.5023899941873591,0.45977413764813835,0.5410322717595726,0.7791410233168712,6.6333985890603095,0,0.0,0.0
4902.000000544831,4902000,299.9237699612733,-308438.7185286791,59931.21163145644,0.3291149259323014,2.6555033864897655,0.49915105672133797,0.4558164862877865,0.5417034597812147,0.7597285286693634,6.832505136376838,0,0.0,0.03250513637683827
4904.000000545238,4904000,301.31311211817547,-308964.16697445745,60208.83203761685,0.32438553587917796,1.6542639497756109,0.49949441499528013,0.4474449134576646,0.540609620627702,0.7618704040477411,6.679038467324517,0,0.0,0.0
4906.000000545646,4906000,301.99030259224725,-308500.44916912727,60344.1492404569,0.3341677994311806,0.7823733323356992,0.4999207557863562,0.4543196872771009,0.5436681430008825,0.7716442574717242,6.757808646103694,0,0.0,0.0
4908.000000546053,4908000,300.8270998864887,-309386.01742689963,60111.71635413349,0.3475283852085047,2.2592028684017538,0.49910755032629806,0.4534088112738246,0.5380972172371532,0.768050826234175,6.624809693311555,0,0.0,0.0
4910.000000546461,4910000,298.72567795442916,-308271.97139463946,59691.80711335038,0.32682455353544126,2.6989021851995765,0.49922833732311056,0.45689133630088463,0.5409340575535531,0.7714156084275725,6.674470526156469,0,0.0,0.0
4912.000000546868,4912000,302.1571033180392,-308358.78423918784,60377.479608366746,0.32324955489452734,3.800608427159322,0.5019797806165816,0.4633892955678922,0.5415507676186113,0.7789343830386759,6.6750939474381,0,0.0,0.0
4914.000000547276,4914000,301.08894032467595,-308365.0122648096,60164.03769804264,0.3387947871199801,5.506972323518296,0.501266293127727,0.46803331792887315,0.5370743714439818,0.7752335918400011,6.603803064229112,0,0.0,0.0
4916.000000547683,4916000,299.4694051833891,-306980.59862445435,59840.41978903337,0.3395725048315042,1.2667134287675152,0.4992697431132312,0.46331264916386594,0.545154257272829,0.7669080763352429,6.574558813241552,0,0.0,0.0
4918.000000548091,4918000,302.2265159091476,-308428.9186809771,60391.34973505975,0.32226288269568537,2.86246208414002,0.5018473031042692,0.4678536538828535,0.542097712045102,0.7760770691468117,6.824497235970271,0,0.0,0.024497235970271092
4920.000000548498,4920000,302.16606918750887,-308603.21297375206,60379.27118167457,0.3199641514879536,0.30389966051957035,0.49897499001587914,0.4616716096559612,0.538225513814865,0.7682447024031056,6.710518191593451,0,0.0,0.0
4922.0000005489055,4922000,297.31826136187,-308871.0367063498,59410.57504670499,0.34394600406223963,1.6316713286777922,0.5000969075024446,0.46665710161185237,0.5431040901307878,0.7749823246840046,6.743967018525574,0,0.0,0.0
4924.000000549313,4924000,298.96749790355767,-309360.49101318,59740.12793350345,0.3384874869327662,3.640515608750725,0.5004165867072218,0.46067665054784257,0.5407757879209871,0.772296587202705,6.73697330911315,0,0.0,0.0
4926.00000054972,4926000,299.7317750083786,-308800.57610024465,59892.846915796894,0.3223573676323387,6.056352068543538,0.5015195213832736,0.46215816387353836,0.5425068927234857,0.7734870264963507,6.65109546939555,0,0.0,0.0
4928.000000550128,4928000,297.8818462679268,-308867.22155240364,59523.19141679644,0.3057319725729539,1.7011563765041335,0.502531259178654,0.4679564211361651,0.5488916189432818,0.7698295967859821,6.659600607897943,0,0.0,0.0
4930.000000550535,4930000,297.0992512847921,-307940.0839129952,59366.81212894601,0.3164136685716852,3.556624852447225,0.4999397222214572,0.4645756461455872,0.5429414682968794,0.751254494698097,6.640894523473143,0,0.0,0.0
4932.000000550943,4932000,298.89794196516794,-309056.8821361852,59726.229162944524,0.34272104293954553,2.4382318490881554,0.5005193353147098,0.46994551017283914,0.5386301038528458,0.7641829981845403,6.631823788771513,0,0.0,0.0
4934.00000055135,4934000,297.24318303461905,-308107.16325237416,59395.57278423011,0.3489662196283418,8.250361582981656,0.4998522002230364,0.4562799372719635,0.5370861502685695,0.7729373728452078,6.615882822496207,0,0.0,0.0
4936.000000551758,4936000,304.9654176144267,-308582.45137471333,60938.64112766272,0.32311364421293187,4.807419449510038,0.5004144910117962,0.4506225768024201,0.5463458519529958,0.7680362260049911,6.778841096415633,0,0.0,0.0
4938.000000552165,4938000,299.0645564245763,-308320.96801086515,59759.52231082992,0.3316256918587043,2.392880132070749,0.5007208658618539,0.45539460000691845,0.5396403314260549,0.7645087336089897,6.630563370204854,0,0.0,0.0
4940.000000552573,4940000,301.2571670286257,-308164.15463426104,60197.65300701857,0.3431839575470782,2.103788694639515,0.49845401827496205,0.4632919568789129,0.5487034956169001,0.7596833150532882,6.660335087729681,0,0.0,0.0
4942.00000055298,4942000,297.84590828207536,-308224.35216605663,59516.01023527172,0.3376796486114828,3.0504408968579577,0.500199070729477,0.45196315738534076,0.5409510590858364,0.7742258071369292,6.634565024385637,0,0.0,0.0
4944.0000005533875,4944000,302.7869417199126,-307961.0248500216,60503.33485005421,0.31210808381384936,2.252479359517499,0.501302631668522,0.4576522622001562,0.5481698912487118,0.7700288028241626,6.6244828583754725,0,0.0,0.0
4946.000000553795,4946000,300.74823697801827,-308207.76675379695,60095.95785103777,0.3349510315957793,2.454266430961982,0.5014642717112012,0.4545565143490835,0.5507123930787996,0.7690463658159927,6.633129101540558,0,0.0,0.0
4948.000000554202,4948000,297.6996305378709,-307300.71131625446,59486.78079991879,0.322872834547985,2.6324281739387043,0.502697170898788,0.45935474595818704,0.5410926120866879,0.7618412110195791,6.639700564988189,0,0.0,0.0
4950.00000055461,4950000,301.0885991317853,-308621.24308361765,60163.96952037423,0.3360626025486076,3.9822832589010173,0.4993571582250114,0.45844220423835047,0.5447867764853118,0.7670197433020891,6.648547852019561,0,0.0,0.0
4952.000000555017,4952000,297.87492803818526,-308751.4269104358,59521.8090058898,0.33580475533675297,6.037256013720004,0.49813836027828967,0.46371990372073135,0.5427091136492187,0.7619909050820981,6.627123728644314,0,0.0,0.0
4954.000000555425,4954000,296.3652330894693,-308906.5689356839,59220.139526734754,0.3368216973811468,4.947280724082944,0.4989456189926989,0.4567221432561601,0.5377819743910965,0.7673146116287985,6.639894067038512,0,0.0,0.0
4956.000000555832,4956000,300.6147264719901,-308209.8399520386,60069.27958411403,0.3520553591021367,4.557417096129382,0.5006817851655351,0.4557212971746418,0.5414440838431371,0.771023976422474,6.649217960581794,0,0.0,0.0
4958.00000055624,4958000,300.0200934495184,-307892.99858269887,59950.45913344617,0.3525744752016686,4.825747954798174,0.500267745745683,0.4588373157617456,0.5479486502105297,0.7757478532910547,6.69907137401848,0,0.0,0.0
4960.000000556647,4960000,303.1303305031042,-308579.6836427194,60571.95130496201,0.36519164811298366,2.517106937328783,0.4994015504152983,0.45995802335939606,0.5386349040435139,0.785603813441381,6.64459010688995,0,0.0,0.0
4962.000000557055,4962000,299.6660776689777,-308394.15925125265,59879.71917619904,0.3368243776144902,10.817661879034828,0.49954229357136576,0.45929624124107526,0.5404504220063835,0.760422696933797,6.620274128147884,0,0.0,0.0
4964.000000557462,4964000,299.61167512589634,-308864.6529803658,59868.8483795192,0.34866909180980854,3.4461648448423827,0.5008259504281285,0.45900703581171154,0.5392902408085458,0.7707014379296986,6.578871830021967,0,0.0,0.0
4966.0000005578695,4966000,297.6947441105202,-308448.70892981114,59485.804386773176,0.32774519546936115,3.152646551764995,0.49899853902210706,0.4563654968709383,0.5432761476298165,0.773171600627105,6.607395169143727,0,0.0,0.0
4968.000000558277,4968000,296.42832873496354,-308549.611508287,59232.7473920054,0.3190788485884736,2.604673066901438,0.5001690577988975,0.4578400303173793,0.5399526470811953,0.7731924703247293,6.559416752273211,0,0.0,0.0
4970.000000558684,4970000,298.11478498129827,-307972.5356641887,59569.7375752754,0.3163684255594969,5.539934194025627,0.4989890815428651,0.4621323674774236,0.536701918618697,0.7739373131578375,6.656226645187271,0,0.0,0.0
4972.000000559092,4972000,298.10223579569663,-308242.4808426793,59567.22997843441,0.3469103862303534,7.522524390690216,0.49836026313282145,0.45458583998409186,0.5429129471878573,0.7682464285119028,6.551843374299423,0,0.0,0.0
4974.000000559499,4974000,300.20987576899114,-309187.6151649342,59988.381717420416,0.32708339209910386,1.3069531288276797,0.5012220197142764,0.4569055941007445,0.5545020728236647,0.7659739560491534,6.6501712601472995,0,0.0,0.0
4976.000000559907,4976000,297.7244669320903,-309231.25408955617,59491.74364497211,0.3089165876897796,1.1914031210035305,0.5011423327529339,0.4587485385118839,0.543171078065317,0.7644154425813761,6.624902805750821,0,0.0,0.0
4978.000000560314,4978000,301.885152958466,-308422.1024668827,60323.13808500254,0.32892464289390044,2.8925061705105657,0.5019771056252946,0.4603889713649991,0.5467066953237545,0.7759634042181283,6.660907462247124,0,0.0,0.0
4980.000000560722,4980000,301.99348069790767,-308511.77049317677,60344.78429423388,0.3347778483293902,3.622923777528658,0.49883055122311654,0.46000117092919707,0.5422719082139014,0.7660255588578266,6.650628672314326,0,0.0,0.0
4982.000000561129,4982000,302.2813892221083,-308065.41407979187,60402.314601673665,0.33284076534541074,4.318786345027207,0.5005097718712115,0.4578673284678141,0.5432183224259886,0.7643410105084154,6.7909835000912295,0,0.0,0.0
4984.000000561537,4984000,298.4481688729705,-307567.16750681587,59636.35483795154,0.33645268819526947,4.053232814554661,0.497281055273379,0.45711681995834574,0.5546641626549622,0.7738458580190213,6.690357227838168,0,0.0,0.0
4986.000000561944,4986000,300.2681379776065,-307192.9612032543,60000.02375817996,0.3386235255742507,0.7012566308900067,0.5027662832030529,0.461998789262438,0.548617526115935,0.7620138133847583,6.72546442882588,0,0.0,0.0
4988.0000005623515,4988000,300.0662811467952,-309390.13461606763,59959.688427478526,0.3324168764109957,2.7415010860925046,0.4986490503095161,0.4637759279954432,0.5302101377226195,0.7741765739100703,6.606746152656445,0,0.0,0.0
4990.000000562759,4990000,299.32235824297186,-309412.8129470628,59811.036651754715,0.3246329186450124,0.8115958306039341,0.49795110555082345,0.4608587337043366,0.5380168074785816,0.7711872137013387,6.828068605605438,0,0.0,0.028068605605438002
4992.000000563166,4992000,300.4275185180693,-309355.50470001344,60031.8714136747,0.32592879798558094,2.8913752354797886,0.499017175763918,0.46083185099644774,0.5389210165393195,0.7688679163052852,6.646295513738664,0,0.0,0.0
4994.000000563574,4994000,297.74434056049915,-308745.8439240679,59495.71482281577,0.34110686628884485,1.1851890943135868,0.49986540906415283,0.45890514031651275,0.5426225264656956,0.7719634247218763,6.728427863107235,0,0.0,0.0
4996.000000563981,4996000,296.3575069130547,-308981.74898997555,59218.59567072806,0.3278984561719853,2.8218970630943456,0.5011856312094138,0.46028318516904143,0.5450818105117534,0.7675176173733194,6.776265216638706,0,0.0,0.0
4998.000000564389,4998000,301.5045138316966,-309396.4274778813,60247.07821130672,0.33852393026610095,1.490343365369406,0.5014277962157865,0.4631976805848004,0.5488451137664184,0.7758207108616038,6.734611088977303,0,0.0,0.0
5000.000000564796,5000000,298.6421032791259,-307756.11586448364,59675.107098032226,0.339884240725422,0.265030903974109,0.5000521508134343,0.46373990903620443,0.5462088827484486,0.7646905752992035,6.671250122655323,0,0.0,0.0
5002.000000565204,5002000,300.1688884697664,-307684.8809684804,59980.19157462394,0.3163095239126408,1.736160432685227,0.5013827435414782,0.4455145506626845,0.5401568134442538,0.7432556881400947,6.7612234704434115,0,0.0,0.0
5004.000000565611,5004000,301.6859016728825,-308087.76963443775,60283.32339820499,0.34234110429691533,5.3534370625741605,0.5011648722881363,0.45373977791750786,0.546635371059331,0.7801306396696281,6.674354885480113,0,0.0,0.0
5006.000000566019,5006000,300.5381590140398,-308217.20236018253,60053.979761338756,0.32177589093419723,3.2787576969576797,0.5004616781732105,0.44758285609266313,0.5592689947077254,0.7793490819381934,6.605362993511797,0,0.0,0.0
5008.000000566426,5008000,304.0166690808584,-308503.20071909484,60749.060791440425,0.3229769923362642,2.9877612259316124,0.5008941269506787,0.46601646522673246,0.5346340419274247,0.7609303513654977,6.697283082062043,0,0.0,0.0
5010.0000005668335,5010000,301.1344538814996,-307775.46189938905,60173.13228433185,0.3355590128660835,5.5592509744562975,0.5014208063683729,0.45607013201620816,0.5392385134137515,0.7704715957624177,6.673088966211537,0,0.0,0.0
5012.000000567241,5012000,299.48418640328134,-307849.96021753596,59843.37339426995,0.3452885420822246,9.412729337036328,0.5011362849545947,0.4561130053941782,0.5460557157308212,0.7574814424999037,6.626435924714741,0,0.0,0.0
5014.000000567648,5014000,300.995523222396,-308346.59303344693,60145.37095439821,0.320470036647076,5.959340855934851,0.49904840292590086,0.45796934986223725,0.5433039545487581,0.762209530582667,6.767152891957473,0,0.0,0.0
5016.000000568056,5016000,301.35789797594146,-307240.8568408829,60217.781214003284,0.33747447268361197,2.5461692408740917,0.5009538810370705,0.45514821881344913,0.5453066973500533,0.7781302167953008,6.790369939372287,0,0.0,0.0
5018.000000568463,5018000,303.4444780762223,-307479.06525559444,60634.72473799295,0.3540161931365231,3.120200145909231,0.5013496973139272,0.4585168212835269,0.5439781897623774,0.7634868254076288,6.7594936263490695,0,0.0,0.0
5020.000000568871,5020000,299.4600862496093,-308082.3651505667,59838.55766589251,0.3333242919146892,5.2739462666053,0.49873886057673117,0.46344633851905837,0.5365693980866055,0.7688780693505031,6.611938513497915,0,0.0,0.0
5022.000000569278,5022000,300.88989334869007,-307781.5546110752,60124.26383669129,0.3239152201612666,2.703980459437034,0.5025066200239088,0.46236100030393423,0.5428275145133838,0.7712695719505858,6.618631407378341,0,0.0,0.0
5024.000000569686,5024000,296.84636590649484,-307634.9794498114,59316.28019835848,0.3152600277325003,2.6754336647197965,0.5019792460365501,0.4630850274053272,0.5394701144867096,0.7682871547362673,6.589868810991646,0,0.0,0.0
5026.000000570093,5026000,301.00546855438705,-308780.81085292017,60147.358245356765,0.3370331733384233,2.254591189176874,0.5010937450092781,0.45098377227899,0.5412695143845507,0.7698838214680759,6.673701594819306,0,0.0,0.0
5028.000000570501,5028000,297.33838820490104,-308171.6417717803,59414.59682226923,0.3268814904274375,1.2802009385372086,0.5009060596961455,0.4598521953916497,0.5416476870058755,0.7701987545693596,6.635443876288861,0,0.0,0.0
5030.000000570908,5030000,297.6439551760686,-308760.55795043893,59475.65566671823,0.3322452801753833,2.5869965813214884,0.49845757841323995,0.46178531865409034,0.5413886015453215,0.7638250707305048,6.6429596268173015,0,0.0,0.0
5032.0000005713155,5032000,298.71420105950125,-308302.46142603736,59689.51378321891,0.3621585707357135,5.145440020969571,0.4983451354293766,0.4628879473263168,0.5430024643926874,0.7573030702341059,6.657156350484712,0,0.0,0.0
5034.000000571723,5034000,301.54484452435014,-308303.42094600806,60255.13715000628,0.3283559359375382,3.6711580014521763,0.5006114062431316,0.45694246999450017,0.546509860753033,0.7759434632038937,6.6636474656396985,0,0.0,0.0
5036.00000057213,5036000,301.3775683893226,-307265.3175607384,60221.71178511933,0.34380383287784916,6.289127195936454,0.4985551917169119,0.45649531089735174,0.5434618570576715,0.773232842976249,6.60417886525244,0,0.0,0.0
5038.000000572538,5038000,295.73645856205667,-308016.2438532086,59094.49687001668,0.3200755949737515,1.8702410227770356,0.5013343539192567,0.4597302005213413,0.5411633907427493,0.7718129438859407,6.5458881755509,0,0.0,0.0
5040.000000572945,5040000,301.2057163408262,-308260.40186053887,60187.3720544302,0.31254610423822893,5.023476056966506,0.5009841886724434,0.46442687422238493,0.5397906697711115,0.7672421396953935,6.548326273055707,0,0.0,0.0
5042.000000573353,5042000,303.4149156085031,-308171.02641363814,60628.817521937824,0.34301287163424504,4.8603350777393395,0.49893496078563065,0.45983920299995074,0.5472517570962161,0.7706687116783524,6.66769046140098,0,0.0,0.0
5044.00000057376,5044000,300.9534915104941,-308153.17339796526,60136.97211551474,0.34182008375447887,4.423405306794031,0.49774284505944016,0.4474353340986843,0.5381076520182884,0.7731026422036963,6.642601083016601,0,0.0,0.0
5046.000000574168,5046000,298.840026263307,-307875.39105005097,59714.65636167751,0.35536247514503905,4.399458371744904,0.498277526928696,0.4595795189468328,0.5315197088695418,0.766571371236509,6.722157852267792,0,0.0,0.0
5048.000000574575,5048000,301.7308305718786,-308497.2843795386,60292.30115730176,0.3243644971641828,5.192244769864944,0.5008068991419783,0.4653415683641064,0.5501434624799444,0.7623928609666368,6.695593475691609,0,0.0,0.0
5050.000000574983,5050000,300.6847172465109,-308341.7032157527,60083.265244272276,0.3372528600063468,5.477180731568916,0.49932428815782404,0.4515589428752813,0.5392750002114317,0.7605473761784722,6.633236758970767,0,0.0,0.0
5052.00000057539,5052000,298.87757017755865,-307890.82755234884,59722.158442192114,0.324946046274286,5.754027189633987,0.4987286129218679,0.46038915187351837,0.5454653708234023,0.7722708061037435,6.687129409811902,0,0.0,0.0
5054.0000005757975,5054000,296.8315358137679,-308300.45338324085,59313.316827279734,0.3311579036625119,1.7135817477289037,0.4987715529384186,0.45415338343355005,0.5447783155006913,0.7755328583369661,6.7433735086369,0,0.0,0.0
5056.000000576205,5056000,302.229416183309,-308095.93563609896,60391.929272135385,0.3319684663297391,1.0587353161086528,0.5022153911003862,0.4647928241623669,0.5416990806459339,0.7553467118390929,6.6251992312848245,0,0.0,0.0
5058.000000576612,5058000,300.297308806034,-308246.0275646681,60005.852716292145,0.33911349589140993,7.357850618489532,0.5000242746193451,0.4620382907884961,0.5466482031911383,0.7678527324005158,6.647287064406328,0,0.0,0.0
5060.00000057702,5060000,300.52897422606,-307812.2978971717,60052.1444434102,0.3523220073814474,2.318263270078019,0.4978932056424839,0.4605688828549779,0.5446522570187913,0.7666029504566456,6.687065200071601,0,0.0,0.0
5062.000000577427,5062000,302.4770102704217,-307644.83706814796,60441.40388908677,0.3154355577036899,2.855361570692739,0.500551014198947,0.45917663754956717,0.5379145744292044,0.7724952724456369,6.679113771959749,0,0.0,0.0
5064.000000577835,5064000,297.8788987104591,-308055.8845153409,59522.60243150057,0.3299845632456524,2.913085373773265,0.5021514308267307,0.45903250571339216,0.5447605013141832,0.7639355345662366,6.73896629485246,0,0.0,0.0
5066.000000578242,5066000,301.7578988378207,-308026.0761527177,60297.709978266095,0.3234365551196804,0.5840483188813583,0.5004133490780333,0.45867435892112596,0.5493391959915286,0.7532795867188842,6.610573785699316,0,0.0,0.0
5068.00000057865,5068000,298.34725953498184,-307898.2851879932,59616.19098467853,0.324995342110845,3.051353999954763,0.4997586595022677,0.4570215387330414,0.5402616760203074,0.7768209847585474,6.649091874208139,0,0.0,0.0
5070.000000579057,5070000,300.6018126245229,-308124.2466389849,60066.699119999335,0.32472493681896086,2.5239009083082897,0.49964834224616617,0.45071154612554976,0.5408637180531066,0.7684455853054608,6.670232538148738,0,0.0,0.0
5072.0000005794645,5072000,299.2010348148018,-308785.49777777586,59786.79362476672,0.3409336483064145,3.6380015223400304,0.4989915138630744,0.4571287935940291,0.5401227305088057,0.7661494906683348,6.745164671890336,0,0.0,0.0
5074.000000579872,5074000,295.59657231669166,-307311.79768006783,59066.54459342192,0.3352020500713587,5.230151131009057,0.4996805685195458,0.4539752170688729,0.5480065592441434,0.7707213328543432,6.666759436231651,0,0.0,0.0
5076.000000580279,5076000,298.82528116628464,-308956.17107093986,59711.709974566256,0.30842980596432945,4.3429495391127375,0.49852627448328346,0.4609335981319447,0.5445210276221233,0.7749201711559035,6.6134404074600255,0,0.0,0.0
5078.000000580687,5078000,302.86819083703915,-307737.4959524148,60519.57016889543,0.3391856910658454,3.6954862095036622,0.49902463235159356,0.45179246970889775,0.5376081332005809,0.7696129147152,6.669146701577262,0,0.0,0.0
5080.000000581094,5080000,295.3890798313141,-307223.71612986363,59025.083137883725,0.31540373804785604,2.1935701785624455,0.5010345529404485,0.4604365502933623,0.55132563906146,0.7808067380486836,6.651045665301609,0,0.0,0.0
5082.000000581502,5082000,303.3179787399945,-307649.53969100025,60609.44745339597,0.31993926028850445,5.751908050070314,0.499232297668514,0.4584190229059515,0.534020389204791,0.7720385592325414,6.589867262119057,0,0.0,0.0
5084.000000581909,5084000,303.6660398995079,-308506.7133920975,60678.997549455984,0.3275937030222944,5.322289951980237,0.5031560909350348,0.4556324548538915,0.547816591416229,0.7814393688598567,6.682828890799975,0,0.0,0.0
5086.000000582317,5086000,299.58293329501123,-308653.1428963938,59863.1051443309,0.35806956075483076,1.9036794557912806,0.5014645525903123,0.4570421714508637,0.5430201905095714,0.770999280969404,6.631318122167379,0,0.0,0.0
5088.000000582724,5088000,301.47592137933225,-307902.5565104699,60241.36482515551,0.323989633854185,10.026789422537048,0.5034935119950791,0.46438082191304986,0.5394598511763036,0.7738910476849874,6.596266520423583,0,0.0,0.0
5090.000000583132,5090000,300.2549821506903,-308328.1718574227,59997.3949413736,0.33378166857202607,3.902261791666563,0.502484466753157,0.45982845736322986,0.5482748378631861,0.7793425976912505,6.707041696369647,0,0.0,0.0
5092.000000583539,5092000,299.6177451989764,-307562.39372273814,59870.0613105064,0.34033781332046315,10.985564943584354,0.4998265777942886,0.45362775757633766,0.5433993742637213,0.7693972277876746,6.66342384084831,0,0.0,0.0
5094.0000005839465,5094000,297.96810754051114,-308134.7217051382,59540.42827195974,0.3474500996327355,10.478965078280796,0.49918351305721925,0.4496447574191791,0.5359596803783688,0.7486514062824163,6.719262318632133,0,0.0,0.0
5096.000000584354,5096000,300.4670362764005,-307657.01349361613,60039.767910634764,0.3329252021059149,4.223997797823701,0.499437388632327,0.46005152905489055,0.5499424343031807,0.7644452419093686,6.675948710950301,0,0.0,0.0
5098.000000584761,5098000,299.3438352089798,-308270.29507657187,59815.32821089052,0.3315068905615025,7.531091923988985,0.502339982136352,0.46168487959892834,0.5427003103808641,0.759766542959051,6.7205554820272795,0,0.0,0.0
5100.000000585169,5100000,302.38513654049626,-308772.2575140251,60423.04554439056,0.36808098185125837,8.524892165655647,0.4994349361053657,0.4632357843594983,0.5393334534849865,0.7604858196189692,6.582770460828513,0,0.0,0.0
5102.000000585576,5102000,300.3036487487003,-308734.6440903996,60007.11957301949,0.33563668178443795,1.5405642883764368,0.5001954310879225,0.4604303424526659,0.5483351273914803,0.7647077990684528,6.60197330978751,0,0.0,0.0
5104.000000585984,5104000,302.33521088612935,-307254.38963474054,60413.0693262399,0.3415483224292326,7.256420422789788,0.49900356667438883,0.4582660597421455,0.5359484822252067,0.7563529601847752,6.718844431587694,0,0.0,0.0
5106.000000586391,5106000,302.15230322461764,-308212.5978964148,60376.520446594615,0.3234558061537379,2.247494011178633,0.5001252239266282,0.46472121692895474,0.5371232648126454,0.760610442340818,6.6519611141651325,0,0.0,0.0
5108.000000586799,5108000,297.88042880683554,-308192.9280867297,59522.908177623205,0.3537298692647397,5.360110563976393,0.5009297307871587,0.46368296393174013,0.5392333528511521,0.7677674101023086,6.699740129062846,0,0.0,0.0
5110.000000587206,5110000,295.05976904052324,-307789.53362586536,58959.2797682543,0.31301595184275877,2.4679243400163258,0.4990734119205079,0.4613827555129726,0.5381177647251016,0.7728730530005139,6.671088224531865,0,0.0,0.0
5112.000000587614,5112000,301.18503988124405,-309046.85512660956,60183.24045367322,0.3189452862178658,5.985786193813481,0.4983926678648124,0.4570311217332703,0.5400928479774834,0.7678412077403003,6.7720930187207244,0,0.0,0.0
5114.000000588021,5114000,299.39243448846236,-308015.545452659,59825.03939084862,0.3323952658575934,2.6450767196407994,0.5000893913715693,0.46177964870772437,0.5355259339050189,0.7715625089675395,6.63837995702719,0,0.0,0.0
5116.0000005884285,5116000,300.4836924361803,-308063.7663476877,60043.09616913478,0.33098653081484797,4.054473694589636,0.49780080309228103,0.4607121093144908,0.5396740644855633,0.7727015293885522,6.565111894140543,0,0.0,0.0
5118.000000588836,5118000,302.5514602153418,-308148.7382911551,60456.28058727422,0.3219201835904401,7.02193268701991,0.49911727985390214,0.4570010740349728,0.5366428321833521,0.7793982253936864,6.665304595203388,0,0.0,0.0
5120.000000589243,5120000,302.6119224995302,-308243.81240723934,60468.36225039109,0.3354859109616949,5.559355289370168,0.5022140240601001,0.4615471872372394,0.5383290107257719,0.7643352570488684,6.600511398517639,0,0.0,0.0
5122.000000589651,5122000,300.00904242600666,-308447.6220692466,59948.25090157141,0.3540314957274075,6.686732520674342,0.49948357124148896,0.4628563019750658,0.5443089522833429,0.7623626366629033,6.599001138604052,0,0.0,0.0
5124.000000590058,5124000,298.80834215397664,-307744.3415093636,59708.32519605541,0.3545351230113629,9.12765806467074,0.49869228631844154,0.45559807678217634,0.5498353679619274,0.7750336387380043,6.763796733750951,0,0.0,0.0
5126.000000590466,5126000,301.3368403075301,-308123.4790309472,60213.57343953383,0.3360717247286247,3.143242494809933,0.5001131061149947,0.46362750665203656,0.5442503739681412,0.7615931058675274,6.690873839969967,0,0.0,0.0
5128.000000590873,5128000,299.3627185821226,-307523.4581785975,59819.10151446124,0.32634813653077777,4.842410504193991,0.49837758683153577,0.4598109731903701,0.5367359100634488,0.7690953045365905,6.813694315698882,0,0.0,0.013694315698882242
5130.000000591281,5130000,300.26013474607345,-307877.56483537424,59998.42454060943,0.32507577400496246,3.926529334925099,0.5018528011794428,0.46407513446703597,0.5474908907507241,0.76990702820191,6.821081223306784,0,0.0,0.021081223306784302
5132.000000591688,5132000,301.57644190026195,-307758.1400523833,60261.450984428324,0.33190671209401074,2.816983318903763,0.49808332113372417,0.4558807588983447,0.5341691630436607,0.7718220371076806,6.662755305855754,0,0.0,0.0
5134.000000592096,5134000,302.3711376719263,-307437.23178699845,60420.24826975315,0.32968506850466617,7.2531544334725355,0.5012218996918496,0.4638996358149452,0.5423498330553667,0.7633615955793882,6.663455255594528,0,0.0,0.0
5136.000000592503,5136000,302.4899611614111,-306723.1290405942,60443.9917552929,0.3205924732595296,8.84943308290504,0.49962099483146233,0.44797486212728765,0.5377364094037089,0.7648024554267195,6.644878654380534,0,0.0,0.0
5138.0000005929105,5138000,298.0422889258807,-308266.4957064134,59555.251306180304,0.3409293790841198,2.1832779039557724,0.4983748585691872,0.45593856181589043,0.5391657839729227,0.7715605610193066,6.640795999677721,0,0.0,0.0
5140.000000593318,5140000,300.25686091639966,-309156.30002503656,59997.7703591184,0.3276877744309521,6.078702096549166,0.5006791602779889,0.44580383735894724,0.5355332181750079,0.7728016828930109,6.690796035109116,0,0.0,0.0
5142.000000593725,5142000,301.2571549556318,-307619.19199798396,60197.650594575054,0.33942077688275535,3.013324374665782,0.49989118068645805,0.46521759471504254,0.5404397074308847,0.7592406524615001,6.632587325977539,0,0.0,0.0
5144.000000594133,5144000,298.2876087803799,-307863.44900908554,59604.27148260476,0.31905039156265563,4.157240903367815,0.4980445194731256,0.4627809075262759,0.5386362011449499,0.7670221251234164,6.622550841083537,0,0.0,0.0
5146.00000059454,5146000,300.9479436943116,-308208.4160282966,60135.86354267383,0.3096986020487675,4.2654350289945855,0.4981474075994378,0.4547685221123867,0.5372584669014895,0.7791384449541321,6.559757390589098,0,0.0,0.0
5148.000000594948,5148000,298.8069872379351,-308584.81468954124,59708.054454726574,0.3352428412584868,8.059881328410636,0.5005293838446491,0.46161197852532876,0.5388318194822679,0.751750045535645,6.628154860638233,0,0.0,0.0
5150.000000595355,5150000,299.8970744040156,-307992.537132198,59925.87728569306,0.3180877629508774,6.6381750583554275,0.501719886483857,0.4579584953076954,0.5377184858125279,0.7840363036054576,6.5672995596554955,0,0.0,0.0
5152.000000595763,5152000,299.1685500732332,-308140.6016949364,59780.30247562574,0.32927421374661503,2.0752585325680726,0.5006025473879369,0.4655098662129111,0.5331283779740525,0.7843268186310688,6.606071071354705,0,0.0,0.0
5154.00000059617,5154000,300.25367854576166,-308136.2744685393,59997.13445310728,0.31943621833716795,1.8894608460097968,0.49926813125725,0.4542634620138992,0.5383906541282357,0.7622821314671443,6.638471229684448,0,0.0,0.0
5156.000000596578,5156000,303.50274005740397,-308419.3820970459,60646.36673330635,0.34522423299620375,7.822481875554382,0.5016241349588596,0.4526029055177565,0.5444162673313979,0.7590529291337584,6.793617750627693,0,0.0,0.0
5158.000000596985,5158000,297.9127577462316,-307614.98238961305,59529.36819414345,0.34337685881679114,5.183929151016213,0.5000889618513571,0.4567309199623617,0.540759851159784,0.7661501795532719,6.735838287756678,0,0.0,0.0
5160.0000005973925,5160000,300.63011985955876,-308187.4757752274,60072.35551360179,0.33471716539154855,5.263186686650165,0.4997983241386697,0.4541953348580412,0.5370459536994552,0.7561963252225348,6.638302626681167,0,0.0,0.0
5162.0000005978,5162000,300.0282430990282,-308441.40131193167,59952.087608473536,0.3248251043111662,4.62487923235188,0.49913067829792834,0.45905661503088757,0.5461887671392582,0.7777518777278489,6.710428304987012,0,0.0,0.0
5164.000000598207,5164000,299.97579960634107,-309180.1581371068,59941.60827214307,0.3387940882597383,7.311262852087812,0.49891726256217955,0.4533099210916496,0.5361277314273138,0.7750628747997421,6.699569412031067,0,0.0,0.0
5166.000000598615,5166000,301.6295123313238,-307829.11136466404,60272.05559651275,0.34062839568139597,5.428466448727048,0.4960629608681007,0.45412486164595656,0.541571396068182,0.7721593496608037,6.690549608665023,0,0.0,0.0
5168.000000599022,5168000,298.091344230572,-308806.69951726403,59565.053609770584,0.32576173144354614,1.7540418013226649,0.5020319047514197,0.4638504323479107,0.5390544206099861,0.7657226225045992,6.732584947184123,0,0.0,0.0
5170.00000059943,5170000,303.42190875257234,-308370.30662544956,60630.2149023363,0.3151120725185962,2.961928528920442,0.5000038934388488,0.4573292024939102,0.5438224693837195,0.7584620526000379,6.669476389355125,0,0.0,0.0
5172.000000599837,5172000,299.3269977988183,-308466.50102461735,59811.96373467097,0.36102852863421997,4.0528484328890695,0.5014672111514237,0.46044458735001825,0.5392518678521232,0.7754953672949458,6.650626648946719,0,0.0,0.0
5174.000000600245,5174000,301.03610381214554,-308441.106055737,60153.47982790538,0.3366882915304146,3.6959755703798396,0.4987506439679633,0.45939009501437766,0.534365349065677,0.7834811601963843,6.610581277848027,0,0.0,0.0
5176.000000600652,5176000,298.93212728222716,-308680.09398155846,59733.06012359705,0.3198351322627496,0.270990361964508,0.5005929035901593,0.46508045396854225,0.5362629463839514,0.7679015345643267,6.702644319494393,0,0.0,0.0
5178.00000060106,5178000,296.3178152199002,-308469.4644613317,59210.66441785417,0.33208613902243383,5.644590489619783,0.4986448187230748,0.4608814196894784,0.5372326737441568,0.7618024205687037,6.636401770961314,0,0.0,0.0
5180.000000601467,5180000,298.9208978572176,-307447.007234829,59730.81624327095,0.34622823510081707,2.1683142146209207,0.49926005255510136,0.45522949227706244,0.5435492878056039,0.7565218590982674,6.615576879005744,0,0.0,0.0
5182.0000006018745,5182000,297.989888554304,-308283.88468674896,59544.78058637395,0.31510846646018936,6.859694901096959,0.4992389006574078,0.4603612748966004,0.5450028070868482,0.767885773074708,6.685691334652368,0,0.0,0.0
5184.000000602282,5184000,299.6340279210843,-308098.2416658313,59873.31494813808,0.3426941776610257,4.312894515332761,0.501021666621553,0.45794922341674726,0.5395252490425122,0.7683395195069589,6.728270661652033,0,0.0,0.0
5186.000000602689,5186000,300.11784975852794,-306555.95998338005,59969.99294380178,0.34483164430108487,5.5794062552584975,0.4999750460328913,0.4559952682368462,0.5389172077461062,0.7644935636557921,6.667110261786803,0,0.0,0.0
5188.000000603097,5188000,301.99359455481743,-307579.6582050547,60344.80704529011,0.3299392165443884,3.736457421815562,0.5007557438985615,0.4458317732661641,0.5373619260537681,0.7811169806379858,6.670518807029417,0,0.0,0.0
5190.000000603504,5190000,299.2770106595085,-307337.18313708995,59801.97523050801,0.3459925681748861,9.249697954583588,0.49806728560952607,0.45276294515659465,0.5337616738124815,0.7593951409642248,6.685396534579269,0,0.0,0.0
5192.000000603912,5192000,300.3489925871091,-308222.4532700344,60016.18024592384,0.3505582016723728,4.881884513261327,0.4994404115726551,0.45613353999662687,0.5483534288289209,0.7729629765750472,6.644901263587638,0,0.0,0.0
5194.000000604319,5194000,297.27048474629754,-308034.0333984061,59401.028252667034,0.3132623119333877,4.092373727339605,0.5003509024255888,0.4591445975085269,0.5396982354985127,0.7659078672781874,6.570956839720637,0,0.0,0.0
5196.000000604727,5196000,298.3527709290238,-308310.8746915511,59617.292279593414,0.3280626124934535,2.8669316480173404,0.5005720119630747,0.4584843421817455,0.546088116110031,0.7795287073158903,6.6516164978736185,0,0.0,0.0
5198.000000605134,5198000,301.68564064853865,-307848.9953865297,60283.27123993427,0.34592357798078055,5.944607183881129,0.49939815675688914,0.45717149250882283,0.5383757728661411,0.7835216515464964,6.703326809927518,0,0.0,0.0
5200.000000605542,5200000,298.91095412238514,-307526.6118540368,59728.82927145898,0.34662141356760845,7.162774715989707,0.5004712323482521,0.4610335329713786,0.5415936288383065,0.7630035829298958,6.703111387401137,0,0.0,0.0
5202.000000605949,5202000,302.105019246796,-308268.26226068754,60367.07209216119,0.3388441685472207,3.9157007726255606,0.4992559963121808,0.4538754538367018,0.5362820467594727,0.7437548086026888,6.73379377177141,0,0.0,0.0
5204.0000006063565,5204000,302.6433820126182,-308892.6284108921,60474.64853685962,0.35096966378751016,5.8829365323318195,0.5008840616626988,0.4604487272277602,0.5436751018270698,0.7642775935576456,6.749065134188925,0,0.0,0.0
5206.000000606764,5206000,302.05135662940614,-308143.93885000097,60356.34914852819,0.3375729975335954,2.5824237295746038,0.49890357835484156,0.45500973902774877,0.5447339340594697,0.7662826372793194,6.676438392168841,0,0.0,0.0
5208.000000607171,5208000,297.776954216495,-307399.26082128426,59502.231731828404,0.35024213010348815,4.65490693239881,0.500648552677857,0.4615585492300146,0.5383718359626943,0.7837753625185115,6.599002007008465,0,0.0,0.0
5210.000000607579,5210000,301.6884701387084,-307779.7180466275,60283.83663284792,0.34795737598400833,3.2073767842395156,0.5027762204405889,0.4539803615746134,0.5526319652102201,0.7730525618085817,6.6415802610490005,0,0.0,0.0
5212.000000607986,5212000,299.893659561847,-309006.6481400435,59925.19492687662,0.33562885078662186,3.9793453132001555,0.5005468906801339,0.4634468495170623,0.550083896755277,0.7694468193801267,6.666808189812635,0,0.0,0.0
5214.000000608394,5214000,303.3829119097862,-309254.48514137976,60622.42249549147,0.3276334159822363,6.456383300173312,0.5003339263631112,0.46213227801874335,0.5509570473856265,0.7681165165356294,6.799558550469776,0,0.0,0.0
5216.000000608801,5216000,302.08988847547306,-309075.7075225469,60364.048639040346,0.345326265915696,6.096046988896666,0.49944820812109464,0.46599219285318494,0.5383517563046833,0.7685898525063368,6.7203084706489875,0,0.0,0.0
5218.000000609209,5218000,294.9765649853873,-309809.48577591917,58942.65381080654,0.3178044718386348,5.944283567590723,0.5015169317609844,0.4589837046561298,0.5413263323476967,0.7682246736610701,6.749684418510121,0,0.0,0.0
5220.000000609616,5220000,300.00087798861205,-308839.8800083301,59946.619471607024,0.31076167541917066,3.4881412357165096,0.49917182947421535,0.4636151557349302,0.5431083081370538,0.764707346609315,6.769292823834011,0,0.0,0.0
5222.000000610024,5222000,299.6426386126214,-309197.14422143577,59875.035549265725,0.3298538547490182,7.480211262450747,0.5024220423510678,0.45643757125855,0.5466287183227156,0.7726549875395516,6.749569167552224,0,0.0,0.0
5224.000000610431,5224000,296.34397293360206,-308775.5883043427,59215.891290922154,0.33592700223571065,4.827421433444346,0.4972331024880328,0.4542564110961216,0.5388744984798395,0.7572984923595634,6.814174729175868,0,0.0,0.014174729175867817
5226.0000006108385,5226000,298.34852730769256,-309095.63409136515,59616.44431289802,0.33547911052816115,2.8840230180253505,0.5005330236635965,0.45368338616726867,0.543107566318044,0.7747910562853759,6.771315852496045,0,0.0,0.0
5228.000000611246,5228000,300.5741607019915,-308620.64734199597,60061.17367191144,0.34030778782960497,3.257778399014801,0.4986712262450295,0.45321995304160634,0.5339304845336059,0.7731932542747746,6.704040056639886,0,0.0,0.0
5230.000000611653,5230000,301.08716267469947,-307568.61310928874,60163.682485393234,0.33015183777922946,3.393306726235544,0.49913410978114453,0.45885927431102846,0.5372404925045968,0.7673770937290438,6.739723631735057,0,0.0,0.0
5232.000000612061,5232000,301.39545727633646,-306828.6846778821,60225.28636899981,0.3450170931410249,4.084358315893849,0.5010917997416331,0.45569978041359516,0.5319092886804849,0.7520927141579059,6.771375944978274,0,0.0,0.0
5234.000000612468,5234000,304.4748751240498,-308450.03635375574,60840.62020118264,0.32322492882738163,5.836887755587397,0.501111083732686,0.45815932919498337,0.5425862058643368,0.7645142367172717,6.727031376304467,0,0.0,0.0
5236.000000612876,5236000,299.34731132736863,-307610.08853233466,59816.02281401199,0.3322109200234296,2.6020822761911946,0.4993463461036462,0.4630136761400838,0.5399774470519993,0.7623961079919352,6.804608148076468,0,0.0,0.004608148076468588
5238.000000613283,5238000,299.7529634495508,-308523.35640376154,59897.08082147298,0.3260941808890039,5.024466030811348,0.501707313417989,0.461242282270359,0.5422660748623063,0.7749083966448946,6.733780445017217,0,0.0,0.0
5240.000000613691,5240000,299.60602075633795,-307972.0262276544,59867.718515025,0.3337165346990145,4.719733577854917,0.49867405106345,0.4494220945893357,0.5427892798227596,0.7757004748761478,6.6697707765450716,0,0.0,0.0
5242.000000614098,5242000,299.4095044992496,-308213.330633244,59828.45034566949,0.33087225553457406,4.5753032402404745,0.4980627156675354,0.4460525485780238,0.5393232718604185,0.753974250374676,6.710175515468305,0,0.0,0.0
5244.000000614506,5244000,297.8872761380736,-309145.0528789293,59524.27642148595,0.32541801077839894,4.0323447422088385,0.5035242429289843,0.46648064904661934,0.5412825676284676,0.7734046643351382,6.6601280626478285,0,0.0,0.0
5246.000000614913,5246000,298.29283704310393,-309086.5179606676,59605.31620180064,0.3449518660999293,5.922190255768076,0.49849808708626303,0.45634282401840753,0.5341306563884665,0.754865995464904,6.633677183860385,0,0.0,0.0
5248.0000006153205,5248000,300.35321466005826,-308614.48250615876,60017.02390678965,0.31914724380761583,0.8989625344790787,0.5016447992636582,0.4594083598146419,0.5416390311125427,0.7617905193524583,6.68103020629983,0,0.0,0.0
5250.000000615728,5250000,298.009690606768,-308795.6879393244,59548.73746180637,0.3436468164642614,4.225776799504723,0.49881870257922684,0.45820648269877395,0.5484972761806155,0.7744048554403076,6.691414134991234,0,0.0,0.0
5252.000000616135,5252000,300.07681246359766,-308691.850604597,59961.79281078942,0.3375543418022142,6.393616963802719,0.4983989682545289,0.45485328906383016,0.5465029781491442,0.7674658916049095,6.683433574554069,0,0.0,0.0
5254.000000616543,5254000,299.9765542691391,-308803.077192829,59941.759069980355,0.3326974693460775,0.23274200314766047,0.49939218762294174,0.45769207325817884,0.537138634961019,0.7696105724936801,6.697005367451048,0,0.0,0.0
5256.00000061695,5256000,303.6413272354986,-307850.52044092165,60674.059428356384,0.3282085736815888,3.4826442779199303,0.4992503333559907,0.4541809653739488,0.5371441860904891,0.7641502674205016,6.62512583837524,0,0.0,0.0
5258.000000617358,5258000,301.18239871104987,-307855.1979102609,60182.71269113582,0.32599364100096606,2.0994672699832884,0.49863526460484753,0.4586887039361973,0.5521917250521717,0.772050711711799,6.7546539094266365,0,0.0,0.0
5260.000000617765,5260000,304.2149101006672,-307942.41210466484,60788.673605435564,0.34954995804447686,2.8319895740206804,0.5007634391293113,0.45090547749409504,0.5354962333465638,0.7636382246606761,6.625125650257672,0,0.0,0.0
5262.000000618173,5262000,301.76675199529,-308515.6903223689,60299.479029295195,0.3309961871055338,5.506724173937414,0.4998701370800709,0.4520695552288152,0.5427709023330429,0.7625140461324635,6.720751259686672,0,0.0,0.0
5264.00000061858,5264000,300.94462086422266,-308567.3363950886,60135.199569847326,0.3244242457082058,2.9520725106589336,0.5017182818595156,0.45461488345592915,0.5490686513059906,0.7638149940320105,6.651137784832727,0,0.0,0.0
5266.0000006189875,5266000,302.1482421774888,-308695.45597675815,60375.708962146564,0.33885871314780225,0.6211119130328842,0.49928799430397275,0.4682126512770637,0.537629425810044,0.7769796394752868,6.7950110226730125,0,0.0,0.0
5268.000000619395,5268000,301.5986807899814,-307300.08587385016,60265.894792287894,0.3176040779899397,5.262632214867017,0.5002503122145766,0.46502771272439913,0.5359869982047876,0.7589811333019814,6.762004034324107,0,0.0,0.0
5270.000000619802,5270000,301.53788150539054,-308066.14918297436,60253.7457892518,0.3586087386633598,6.5409155573346185,0.49950279358672617,0.46206210474371545,0.5347654518077753,0.7555347487814288,6.749686021664132,0,0.0,0.0
5272.00000062021,5272000,299.9476282465209,-308374.7468823502,59935.97902932731,0.327058030287699,2.548040632209291,0.5005788033933894,0.46578995742728857,0.5477353822643503,0.779425998732636,6.682813128820236,0,0.0,0.0
5274.000000620617,5274000,300.05540527376286,-308591.375366319,59957.515194431806,0.34518782671840864,5.790471827458495,0.4995130989787636,0.4615674230213749,0.5464178533640567,0.7768854979321418,6.769803291659471,0,0.0,0.0
5276.000000621025,5276000,297.404574012124,-308497.76064020535,59427.82216823027,0.36740950956195934,5.613257559279392,0.4986958952783123,0.45599452292739784,0.5346040480872016,0.7647583000918621,6.669889090994481,0,0.0,0.0
5278.000000621432,5278000,300.56622026126917,-307646.10178122716,60059.58700129364,0.3344212409930218,6.592852098472531,0.49852616718867576,0.45806983598281814,0.5458082899044303,0.7683724310762816,6.6141671153515205,0,0.0,0.0
5280.00000062184,5280000,297.33483560959337,-307502.59284799406,59413.88693741665,0.31407275521780076,0.43440556881266223,0.5009862498719108,0.46237173144509214,0.5406691263154517,0.7581647654235057,6.5699663983724435,0,0.0,0.0
5282.000000622247,5282000,300.0714486877733,-307854.0843587681,59960.721013165254,0.3436341591515206,5.695824456401125,0.5019530348561914,0.4566567755492441,0.5459647403029741,0.7667321041029895,6.65622993958722,0,0.0,0.0
5284.000000622655,5284000,299.7921344236223,-308363.6934178984,59904.908023488984,0.3330492140263984,1.9022927372825904,0.49840883820485204,0.4533664537122215,0.5432903180145356,0.7564065055057494,6.566875648768857,0,0.0,0.0
5286.000000623062,5286000,300.71810443275024,-309463.8080261089,60089.936721243066,0.31375817020487484,1.6813547607679056,0.500225527501993,0.4608310052481315,0.5463787348397751,0.7643972491335846,6.674472973982802,0,0.0,0.0
5288.0000006234695,5288000,298.00423563624713,-308938.6413839138,59547.647441522975,0.30996738588979333,4.138511809780314,0.5008297300644071,0.4618761710037429,0.5424103879272195,0.764677807058801,6.665290803921046,0,0.0,0.0
5290.000000623877,5290000,299.7624567950866,-308321.0951511217,59898.977795829065,0.31539453732746214,1.7659654759225216,0.4975626716996432,0.4564189846931428,0.5452767491952075,0.7746725990632211,6.6558131612346685,0,0.0,0.0
5292.000000624284,5292000,299.8166271242499,-308455.38816448534,59909.8021911801,0.3400797467682143,1.092640203539745,0.49924293671584985,0.459629551142795,0.5443159457938096,0.7674055507415805,6.602802405072609,0,0.0,0.0
5294.000000624692,5294000,298.4281673710036,-308191.6872884007,59632.35810822425,0.3124568568716737,2.0149425494412565,0.5007828634894582,0.46201913159296204,0.5418380080069554,0.7721182430309899,6.648057527457489,0,0.0,0.0
5296.000000625099,5296000,300.3427016076978,-308582.5145911183,60014.92317310658,0.32723433508183253,4.718447662804418,0.5007476267515663,0.4576502787370096,0.5376290011447225,0.7806529801064244,6.626108673905316,0,0.0,0.0
5298.000000625507,5298000,301.05314931351273,-308648.60484943213,60156.88588521765,0.31756112840665396,2.3465832634033097,0.4999700897398687,0.4624575188761053,0.5351561941015692,0.7762364415686225,6.607538819407466,0,0.0,0.0
5300.000000625914,5300000,300.2410974583932,-308295.65069313487,59994.62048160803,0.33806605232574416,3.436979091132941,0.5029984952909213,0.4677916102080286,0.5489378895165729,0.7797108402190043,6.684507273796392,0,0.0,0.0
5302.000000626322,5302000,296.6489789787957,-307345.3964738739,59276.838050312836,0.3585765792835929,5.351702549999578,0.5007552521282586,0.45024200351506316,0.5409299855079288,0.7803631330724832,6.7349988458216075,0,0.0,0.0
5304.000000626729,5304000,300.08120210613,-308288.4817748973,59962.669955657344,0.3319549380135206,3.016521330144703,0.498187566710973,0.4669240801493899,0.5336339129528263,0.7737282366025413,6.78326093817077,0,0.0,0.0
5306.000000627137,5306000,300.3096126398159,-308569.79815600254,60008.31128656938,0.32931786686810094,6.588357965211873,0.5005861248115125,0.45350370748800994,0.5603499077266605,0.7636664384393761,6.736129846349115,0,0.0,0.0
5308.000000627544,5308000,300.13675057918425,-308144.98673326336,59973.76973376046,0.3462480122321422,3.615964819365667,0.49979142056505077,0.45444362148117623,0.5394189099734401,0.7689716170724257,6.7099664314077785,0,0.0,0.0
5310.0000006279515,5310000,298.2349639914283,-307490.7332137767,59593.75192295679,0.3290065684471422,4.663563645955635,0.49878780350462276,0.4581699977280017,0.5375056214206535,0.7683769612052158,6.706046272257211,0,0.0,0.0
5312.000000628359,5312000,299.10022703905173,-308752.87626275,59766.650065810536,0.34411069055269317,4.9867178094506555,0.5018728618561443,0.4597544478391393,0.5437539072026993,0.7698396717250109,6.716999093163139,0,0.0,0.0
5314.000000628766,5314000,298.0055649446134,-308613.00156902755,59547.913065888235,0.3351042711209847,6.417721978407373,0.49725477965180426,0.4568813265572924,0.5435551430466496,0.7619229526892364,6.673743615684202,0,0.0,0.0
5316.000000629174,5316000,299.08648426957853,-309005.1999101043,59763.9039652737,0.335451345874134,5.508367898443075,0.49985731976422204,0.45846084261622266,0.5373776283884659,0.7724536370340402,6.688490035740486,0,0.0,0.0
5318.000000629581,5318000,298.22755934656493,-308492.2083589523,59592.272315860566,0.3513344081748859,12.554713585720298,0.5000026413295648,0.4645451212936873,0.5429286443218126,0.7712602826524488,6.613707835620033,0,0.0,0.0
5320.000000629989,5320000,297.7961045783752,-308513.33452066267,59506.05838548379,0.3285660770610477,4.9964484003327705,0.49952997290404655,0.45857338580225004,0.5375012300447306,0.7591191015594321,6.675311568747056,0,0.0,0.0
5322.000000630396,5322000,301.3918431948128,-309078.214479059,60224.56419788055,0.30655382410952536,2.8225439691008756,0.5004329037287661,0.46058408663320805,0.5364781065724928,0.7752694988547209,6.642053680996632,0,0.0,0.0
5324.000000630804,5324000,298.2698137432029,-308704.7596784816,59600.715651937586,0.3271755913668969,4.564383604152277,0.5004283046746129,0.4621808993780423,0.547192999950969,0.7769965740790123,6.640154981534735,0,0.0,0.0
5326.000000631211,5326000,301.4890530622926,-308951.7779353997,60243.98881748089,0.3204555497360544,0.8454405441066808,0.5001753330587504,0.4613549050388439,0.5342050260857043,0.764670596226094,6.677750483950703,0,0.0,0.0
5328.000000631619,5328000,301.64733096301836,-309540.70428810176,60275.61614187136,0.3581994260303919,7.360850684491611,0.5001933463778304,0.4572972728762643,0.5389314964647935,0.7721612125261146,6.630019629181856,0,0.0,0.0
5330.000000632026,5330000,297.35348486778304,-309029.3867567326,59417.61345979091,0.3300945861619723,4.361850850547043,0.5018216439099817,0.45692468603286684,0.5427087535227417,0.7735472632557236,6.617659062765011,0,0.0,0.0
5332.0000006324335,5332000,295.9294142810602,-308459.0971903396,59133.05356738212,0.3276708108768687,2.4390703297983163,0.49797848829084707,0.456814673737691,0.5393101653092263,0.7546557485476342,6.649604659485249,0,0.0,0.0
5334.000000632841,5334000,298.6597792030281,-308313.3530467246,59678.63912730855,0.3553182042303432,3.086349529632795,0.501123701682782,0.46202663117065157,0.5487586164953129,0.7674364031541501,6.652586409310537,0,0.0,0.0
5336.000000633248,5336000,301.9761202211506,-308591.5913796243,60341.31529807301,0.3298238620346353,7.683886027324568,0.5009178005925959,0.4608278040001883,0.5430677344288988,0.7693734499852969,6.6578481060268615,0,0.0,0.0
5338.000000633656,5338000,299.9963378505904,-308762.92059762776,59945.71225450767,0.33987973520254455,4.755133650780241,0.4981746719401504,0.4651864701762385,0.5363226674109907,0.7679993419850124,6.731504915260068,0,0.0,0.0
5340.000000634063,5340000,298.1625030422169,-308382.1217662906,59579.272668835765,0.34120875250113575,2.90051613713259,0.4988667899675469,0.46455937472974507,0.5376003860543941,0.7609615152129034,6.686413094165104,0,0.0,0.0
5342.000000634471,5342000,298.7335188683318,-308335.1766984435,59693.37389637176,0.3271098723288035,4.561670135737098,0.5005182844759695,0.4660188475550866,0.542767409071544,0.7665755794158606,6.628569311320518,0,0.0,0.0
5344.000000634878,5344000,297.87481081567427,-308716.2421200103,59521.78558231416,0.364180308797771,3.5105710909702905,0.4988019168937929,0.45528259838331403,0.5383548941064635,0.7717953557463559,6.790878099476075,0,0.0,0.0
5346.000000635286,5346000,298.45256619726297,-307825.9172295751,59637.23351780015,0.3286049280283355,5.9228580989406785,0.4978229021331583,0.4548122082248298,0.5331785223197985,0.7692687862328622,6.682702904620342,0,0.0,0.0
5348.000000635693,5348000,300.7415624633055,-308459.71699179336,60094.6241396289,0.33247376536089995,2.4178633519922768,0.4994693263673489,0.4580747597936332,0.5374075329074444,0.7670655872138727,6.723094295946012,0,0.0,0.0
5350.000000636101,5350000,296.1237521075457,-308362.16532119736,59171.88643951029,0.3060860837892138,3.3286724908531795,0.4988031605058015,0.4609454278210614,0.544077001660936,0.7654444282741242,6.537130014547074,0,0.0,0.0
5352.000000636508,5352000,301.9123935138275,-308714.16407778533,60328.58133309368,0.3331125808073958,7.323298409035774,0.5010570768862148,0.4649119437426963,0.5442572439041946,0.778851520685091,6.504361545558311,0,0.0,0.0
5354.0000006369155,5354000,301.10329418067965,-308779.8955805367,60166.90590679447,0.33342079665534563,7.942129393987611,0.5011673839816463,0.4657443823590457,0.5403485693049692,0.776652771288239,6.571158061673529,0,0.0,0.0
5356.000000637323,5356000,299.7931702203365,-307690.40112516144,59905.114997921504,0.33761208311786206,2.5676762190641984,0.5021445667221044,0.4567914023918056,0.5503880114205977,0.7752412207879811,6.654015288540606,0,0.0,0.0
5358.00000063773,5358000,300.3781477389564,-308344.4025697941,60022.00607151857,0.33374761462226304,2.444245450548576,0.49714100466301897,0.4521849823807713,0.5436408671996098,0.771400369479549,6.60299753467018,0,0.0,0.0
5360.000000638138,5360000,302.9371413652418,-308691.16860861983,60533.3479654947,0.3392551621596564,1.0860249303487863,0.49828014267678117,0.45743599903233334,0.5408454011187285,0.7509473058152167,6.658880872193961,0,0.0,0.0
5362.000000638545,5362000,296.2392895200556,-307922.28410472395,59194.97329628517,0.32220364281919656,4.404795299824668,0.49849418397438305,0.46279807408723084,0.5360255565300545,0.770002936446117,6.595708519473405,0,0.0,0.0
5364.000000638953,5364000,300.08073707330175,-308508.6420147596,59962.577032109315,0.31824096289867165,5.3014301469162595,0.5004096822979219,0.4568343703297657,0.5392038311821405,0.76292237827065,6.721686501170254,0,0.0,0.0
5366.00000063936,5366000,299.66244186860814,-308808.949173755,59878.99266518784,0.33028218844358437,4.165507946106669,0.4980157737421844,0.4559930651871644,0.5358935583900765,0.7556326767792072,6.6117530289842,0,0.0,0.0
5368.000000639768,5368000,297.34775410663246,-307981.08160340134,59416.468330615695,0.3303249721332875,6.74371645870156,0.5009275247251207,0.45612821868230746,0.549869065422826,0.7756943490676509,6.78069672153579,0,0.0,0.0
5370.000000640175,5370000,301.241592148665,-308492.9029791597,60194.54081145241,0.3084064861142563,8.774339447070085,0.49937981225240585,0.4538243492613896,0.5458409163782472,0.7706016050028754,6.775481302307647,0,0.0,0.0
5372.000000640583,5372000,298.9923935032042,-307969.6150361942,59745.10260907285,0.31841764787934,4.0013341920138705,0.501346904971384,0.4623998291787199,0.5373269072083975,0.76645275983347,6.77085892262788,0,0.0,0.0
5374.00000064099,5374000,299.62135836336296,-308695.0457388526,59870.78329836197,0.3344410236759301,3.0416291725376827,0.49858283165513906,0.4612215538333233,0.5396351964965582,0.7605984665291787,6.72178395837372,0,0.0,0.0
5376.0000006413975,5376000,300.8330645776151,-309229.1715923827,60112.90822754271,0.3300313580025792,1.4905896585158447,0.5021507349047695,0.4483260337197752,0.5451304074977479,0.7616076481812044,6.64171534381758,0,0.0,0.0
5378.000000641805,5378000,301.9409557696038,-308284.41553490143,60334.28868531795,0.3437400249413019,5.144671209992728,0.4997974319079003,0.4660165599725027,0.5413931875702271,0.7665622119801832,6.7363357780648325,0,0.0,0.0
5380.000000642212,5380000,298.10017445066836,-308108.6524953344,59566.81807741986,0.3292565604653039,2.041326694269979,0.4986642385477393,0.4598518119462458,0.5472068856750072,0.7563289646135338,6.724397208148318,0,0.0,0.0
5382.00000064262,5382000,298.3341101899602,-308019.5835746303,59613.56346309393,0.3285751293094793,2.346320670956036,0.500709121485369,0.4583474570107713,0.5389269447295,0.7714026491580315,6.77156567588986,0,0.0,0.0
5384.000000643027,5384000,298.2822168058458,-307608.6236501783,59603.19405027268,0.3350807879570744,0.1310355895782863,0.5015703582388614,0.45930970987463393,0.547691963335037,0.7626187014956347,6.7405181300789,0,0.0,0.0
5386.000000643435,5386000,300.55390259801385,-309141.6729237684,60057.12566759056,0.33444236741398725,3.801482529861823,0.5002155598834696,0.4640397356765251,0.5529416462184873,0.7596334652103032,6.696369227235589,0,0.0,0.0
5388.000000643842,5388000,299.7709219588962,-307864.7260111701,59900.66931739081,0.31914434333614367,2.6366821834166845,0.49960426332230684,0.4574102821390986,0.5412329933551794,0.760269077934101,6.7094263533920255,0,0.0,0.0
5390.00000064425,5390000,302.58425128878133,-308061.8508456396,60462.83294810304,0.3257172969841047,2.5287512342275376,0.4988391121483642,0.4628279652531413,0.5424879105480329,0.7648660142865626,6.663164736475139,0,0.0,0.0
5392.000000644657,5392000,300.24589051771176,-307941.00470512966,59995.57823781528,0.30775814117784317,4.314243708211551,0.5008118367489266,0.4594334746475104,0.5448931806459534,0.774667223232429,6.7320643918799306,0,0.0,0.0
5394.000000645065,5394000,298.2267293175746,-308537.48461357877,59592.106458239185,0.3524163128721829,2.290553761297991,0.5011836220397767,0.453107110321338,0.5376806365514888,0.7828312813709246,6.647240690390333,0,0.0,0.0
5396.000000645472,5396000,298.6456784692144,-308428.9650191339,59675.82149780736,0.31493627463609425,0.24024264696816755,0.499901338752813,0.45790458715537774,0.5406364691133874,0.7716419726473323,6.708244046123099,0,0.0,0.0
5398.0000006458795,5398000,299.9731181088287,-309873.6556274877,59941.07245134126,0.32058400444303803,5.296755830811452,0.5021900331807584,0.46501974894358966,0.541401610202672,0.7677432051824074,6.61315621453312,0,0.0,0.0
5400.000000646287,5400000,297.37460295843005,-308316.65738260234,59421.833307920926,0.3489244992313809,4.880992887656915,0.5012107455833223,0.4623139120748263,0.53717246767566,0.7606956548177486,6.780670914211058,0,0.0,0.0
5402.000000646694,5402000,299.0796602196498,-308827.08136510197,59762.540373516655,0.3122517586412227,1.0935067965116727,0.5015492166024079,0.45824102126933086,0.5425070216776895,0.7522101050150347,6.638766467426777,0,0.0,0.0
5404.000000647102,5404000,301.38545099740224,-308802.12967525236,60223.28689953286,0.338971254836404,2.315987576577914,0.5020243688536606,0.45417270085416794,0.5385773565176546,0.7777906531789291,6.641302949291152,0,0.0,0.0
5406.000000647509,5406000,296.9172515678514,-308321.7800806868,59330.44467612876,0.34200424435068844,2.9140298289687143,0.49929847106189673,0.4556672060779494,0.542203728860803,0.7691111537919604,6.666071634839227,0,0.0,0.0
5408.000000647917,5408000,297.6633928202288,-308040.9982660669,59479.53972554403,0.3578657945249585,8.424794699915273,0.5001935957029059,0.45919969625575474,0.5418247906251104,0.7559561652020275,6.717890494117555,0,0.0,0.0
5410.000000648324,5410000,299.113027797665,-308552.9734428632,59769.207932343066,0.35469243498233805,2.198094668773537,0.5004642155483991,0.4607495911168549,0.5548395678096831,0.7719625213791526,6.670326193510004,0,0.0,0.0
5412.000000648732,5412000,302.0406816551981,-308554.3767140531,60354.21605938189,0.36036457485017115,11.809453732645991,0.5007157716360211,0.4561782398101295,0.5411086485044034,0.760541125903039,6.736822588322063,0,0.0,0.0
5414.000000649139,5414000,301.00816377199544,-308442.85707147,60147.896807728466,0.33063345209249595,1.2023359660483477,0.4995696779539769,0.4584165678214607,0.5400635693938947,0.7777223704515297,6.669043630620614,0,0.0,0.0
5416.000000649547,5416000,301.81513629127534,-308387.38810530445,60309.14725093268,0.33547317063298304,1.4040171143265014,0.498983947149463,0.4567233831518758,0.5389774465245771,0.7707327040004017,6.663080567125888,0,0.0,0.0
5418.000000649954,5418000,300.5328869248688,-308174.265945564,60052.92628467738,0.3318198542548088,5.626984545117054,0.49754774640366867,0.45678861172012386,0.5335946936103664,0.7505287855226399,6.597245829445214,0,0.0,0.0
5420.0000006503615,5420000,302.94759190322605,-309793.00194551423,60535.43620746258,0.3380497705630776,3.9354040000491857,0.5028479108797074,0.45599255516987913,0.549787696474147,0.7671637900232415,6.59081728626964,0,0.0,0.0
5422.000000650769,5422000,301.5892686291976,-308728.46731692646,60264.01404038911,0.33927919035861337,2.6707030673746224,0.4992316781523654,0.457225723680466,0.549978593029433,0.7636840900393049,6.582159837149405,0,0.0,0.0
5424.000000651176,5424000,303.32394135294334,-308318.54569366435,60610.638911540686,0.3187143143237067,2.620469485731616,0.49658966731970994,0.45413960748850357,0.5375311488162255,0.762806514556635,6.641525301230125,0,0.0,0.0
5426.000000651584,5426000,297.3982700578442,-308152.6209653141,59426.56250275558,0.3251505015586129,2.400689293082058,0.4975362682896085,0.4588842628795744,0.5331508531778973,0.7698073846417275,6.663203875655796,0,0.0,0.0
5428.000000651991,5428000,299.0685895225867,-309007.8681749748,59760.328210443746,0.3281968221309877,3.558977458342256,0.49881463640501317,0.4619387370219318,0.5477982736369147,0.7747468412625276,6.6789042401602075,0,0.0,0.0
5430.000000652399,5430000,299.0294219248395,-307891.0653146142,59752.50168308985,0.3307077129502308,3.794007136710597,0.5001551540000723,0.45870454309945075,0.5475923677001671,0.7636909019726703,6.662195584349554,0,0.0,0.0
5432.000000652806,5432000,303.804326745161,-308739.0692660287,60706.63023163304,0.3311946366561883,6.00171386716615,0.5005766934068678,0.4590908734884014,0.5421617883184577,0.7602791553623867,6.659207509427603,0,0.0,0.0
5434.000000653214,5434000,303.3870818883651,-308271.0201239786,60623.25574678311,0.3302147939213721,4.998912299172713,0.5036130169774129,0.46738449758525036,0.5384910273654668,0.7720690898982023,6.682528906248109,0,0.0,0.0
5436.000000653621,5436000,300.1437153795929,-309235.34436589526,59975.16145048673,0.34384959847834895,4.276615127453853,0.5029522238242679,0.4675176638558378,0.5378461058807247,0.7603664635796825,6.666401171360761,0,0.0,0.0
5438.000000654029,5438000,296.5331623318929,-308959.92431720253,59253.695396508265,0.3435651106757133,7.69034996267347,0.49839832009143975,0.456894177268806,0.5372250541842636,0.7680773827023142,6.750797298443199,0,0.0,0.0
5440.000000654436,5440000,302.88160383773203,-309070.46586556453,60522.25037454649,0.3398774835236038,4.029876819170801,0.49869172253391225,0.4624623145012148,0.5389866466891746,0.772283190017395,6.689140266347668,0,0.0,0.0
5442.0000006548435,5442000,299.7170899253279,-307892.9849636322,59889.91252076629,0.33658838585431516,2.8576032896962014,0.5006424799142969,0.4640686429558656,0.5328363990160412,0.7708743006972067,6.700935830095558,0,0.0,0.0
5444.000000655251,5444000,300.43076413389645,-307667.7206331575,60032.51995743313,0.32818528093892985,7.9846726720548125,0.501391516476946,0.46060120022481144,0.5492301106703898,0.7640178604622623,6.650399874202293,0,0.0,0.0
5446.000000655658,5446000,300.88359741705057,-308659.242187229,60123.00577431246,0.3274208621400574,4.988533250553593,0.5013072059469369,0.4630517508673,0.5403226053118864,0.7697776805096019,6.819925637242562,0,0.0,0.019925637242562466
5448.000000656066,5448000,301.74393960170664,-308703.7320058639,60294.9206230447,0.3269414005306357,2.8025575499576756,0.5002141777036994,0.46470268396819403,0.5426602780359033,0.7620701492315725,6.80189622456362,0,0.0,0.0018962245636204855
5450.000000656473,5450000,302.9831874682749,-308398.9999159798,60542.548965955706,0.34201224928094665,1.5746166053067314,0.4998922746305071,0.4621215084839019,0.5430849825112443,0.7793513051333987,6.702082470254041,0,0.0,0.0
5452.000000656881,5452000,301.7122718849996,-308553.72210615734,60288.59273302084,0.3225872990247747,1.7220820685859237,0.5007001039623118,0.45915729705263164,0.5406592295040582,0.770374136724044,6.705444109747688,0,0.0,0.0
5454.000000657288,5454000,300.2705414375548,-308485.43753788434,60000.50402110419,0.30944922505811545,0.8330431643662891,0.4998709878517672,0.46036538431141993,0.5431056897475539,0.7772110064396163,6.706135433517758,0,0.0,0.0
5456.000000657696,5456000,299.7343309810863,-307864.0207043509,59893.35765404646,0.33339985819660845,7.111978244326381,0.4997631495907535,0.45701108771435806,0.5433425599617614,0.7668951340355328,6.6725682248473674,0,0.0,0.0
5458.000000658103,5458000,297.91995767853905,-308386.411277479,59530.80689527377,0.3391008808653775,1.0297177425088286,0.5003208655836684,0.45477315369955607,0.5391578135791351,0.7642418991768984,6.665197714990086,0,0.0,0.0
5460.0000006585105,5460000,301.3899187720194,-308706.2558964365,60224.17965686963,0.3162424568335065,2.213492704500221,0.49734016701946493,0.4593856640846895,0.5419144632606602,0.7695519480525359,6.624700807422272,0,0.0,0.0
5462.000000658918,5462000,299.7209162595561,-307682.1444710875,59890.67710453512,0.33707827785490796,5.740421500917096,0.4998845533073778,0.4592387669916585,0.5386114850530852,0.7712341020231737,6.712964017853622,0,0.0,0.0
5464.000000659325,5464000,300.8219257929662,-308095.0195469395,60110.68245910764,0.35506117426576733,2.721953360679888,0.5006318422982555,0.463877782770294,0.5489546493704403,0.7757187437350388,6.796815006225565,0,0.0,0.0
5466.000000659733,5466000,302.13739756559687,-307542.4095316315,60373.5419757472,0.34929341199685293,6.467988366384899,0.5004693333191998,0.4580439749200247,0.5373125830801815,0.7707710364073099,6.6435905305482095,0,0.0,0.0
5468.00000066014,5468000,299.4903464380593,-307288.1353467996,59844.60430153676,0.34158632568872216,4.486012958584283,0.502143901088697,0.4631167272412702,0.540409453386701,0.7796206651846056,6.682133359938192,0,0.0,0.0
5470.000000660548,5470000,300.53352651629507,-308501.09808821883,60053.05408878284,0.30951676630439795,2.1156446937297035,0.5002616407125057,0.45452388227858265,0.5415415113733699,0.7634328374730082,6.775966727508774,0,0.0,0.0
5472.000000660955,5472000,297.9085103377597,-308741.1057755668,59528.519470696,0.3318132543664354,6.474508134537659,0.5003658549538619,0.4550445784305879,0.5490709939861294,0.7656046097549822,6.711132335311504,0,0.0,0.0
5474.000000661363,5474000,299.6948899660524,-308607.29558898555,59885.47649204565,0.3278237945170704,2.3162261790683787,0.4999054525238327,0.46198840317170564,0.5383854602275928,0.7666668238820709,6.685980952645309,0,0.0,0.0
5476.00000066177,5476000,299.5429917778808,-308138.1421244079,59855.12397126037,0.3108987859351299,0.8112534291067665,0.5010598350457248,0.46699993597653844,0.5380060337681485,0.7684016924237858,6.648959564614842,0,0.0,0.0
5478.000000662178,5478000,299.8992417457175,-308047.8216581815,59926.310367119826,0.3013638621647373,3.4067359971053386,0.4985936977649337,0.4649530761944156,0.5358385942760462,0.7672418545055031,6.656264586372075,0,0.0,0.0
5480.000000662585,5480000,297.7751153747809,-308246.84499649704,59501.86429175542,0.35627208382811715,5.4003890210023116,0.5000358129771264,0.45558918643863766,0.5460496260049705,0.7814192321301938,6.796784773318379,0,0.0,0.0
5482.0000006629925,5482000,296.95128332225045,-308061.18301532837,59337.24495166325,0.34992045524445914,6.554628700304455,0.5012892189334863,0.45126500325926555,0.5432146671718376,0.7680711689824857,6.755349972331004,0,0.0,0.0
5484.0000006634,5484000,300.4594392704249,-307899.4470633622,60038.24986565638,0.3197689980133849,3.8336196798315667,0.4978563628136812,0.45025063988667213,0.5376315733445072,0.7606204168802145,6.7585143647340296,0,0.0,0.0
5486.000000663807,5486000,299.16006645334517,-307355.08776700404,59778.607266143095,0.3648635584307468,3.961261247288606,0.5012297624334863,0.4605753365819325,0.5425561408639581,0.7740957973970328,6.739466008314565,0,0.0,0.0
5488.000000664215,5488000,300.72787145984694,-308243.4019705686,60091.88838305372,0.3159222721525148,2.490425688194318,0.5006521836116277,0.4639381280933579,0.5392249546262882,0.7661920124211217,6.72109224610438,0,0.0,0.0
5490.000000664622,5490000,300.75878772294095,-307605.77688615024,60098.0661165044,0.3415223044925735,3.5373138403465396,0.501592266951113,0.46290977732762784,0.5398246359821233,0.7652593530970648,6.644341327761154,0,0.0,0.0
5492.00000066503,5492000,297.8155063756165,-308787.0365525824,59509.93528132519,0.3436477303830925,1.7876589222689627,0.5007639698778765,0.4632447251020535,0.5421596442500931,0.7700937541380721,6.642324227643172,0,0.0,0.0
5494.000000665437,5494000,303.0988136130424,-308538.2141717323,60565.653553341646,0.3564233574313963,4.391220391485891,0.500204144692204,0.4594623997970708,0.541878039228576,0.7726853137850433,6.728319205077749,0,0.0,0.0
5496.000000665845,5496000,300.2151224236136,-307005.8071391322,59989.43011171266,0.35075199821191305,13.415622276824248,0.5004608911916548,0.46167571078838865,0.5416594810527893,0.7769226727217937,6.650664318321896,0,0.0,0.0
5498.000000666252,5498000,297.27416683023665,-308081.1356551978,59401.7640121296,0.32951764895000113,2.5623148576740737,0.5009607891777498,0.45791151694654886,0.5413229662775159,0.7729608684486031,6.593715354022535,0,0.0,0.0
5500.00000066666,5500000,304.50493131398133,-308372.3850688832,60846.626073540996,0.32860200220780067,6.852653070272982,0.49607601168237125,0.44963181260453156,0.5418579621042356,0.7629082713134645,6.589847789861835,0,0.0,0.0
