time_ps,time_ns,x_relative_nm,y_relative_nm,net_displacement_nm,pyrene_step_nm,graphene_collective_step_nm
502.000,0.000000,0.00000000,0.00000000,0.00000000,0.00000000,0.00000000
504.000,0.002000,-0.01175751,-0.07672634,0.07762197,0.07762197,0.02750517
506.000,0.004000,0.02908607,-0.01569013,0.03304814,0.07344125,0.03275366
508.000,0.006000,0.04130263,0.11888895,0.12585900,0.13513243,0.01535401
510.000,0.008000,0.04097692,0.01652935,0.04418515,0.10236012,0.00116339
512.000,0.010000,-0.00962427,-0.00381532,0.01035293,0.05453793,0.01273384
514.000,0.012000,0.06580894,0.05309044,0.08455419,0.09449039,0.01686851
516.000,0.014000,0.13246135,0.05235893,0.14243408,0.06665642,0.04586516
518.000,0.016000,0.07868678,0.04645269,0.09137539,0.05409795,0.00270404
520.000,0.018000,-0.00960789,0.09779981,0.09827062,0.10213949,0.01462395
522.000,0.020000,0.04666176,0.13524637,0.14306957,0.06759081,0.04232928
524.000,0.022000,0.05132658,0.14286545,0.15180565,0.00893369,0.03621702
526.000,0.024000,0.05159797,0.16681489,0.17461259,0.02395097,0.02392014
528.000,0.026000,0.10539035,0.13001273,0.16736319,0.06517683,0.02511476
530.000,0.028000,0.08825025,0.16910522,0.19074769,0.04268495,0.00728304
532.000,0.030000,0.03199705,0.14108214,0.14466507,0.06284676,0.04891841
534.000,0.032000,0.01541019,0.13876106,0.13961413,0.01674847,0.03871279
536.000,0.034000,0.03195977,0.02686472,0.04175093,0.11311357,0.02561766
538.000,0.036000,0.00700223,0.09701376,0.09726613,0.07445647,0.02405725
540.000,0.038000,-0.00663995,0.13769151,0.13785152,0.04290441,0.00806463
542.000,0.040000,0.07040766,0.07437494,0.10241519,0.09972624,0.01994790
544.000,0.042000,0.10931690,0.05773733,0.12362760,0.04231712,0.03511886
546.000,0.044000,0.14408813,0.01539512,0.14490824,0.05478961,0.02096902
548.000,0.046000,0.24228405,0.07877934,0.25476999,0.11687600,0.03795492
550.000,0.048000,0.19216081,0.10937408,0.22110737,0.05872289,0.01189388
552.000,0.050000,0.17419639,0.08084160,0.19204100,0.03371681,0.03113592
554.000,0.052000,0.15973036,0.15748279,0.22430920,0.07799447,0.01461354
556.000,0.054000,0.13583753,0.26714885,0.29970042,0.11223864,0.02441102
558.000,0.056000,0.12271800,0.28658727,0.31175627,0.02345153,0.00810570
560.000,0.058000,0.13272977,0.30260860,0.33043782,0.01889228,0.03438997
562.000,0.060000,0.08982580,0.31609245,0.32860784,0.04497293,0.01682141
564.000,0.062000,0.11373545,0.28609980,0.30787797,0.03835663,0.03220086
566.000,0.064000,0.11849026,0.25798018,0.28389032,0.02851879,0.01185951
568.000,0.066000,0.15479663,0.23404662,0.28060616,0.04348525,0.00064311
570.000,0.068000,0.31291408,0.37152423,0.48574219,0.20952618,0.04176213
572.000,0.070000,0.33755948,0.30901445,0.45764214,0.06719277,0.02281197
574.000,0.072000,0.33632217,0.35085562,0.48601673,0.04185946,0.02452504
576.000,0.074000,0.22438378,0.34849817,0.41448650,0.11196321,0.01058134
578.000,0.076000,0.21472494,0.27979822,0.35269512,0.06937561,0.03857485
580.000,0.078000,0.27568618,0.22957466,0.35875813,0.07898530,0.02978172
582.000,0.080000,0.23807236,0.20304609,0.31289961,0.04602786,0.02762163
584.000,0.082000,0.26496972,0.18021706,0.32044834,0.03527935,0.02383015
586.000,0.084000,0.22559111,0.21153746,0.30925628,0.05031544,0.00035156
588.000,0.086000,0.31686047,0.13717113,0.34527739,0.11773040,0.00524388
590.000,0.088000,0.28128608,0.21941302,0.35674071,0.08960617,0.00962321
592.000,0.090000,0.29214270,0.13315817,0.32105834,0.08693541,0.01588475
594.000,0.092000,0.30152696,0.21951940,0.37297088,0.08686960,0.01723128
596.000,0.094000,0.32403555,0.14231331,0.35390976,0.08042025,0.02430857
598.000,0.096000,0.21617005,0.15910070,0.26840739,0.10916402,0.01886052
600.000,0.098000,0.13317727,0.20829484,0.24723051,0.09647728,0.03137995
602.000,0.100000,0.07798997,0.24014540,0.25249208,0.06371888,0.03708228
604.000,0.102000,0.03799166,0.45703272,0.45860906,0.22054472,0.01511621
606.000,0.104000,0.21282407,0.46990352,0.51585211,0.17530553,0.01112837
608.000,0.106000,0.22742927,0.56361023,0.60776686,0.09483807,0.02496165
610.000,0.108000,0.17281058,0.56903847,0.59470015,0.05488776,0.00824838
612.000,0.110000,0.32429653,0.54473308,0.63395771,0.15342342,0.01626922
614.000,0.112000,0.35915527,0.64940126,0.74210141,0.11032025,0.03208767
616.000,0.114000,0.47490110,0.65649461,0.81025689,0.11596299,0.02056418
618.000,0.116000,0.43269119,0.56416948,0.71099147,0.10151653,0.01805795
620.000,0.118000,0.43498609,0.53816046,0.69197513,0.02611007,0.03009483
622.000,0.120000,0.50315504,0.50845129,0.71532350,0.07436155,0.02947041
624.000,0.122000,0.42742369,0.46143195,0.62897572,0.08914065,0.02914311
626.000,0.124000,0.40716221,0.50267985,0.64689110,0.04595559,0.01506483
628.000,0.126000,0.50369718,0.36040756,0.61935810,0.17193140,0.01142714
630.000,0.128000,0.49330132,0.39290618,0.63065161,0.03412088,0.03624731
632.000,0.130000,0.48373548,0.39417870,0.62400069,0.00965011,0.00609257
634.000,0.132000,0.47505525,0.37771977,0.60691821,0.01860760,0.03934153
636.000,0.134000,0.46302518,0.32407294,0.56516864,0.05497912,0.01130125
638.000,0.136000,0.49309488,0.37816205,0.62140896,0.06188552,0.02430198
640.000,0.138000,0.42287484,0.49154747,0.64841502,0.13336832,0.05017325
642.000,0.140000,0.46049713,0.40792296,0.61519001,0.09169785,0.03511275
644.000,0.142000,0.47468200,0.25263476,0.53772421,0.15593471,0.03067324
646.000,0.144000,0.44059704,0.31589452,0.54213937,0.07185807,0.00511603
648.000,0.146000,0.39740671,0.27279202,0.48202446,0.06101828,0.01800465
650.000,0.148000,0.31567015,0.32528490,0.45327465,0.09714096,0.01251611
652.000,0.150000,0.24723457,0.26991598,0.36603220,0.08802923,0.03440331
654.000,0.152000,0.23518614,0.23628659,0.33338248,0.03572255,0.01645165
656.000,0.154000,0.18613145,0.15373896,0.24141372,0.09602330,0.02352799
658.000,0.156000,0.18571528,0.11567998,0.21879676,0.03806125,0.01899960
660.000,0.158000,0.22618873,0.19435676,0.29822121,0.08847675,0.02920757
662.000,0.160000,0.17011661,0.20157423,0.26376473,0.05653471,0.01455106
664.000,0.162000,0.20904976,0.22824111,0.30950898,0.04719018,0.01484500
666.000,0.164000,0.12023352,0.16994924,0.20817983,0.10623685,0.01588764
668.000,0.166000,0.16157289,0.32849422,0.36607957,0.16384582,0.00973824
670.000,0.168000,0.26467416,0.19670397,0.32976487,0.16732764,0.01072445
672.000,0.170000,0.27605791,0.15682569,0.31749372,0.04147128,0.03240709
674.000,0.172000,0.21485623,0.14403298,0.25866716,0.06252439,0.04961412
676.000,0.174000,0.25391651,0.06496532,0.26209557,0.08818957,0.02367246
678.000,0.176000,0.31906080,0.06578193,0.32577148,0.06514941,0.03215778
680.000,0.178000,0.27706021,0.09462800,0.29277435,0.05095238,0.02028927
682.000,0.180000,0.33678034,0.21647015,0.40035025,0.13569084,0.01009826
684.000,0.182000,0.32660359,0.21660709,0.39190373,0.01017767,0.02510025
686.000,0.184000,0.27658439,0.13411291,0.30738445,0.09647388,0.01865285
688.000,0.186000,0.32435683,0.23326049,0.39952198,0.11005657,0.01117322
690.000,0.188000,0.32591277,0.20144766,0.38314527,0.03185085,0.02366664
692.000,0.190000,0.31929320,0.09243000,0.33240254,0.10921845,0.04869456
694.000,0.192000,0.22001822,0.20558324,0.30111873,0.15052966,0.02448940
696.000,0.194000,0.27291755,0.15463194,0.31367981,0.07344640,0.01322161
698.000,0.196000,0.20341969,0.07918538,0.21828855,0.10257747,0.02129084
700.000,0.198000,0.12191437,0.03587157,0.12708219,0.09229953,0.02117084
702.000,0.200000,0.09115596,0.05580369,0.10688059,0.03665200,0.01279425
704.000,0.202000,0.15400812,0.03257259,0.15741498,0.06700804,0.04366230
706.000,0.204000,0.09457066,0.05529118,0.10954782,0.06363133,0.00721031
708.000,0.206000,0.02298831,0.13643062,0.13835380,0.10820185,0.02546490
710.000,0.208000,-0.04247607,0.24012242,0.24385035,0.12262780,0.03626880
712.000,0.210000,-0.09092834,0.21874992,0.23689553,0.05295664,0.01905938
714.000,0.212000,-0.12918668,0.17473765,0.21730726,0.05831622,0.02667941
716.000,0.214000,-0.13871292,0.26983604,0.30340198,0.09557433,0.01116037
718.000,0.216000,-0.10981768,0.20815319,0.23534586,0.06811540,0.02252811
720.000,0.218000,-0.14504247,0.28703833,0.32160274,0.08639242,0.03910135
722.000,0.220000,-0.03625364,0.33851270,0.34044850,0.12035207,0.03209434
724.000,0.222000,-0.03036128,0.43352002,0.43458188,0.09518986,0.02342230
726.000,0.224000,-0.04435745,0.44095840,0.44318382,0.01584999,0.00808688
728.000,0.226000,0.07065869,0.49389077,0.49891957,0.12661180,0.00874894
730.000,0.228000,0.02562074,0.67535169,0.67583750,0.18696652,0.02666392
732.000,0.230000,0.02346799,0.59672592,0.59718721,0.07865524,0.03374126
734.000,0.232000,0.01222709,0.45102370,0.45118941,0.14613519,0.02690873
736.000,0.234000,-0.06813999,0.44655341,0.45172227,0.08049131,0.02170741
738.000,0.236000,-0.01635104,0.28416369,0.28463373,0.17044799,0.01992970
740.000,0.238000,0.01566669,0.34043151,0.34079181,0.06473950,0.01026714
742.000,0.240000,0.01074472,0.43069580,0.43082980,0.09039838,0.04386769
744.000,0.242000,-0.05268616,0.27532341,0.28031913,0.16782149,0.00688163
746.000,0.244000,-0.08811176,0.33238286,0.34386342,0.06716215,0.00772927
748.000,0.246000,-0.02770521,0.35132970,0.35242040,0.06330825,0.02256688
750.000,0.248000,0.00382737,0.27652755,0.27655403,0.08117676,0.01158659
752.000,0.250000,-0.01868002,0.24356641,0.24428168,0.03991264,0.01418243
754.000,0.252000,-0.02742274,0.15265809,0.15510158,0.09132775,0.02072228
756.000,0.254000,-0.03146885,0.15314467,0.15634442,0.00407526,0.01074419
758.000,0.256000,-0.03168406,0.20713426,0.20954351,0.05399003,0.01326429
760.000,0.258000,-0.01843820,0.12618507,0.12752505,0.08202576,0.01954740
762.000,0.260000,0.05890701,-0.00596704,0.05920846,0.15312238,0.02937588
764.000,0.262000,0.01512152,-0.08493150,0.08626715,0.09029151,0.04254923
766.000,0.264000,-0.03177330,-0.07841536,0.08460798,0.04734537,0.03059777
768.000,0.266000,-0.05086759,-0.03951163,0.06441025,0.04333696,0.00837207
770.000,0.268000,-0.11539490,-0.08634986,0.14412592,0.07973452,0.00826911
772.000,0.270000,-0.19728575,0.01771337,0.19807936,0.13242080,0.04602870
774.000,0.272000,-0.24639987,0.12267322,0.27524828,0.11588255,0.03783191
776.000,0.274000,-0.23833227,0.22892691,0.33046906,0.10655953,0.05556164
778.000,0.276000,-0.20236408,0.23928184,0.31337999,0.03742907,0.02511956
780.000,0.278000,-0.28963523,0.25807431,0.38793158,0.08927155,0.04459742
782.000,0.280000,-0.25316975,0.33972201,0.42368144,0.08942080,0.03576381
784.000,0.282000,-0.26916792,0.34571312,0.43814259,0.01708317,0.00217844
786.000,0.284000,-0.19192634,0.26127480,0.32419167,0.11443816,0.01468057
788.000,0.286000,-0.23151785,0.26255137,0.35004819,0.03961208,0.03334556
790.000,0.288000,-0.31288040,0.21688343,0.38070010,0.09330287,0.02476902
792.000,0.290000,-0.24933783,0.29162633,0.38368642,0.09810280,0.01488953
794.000,0.292000,-0.18158809,0.15546984,0.23905042,0.15208096,0.03609241
796.000,0.294000,-0.16137665,0.08363789,0.18176281,0.07462125,0.01754363
798.000,0.296000,-0.11079415,0.01530898,0.11184681,0.08501429,0.03232479
800.000,0.298000,-0.14384407,0.11817694,0.18616365,0.10804682,0.01187363
802.000,0.300000,-0.15582947,0.08780636,0.17886526,0.03265000,0.02257649
804.000,0.302000,-0.22523482,0.09967461,0.24630418,0.07041277,0.02372010
806.000,0.304000,-0.18715653,0.14113422,0.23440656,0.05629259,0.01844149
808.000,0.306000,-0.25807192,0.03576556,0.26053846,0.12701002,0.01339168
810.000,0.308000,-0.32972781,0.03734734,0.33183618,0.07167335,0.00221264
812.000,0.310000,-0.31664856,0.10802688,0.33456855,0.07187951,0.00744044
814.000,0.312000,-0.31060581,0.17256488,0.35532324,0.06482028,0.02913021
816.000,0.314000,-0.25867177,0.22089626,0.34015620,0.07094411,0.03734252
818.000,0.316000,-0.15322556,0.14758155,0.21274019,0.12842877,0.01513061
820.000,0.318000,-0.10119958,0.13013287,0.16485120,0.05487403,0.04416844
822.000,0.320000,-0.16494201,0.09656442,0.19112968,0.07204123,0.03535430
824.000,0.322000,-0.13632944,0.11075533,0.17564868,0.03193840,0.01044801
826.000,0.324000,-0.20215121,0.16266691,0.25947184,0.08382910,0.01238866
828.000,0.326000,-0.19417521,0.17237124,0.25964564,0.01256147,0.03345724
830.000,0.328000,-0.17756188,0.15173177,0.23356102,0.02649511,0.04900858
832.000,0.330000,-0.19107124,0.19334710,0.27182958,0.04375316,0.01455094
834.000,0.332000,-0.23126169,0.10957109,0.25590583,0.09291766,0.01184735
836.000,0.334000,-0.16898879,0.16167137,0.23386928,0.08119331,0.02372797
838.000,0.336000,-0.09286618,0.14269116,0.17024951,0.07845317,0.03186380
840.000,0.338000,-0.19539416,0.18501877,0.26909259,0.11092166,0.01289884
842.000,0.340000,-0.15033946,0.23331050,0.27755314,0.06604557,0.03019524
844.000,0.342000,-0.16862710,0.13728516,0.21744497,0.09775124,0.04741364
846.000,0.344000,-0.23873650,0.06073787,0.24634164,0.10380180,0.05353271
848.000,0.346000,-0.21120181,0.06569653,0.22118373,0.02797762,0.02411974
850.000,0.348000,-0.20617363,-0.10513755,0.23143351,0.17090807,0.04216738
852.000,0.350000,-0.02566830,-0.19477666,0.19646071,0.20153745,0.04469702
854.000,0.352000,-0.06607251,-0.15496822,0.16846580,0.05672047,0.01786922
856.000,0.354000,-0.04961182,-0.24917724,0.25406816,0.09563626,0.00231482
858.000,0.356000,-0.02001372,-0.11780340,0.11949138,0.13466675,0.02693769
860.000,0.358000,-0.02236011,-0.10895908,0.11122974,0.00915028,0.04315656
862.000,0.360000,-0.09495658,-0.18339268,0.20651787,0.10397408,0.01944406
864.000,0.362000,-0.04511478,-0.06520529,0.07929107,0.12826716,0.04208513
866.000,0.364000,0.04560659,-0.12521498,0.13326197,0.10877283,0.01330215
868.000,0.366000,0.05793305,-0.24192809,0.24876784,0.11736222,0.03145150
870.000,0.368000,0.01944814,-0.22364280,0.22448682,0.04260798,0.05492535
872.000,0.370000,0.07309802,-0.22821181,0.23963295,0.05384408,0.04203666
874.000,0.372000,0.07505873,-0.14123732,0.15994310,0.08699659,0.01715949
876.000,0.374000,0.03040735,-0.28456436,0.28618435,0.15012124,0.03248243
878.000,0.376000,0.02687472,-0.22185062,0.22347247,0.06281316,0.03501612
880.000,0.378000,0.03098438,-0.31906076,0.32056170,0.09729698,0.01192443
882.000,0.380000,0.06577075,-0.33218015,0.33862877,0.03717808,0.02323679
884.000,0.382000,0.05833006,-0.38048530,0.38493046,0.04887485,0.01573469
886.000,0.384000,0.07960721,-0.32757597,0.33711025,0.05702731,0.01743665
888.000,0.386000,0.13648608,-0.26867437,0.30135422,0.08188165,0.00926074
890.000,0.388000,0.02610117,-0.23912920,0.24054946,0.11427050,0.01984708
892.000,0.390000,-0.00194180,-0.37073678,0.37074187,0.13456212,0.02495114
894.000,0.392000,0.01592027,-0.39825869,0.39857677,0.03281020,0.01697334
896.000,0.394000,-0.01439506,-0.49891365,0.49912127,0.10512107,0.03131872
898.000,0.396000,-0.03751021,-0.38694247,0.38875634,0.11433221,0.01775891
900.000,0.398000,-0.07941847,-0.34683636,0.35581280,0.05800692,0.03354956
902.000,0.400000,-0.09184975,-0.40649873,0.41674644,0.06094371,0.03936898
904.000,0.402000,-0.10157027,-0.40924705,0.42166298,0.01010158,0.03245419
906.000,0.404000,-0.05433648,-0.46031097,0.46350689,0.06955972,0.01314119
908.000,0.406000,-0.08777607,-0.40344191,0.41288015,0.06597192,0.03048406
910.000,0.408000,-0.01585804,-0.49421579,0.49447015,0.11581062,0.03599650
912.000,0.410000,-0.00898139,-0.56146116,0.56153299,0.06759606,0.01831237
914.000,0.412000,-0.04211698,-0.59333186,0.59482479,0.04597509,0.02481873
916.000,0.414000,-0.06245973,-0.63450290,0.63756972,0.04592256,0.02022188
918.000,0.416000,-0.09075149,-0.81762672,0.82264772,0.18529640,0.01164030
920.000,0.418000,-0.10705053,-0.78756258,0.79480478,0.03419811,0.01824992
922.000,0.420000,-0.22672339,-0.76607031,0.79891628,0.12158747,0.02915253
924.000,0.422000,-0.15754256,-0.75435561,0.77063094,0.07016568,0.01420440
926.000,0.424000,-0.18287830,-0.71436210,0.73739927,0.04734322,0.01999853
928.000,0.426000,-0.20833326,-0.71321112,0.74301605,0.02548096,0.03610332
930.000,0.428000,-0.17433425,-0.72495228,0.74561937,0.03596926,0.02206580
932.000,0.430000,-0.22087929,-0.68528951,0.72000651,0.06115207,0.01024860
934.000,0.432000,-0.17177427,-0.69975019,0.72052532,0.05118998,0.01701505
936.000,0.434000,-0.20990680,-0.75706856,0.78562947,0.06884392,0.03756959
938.000,0.436000,-0.10524760,-0.83361679,0.84023450,0.12966565,0.02997117
940.000,0.438000,0.00037847,-0.69135894,0.69135904,0.17718398,0.02626489
942.000,0.440000,-0.02722698,-0.84561680,0.84605501,0.15670848,0.05158155
944.000,0.442000,-0.06093736,-0.92501458,0.92701959,0.08625773,0.02798689
946.000,0.444000,-0.11190321,-1.01898282,1.02510893,0.10689971,0.02662704
948.000,0.446000,-0.02025411,-1.01444652,1.01464869,0.09176129,0.02280624
950.000,0.448000,-0.04352295,-1.06317860,1.06406907,0.05400236,0.04247742
952.000,0.450000,0.00051112,-1.08114051,1.08114063,0.04755659,0.01607936
954.000,0.452000,-0.10097950,-1.05211711,1.05695188,0.10555901,0.02358344
956.000,0.454000,-0.19100370,-0.99224997,1.01046644,0.10811304,0.02306306
958.000,0.456000,-0.15150770,-0.83853781,0.85211516,0.15870526,0.02726361
960.000,0.458000,-0.13751250,-0.80618450,0.81782831,0.03525057,0.00546899
962.000,0.460000,-0.10112519,-0.90678699,0.91240832,0.10698082,0.02909482
964.000,0.462000,-0.13670903,-0.93128351,0.94126422,0.04320057,0.01384516
966.000,0.464000,-0.18408050,-0.91908620,0.93733936,0.04891657,0.02590317
968.000,0.466000,-0.13303182,-0.96870587,0.97779780,0.07119045,0.04239556
970.000,0.468000,-0.20204395,-0.95351181,0.97468279,0.07066493,0.01926073
972.000,0.470000,-0.22374040,-0.98425002,1.00936012,0.03762410,0.01113026
974.000,0.472000,-0.35063851,-1.00352180,1.06301617,0.12835315,0.01762258
976.000,0.474000,-0.33393564,-0.98046386,1.03577140,0.02847200,0.00938092
978.000,0.476000,-0.33828392,-0.94154703,1.00047330,0.03915900,0.01361664
980.000,0.478000,-0.27829655,-0.90925681,0.95089270,0.06812593,0.00938319
982.000,0.480000,-0.28321740,-0.92340543,0.96586215,0.01497993,0.02579540
984.000,0.482000,-0.09464206,-0.93273391,0.93752315,0.18880593,0.01164869
986.000,0.484000,-0.04091413,-1.04573612,1.04653620,0.12512471,0.00793122
988.000,0.486000,-0.08163804,-0.96915019,0.97258257,0.08674008,0.02636467
990.000,0.488000,-0.08663825,-0.97307988,0.97692919,0.00635960,0.05282067
992.000,0.490000,0.03513694,-0.97832611,0.97895689,0.12188814,0.03746301
994.000,0.492000,0.08977588,-0.99258083,0.99663254,0.05646778,0.03557926
996.000,0.494000,0.09514499,-1.04441823,1.04874306,0.05211472,0.03977187
998.000,0.496000,0.06129718,-1.07379769,1.07554582,0.04481994,0.01494355
1000.000,0.498000,-0.00060011,-1.04280835,1.04280852,0.06922148,0.02689370
1002.000,0.500000,0.02899653,-0.98714639,0.98757217,0.06304137,0.02648822
1004.000,0.502000,0.12187920,-0.99011444,0.99758767,0.09293009,0.04316758
1006.000,0.504000,0.10971102,-1.00637321,1.01233569,0.02030794,0.00817866
1008.000,0.506000,0.13283060,-0.98055799,0.98951399,0.03465459,0.00194523
1010.000,0.508000,0.13781067,-0.93774210,0.94781434,0.04310455,0.00702351
1012.000,0.510000,0.23342491,-0.87165320,0.90236716,0.11623177,0.02110475
1014.000,0.512000,0.28908751,-0.83985482,0.88821602,0.06410509,0.03938013
1016.000,0.514000,0.20348317,-0.90056146,0.92326397,0.10494475,0.03000363
1018.000,0.516000,0.31156940,-0.88486633,0.93811722,0.10921982,0.00575295
1020.000,0.518000,0.26597962,-0.91445572,0.95235205,0.05435034,0.02605236
1022.000,0.520000,0.20025035,-0.99467751,1.01463469,0.10371053,0.04480903
1024.000,0.522000,0.21105592,-0.95097981,0.97411868,0.04501388,0.03759684
1026.000,0.524000,0.12689027,-0.93530672,0.94387489,0.08561250,0.01509957
1028.000,0.526000,0.22978106,-0.87584414,0.90548456,0.11883733,0.03214290
1030.000,0.528000,0.20719353,-0.89923543,0.92279658,0.03251690,0.02649024
1032.000,0.530000,0.11603998,-0.90774042,0.91512728,0.09154947,0.03005650
1034.000,0.532000,0.18573588,-0.95613460,0.97400780,0.08484995,0.03496934
1036.000,0.534000,0.16861778,-0.92646688,0.94168617,0.03425205,0.01379339
1038.000,0.536000,0.21725263,-0.92381625,0.94901800,0.04870703,0.00786530
1040.000,0.538000,0.22471821,-0.85310552,0.88220593,0.07110373,0.02280947
1042.000,0.540000,0.24121672,-0.72891808,0.76779364,0.12527858,0.02215258
1044.000,0.542000,0.29917739,-0.69193148,0.75384102,0.06875644,0.02349396
1046.000,0.544000,0.26466263,-0.72752941,0.77417398,0.04958307,0.01024814
1048.000,0.546000,0.32987081,-0.72016488,0.79211881,0.06562273,0.03259777
1050.000,0.548000,0.25274043,-0.71880786,0.76194649,0.07714232,0.04163887
1052.000,0.550000,0.22228408,-0.73990017,0.77256875,0.03704693,0.02435497
1054.000,0.552000,0.27858713,-0.77456314,0.82313963,0.06611773,0.03155522
1056.000,0.554000,0.29245011,-0.78713741,0.83970969,0.01871615,0.01816738
1058.000,0.556000,0.27742869,-0.79406331,0.84113211,0.01654119,0.04451582
1060.000,0.558000,0.20642924,-0.89501412,0.91851146,0.12341794,0.03458461
1062.000,0.560000,0.25768090,-0.91939907,0.95482674,0.05675701,0.01635990
1064.000,0.562000,0.24821057,-0.85083442,0.88630001,0.06921559,0.01355852
1066.000,0.564000,0.25017315,-0.86651348,0.90190477,0.01580141,0.00928863
1068.000,0.566000,0.11378173,-0.91969593,0.92670755,0.14639328,0.01017783
1070.000,0.568000,0.04506614,-0.91394294,0.91505336,0.06895600,0.02170784
1072.000,0.570000,0.08800559,-0.86960807,0.87404987,0.06172015,0.02179265
1074.000,0.572000,0.01008514,-0.80350553,0.80356882,0.10218191,0.00829288
1076.000,0.574000,0.03154195,-0.71138525,0.71208417,0.09458616,0.01386173
1078.000,0.576000,0.03289127,-0.76251461,0.76322367,0.05114717,0.01292116
1080.000,0.578000,0.02946959,-0.80397379,0.80451371,0.04160014,0.00695903
1082.000,0.580000,0.08314505,-0.75526102,0.75982386,0.07248441,0.01459822
1084.000,0.582000,0.03498076,-0.77300811,0.77379920,0.05132990,0.01501061
1086.000,0.584000,0.01447185,-0.74779756,0.74793758,0.03249904,0.04694457
1088.000,0.586000,0.00212522,-0.70254439,0.70254760,0.04690723,0.04371491
1090.000,0.588000,-0.01439450,-0.77746805,0.77760129,0.07672324,0.03612931
1092.000,0.590000,0.01419846,-0.78161068,0.78173963,0.02889150,0.01052971
1094.000,0.592000,-0.00964105,-0.87580950,0.87586256,0.09716861,0.01590091
1096.000,0.594000,-0.07171107,-0.89009051,0.89297457,0.06369171,0.04755761
1098.000,0.596000,-0.06900786,-0.91238786,0.91499382,0.02246061,0.04638243
1100.000,0.598000,-0.06722108,-0.91987095,0.92232383,0.00769346,0.04784110
1102.000,0.600000,0.07219817,-1.03621665,1.03872880,0.18158758,0.02424401
1104.000,0.602000,0.09510115,-0.93958747,0.94438808,0.09930632,0.01719232
1106.000,0.604000,0.01877154,-0.87772968,0.87793039,0.09824762,0.02224493
1108.000,0.606000,0.00672217,-0.97352455,0.97354776,0.09654970,0.00985545
1110.000,0.608000,0.03640475,-0.99969865,1.00036129,0.03957447,0.01802454
1112.000,0.610000,-0.03443084,-1.00789386,1.00848179,0.07130808,0.04681757
1114.000,0.612000,-0.05426484,-0.97046530,0.97198126,0.04235899,0.01438816
1116.000,0.614000,-0.06085155,-0.90355786,0.90560462,0.06723087,0.01689666
1118.000,0.616000,-0.06499117,-0.86803108,0.87046069,0.03576714,0.00915395
1120.000,0.618000,-0.13099855,-0.86629967,0.87614824,0.06603008,0.04359658
1122.000,0.620000,-0.16602840,-0.91921556,0.93408923,0.06346009,0.02475144
1124.000,0.622000,-0.11445053,-0.92238598,0.92945943,0.05167522,0.01969320
1126.000,0.624000,-0.10337233,-0.94096621,0.94662730,0.02163218,0.00549270
1128.000,0.626000,-0.16879974,-0.89657704,0.91232874,0.07906418,0.01925679
1130.000,0.628000,-0.11089976,-0.92359451,0.93022878,0.06389329,0.04529281
1132.000,0.630000,-0.10377488,-0.95551069,0.96112950,0.03270178,0.01125713
1134.000,0.632000,-0.06506200,-0.96849398,0.97067691,0.04083201,0.03113950
1136.000,0.634000,-0.03722096,-0.95583279,0.95655723,0.03058479,0.00294426
1138.000,0.636000,-0.01700291,-0.84679421,0.84696489,0.11089717,0.01581683
1140.000,0.638000,-0.11361204,-0.90253843,0.90966110,0.11153808,0.03936138
1142.000,0.640000,-0.01767995,-0.86881006,0.86898993,0.10168859,0.02904533
1144.000,0.642000,0.07200067,-0.85615768,0.85917988,0.09056874,0.01629522
1146.000,0.644000,-0.00526379,-0.86902244,0.86903838,0.07832815,0.01106626
1148.000,0.646000,0.03634154,-0.80675390,0.80757202,0.07488908,0.01502608
1150.000,0.648000,-0.11496587,-0.82119850,0.82920693,0.15199532,0.03641057
1152.000,0.650000,-0.14725981,-0.83096584,0.84391331,0.03373869,0.01417565
1154.000,0.652000,-0.19452470,-0.77409746,0.79816461,0.07394580,0.01652682
1156.000,0.654000,-0.24414280,-0.93471525,0.96607365,0.16810719,0.03452354
1158.000,0.656000,-0.12965387,-0.89623741,0.90556702,0.12078186,0.02200653
1160.000,0.658000,-0.17978676,-0.95064605,0.96749739,0.07398383,0.02364643
1162.000,0.660000,-0.17196979,-0.92990082,0.94566862,0.02216912,0.04200631
1164.000,0.662000,-0.10003122,-0.90745675,0.91295345,0.07535843,0.04239338
1166.000,0.664000,0.02301178,-0.92626324,0.92654905,0.12447195,0.01269255
1168.000,0.666000,0.02829876,-0.91766521,0.91810145,0.01009347,0.01398232
1170.000,0.668000,0.02698627,-0.83911688,0.83955071,0.07855930,0.02994856
1172.000,0.670000,0.09405408,-0.84537024,0.85058628,0.06735872,0.02947635
1174.000,0.672000,0.18770931,-0.84352212,0.86415528,0.09367346,0.01433780
1176.000,0.674000,0.16658750,-0.80717682,0.82418797,0.04203703,0.01818821
1178.000,0.676000,0.18397464,-0.91839044,0.93663636,0.11256457,0.00965232
1180.000,0.678000,0.23911939,-0.81298550,0.84742169,0.11895858,0.02546453
1182.000,0.680000,0.21394686,-0.80703869,0.83491598,0.02586544,0.01440580
1184.000,0.682000,0.30322877,-0.82268529,0.87678890,0.09064258,0.01307376
1186.000,0.684000,0.22971906,-0.72331177,0.75891421,0.12360733,0.04249661
1188.000,0.686000,0.18172544,-0.85563553,0.87472070,0.14075854,0.03913104
1190.000,0.688000,0.17957586,-0.93816317,0.95519507,0.08255562,0.02505346
1192.000,0.690000,0.13876648,-0.98020492,0.98997870,0.05859109,0.01605886
1194.000,0.692000,0.11379108,-0.92549666,0.93246580,0.06013954,0.02471596
1196.000,0.694000,0.14616985,-0.92097485,0.93250217,0.03269300,0.01761867
1198.000,0.696000,0.13768710,-0.84190230,0.85308688,0.07952625,0.03992366
1200.000,0.698000,0.17910951,-0.94456702,0.96139850,0.11070618,0.00893932
1202.000,0.700000,0.16188275,-0.85000931,0.86528715,0.09611410,0.02703102
1204.000,0.702000,0.10523267,-0.88242488,0.88867744,0.06526869,0.05247243
1206.000,0.704000,0.15191422,-0.91292390,0.92547716,0.05576161,0.01564361
1208.000,0.706000,0.11709775,-0.87573008,0.88352422,0.05094671,0.02966725
1210.000,0.708000,0.11233053,-0.91804592,0.92489267,0.04258353,0.01306387
1212.000,0.710000,0.06273620,-0.86587678,0.86814655,0.07198067,0.02428350
1214.000,0.712000,-0.03057267,-0.96206673,0.96255238,0.13401139,0.05488018
1216.000,0.714000,-0.04238530,-0.83245280,0.83353115,0.13015110,0.02022024
1218.000,0.716000,-0.00818112,-0.76138288,0.76142683,0.07887242,0.07143785
1220.000,0.718000,0.06097659,-0.73506900,0.73759378,0.07399466,0.05772895
1222.000,0.720000,0.01460598,-0.71676087,0.71690967,0.04985400,0.00607254
1224.000,0.722000,0.03341535,-0.68629974,0.68711275,0.03580046,0.01271083
1226.000,0.724000,0.04703241,-0.74289327,0.74438059,0.05820869,0.00623192
1228.000,0.726000,0.03903084,-0.75210350,0.75311558,0.01220055,0.01158010
1230.000,0.728000,-0.00311789,-0.75950168,0.75950808,0.04279309,0.02220915
1232.000,0.730000,-0.09134494,-0.70233831,0.70825349,0.10512690,0.00793293
1234.000,0.732000,-0.03653012,-0.78835722,0.78920311,0.10199959,0.04841770
1236.000,0.734000,-0.14389070,-0.78633657,0.79939336,0.10737960,0.01430538
1238.000,0.736000,-0.23616526,-0.90993860,0.94008632,0.15424673,0.02622449
1240.000,0.738000,-0.24349634,-0.85511718,0.88910958,0.05530943,0.04010621
1242.000,0.740000,-0.25792797,-0.81659169,0.85635788,0.04113983,0.02876917
1244.000,0.742000,-0.23302878,-0.81896541,0.85147329,0.02501208,0.00780175
1246.000,0.744000,-0.27987889,-0.77917451,0.82791612,0.06146746,0.00717055
1248.000,0.746000,-0.25721629,-0.72224831,0.76668301,0.06127141,0.03251582
1250.000,0.748000,-0.30261577,-0.82476375,0.87852805,0.11211836,0.01375454
1252.000,0.750000,-0.33144353,-0.84807291,0.91053967,0.03707233,0.02297730
1254.000,0.752000,-0.38103990,-0.91952990,0.99535252,0.08698218,0.00684499
1256.000,0.754000,-0.43289700,-0.99692987,1.08686199,0.09316606,0.01499549
1258.000,0.756000,-0.42712435,-0.92462491,1.01851187,0.07253504,0.01628848
1260.000,0.758000,-0.34896955,-0.88565017,0.95192225,0.08733387,0.02737272
1262.000,0.760000,-0.37744119,-0.92700434,1.00089905,0.05020759,0.02753128
1264.000,0.762000,-0.40083099,-1.02013740,1.09605921,0.09602525,0.03121027
1266.000,0.764000,-0.41574646,-0.97390543,1.05893196,0.04857845,0.01142059
1268.000,0.766000,-0.45125291,-1.04046425,1.13410539,0.07543729,0.04148541
1270.000,0.768000,-0.38900689,-0.98219592,1.05642567,0.08526291,0.00596555
1272.000,0.770000,-0.40980590,-0.96019310,1.04398835,0.03027743,0.02248590
1274.000,0.772000,-0.34052075,-0.92850420,0.98897646,0.07618805,0.01254154
1276.000,0.774000,-0.40609429,-0.94179113,1.02561352,0.06690614,0.02809196
1278.000,0.776000,-0.42136823,-1.03282590,1.11547323,0.09230722,0.01563185
1280.000,0.778000,-0.48674646,-1.10804025,1.21023771,0.09965697,0.03514025
1282.000,0.780000,-0.55279722,-1.16340277,1.28805697,0.08618417,0.02807775
1284.000,0.782000,-0.51162317,-1.19050386,1.29578460,0.04929272,0.03055014
1286.000,0.784000,-0.57697744,-1.22325939,1.35250379,0.07310339,0.04301051
1288.000,0.786000,-0.51012811,-1.20228364,1.30603087,0.07006294,0.02045860
1290.000,0.788000,-0.44875265,-1.10913744,1.19648017,0.11154893,0.03571696
1292.000,0.790000,-0.47625060,-1.07134686,1.17243283,0.04673612,0.02102010
1294.000,0.792000,-0.61655463,-1.09136261,1.25347994,0.14172456,0.03659279
1296.000,0.794000,-0.69846300,-1.11013315,1.31158155,0.08403163,0.03530177
1298.000,0.796000,-0.62183364,-1.01943200,1.19411836,0.11873819,0.02851442
1300.000,0.798000,-0.61698847,-0.98700298,1.16398009,0.03278897,0.01988325
1302.000,0.800000,-0.56442759,-1.03277506,1.17694640,0.06969741,0.03129608
1304.000,0.802000,-0.60159467,-1.18737414,1.33107982,0.15900399,0.01103301
1306.000,0.804000,-0.59645164,-1.18294182,1.32480410,0.00678942,0.02981359
1308.000,0.806000,-0.62964667,-1.15129793,1.31222782,0.04586116,0.02041352
1310.000,0.808000,-0.67763927,-1.12353373,1.31206823,0.05544493,0.02013346
1312.000,0.810000,-0.57900706,-1.05608535,1.20439423,0.11948889,0.02479630
1314.000,0.812000,-0.54449898,-1.00605715,1.14395373,0.06077523,0.00923080
1316.000,0.814000,-0.60642364,-1.19611361,1.34105832,0.19989027,0.01756432
1318.000,0.816000,-0.62749746,-1.17704627,1.33386319,0.02841952,0.02623220
1320.000,0.818000,-0.70295509,-1.23037159,1.41702510,0.09239829,0.03772747
1322.000,0.820000,-0.73300677,-1.20796259,1.41296586,0.03748689,0.02583401
1324.000,0.822000,-0.72081254,-1.17133041,1.37534928,0.03860849,0.01916985
1326.000,0.824000,-0.69671953,-1.10645445,1.30753950,0.06920523,0.01567928
1328.000,0.826000,-0.78248517,-1.14562369,1.38734880,0.09428666,0.02590385
1330.000,0.828000,-0.64098219,-1.20014786,1.36059291,0.15164425,0.03969266
1332.000,0.830000,-0.63207907,-1.23984356,1.39166663,0.04068186,0.02712296
1334.000,0.832000,-0.71283409,-1.28881972,1.47281659,0.09444594,0.03656262
1336.000,0.834000,-0.76638179,-1.40619430,1.60147540,0.12901220,0.03337582
1338.000,0.836000,-0.75932150,-1.22194139,1.43864864,0.18438812,0.03106062
1340.000,0.838000,-0.85433829,-1.28003463,1.53895502,0.11136882,0.03707678
1342.000,0.840000,-0.90259017,-1.36774016,1.63871357,0.10010247,0.02621783
1344.000,0.842000,-0.86231920,-1.48736410,1.71925750,0.12622059,0.03230037
1346.000,0.844000,-0.85953420,-1.43342742,1.67138063,0.05400853,0.00239234
1348.000,0.846000,-0.88691407,-1.44877874,1.69869845,0.03138981,0.01389441
1350.000,0.848000,-0.73319359,-1.43034397,1.60731351,0.15482192,0.03543322
1352.000,0.850000,-0.80776266,-1.45242885,1.66193564,0.07777074,0.00903895
1354.000,0.852000,-0.84346513,-1.40251397,1.63660590,0.06136906,0.02456934
1356.000,0.854000,-0.87730559,-1.28064825,1.55232891,0.12647700,0.03704382
1358.000,0.856000,-0.84019315,-1.20862983,1.47197507,0.08101843,0.01410068
1360.000,0.858000,-0.81215679,-1.22673136,1.47121327,0.03337219,0.02915117
1362.000,0.860000,-0.82589195,-1.24463256,1.49372277,0.02256341,0.02696952
1364.000,0.862000,-0.94435831,-1.29654439,1.60400747,0.12934108,0.04929571
1366.000,0.864000,-1.15899478,-1.41010443,1.82528447,0.24282648,0.05338626
1368.000,0.866000,-1.09726772,-1.45583402,1.82303295,0.07682073,0.03144831
1370.000,0.868000,-1.14328075,-1.47819505,1.86872991,0.05115871,0.01519516
1372.000,0.870000,-1.16020501,-1.46211162,1.86650638,0.02334753,0.01328530
1374.000,0.872000,-1.18809036,-1.44605301,1.87153093,0.03217875,0.02221725
1376.000,0.874000,-1.20877871,-1.47046194,1.90352418,0.03199694,0.03801044
1378.000,0.876000,-1.12497997,-1.54808192,1.91367122,0.11422386,0.06554487
1380.000,0.878000,-1.15797124,-1.65394733,2.01901936,0.11088692,0.05534446
1382.000,0.880000,-1.18399593,-1.63804113,2.02114450,0.03050068,0.00605428
1384.000,0.882000,-1.17341969,-1.47182404,1.88233360,0.16655323,0.02849618
1386.000,0.884000,-1.13631515,-1.45976947,1.84990244,0.03901358,0.01548010
1388.000,0.886000,-1.13655221,-1.51166456,1.89126431,0.05189563,0.03110556
1390.000,0.888000,-1.06113197,-1.46006971,1.80493895,0.09137966,0.00880728
1392.000,0.890000,-1.02259821,-1.46133674,1.78359529,0.03855459,0.01807524
1394.000,0.892000,-1.03393134,-1.63324874,1.93300684,0.17228516,0.04289054
1396.000,0.894000,-0.83529081,-1.69051018,1.88561274,0.20672913,0.03711527
1398.000,0.896000,-0.87747573,-1.67228151,1.88851505,0.04595489,0.03663438
1400.000,0.898000,-0.89727679,-1.71103674,1.93203322,0.04352068,0.04766273
1402.000,0.900000,-0.94867023,-1.66782045,1.91874966,0.06714859,0.00298226
1404.000,0.902000,-0.91386953,-1.66108519,1.89588015,0.03544647,0.00861063
1406.000,0.904000,-0.98820689,-1.72107318,1.98460216,0.09552278,0.01123214
1408.000,0.906000,-0.99229573,-1.61320263,1.89395712,0.10794801,0.02406751
1410.000,0.908000,-1.03080632,-1.55538617,1.86595493,0.06946804,0.00864666
1412.000,0.910000,-1.03819486,-1.46461626,1.79525746,0.09107012,0.03391253
1414.000,0.912000,-1.12290681,-1.55712833,1.91978341,0.12543763,0.01075249
1416.000,0.914000,-1.15899289,-1.58037465,1.95980829,0.04292547,0.04084143
1418.000,0.916000,-1.12895497,-1.69093180,2.03317232,0.11456510,0.01142351
1420.000,0.918000,-1.05419329,-1.70446756,2.00412902,0.07597713,0.03937293
1422.000,0.920000,-1.01008364,-1.73387226,2.00663448,0.05301224,0.01723677
1424.000,0.922000,-0.99343264,-1.62999608,1.90887287,0.10520226,0.00318474
1426.000,0.924000,-0.94163404,-1.63184767,1.88403861,0.05183168,0.02150691
1428.000,0.926000,-0.91669432,-1.56702960,1.81546420,0.06945050,0.00925448
1430.000,0.928000,-0.94412255,-1.49989518,1.77230159,0.07252130,0.00748462
1432.000,0.930000,-0.95817304,-1.47781007,1.76125472,0.02617572,0.02803578
1434.000,0.932000,-1.00592125,-1.44659179,1.76196066,0.05704798,0.01755334
1436.000,0.934000,-0.96703354,-1.41669924,1.71528149,0.04904915,0.00956421
1438.000,0.936000,-1.00525963,-1.28853172,1.63427688,0.13374657,0.01344561
1440.000,0.938000,-1.01006876,-1.36192580,1.69560631,0.07355146,0.00333809
1442.000,0.940000,-0.97950258,-1.34838448,1.66660313,0.03343140,0.01440033
1444.000,0.942000,-1.03422609,-1.34582339,1.69731088,0.05478341,0.03609271
1446.000,0.944000,-1.10464499,-1.40908638,1.79046502,0.09466270,0.03229528
1448.000,0.946000,-1.13112547,-1.44148214,1.83229790,0.04184138,0.01684602
1450.000,0.948000,-1.10661757,-1.37637467,1.76607182,0.06956738,0.02032828
1452.000,0.950000,-1.19346199,-1.48984573,1.90892426,0.14289029,0.01437798
1454.000,0.952000,-1.11326924,-1.44847426,1.82686783,0.09023568,0.01631869
1456.000,0.954000,-1.07268834,-1.51167555,1.85359738,0.07510801,0.01143767
1458.000,0.956000,-1.05105054,-1.51898702,1.84716778,0.02283970,0.00893837
1460.000,0.958000,-1.01488298,-1.46315183,1.78067424,0.06652565,0.02109038
1462.000,0.960000,-1.03573653,-1.48717755,1.81230440,0.03181361,0.04129701
1464.000,0.962000,-0.99261728,-1.43079667,1.74139834,0.07097939,0.02103156
1466.000,0.964000,-1.02082250,-1.46458823,1.78524431,0.04401595,0.01757336
1468.000,0.966000,-1.07896989,-1.46574743,1.82005262,0.05815894,0.03519638
1470.000,0.968000,-1.00557533,-1.44807160,1.76297847,0.07549302,0.01872688
1472.000,0.970000,-1.03111655,-1.56321303,1.87265489,0.11794025,0.01480720
1474.000,0.972000,-0.99381243,-1.48281134,1.78504695,0.08863425,0.04284825
1476.000,0.974000,-0.95321817,-1.40196385,1.69532520,0.09046662,0.02655933
1478.000,0.976000,-0.93266534,-1.33520215,1.62868948,0.06985373,0.04590434
1480.000,0.978000,-0.98574402,-1.36786363,1.68604335,0.06232269,0.02482258
1482.000,0.980000,-1.05977022,-1.34856063,1.71514684,0.07650153,0.05284384
1484.000,0.982000,-1.15455804,-1.34172235,1.77009128,0.09503417,0.04316191
1486.000,0.984000,-1.22513532,-1.46930796,1.91306623,0.14580548,0.02264784
1488.000,0.986000,-1.21932330,-1.44225327,1.88860896,0.02767193,0.00650079
1490.000,0.988000,-1.11355835,-1.46135680,1.83727404,0.10747637,0.01019111
1492.000,0.990000,-1.08964850,-1.48733652,1.84377433,0.03530760,0.02742918
1494.000,0.992000,-1.01217237,-1.38396564,1.71460019,0.12918238,0.01859582
1496.000,0.994000,-1.03311833,-1.32504222,1.68019950,0.06253562,0.02450516
1498.000,0.996000,-0.94399566,-1.31761838,1.62087816,0.08943134,0.01663616
1500.000,0.998000,-0.86914826,-1.43551262,1.67812847,0.13964664,0.04373918
1502.000,1.000000,-0.83872838,-1.36944648,1.60587949,0.07273310,0.00779309
1504.000,1.002000,-0.80499593,-1.23162426,1.47136561,0.14189025,0.01739303
1506.000,1.004000,-0.82371299,-1.13326548,1.40099741,0.10012381,0.02295906
1508.000,1.006000,-0.80716679,-1.16956317,1.42105462,0.03989109,0.02551962
1510.000,1.008000,-0.70905101,-1.19515476,1.38965760,0.10139840,0.01753953
1512.000,1.010000,-0.68280584,-1.30059150,1.46893229,0.10865410,0.01475554
1514.000,1.012000,-0.78747687,-1.34001812,1.55427423,0.11185026,0.02493695
1516.000,1.014000,-0.84394972,-1.32205336,1.56846301,0.05926142,0.02401943
1518.000,1.016000,-0.77493723,-1.35073011,1.55724100,0.07473340,0.03310304
1520.000,1.018000,-0.77433616,-1.41374478,1.61191525,0.06301753,0.01938059
1522.000,1.020000,-0.64698064,-1.33156982,1.48042633,0.15156567,0.00911076
1524.000,1.022000,-0.67569970,-1.26781513,1.43663680,0.06992456,0.03523579
1526.000,1.024000,-0.74556913,-1.41135903,1.59618534,0.15964520,0.02199325
1528.000,1.026000,-0.82576244,-1.46200246,1.67908749,0.09484579,0.01931676
1530.000,1.028000,-0.74743946,-1.33287387,1.52814217,0.15102543,0.06193842
1532.000,1.030000,-0.73207964,-1.29611705,1.48857650,0.03983702,0.02104914
1534.000,1.032000,-0.73852194,-1.24547436,1.44797135,0.05105081,0.03155623
1536.000,1.034000,-0.67311491,-1.31487105,1.47714913,0.09536236,0.01729402
1538.000,1.036000,-0.59700999,-1.29223655,1.42348032,0.07939949,0.00911422
1540.000,1.038000,-0.69583591,-1.23234310,1.41522335,0.11555859,0.01506413
1542.000,1.040000,-0.71493217,-1.22349128,1.41705995,0.02104809,0.02096868
1544.000,1.042000,-0.62536190,-1.25466477,1.40187773,0.09483998,0.02632084
1546.000,1.044000,-0.61732263,-1.30543106,1.44403514,0.05139889,0.01164773
1548.000,1.046000,-0.60658799,-1.34795575,1.47815212,0.04385865,0.01807911
1550.000,1.048000,-0.66855618,-1.40526025,1.55618885,0.08440298,0.04987936
1552.000,1.050000,-0.67626065,-1.31942925,1.48264022,0.08617609,0.02133731
1554.000,1.052000,-0.57880699,-1.29403879,1.41758736,0.10070696,0.03087022
1556.000,1.054000,-0.65706757,-1.25525698,1.41683023,0.08734270,0.01660138
1558.000,1.056000,-0.58653761,-1.24716109,1.37820069,0.07099309,0.02110333
1560.000,1.058000,-0.55629044,-1.26989218,1.38639287,0.03783641,0.02253355
1562.000,1.060000,-0.62818254,-1.37745738,1.51393598,0.12937831,0.02825214
1564.000,1.062000,-0.50251515,-1.31954481,1.41199150,0.13836965,0.02308602
1566.000,1.064000,-0.47720749,-1.26675415,1.35365914,0.05854342,0.02205207
1568.000,1.066000,-0.48757637,-1.19226960,1.28811393,0.07520281,0.01067361
1570.000,1.068000,-0.51048560,-1.22687107,1.32883715,0.04149813,0.02253853
1572.000,1.070000,-0.50425837,-1.24722133,1.34530203,0.02128172,0.01492266
1574.000,1.072000,-0.54276019,-1.33071010,1.43714230,0.09193891,0.03182058
1576.000,1.074000,-0.55493308,-1.33142659,1.44244497,0.01219396,0.02910040
1578.000,1.076000,-0.61336052,-1.40209970,1.53039038,0.09169762,0.01827966
1580.000,1.078000,-0.65280856,-1.50235171,1.63805363,0.10773400,0.03205658
1582.000,1.080000,-0.65920236,-1.51226968,1.64969916,0.01180028,0.04303049
1584.000,1.082000,-0.79468303,-1.45809736,1.66059297,0.14590974,0.05202070
1586.000,1.084000,-0.81987747,-1.42499796,1.64402502,0.04159723,0.01885537
1588.000,1.086000,-0.83618947,-1.49480408,1.71279073,0.07168665,0.01272395
1590.000,1.088000,-0.75275377,-1.50406096,1.68191486,0.08394764,0.00961966
1592.000,1.090000,-0.58292544,-1.57621138,1.68054884,0.18451923,0.04612834
1594.000,1.092000,-0.62061071,-1.54857098,1.66830145,0.04673512,0.02555827
1596.000,1.094000,-0.59781501,-1.53006526,1.64270584,0.02936164,0.01116820
1598.000,1.096000,-0.60805779,-1.50965323,1.62750949,0.02283781,0.02895477
1600.000,1.098000,-0.55282026,-1.62327282,1.71482503,0.12633525,0.03381624
1602.000,1.100000,-0.49404237,-1.71547848,1.78520147,0.10934681,0.03702653
1604.000,1.102000,-0.44368959,-1.72852518,1.78456150,0.05201556,0.01952006
1606.000,1.104000,-0.54001467,-1.75896797,1.83999569,0.10102120,0.01865895
1608.000,1.106000,-0.48743279,-1.75654925,1.82292512,0.05263748,0.04659581
1610.000,1.108000,-0.40520569,-1.70486526,1.75235762,0.09712122,0.03337988
1612.000,1.110000,-0.43183400,-1.73295966,1.78595347,0.03870869,0.01340961
1614.000,1.112000,-0.43098113,-1.61425262,1.67079509,0.11871011,0.03559083
1616.000,1.114000,-0.50247854,-1.73735521,1.80855960,0.14235916,0.02468583
1618.000,1.116000,-0.51193226,-1.77837829,1.85059558,0.04209829,0.03249779
1620.000,1.118000,-0.58899797,-1.72900285,1.82657315,0.09152628,0.03952374
1622.000,1.120000,-0.62018323,-1.69968895,1.80930091,0.04279982,0.05545715
1624.000,1.122000,-0.68007247,-1.69932969,1.83036061,0.05989032,0.03587337
1626.000,1.124000,-0.67929622,-1.74110385,1.86892642,0.04178137,0.02115352
1628.000,1.126000,-0.71811616,-1.75658623,1.89770546,0.04179345,0.02609567
1630.000,1.128000,-0.68178578,-1.79979566,1.92460289,0.05645310,0.03872616
1632.000,1.130000,-0.71585954,-1.85492206,1.98826324,0.06480695,0.01323764
1634.000,1.132000,-0.74208589,-1.84134492,1.98525631,0.02953236,0.01223230
1636.000,1.134000,-0.80093548,-1.87287345,2.03694689,0.06676318,0.01856667
1638.000,1.136000,-0.75283839,-1.88861148,2.03313034,0.05060648,0.02364517
1640.000,1.138000,-0.80041332,-1.83672421,2.00355117,0.07039647,0.03269823
1642.000,1.140000,-0.79008228,-1.84177468,2.00408682,0.01149946,0.02711928
1644.000,1.142000,-0.77532698,-1.84132525,1.99790155,0.01476214,0.04308838
1646.000,1.144000,-0.75964333,-1.76415102,1.92075162,0.07875176,0.01188012
1648.000,1.146000,-0.70750504,-1.86539907,1.99506318,0.11388402,0.04239688
1650.000,1.148000,-0.74417738,-1.94232675,2.08000797,0.08522164,0.01496641
1652.000,1.150000,-0.71891841,-2.03129281,2.15476081,0.09248230,0.02510784
1654.000,1.152000,-0.69524918,-1.98746661,2.10556286,0.04980932,0.03447553
1656.000,1.154000,-0.70286425,-2.07627370,2.19201519,0.08913298,0.02579599
1658.000,1.156000,-0.64962567,-2.06048341,2.16046416,0.05553089,0.01546402
1660.000,1.158000,-0.85514138,-2.15986340,2.32298874,0.22828291,0.02097108
1662.000,1.160000,-0.84174352,-2.13374367,2.29377291,0.02935546,0.01386713
1664.000,1.162000,-0.85533637,-2.13306821,2.29816890,0.01360962,0.00866969
1666.000,1.164000,-0.96071802,-2.14155363,2.34717512,0.10572273,0.02937737
1668.000,1.166000,-0.88312596,-2.21142599,2.38124261,0.10441588,0.02528382
1670.000,1.168000,-0.96540535,-2.23391903,2.43359851,0.08529850,0.02415033
1672.000,1.170000,-0.91291317,-2.22592016,2.40585349,0.05309812,0.01499618
1674.000,1.172000,-0.90630432,-2.25405022,2.42942995,0.02889597,0.04372059
1676.000,1.174000,-0.84630291,-2.27386053,2.42624613,0.06318716,0.02834553
1678.000,1.176000,-0.82707128,-2.27136423,2.41725927,0.01939297,0.02747648
1680.000,1.178000,-0.83922685,-2.28732443,2.43642253,0.02006206,0.01512070
1682.000,1.180000,-0.87664755,-2.20826549,2.37590981,0.08746785,0.00896476
1684.000,1.182000,-0.88778222,-2.19717725,2.36975635,0.01571400,0.01906161
1686.000,1.184000,-0.77705197,-2.18868595,2.32253222,0.11105536,0.01522448
1688.000,1.186000,-0.88029553,-2.20626294,2.37539815,0.10472910,0.00762526
1690.000,1.188000,-0.83186036,-2.15844459,2.31319577,0.06806292,0.02815940
1692.000,1.190000,-0.85433692,-2.27465716,2.42980591,0.11836620,0.01277787
1694.000,1.192000,-0.83391227,-2.17483172,2.32922792,0.10189350,0.02039601
1696.000,1.194000,-0.86245741,-2.23091805,2.39182527,0.06293251,0.01959539
1698.000,1.196000,-0.83593170,-2.26380609,2.41321358,0.04225206,0.03133545
1700.000,1.198000,-0.89187420,-2.25014971,2.42045725,0.05758524,0.03697568
1702.000,1.200000,-0.99256647,-2.17616246,2.39183429,0.12495218,0.01621196
1704.000,1.202000,-0.90164535,-2.19679733,2.37463320,0.09323329,0.00882532
1706.000,1.204000,-0.95588652,-2.23513903,2.43095980,0.06642433,0.00445851
1708.000,1.206000,-0.96929691,-2.24405609,2.44444763,0.01610442,0.04331737
1710.000,1.208000,-1.00840794,-2.21502629,2.43376828,0.04870731,0.01449878
1712.000,1.210000,-1.05792806,-2.16341466,2.40823063,0.07152624,0.03085920
1714.000,1.212000,-1.03356111,-2.19096672,2.42251600,0.03678131,0.01676949
1716.000,1.214000,-1.06194360,-2.17152397,2.41727958,0.03440329,0.01596520
1718.000,1.216000,-1.04780632,-2.21358381,2.44905112,0.04437221,0.06025094
1720.000,1.218000,-1.11409537,-2.08081040,2.36029244,0.14840154,0.04875956
1722.000,1.220000,-1.13405139,-2.04774412,2.34079656,0.03862151,0.01704177
1724.000,1.222000,-1.18501733,-2.09500668,2.40693146,0.06950739,0.03760962
1726.000,1.224000,-1.14532710,-2.09664660,2.38907956,0.03972410,0.02728373
1728.000,1.226000,-1.21863809,-2.20890302,2.52276264,0.13407462,0.04017197
1730.000,1.228000,-1.20446350,-2.22398227,2.52919542,0.02069548,0.00997463
1732.000,1.230000,-1.19298863,-2.19719109,2.50017411,0.02914515,0.02044834
1734.000,1.232000,-1.25411655,-2.18084179,2.51572638,0.06327655,0.03885418
1736.000,1.234000,-1.22751187,-2.10557326,2.43725750,0.07983208,0.03422126
1738.000,1.236000,-1.26122630,-2.23742298,2.56841456,0.13609193,0.01656371
1740.000,1.238000,-1.20629477,-2.27617246,2.57606446,0.06722348,0.02355721
1742.000,1.240000,-1.23008113,-2.34119579,2.64467338,0.06923745,0.01529103
1744.000,1.242000,-1.27120933,-2.40093190,2.71669784,0.07252539,0.00920958
1746.000,1.244000,-1.34994378,-2.31109844,2.67647608,0.11945361,0.02290612
1748.000,1.246000,-1.31318926,-2.30736536,2.65488247,0.03694362,0.02116182
1750.000,1.248000,-1.28178287,-2.26514203,2.60265936,0.05262290,0.01525323
1752.000,1.250000,-1.23532189,-2.31971513,2.62813593,0.07167179,0.01438705
1754.000,1.252000,-1.32207036,-2.40570039,2.74504361,0.12214238,0.02828309
1756.000,1.254000,-1.38428063,-2.40913336,2.77851695,0.06230492,0.01845991
1758.000,1.256000,-1.38920544,-2.31749617,2.70197710,0.09176943,0.03127441
1760.000,1.258000,-1.49606625,-2.31545003,2.75672325,0.10688040,0.05096042
1762.000,1.260000,-1.35595047,-2.26511604,2.63995309,0.14888232,0.02562066
1764.000,1.262000,-1.35644020,-2.25245450,2.62934997,0.01267101,0.01405827
1766.000,1.264000,-1.32121050,-2.20664774,2.57194313,0.05778746,0.02369041
1768.000,1.266000,-1.36532668,-2.28992282,2.66605767,0.09423893,0.02214601
1770.000,1.268000,-1.38685289,-2.25781041,2.64972994,0.03865986,0.02055079
1772.000,1.270000,-1.35301326,-2.26233560,2.63605904,0.03414085,0.01167083
1774.000,1.272000,-1.32451194,-2.21243135,2.57860124,0.05746964,0.01079595
1776.000,1.274000,-1.44477386,-2.22538080,2.65324164,0.12095709,0.01607588
1778.000,1.276000,-1.31106215,-2.20388601,2.56437078,0.13542838,0.04841516
1780.000,1.278000,-1.27444236,-2.22313362,2.56252345,0.04137003,0.02612487
1782.000,1.280000,-1.22505154,-2.18880584,2.50831064,0.06014856,0.02646942
1784.000,1.282000,-1.27062118,-2.23130067,2.56771900,0.06230893,0.02519332
1786.000,1.284000,-1.31824158,-2.22175512,2.58340021,0.04856769,0.01804176
1788.000,1.286000,-1.35678068,-2.24296802,2.62140408,0.04399147,0.03517985
1790.000,1.288000,-1.43086705,-2.23397073,2.65292400,0.07463070,0.02164393
1792.000,1.290000,-1.49326948,-2.24694329,2.69788952,0.06373657,0.02770511
1794.000,1.292000,-1.51317971,-2.23364950,2.69794421,0.02394039,0.01586486
1796.000,1.294000,-1.55349440,-2.19722871,2.69094014,0.05432999,0.02602545
1798.000,1.296000,-1.55093642,-2.08991200,2.60252492,0.10734719,0.01006539
1800.000,1.298000,-1.54243196,-2.03867633,2.55642280,0.05193669,0.03508200
1802.000,1.300000,-1.60082809,-2.07884190,2.62378243,0.07087581,0.04084853
1804.000,1.302000,-1.70976024,-2.00970275,2.63859532,0.12902107,0.03741407
1806.000,1.304000,-1.80767833,-2.09122577,2.76422253,0.12741254,0.02114995
1808.000,1.306000,-1.83396620,-2.02700666,2.73353033,0.06939125,0.02897487
1810.000,1.308000,-1.69985858,-2.02014195,2.64016906,0.13428321,0.05482025
1812.000,1.310000,-1.82434300,-2.07056087,2.75961042,0.13430726,0.02127706
1814.000,1.312000,-1.70237244,-2.01298559,2.63631996,0.13487672,0.02651068
1816.000,1.314000,-1.63183184,-2.10452198,2.66305988,0.11556334,0.02106579
1818.000,1.316000,-1.58357167,-2.07348104,2.60902719,0.05738104,0.01143527
1820.000,1.318000,-1.62233060,-2.04539952,2.61067344,0.04786258,0.03207529
1822.000,1.320000,-1.53005239,-2.10029501,2.59851870,0.10737216,0.02796525
1824.000,1.322000,-1.43121871,-2.06040057,2.50871232,0.10658172,0.00627876
1826.000,1.324000,-1.38334655,-1.99115807,2.42453256,0.08417997,0.03502882
1828.000,1.326000,-1.28555055,-2.01436425,2.38962414,0.10051161,0.02366832
1830.000,1.328000,-1.46176647,-2.08984186,2.55033335,0.19170008,0.04541931
1832.000,1.330000,-1.35952573,-2.14060453,2.53584265,0.11414911,0.04473858
1834.000,1.332000,-1.34197763,-2.13676189,2.52322320,0.01796389,0.03685081
1836.000,1.334000,-1.36692846,-2.22359028,2.61014313,0.09034220,0.01443822
1838.000,1.336000,-1.45111504,-2.16405741,2.60554780,0.10310937,0.02765523
1840.000,1.338000,-1.33516114,-2.22502993,2.59488217,0.13100747,0.02724551
1842.000,1.340000,-1.36579121,-2.24655928,2.62914705,0.03743947,0.02340064
1844.000,1.342000,-1.40758192,-2.31412416,2.70858957,0.07944480,0.04090386
1846.000,1.344000,-1.48669482,-2.25355058,2.69976882,0.09963940,0.01919340
1848.000,1.346000,-1.44674789,-2.26556580,2.68809745,0.04171478,0.04446950
1850.000,1.348000,-1.45858588,-2.27302223,2.70075968,0.01399058,0.02723288
1852.000,1.350000,-1.44617465,-2.35242152,2.76139605,0.08036346,0.02528255
1854.000,1.352000,-1.39481262,-2.21293370,2.61583214,0.14864357,0.02770693
1856.000,1.354000,-1.41816039,-2.17329120,2.59506715,0.04600702,0.03052353
1858.000,1.356000,-1.46070244,-2.18450895,2.62787576,0.04399619,0.03668562
1860.000,1.358000,-1.40402207,-2.22392861,2.63004495,0.06904038,0.06553787
1862.000,1.360000,-1.43094165,-2.18144208,2.60888550,0.05029681,0.05219150
1864.000,1.362000,-1.33527646,-2.17628790,2.55327089,0.09580394,0.00753038
1866.000,1.364000,-1.31192598,-2.21200468,2.57179207,0.04267239,0.00375207
1868.000,1.366000,-1.23115114,-2.16952038,2.49450432,0.09126604,0.05418101
1870.000,1.368000,-1.29585874,-2.18584903,2.54109933,0.06673603,0.01145563
1872.000,1.370000,-1.35436650,-2.24312756,2.62029194,0.08187789,0.02090503
1874.000,1.372000,-1.35125777,-2.30379803,2.67083937,0.06075007,0.01450924
1876.000,1.374000,-1.36735355,-2.24752993,2.63078820,0.05852498,0.01705100
1878.000,1.376000,-1.27000260,-2.31364043,2.63928752,0.11767670,0.02735022
1880.000,1.378000,-1.26866237,-2.39732394,2.71231751,0.08369424,0.02725915
1882.000,1.380000,-1.25138823,-2.30888083,2.62619557,0.09011426,0.02834276
1884.000,1.382000,-1.23860169,-2.26639376,2.58276495,0.04436944,0.04026368
1886.000,1.384000,-1.34512956,-2.25696594,2.62740724,0.10694424,0.02286009
1888.000,1.386000,-1.27082815,-2.23288445,2.56919776,0.07810646,0.01307649
1890.000,1.388000,-1.26528289,-2.27767073,2.60551813,0.04512827,0.01865921
1892.000,1.390000,-1.19479102,-2.23716120,2.53622077,0.08130268,0.01615243
1894.000,1.392000,-1.15213790,-2.21709863,2.49858922,0.04713593,0.02098748
1896.000,1.394000,-1.13602947,-2.27517336,2.54302512,0.06026737,0.01873349
1898.000,1.396000,-1.14793678,-2.27326246,2.54666077,0.01205966,0.01014231
1900.000,1.398000,-1.16370344,-2.28711590,2.56614591,0.02098822,0.03125748
1902.000,1.400000,-1.15162196,-2.43441931,2.69307084,0.14779803,0.02555233
1904.000,1.402000,-1.22776366,-2.33092772,2.63450709,0.12848373,0.03023211
1906.000,1.404000,-1.26590434,-2.40121406,2.71446915,0.07996800,0.04355853
1908.000,1.406000,-1.21311329,-2.46612350,2.74834659,0.08366679,0.02880093
1910.000,1.408000,-1.10085911,-2.47854772,2.71202685,0.11293964,0.01176403
1912.000,1.410000,-1.11816165,-2.43140659,2.67619571,0.05021618,0.00683140
1914.000,1.412000,-1.07577292,-2.33653017,2.57228704,0.10391505,0.04884870
1916.000,1.414000,-1.11552582,-2.25187450,2.51303335,0.09352473,0.01829210
1918.000,1.416000,-1.02548098,-2.20192952,2.42901314,0.10296880,0.03227527
1920.000,1.418000,-1.04148457,-2.21142907,2.44440354,0.01861065,0.02651479
1922.000,1.420000,-1.01307168,-2.18765653,2.41084120,0.03704627,0.04391318
1924.000,1.422000,-1.02412032,-2.15702138,2.38779472,0.03256662,0.02527977
1926.000,1.424000,-0.99739866,-2.17296723,2.39093929,0.03111779,0.04515339
1928.000,1.426000,-0.97991504,-2.15764828,2.36974251,0.02324538,0.01525484
1930.000,1.428000,-1.00269945,-2.16942611,2.38994055,0.02564853,0.00820069
1932.000,1.430000,-0.99665729,-2.16444271,2.38288438,0.00783211,0.05665268
1934.000,1.432000,-0.99665432,-2.20143468,2.41653356,0.03699197,0.03125576
1936.000,1.434000,-0.98448245,-2.17769056,2.38988323,0.02668215,0.02252611
1938.000,1.436000,-0.91900234,-2.22593910,2.40818815,0.08133613,0.01585896
1940.000,1.438000,-0.99585517,-2.15155247,2.37084490,0.10695667,0.03652415
1942.000,1.440000,-0.93383059,-2.06411910,2.26553024,0.10719908,0.06712527
1944.000,1.442000,-0.98375291,-2.07206332,2.29373412,0.05055045,0.02173728
1946.000,1.444000,-1.07505234,-2.15350608,2.40693290,0.12234586,0.03413203
1948.000,1.446000,-1.03246619,-2.16855871,2.40179793,0.04516816,0.01409582
1950.000,1.448000,-1.01022890,-2.13117031,2.35848454,0.04350160,0.01314873
1952.000,1.450000,-0.94450187,-2.18879380,2.38388382,0.08741000,0.03310880
1954.000,1.452000,-0.96406411,-2.21957310,2.41990172,0.03646980,0.01606096
1956.000,1.454000,-0.99795596,-2.22539905,2.43891719,0.03438894,0.01712254
1958.000,1.456000,-1.01229322,-2.23542176,2.45394540,0.01749319,0.02973403
1960.000,1.458000,-0.91662220,-2.24965911,2.42923082,0.09672459,0.00419815
1962.000,1.460000,-0.94232379,-2.28826601,2.47469906,0.04637957,0.02570330
1964.000,1.462000,-0.94585847,-2.28883288,2.47657105,0.00357984,0.00888139
1966.000,1.464000,-0.94950539,-2.30004833,2.48832932,0.01179349,0.00668280
1968.000,1.466000,-0.88331448,-2.43013182,2.58568852,0.14595530,0.00961699
1970.000,1.468000,-0.87967551,-2.51092536,2.66055918,0.08087545,0.03407666
1972.000,1.470000,-0.88398707,-2.51279035,2.66374708,0.00469764,0.03094768
1974.000,1.472000,-0.78296275,-2.36501848,2.49125331,0.17900403,0.04200776
1976.000,1.474000,-0.76565149,-2.39698513,2.51629885,0.03635308,0.02827169
1978.000,1.476000,-0.75295655,-2.37473798,2.49124949,0.02561440,0.02034546
1980.000,1.478000,-0.72822975,-2.38425901,2.49299210,0.02649651,0.02191416
1982.000,1.480000,-0.78296725,-2.40497242,2.52921531,0.05852555,0.04961293
1984.000,1.482000,-0.72564427,-2.37075073,2.47931818,0.06676113,0.03235639
1986.000,1.484000,-0.72091362,-2.37651275,2.48345109,0.00745520,0.03542467
1988.000,1.486000,-0.77139311,-2.38913663,2.51058183,0.05203404,0.03450030
1990.000,1.488000,-0.64259839,-2.39368871,2.47844273,0.12887514,0.03397055
1992.000,1.490000,-0.55678813,-2.33133601,2.39690229,0.10607195,0.04115417
1994.000,1.492000,-0.51959216,-2.29711172,2.35514294,0.05054545,0.01998680
1996.000,1.494000,-0.56697034,-2.24993170,2.32026895,0.06686289,0.04753146
1998.000,1.496000,-0.66996756,-2.22731736,2.32589749,0.10545064,0.04921295
2000.000,1.498000,-0.68163696,-2.21815811,2.32052889,0.01483464,0.02758201
2002.000,1.500000,-0.59193447,-2.16528725,2.24473947,0.10412427,0.02064759
2004.000,1.502000,-0.74205472,-2.28553033,2.40297609,0.19233951,0.01445500
2006.000,1.504000,-0.75963720,-2.36603697,2.48499087,0.08240427,0.00289396
2008.000,1.506000,-0.71621748,-2.38670325,2.49185069,0.04808708,0.02479678
2010.000,1.508000,-0.65843796,-2.44777055,2.53478228,0.08406954,0.03759953
2012.000,1.510000,-0.59997277,-2.36171423,2.43673171,0.10403782,0.04653177
2014.000,1.512000,-0.66692887,-2.41333256,2.50379075,0.08454331,0.02346194
2016.000,1.514000,-0.64961832,-2.41284414,2.49876386,0.01731744,0.01877912
2018.000,1.516000,-0.66888235,-2.27056373,2.36703681,0.14357861,0.01708633
2020.000,1.518000,-0.61165490,-2.36562611,2.44342150,0.11095871,0.03710376
2022.000,1.520000,-0.60535855,-2.30017090,2.37849641,0.06575734,0.01453553
2024.000,1.522000,-0.63913055,-2.42137310,2.50430340,0.12581939,0.03369211
2026.000,1.524000,-0.67768878,-2.47644259,2.56749488,0.06722638,0.03466208
2028.000,1.526000,-0.70596363,-2.45672152,2.55614265,0.03447300,0.02585931
2030.000,1.528000,-0.70730744,-2.41489937,2.51635109,0.04184372,0.03008006
2032.000,1.530000,-0.66392407,-2.44395211,2.53252781,0.05221281,0.04130348
2034.000,1.532000,-0.70904945,-2.44977977,2.55032783,0.04550013,0.01693523
2036.000,1.534000,-0.68342143,-2.45030674,2.54382939,0.02563344,0.03245457
2038.000,1.536000,-0.65951434,-2.40686827,2.49559092,0.04958275,0.00446888
2040.000,1.538000,-0.69777115,-2.37399988,2.47442115,0.05043723,0.02275266
2042.000,1.540000,-0.69339505,-2.48008302,2.57519096,0.10617336,0.03021967
2044.000,1.542000,-0.69870844,-2.50002620,2.59582829,0.02063886,0.02315314
2046.000,1.544000,-0.77784241,-2.57828478,2.69306354,0.11129506,0.03130508
2048.000,1.546000,-0.71476578,-2.55953796,2.65746584,0.06580353,0.01494796
2050.000,1.548000,-0.77279755,-2.57085179,2.68449157,0.05912436,0.02336316
2052.000,1.550000,-0.71396506,-2.53800782,2.63651850,0.06737944,0.03545133
2054.000,1.552000,-0.60372254,-2.55587063,2.62620555,0.11168031,0.01264886
2056.000,1.554000,-0.61692879,-2.51612356,2.59065222,0.04188358,0.00770361
2058.000,1.556000,-0.67764361,-2.55720545,2.64546793,0.07330764,0.05144589
2060.000,1.558000,-0.68672476,-2.53847700,2.62972554,0.02081399,0.01315657
2062.000,1.560000,-0.68645429,-2.50855076,2.60077804,0.02992747,0.01178101
2064.000,1.562000,-0.67569725,-2.44850928,2.54003237,0.06099749,0.02023170
2066.000,1.564000,-0.63215447,-2.33808318,2.42203473,0.11870087,0.00872154
2068.000,1.566000,-0.64089584,-2.31744328,2.40443149,0.02241466,0.01367756
2070.000,1.568000,-0.44205200,-2.45104645,2.49059002,0.23955934,0.03645049
2072.000,1.570000,-0.42783126,-2.45103836,2.48809739,0.01422074,0.00757305
2074.000,1.572000,-0.37268829,-2.28674414,2.31691504,0.17330129,0.02441953
2076.000,1.574000,-0.34942061,-2.37650756,2.40205806,0.09273002,0.01564151
2078.000,1.576000,-0.38244522,-2.38437918,2.41485578,0.03394979,0.00830079
2080.000,1.578000,-0.37107697,-2.38965246,2.41829217,0.01253174,0.02086691
2082.000,1.580000,-0.42345966,-2.52268335,2.55797759,0.14297259,0.02343089
2084.000,1.582000,-0.56001815,-2.52146015,2.58290179,0.13656397,0.01318952
2086.000,1.584000,-0.47279402,-2.46448403,2.50942537,0.10418411,0.01552556
2088.000,1.586000,-0.50646950,-2.36887394,2.42241101,0.10136728,0.04407108
2090.000,1.588000,-0.42425435,-2.31678589,2.35531073,0.09732675,0.02145352
2092.000,1.590000,-0.42940065,-2.31149198,2.35103809,0.00738308,0.00949153
2094.000,1.592000,-0.39339989,-2.41289751,2.44475722,0.10760639,0.01368350
2096.000,1.594000,-0.42050002,-2.37585321,2.41277822,0.04589877,0.01755607
2098.000,1.596000,-0.45564939,-2.48981739,2.53116713,0.11926154,0.02879149
2100.000,1.598000,-0.45137814,-2.45026724,2.49149589,0.03978012,0.00399022
2102.000,1.600000,-0.36102494,-2.40747326,2.43439243,0.09997513,0.01752848
2104.000,1.602000,-0.31831675,-2.39033613,2.41143783,0.04601815,0.00645804
2106.000,1.604000,-0.36174395,-2.49140658,2.51753162,0.11000526,0.02165074
2108.000,1.606000,-0.40265535,-2.47413939,2.50669046,0.04440606,0.01773609
2110.000,1.608000,-0.47236078,-2.48567210,2.53015622,0.07065303,0.02287760
2112.000,1.610000,-0.49463123,-2.44416888,2.49371641,0.04710085,0.03156573
2114.000,1.612000,-0.50665577,-2.44211097,2.49411428,0.01219937,0.01989846
2116.000,1.614000,-0.46149510,-2.41077780,2.45455237,0.05496592,0.01929166
2118.000,1.616000,-0.45866278,-2.40744829,2.45075066,0.00437124,0.04255727
2120.000,1.618000,-0.47147700,-2.29612608,2.34403190,0.11205730,0.02815471
2122.000,1.620000,-0.40260133,-2.27589710,2.31123246,0.07178488,0.03124954
2124.000,1.622000,-0.41799068,-2.32571340,2.36297673,0.05213919,0.00817895
2126.000,1.624000,-0.44946488,-2.33902403,2.38181697,0.03417307,0.04202660
2128.000,1.626000,-0.39803944,-2.30943090,2.34348170,0.05933237,0.03311996
2130.000,1.628000,-0.46368530,-2.38323354,2.42792219,0.09877352,0.01730065
2132.000,1.630000,-0.50089962,-2.38136967,2.43347939,0.03726096,0.03235641
2134.000,1.632000,-0.50976578,-2.39462616,2.44828421,0.01594814,0.01702392
2136.000,1.634000,-0.52267552,-2.45487193,2.50989759,0.06161343,0.02119020
2138.000,1.636000,-0.60938922,-2.44685023,2.52159300,0.08708395,0.03517358
2140.000,1.638000,-0.67927415,-2.37074813,2.46614275,0.10332198,0.00461157
2142.000,1.640000,-0.76517827,-2.37632284,2.49647912,0.08608481,0.01302218
2144.000,1.642000,-0.73532290,-2.36994061,2.48139442,0.03052992,0.01636023
2146.000,1.644000,-0.66691765,-2.29751943,2.39235756,0.09961981,0.00575268
2148.000,1.646000,-0.73771214,-2.27305961,2.38977388,0.07490089,0.02052799
2150.000,1.648000,-0.69545252,-2.22557804,2.33170577,0.06356395,0.04313836
2152.000,1.650000,-0.56002520,-2.30514526,2.37219791,0.15707165,0.03822037
2154.000,1.652000,-0.58128176,-2.34838227,2.41925356,0.04817966,0.01817046
2156.000,1.654000,-0.62906640,-2.34517347,2.42807808,0.04789226,0.02567915
2158.000,1.656000,-0.61057014,-2.38116210,2.45819626,0.04046348,0.01419658
2160.000,1.658000,-0.67014215,-2.32036782,2.41520130,0.08511621,0.02061930
2162.000,1.660000,-0.78643751,-2.39572217,2.52150127,0.13857449,0.01475116
2164.000,1.662000,-0.78494904,-2.30403057,2.43407105,0.09170368,0.00817787
2166.000,1.664000,-0.90070497,-2.35351845,2.51998384,0.12589077,0.02232749
2168.000,1.666000,-0.93182376,-2.41743619,2.59080938,0.07109047,0.02710152
2170.000,1.668000,-0.83058379,-2.40890542,2.54807667,0.10159875,0.03665389
2172.000,1.670000,-0.86233212,-2.47074819,2.61690912,0.06951608,0.01737365
2174.000,1.672000,-0.86003556,-2.36486738,2.51639800,0.10590572,0.04030732
2176.000,1.674000,-0.97250436,-2.37352882,2.56503485,0.11280182,0.05179631
2178.000,1.676000,-1.00413168,-2.30939211,2.51824787,0.07151088,0.04304615
2180.000,1.678000,-1.08331326,-2.28732952,2.53089785,0.08219781,0.01472612
2182.000,1.680000,-1.16071398,-2.27286874,2.55209507,0.07873998,0.02261002
2184.000,1.682000,-1.15808080,-2.28254469,2.55952367,0.01002784,0.00846011
2186.000,1.684000,-1.04804179,-2.35929256,2.58159892,0.13415968,0.01598136
2188.000,1.686000,-1.01005355,-2.46719866,2.66594775,0.11439770,0.01958088
2190.000,1.688000,-1.06634387,-2.57465908,2.78674696,0.12131093,0.00748176
2192.000,1.690000,-0.99739000,-2.67234373,2.85240386,0.11956976,0.01730624
2194.000,1.692000,-1.01377271,-2.54743093,2.74174023,0.12598253,0.00868444
2196.000,1.694000,-1.00620638,-2.46912454,2.66627592,0.07867110,0.03241315
2198.000,1.696000,-1.01076073,-2.48791579,2.68539796,0.01933528,0.02578905
2200.000,1.698000,-0.98938773,-2.52184405,2.70898237,0.04009903,0.00823231
2202.000,1.700000,-0.96917941,-2.63790344,2.81031018,0.11780560,0.02606851
2204.000,1.702000,-1.01390685,-2.59116533,2.78247100,0.06469154,0.04236044
2206.000,1.704000,-1.04536862,-2.65765137,2.85585476,0.07355432,0.00605088
2208.000,1.706000,-1.06170354,-2.61769411,2.82480740,0.04316726,0.00460223
2210.000,1.708000,-1.21563464,-2.68616815,2.94843466,0.16847397,0.02422337
2212.000,1.710000,-1.21481159,-2.82299149,3.07327971,0.13682581,0.05177818
2214.000,1.712000,-1.40520152,-2.68499266,3.03047470,0.23514251,0.03663434
2216.000,1.714000,-1.51265167,-2.64147842,3.04393221,0.11592681,0.04157701
2218.000,1.716000,-1.66193479,-2.57335921,3.06336496,0.16409044,0.03026225
2220.000,1.718000,-1.48271730,-2.59035755,2.98469476,0.18002181,0.00404754
2222.000,1.720000,-1.56778994,-2.50530140,2.95541882,0.12029922,0.01669898
2224.000,1.722000,-1.49272816,-2.51601805,2.92550580,0.07582293,0.01024511
2226.000,1.724000,-1.53002452,-2.50916056,2.93885382,0.03792155,0.01771124
2228.000,1.726000,-1.55276237,-2.51938001,2.95945039,0.02492884,0.02591244
2230.000,1.728000,-1.53588372,-2.52080058,2.95184253,0.01693833,0.03451101
2232.000,1.730000,-1.53301331,-2.52279294,2.95205251,0.00349410,0.00731479
2234.000,1.732000,-1.58279255,-2.48028824,2.94228856,0.06545702,0.02114615
2236.000,1.734000,-1.53881830,-2.56058718,2.98740163,0.09155138,0.01575731
2238.000,1.736000,-1.51014337,-2.56231496,2.97422107,0.02872693,0.00770328
2240.000,1.738000,-1.51945570,-2.52930233,2.95061280,0.03430092,0.01707871
2242.000,1.740000,-1.51153670,-2.47234506,2.89779800,0.05750514,0.02287566
2244.000,1.742000,-1.55051960,-2.39776788,2.85541622,0.08415119,0.02167816
2246.000,1.744000,-1.47673967,-2.32469732,2.75408382,0.10384018,0.02835294
2248.000,1.746000,-1.55731974,-2.31706450,2.79177948,0.08094076,0.04405296
2250.000,1.748000,-1.56915793,-2.23731401,2.73273317,0.08062433,0.00873221
2252.000,1.750000,-1.51083438,-2.25585092,2.71504767,0.06119848,0.02316419
2254.000,1.752000,-1.49425865,-2.11429053,2.58902170,0.14252753,0.00061307
2256.000,1.754000,-1.59711269,-2.10033473,2.63859336,0.10379652,0.00994326
2258.000,1.756000,-1.62025442,-2.03844732,2.60393776,0.06607263,0.00474262
2260.000,1.758000,-1.61962966,-1.97402943,2.55342758,0.06442091,0.02574658
2262.000,1.760000,-1.61557681,-1.94237860,2.52644475,0.03190926,0.01208233
2264.000,1.762000,-1.67052808,-1.91002238,2.53748883,0.06376964,0.02822510
2266.000,1.764000,-1.58725329,-1.96603605,2.52679060,0.10036046,0.03754223
2268.000,1.766000,-1.57279187,-1.80103871,2.39111161,0.16562987,0.01516320
2270.000,1.768000,-1.53734094,-1.93473861,2.47115978,0.13832003,0.02525308
2272.000,1.770000,-1.53849401,-1.92316402,2.46282839,0.01163188,0.01762984
2274.000,1.772000,-1.57592945,-1.95571792,2.51165009,0.04961016,0.03335979
2276.000,1.774000,-1.61777100,-1.99941709,2.57193540,0.06050069,0.02392489
2278.000,1.776000,-1.71951098,-1.77817386,2.47358450,0.24351508,0.03181493
2280.000,1.778000,-1.71394290,-1.71725280,2.42622288,0.06117498,0.02395323
2282.000,1.780000,-1.65780005,-1.65812471,2.34471290,0.08153619,0.02468220
2284.000,1.782000,-1.59343347,-1.66948590,2.30785905,0.06536156,0.01907980
2286.000,1.784000,-1.59147543,-1.66719055,2.30484671,0.00301704,0.02368528
2288.000,1.786000,-1.52906026,-1.52593267,2.16020735,0.15443264,0.05041864
2290.000,1.788000,-1.62459227,-1.57635406,2.26366786,0.10802167,0.00555611
2292.000,1.790000,-1.59368446,-1.71643796,2.34221891,0.14345310,0.01778522
2294.000,1.792000,-1.58904440,-1.60039958,2.25529176,0.11613112,0.03528023
2296.000,1.794000,-1.61795828,-1.68087416,2.33305099,0.08551123,0.05286837
2298.000,1.796000,-1.66808571,-1.45416302,2.21293922,0.23218678,0.00152131
2300.000,1.798000,-1.73094481,-1.57036078,2.33713563,0.13211051,0.03969391
2302.000,1.800000,-1.66512134,-1.60580199,2.31327239,0.07475834,0.02542760
2304.000,1.802000,-1.68248141,-1.56712046,2.29926298,0.04239851,0.02432239
2306.000,1.804000,-1.62787626,-1.48906589,2.20619545,0.09525880,0.00985628
2308.000,1.806000,-1.62423321,-1.47205917,2.19205194,0.01739254,0.01360660
2310.000,1.808000,-1.75325619,-1.46405090,2.28415242,0.12927126,0.02614793
2312.000,1.810000,-1.68896968,-1.47388230,2.24163949,0.06503392,0.01048323
2314.000,1.812000,-1.61525773,-1.39987623,2.13745433,0.10445262,0.02286329
2316.000,1.814000,-1.74597847,-1.42300170,2.25241529,0.13275051,0.02125939
2318.000,1.816000,-1.75677117,-1.47192921,2.29190326,0.05010374,0.01495546
2320.000,1.818000,-1.77023375,-1.43821459,2.28083072,0.03630312,0.04820183
2322.000,1.820000,-1.73506372,-1.29296608,2.16384089,0.14944585,0.04724429
2324.000,1.822000,-1.68112112,-1.24211583,2.09022007,0.07413200,0.01418643
2326.000,1.824000,-1.69643842,-1.19139064,2.07299662,0.05298740,0.02579415
2328.000,1.826000,-1.79162087,-1.20643068,2.15994915,0.09636338,0.04716290
2330.000,1.828000,-1.74851620,-1.20311864,2.12245220,0.04323173,0.01206409
2332.000,1.830000,-1.81704775,-1.33411606,2.25422452,0.14784078,0.02880446
2334.000,1.832000,-1.78915860,-1.23024593,2.17131148,0.10754909,0.00572291
2336.000,1.834000,-1.73299740,-1.13394217,2.07101541,0.11148316,0.00860219
2338.000,1.836000,-1.70276343,-1.14748146,2.05331854,0.03312710,0.03628050
2340.000,1.838000,-1.67624078,-1.10553482,2.00798168,0.04962833,0.02467832
2342.000,1.840000,-1.66419526,-1.12543787,2.00901873,0.02326427,0.01336036
2344.000,1.842000,-1.79120576,-1.23316677,2.17465362,0.16654483,0.02816944
2346.000,1.844000,-1.72795544,-1.28145898,2.15127104,0.07957851,0.05404676
2348.000,1.846000,-1.80208945,-1.33540676,2.24295287,0.09168541,0.03949673
2350.000,1.848000,-1.87054148,-1.26361671,2.25735522,0.09919421,0.02562628
2352.000,1.850000,-1.78291958,-1.38677481,2.25874891,0.15114733,0.01936726
2354.000,1.852000,-1.80979396,-1.30915558,2.23366123,0.08213999,0.01871135
2356.000,1.854000,-1.85357268,-1.35593665,2.29658353,0.06407063,0.02860240
2358.000,1.856000,-1.85069293,-1.38291116,2.31030466,0.02712779,0.01688712
2360.000,1.858000,-1.81630106,-1.38854607,2.28626545,0.03485044,0.03231317
2362.000,1.860000,-1.86928921,-1.42093085,2.34803889,0.06210087,0.02044720
2364.000,1.862000,-1.79517850,-1.35006019,2.24618084,0.10254290,0.00721742
2366.000,1.864000,-1.84586269,-1.37319253,2.30062313,0.05571349,0.02333169
2368.000,1.866000,-1.71946591,-1.37948935,2.20443958,0.12655353,0.01343225
2370.000,1.868000,-1.65453409,-1.46064043,2.20702367,0.10393093,0.02372329
2372.000,1.870000,-1.67124170,-1.50400710,2.24835188,0.04647379,0.02253697
2374.000,1.872000,-1.60070814,-1.37595530,2.11081017,0.14619250,0.02557527
2376.000,1.874000,-1.67184923,-1.42254229,2.19515521,0.08503765,0.03408076
2378.000,1.876000,-1.64424910,-1.37895499,2.14594315,0.05159088,0.03311383
2380.000,1.878000,-1.69562700,-1.37010689,2.17998711,0.05213422,0.03499229
2382.000,1.880000,-1.71159278,-1.41659527,2.22177676,0.04915359,0.03482923
2384.000,1.882000,-1.65134084,-1.38515022,2.15535791,0.06796386,0.00592601
2386.000,1.884000,-1.69031296,-1.44708861,2.22513446,0.07317917,0.02806721
2388.000,1.886000,-1.70345070,-1.34222916,2.16871469,0.10567926,0.01176327
2390.000,1.888000,-1.67709467,-1.29256260,2.11739571,0.05622640,0.02395392
2392.000,1.890000,-1.47936019,-1.39780491,2.03528012,0.22399747,0.03055862
2394.000,1.892000,-1.47304483,-1.42798715,2.05158680,0.03083588,0.04017761
2396.000,1.894000,-1.44320821,-1.44961920,2.04554290,0.03685335,0.01317484
2398.000,1.896000,-1.38600199,-1.43259382,1.99332049,0.05968597,0.00252416
2400.000,1.898000,-1.50403762,-1.38618802,2.04539639,0.12683024,0.02058798
2402.000,1.900000,-1.42850135,-1.46799342,2.04832146,0.11134564,0.00835722
2404.000,1.902000,-1.48926873,-1.43555021,2.06850810,0.06888567,0.03254158
2406.000,1.904000,-1.30472073,-1.31565250,1.85289980,0.22007595,0.04552564
2408.000,1.906000,-1.34058885,-1.43109521,1.96092121,0.12088648,0.01904623
2410.000,1.908000,-1.21039231,-1.38374525,1.83842336,0.13853938,0.01892481
2412.000,1.910000,-1.16962654,-1.37595263,1.80589919,0.04150389,0.01870004
2414.000,1.912000,-1.17615858,-1.28528205,1.74221094,0.09090556,0.02166080
2416.000,1.914000,-1.15069640,-1.38156672,1.79800690,0.09959448,0.02100474
2418.000,1.916000,-1.17965253,-1.35120910,1.79369621,0.04195286,0.03569095
2420.000,1.918000,-1.30609248,-1.32260556,1.85880688,0.12963496,0.01684015
2422.000,1.920000,-1.20077700,-1.36118326,1.81512679,0.11215877,0.02959244
2424.000,1.922000,-1.19304611,-1.34344259,1.79671840,0.01935195,0.02145965
2426.000,1.924000,-1.28464924,-1.45974271,1.94452370,0.14804340,0.02324328
2428.000,1.926000,-1.38119310,-1.39510691,1.96316522,0.11618306,0.02835442
2430.000,1.928000,-1.37426190,-1.42900449,1.98258660,0.03459895,0.03642790
2432.000,1.930000,-1.39345887,-1.31949494,1.91906084,0.11117943,0.00230557
2434.000,1.932000,-1.35596166,-1.44248283,1.97974461,0.12857706,0.03422950
2436.000,1.934000,-1.42194466,-1.42971222,2.01643340,0.06720747,0.03399416
2438.000,1.936000,-1.42287548,-1.42873980,2.01640076,0.00134611,0.03102354
2440.000,1.938000,-1.44190999,-1.32400091,1.95757064,0.10645444,0.05461819
2442.000,1.940000,-1.31443696,-1.30553300,1.85260922,0.12880388,0.01377938
2444.000,1.942000,-1.21556776,-1.29292735,1.77461717,0.09966955,0.03118038
2446.000,1.944000,-1.26372384,-1.39348998,1.88117311,0.11149820,0.02284357
2448.000,1.946000,-1.23317068,-1.37783221,1.84908937,0.03433164,0.00981953
2450.000,1.948000,-1.25049680,-1.35907850,1.84684504,0.02553226,0.02335226
2452.000,1.950000,-1.33020958,-1.43009046,1.95310426,0.10675592,0.01115633
2454.000,1.952000,-1.38149025,-1.35438715,1.93465239,0.09143686,0.04410069
2456.000,1.954000,-1.42621216,-1.28062309,1.91678810,0.08626230,0.00301904
2458.000,1.956000,-1.38491678,-1.28949828,1.89230027,0.04223833,0.01092292
2460.000,1.958000,-1.43953503,-1.15588018,1.84616361,0.14435009,0.04838846
2462.000,1.960000,-1.42454727,-1.17183970,1.84459839,0.02189382,0.02520381
2464.000,1.962000,-1.38174288,-1.14181895,1.79247424,0.05228252,0.02286780
2466.000,1.964000,-1.37163862,-1.25049011,1.85610292,0.10913990,0.01328751
2468.000,1.966000,-1.46963774,-1.25697989,1.93386492,0.09821377,0.03034251
2470.000,1.968000,-1.54502866,-1.21326716,1.96446704,0.08714696,0.00523674
2472.000,1.970000,-1.43219787,-1.28220520,1.92230094,0.13222419,0.01364014
2474.000,1.972000,-1.38459989,-1.28805111,1.89108236,0.04795564,0.03387522
2476.000,1.974000,-1.40978625,-1.35416901,1.95480715,0.07075260,0.02622485
2478.000,1.976000,-1.36809862,-1.33982651,1.91489658,0.04408590,0.01503835
2480.000,1.978000,-1.37138453,-1.44779763,1.99419495,0.10802111,0.03348135
2482.000,1.980000,-1.35307919,-1.56410453,2.06815045,0.11773862,0.02341274
2484.000,1.982000,-1.38487206,-1.51628568,2.05353181,0.05742325,0.03560976
2486.000,1.984000,-1.55989103,-1.48245935,2.15196323,0.17825784,0.04002055
2488.000,1.986000,-1.49301967,-1.49450998,2.11250273,0.06794848,0.01583327
2490.000,1.988000,-1.47106755,-1.39803923,2.02942194,0.09893685,0.01431021
2492.000,1.990000,-1.40944598,-1.36910664,1.96494045,0.06807579,0.00750978
2494.000,1.992000,-1.48126599,-1.42234397,2.05358499,0.08939981,0.05111030
2496.000,1.994000,-1.58958106,-1.50239637,2.18722720,0.13468683,0.04566473
2498.000,1.996000,-1.56691375,-1.53111935,2.19078642,0.03658984,0.01782490
2500.000,1.998000,-1.62235015,-1.40252643,2.14455133,0.14003333,0.03150898
2502.000,2.000000,-1.53587726,-1.37826227,2.06361959,0.08981265,0.01031135
2504.000,2.002000,-1.50743786,-1.33507184,2.01364986,0.05171278,0.02361233
2506.000,2.004000,-1.52365930,-1.40510030,2.07264191,0.07188268,0.02585240
2508.000,2.006000,-1.49480935,-1.43559686,2.07253307,0.04198048,0.01427191
2510.000,2.008000,-1.56846308,-1.50860184,2.17622516,0.10370438,0.02810600
2512.000,2.010000,-1.53058031,-1.40819834,2.07983140,0.10731247,0.01342122
2514.000,2.012000,-1.47395966,-1.43771529,2.05902460,0.06385255,0.04621124
2516.000,2.014000,-1.40375880,-1.45960355,2.02508797,0.07353405,0.03086287
2518.000,2.016000,-1.34764973,-1.44521451,1.97605788,0.05792471,0.02841957
2520.000,2.018000,-1.40994886,-1.47450034,2.04012427,0.06883925,0.01590067
2522.000,2.020000,-1.33455806,-1.57280793,2.06270938,0.12388767,0.04087652
2524.000,2.022000,-1.27983995,-1.47108661,1.94989387,0.11550454,0.04245123
2526.000,2.024000,-1.32119330,-1.53210332,2.02308980,0.07370983,0.01653386
2528.000,2.026000,-1.37250314,-1.52593464,2.05237458,0.05167932,0.00766649
2530.000,2.028000,-1.26350573,-1.58575810,2.02757873,0.12433535,0.03226253
2532.000,2.030000,-1.30706729,-1.67595520,2.12538249,0.10016549,0.03164027
2534.000,2.032000,-1.24514520,-1.59957009,2.02706958,0.09833122,0.02339890
2536.000,2.034000,-1.16459449,-1.66356911,2.03070000,0.10287999,0.02887557
2538.000,2.036000,-1.16948479,-1.65933116,2.03004299,0.00647111,0.01195574
2540.000,2.038000,-1.14769027,-1.71885992,2.06680245,0.06339302,0.03005996
2542.000,2.040000,-1.18388306,-1.59178060,1.98377029,0.13213278,0.01827691
2544.000,2.042000,-1.19093156,-1.69998212,2.07563416,0.10843085,0.03423186
2546.000,2.044000,-1.16990330,-1.82362122,2.16662597,0.12541458,0.01485249
2548.000,2.046000,-1.16227451,-1.84923324,2.18415787,0.02672403,0.01479806
2550.000,2.048000,-1.07641283,-1.80885188,2.10490135,0.09488352,0.02424035
2552.000,2.050000,-1.05847034,-1.72861408,2.02693515,0.08221945,0.03692914
2554.000,2.052000,-1.08311758,-1.74000745,2.04957791,0.02715318,0.02782436
2556.000,2.054000,-1.14072830,-1.72918269,2.07155348,0.05861886,0.03637877
2558.000,2.056000,-1.20100355,-1.74190832,2.11581052,0.06160396,0.03951144
2560.000,2.058000,-1.16143151,-1.80259437,2.14435762,0.07244821,0.03283851
2562.000,2.060000,-1.21800996,-1.77350192,2.15147794,0.06361990,0.01535033
2564.000,2.062000,-1.21876278,-1.75490920,2.13660689,0.01860795,0.01530657
2566.000,2.064000,-1.22464673,-1.83058753,2.20245552,0.07590673,0.01948699
2568.000,2.066000,-1.29258695,-1.89701847,2.29553046,0.09502075,0.02261946
2570.000,2.068000,-1.19081160,-1.89904683,2.24151983,0.10179556,0.00443633
2572.000,2.070000,-1.15405323,-1.93808501,2.25566229,0.05362049,0.01927408
2574.000,2.072000,-1.14645015,-1.96578996,2.27567092,0.02872928,0.03531127
2576.000,2.074000,-1.24146661,-2.02891697,2.37860115,0.11407519,0.01616506
2578.000,2.076000,-1.16557187,-2.00041164,2.31521155,0.08107137,0.02969218
2580.000,2.078000,-1.07413947,-2.00184048,2.27181445,0.09144356,0.04435654
2582.000,2.080000,-1.09195172,-1.94232645,2.22822588,0.06212244,0.00756219
2584.000,2.082000,-1.11446539,-1.87901344,2.18465664,0.06719673,0.02160552
2586.000,2.084000,-1.04017686,-1.91295198,2.17746485,0.08167380,0.01578379
2588.000,2.086000,-0.97078855,-1.92821559,2.15880656,0.07104727,0.02567342
2590.000,2.088000,-0.87686839,-1.97946671,2.16499114,0.10699381,0.04704829
2592.000,2.090000,-0.84230081,-2.03619676,2.20353532,0.06643204,0.06148491
2594.000,2.092000,-0.85306494,-2.01678237,2.18977874,0.02219876,0.04067869
2596.000,2.094000,-0.76528211,-1.94673447,2.09175329,0.11230554,0.02680840
2598.000,2.096000,-0.70183839,-1.95982357,2.08170256,0.06477986,0.02881930
2600.000,2.098000,-0.67335310,-1.96198848,2.07431994,0.02856744,0.01526495
2602.000,2.100000,-0.72781209,-1.96673979,2.09708747,0.05466586,0.01813294
2604.000,2.102000,-0.66281854,-1.93767369,2.04790325,0.07119691,0.01157055
2606.000,2.104000,-0.58783735,-1.91058568,1.99897233,0.07972414,0.01404007
2608.000,2.106000,-0.62804708,-1.98165790,2.07880042,0.08165834,0.02814891
2610.000,2.108000,-0.60268892,-2.02966933,2.11726038,0.05429672,0.02731032
2612.000,2.110000,-0.60742493,-1.97262621,2.06402985,0.05723938,0.01071570
2614.000,2.112000,-0.57470423,-1.88531170,1.97096047,0.09324413,0.02538608
2616.000,2.114000,-0.57495563,-1.98915827,2.07058557,0.10384687,0.03392427
2618.000,2.116000,-0.58780540,-1.97401247,2.05966997,0.01986233,0.03196159
2620.000,2.118000,-0.60485649,-1.91831671,2.01141502,0.05824737,0.01560056
2622.000,2.120000,-0.57258750,-1.93464600,2.01760045,0.03616537,0.02913550
2624.000,2.122000,-0.60226417,-1.87888044,1.97304684,0.06317043,0.02006709
2626.000,2.124000,-0.55869018,-1.91526298,1.99508571,0.05676603,0.03292457
2628.000,2.126000,-0.50546281,-1.96837413,2.03223752,0.07519273,0.02547391
2630.000,2.128000,-0.51305916,-1.86676574,1.93598658,0.10189194,0.01502518
2632.000,2.130000,-0.51256652,-1.89374385,1.96188435,0.02698261,0.02577382
2634.000,2.132000,-0.56612600,-1.92919536,2.01054555,0.06422949,0.03526266
2636.000,2.134000,-0.59713743,-2.00368243,2.09076933,0.08068477,0.01523578
2638.000,2.136000,-0.54960209,-2.04504145,2.11760643,0.06300934,0.01009915
2640.000,2.138000,-0.50706618,-1.95858958,2.02316318,0.09634952,0.02220841
2642.000,2.140000,-0.66260373,-1.97307515,2.08136236,0.15621063,0.01904149
2644.000,2.142000,-0.61731657,-2.04852433,2.13951669,0.08799719,0.00946991
2646.000,2.144000,-0.68099364,-2.06065804,2.17026817,0.06482281,0.00149197
2648.000,2.146000,-0.80663346,-2.06547506,2.21739594,0.12573213,0.03473893
2650.000,2.148000,-0.74200831,-2.09809436,2.22543845,0.07239080,0.04419975
2652.000,2.150000,-0.69541461,-2.13400805,2.24445802,0.05882827,0.02104939
2654.000,2.152000,-0.70305980,-2.19004073,2.30012423,0.05655184,0.02225816
2656.000,2.154000,-0.63064226,-2.18082324,2.27017613,0.07300180,0.02522134
2658.000,2.156000,-0.61045978,-2.09421346,2.18137369,0.08893023,0.01078383
2660.000,2.158000,-0.51061758,-2.10698886,2.16797886,0.10065622,0.01637951
2662.000,2.160000,-0.54114627,-2.00553199,2.07725729,0.10595044,0.05152239
2664.000,2.162000,-0.53012033,-1.93824629,2.00943431,0.06818312,0.01664961
2666.000,2.164000,-0.36294853,-1.91825387,1.95228828,0.16836303,0.03323582
2668.000,2.166000,-0.32139826,-1.90162398,1.92859291,0.04475464,0.02534137
2670.000,2.168000,-0.32605981,-1.94407827,1.97123193,0.04270944,0.01861900
2672.000,2.170000,-0.39913853,-1.93010994,1.97094798,0.07440170,0.03162556
2674.000,2.172000,-0.44424140,-1.91473836,1.96559746,0.04765033,0.00315448
2676.000,2.174000,-0.51223707,-1.86659477,1.93560400,0.08331397,0.02320403
2678.000,2.176000,-0.57895677,-1.86583127,1.95359086,0.06672407,0.06925210
2680.000,2.178000,-0.60068695,-1.88713254,1.98042774,0.03042934,0.02537834
2682.000,2.180000,-0.59002777,-1.90612207,1.99535313,0.02177660,0.01703345
2684.000,2.182000,-0.68197390,-1.84184058,1.96404306,0.11218823,0.02278403
2686.000,2.184000,-0.71378892,-1.86046340,1.99269131,0.03686468,0.03390029
2688.000,2.186000,-0.66894578,-1.89693798,2.01143286,0.05780400,0.00446265
2690.000,2.188000,-0.74016924,-1.85355021,1.99587046,0.08339832,0.00469978
2692.000,2.190000,-0.76181072,-1.84786121,1.99873626,0.02237674,0.01649873
2694.000,2.192000,-0.76323444,-1.79739130,1.95272689,0.05048999,0.04335333
2696.000,2.194000,-0.81139721,-1.78750531,1.96304373,0.04916691,0.01142665
2698.000,2.196000,-0.72739339,-1.77223679,1.91570467,0.08538015,0.00886571
2700.000,2.198000,-0.81056296,-1.71919331,1.90069407,0.09864475,0.04839202
2702.000,2.200000,-0.79682474,-1.74798127,1.92103310,0.03189804,0.04307016
2704.000,2.202000,-0.88098111,-1.77140183,1.97838120,0.08735455,0.01190912
2706.000,2.204000,-0.88776821,-1.67917741,1.89941285,0.09247382,0.02053150
2708.000,2.206000,-0.90548742,-1.84338330,2.05376957,0.16515915,0.02931948
2710.000,2.208000,-0.89789728,-1.89111507,2.09345067,0.04833148,0.01159048
2712.000,2.210000,-0.88328512,-1.95979398,2.14964765,0.07021615,0.00919528
2714.000,2.212000,-0.94829008,-2.13128450,2.33272966,0.18339750,0.01652837
2716.000,2.214000,-0.94974623,-2.08024661,2.28679773,0.05105865,0.01603438
2718.000,2.216000,-0.79325006,-2.16047450,2.30149858,0.17586236,0.03512542
2720.000,2.218000,-0.86404733,-2.12786993,2.29660798,0.07794429,0.02194940
2722.000,2.220000,-0.72435167,-2.12132206,2.24158261,0.13984904,0.03371775
2724.000,2.222000,-0.71511381,-2.18261276,2.29677736,0.06198297,0.00915686
2726.000,2.224000,-0.63254900,-2.09197908,2.18551932,0.12260266,0.02493142
2728.000,2.226000,-0.71187405,-2.15182584,2.26652137,0.09936849,0.03933795
2730.000,2.228000,-0.73569092,-2.09744519,2.22272748,0.05936748,0.05606254
2732.000,2.230000,-0.82550936,-2.08677835,2.24412780,0.09044963,0.06248088
2734.000,2.232000,-0.79135982,-2.19065690,2.32921189,0.10934781,0.02354789
2736.000,2.234000,-0.78118852,-2.18545020,2.32087227,0.01142651,0.02047727
2738.000,2.236000,-0.82414579,-2.13477096,2.28833200,0.06643577,0.02849063
2740.000,2.238000,-0.85238656,-2.08427674,2.25183755,0.05785506,0.02002350
2742.000,2.240000,-0.88855352,-2.03042659,2.21633921,0.06486823,0.03238898
2744.000,2.242000,-0.97379765,-2.00385612,2.22794102,0.08928915,0.03074447
2746.000,2.244000,-0.93716815,-2.06781965,2.27027801,0.07370925,0.03272823
2748.000,2.246000,-0.89247602,-1.97205887,2.16460842,0.10567646,0.03495875
2750.000,2.248000,-0.94538394,-2.01344102,2.22434160,0.06716942,0.02696770
2752.000,2.250000,-1.00607479,-1.99981065,2.23862215,0.06220262,0.02402536
2754.000,2.252000,-1.09823839,-2.02128371,2.30037288,0.09463203,0.02501389
2756.000,2.254000,-1.01475938,-2.14408410,2.37209469,0.14848798,0.01985449
2758.000,2.256000,-1.03449603,-1.99563286,2.24782841,0.14975749,0.02453361
2760.000,2.258000,-1.03648834,-2.04334750,2.29119556,0.04775621,0.01438746
2762.000,2.260000,-1.08410656,-1.99984522,2.27478965,0.06449762,0.02054904
2764.000,2.262000,-1.16497665,-1.96675624,2.28589166,0.08737765,0.01865343
2766.000,2.264000,-1.17304797,-2.00535725,2.32325187,0.03943583,0.01720090
2768.000,2.266000,-1.21122523,-1.97995757,2.32105548,0.04585462,0.01053898
2770.000,2.268000,-1.13846100,-2.04869482,2.34376704,0.10009717,0.02273058
2772.000,2.270000,-1.23830578,-2.00571931,2.35718289,0.10870085,0.02373516
2774.000,2.272000,-1.17698133,-2.00547134,2.32533876,0.06132495,0.04112295
2776.000,2.274000,-1.18982456,-2.03373147,2.35621437,0.03104164,0.01713861
2778.000,2.276000,-1.10528043,-2.04815442,2.32735501,0.08576557,0.01168325
2780.000,2.278000,-1.11027688,-2.02917719,2.31306610,0.01962396,0.00435229
2782.000,2.280000,-1.12808081,-2.07769417,2.36418684,0.05168054,0.02246759
2784.000,2.282000,-1.30225179,-2.02332411,2.40617958,0.18245996,0.04858205
2786.000,2.284000,-1.33693896,-2.08605295,2.47770513,0.07168060,0.02705644
2788.000,2.286000,-1.39446050,-2.04735006,2.47712784,0.06932994,0.02156888
2790.000,2.288000,-1.28475194,-2.09198215,2.45499019,0.11843982,0.05315538
2792.000,2.290000,-1.30816605,-2.15975825,2.52504536,0.07170649,0.03985369
2794.000,2.292000,-1.30046685,-2.11801457,2.48539730,0.04244776,0.03895282
2796.000,2.294000,-1.18207312,-2.11179656,2.42012015,0.11855691,0.01814999
2798.000,2.296000,-1.13053487,-2.04587938,2.33746262,0.08367357,0.01080931
2800.000,2.298000,-1.21442688,-2.06181133,2.39288500,0.08539143,0.01979971
2802.000,2.300000,-1.13749600,-2.14493505,2.42788870,0.11326037,0.01512027
2804.000,2.302000,-1.19304417,-2.19263538,2.49619797,0.07321830,0.01513183
2806.000,2.304000,-1.15591623,-2.15707771,2.44726921,0.05140848,0.01784615
2808.000,2.306000,-1.18320317,-2.07908799,2.39219076,0.08262550,0.01926180
2810.000,2.308000,-1.17701562,-2.09657650,2.40437077,0.01855084,0.03358916
2812.000,2.310000,-1.22068981,-2.19664022,2.51302842,0.10917959,0.02689583
2814.000,2.312000,-1.22229523,-2.24363902,2.55497978,0.04702621,0.03329239
2816.000,2.314000,-1.22383994,-2.35901314,2.65757920,0.11538446,0.01039912
2818.000,2.316000,-1.24945553,-2.35282171,2.66400246,0.02635321,0.00651989
2820.000,2.318000,-1.27246114,-2.27770063,2.60903767,0.07856484,0.03891663
2822.000,2.320000,-1.12841912,-2.27483698,2.53933318,0.14407048,0.03705834
2824.000,2.322000,-1.15511016,-2.32186557,2.59332590,0.05407494,0.00106782
2826.000,2.324000,-1.06631038,-2.29477660,2.53041844,0.09283972,0.02815410
2828.000,2.326000,-1.11138695,-2.35597313,2.60495496,0.07600600,0.01946286
2830.000,2.328000,-1.04198557,-2.28971739,2.51565889,0.09594985,0.01653261
2832.000,2.330000,-1.12046797,-2.21262554,2.48015327,0.11001200,0.01056143
2834.000,2.332000,-1.06729293,-2.24169608,2.48280396,0.06060265,0.01876709
2836.000,2.334000,-1.04946276,-2.24374124,2.47704398,0.01794707,0.00549251
2838.000,2.336000,-0.97880318,-2.23247651,2.43762323,0.07155188,0.01597279
2840.000,2.338000,-0.90109319,-2.09697454,2.28238278,0.15620380,0.02621726
2842.000,2.340000,-0.81326861,-2.10989325,2.26120662,0.08876965,0.02619160
2844.000,2.342000,-0.80349739,-2.06713793,2.21780686,0.04385766,0.03017548
2846.000,2.344000,-0.81108083,-2.22076174,2.36424085,0.15381087,0.03331065
2848.000,2.346000,-0.83542206,-2.13306192,2.29082587,0.09101512,0.02674896
2850.000,2.348000,-0.74667530,-2.06123319,2.19230615,0.11417248,0.01696913
2852.000,2.350000,-0.66106890,-2.11120113,2.21227989,0.09912240,0.01188520
2854.000,2.352000,-0.67446388,-2.11046129,2.21561467,0.01341540,0.01901271
2856.000,2.354000,-0.66246926,-2.11497831,2.21630296,0.01281696,0.00773503
2858.000,2.356000,-0.70339660,-2.12264239,2.23615239,0.04163875,0.00642317
2860.000,2.358000,-0.65699294,-2.16862570,2.26596054,0.06532813,0.04039756
2862.000,2.360000,-0.60552494,-2.18995538,2.27212786,0.05571275,0.06036202
2864.000,2.362000,-0.62713434,-2.25944092,2.34486050,0.07276817,0.03372281
2866.000,2.364000,-0.54346942,-2.36405491,2.42571941,0.13395487,0.01437311
2868.000,2.366000,-0.62661463,-2.38730142,2.46816814,0.08633380,0.01516071
2870.000,2.368000,-0.60027963,-2.38028900,2.45481392,0.02725264,0.01940927
2872.000,2.370000,-0.60883065,-2.46159774,2.53577172,0.08175715,0.05353728
2874.000,2.372000,-0.61334139,-2.49526727,2.56954207,0.03397034,0.02977714
2876.000,2.374000,-0.53911131,-2.47423562,2.53228808,0.07715202,0.02166390
2878.000,2.376000,-0.48441736,-2.46063903,2.50786854,0.05635863,0.04846929
2880.000,2.378000,-0.46761060,-2.42827884,2.47289259,0.03646436,0.02830512
2882.000,2.380000,-0.41450350,-2.39609196,2.43168046,0.06209959,0.01151141
2884.000,2.382000,-0.27150587,-2.41656375,2.43176804,0.14445559,0.03969390
2886.000,2.384000,-0.27163529,-2.34053144,2.35624132,0.07603242,0.01143912
2888.000,2.386000,-0.30090475,-2.40329215,2.42205632,0.06925033,0.03729934
2890.000,2.388000,-0.44180938,-2.30441244,2.34638280,0.17213748,0.04514312
2892.000,2.390000,-0.43786022,-2.28689600,2.32843615,0.01795610,0.00917273
2894.000,2.392000,-0.41362061,-2.33775206,2.37406122,0.05633735,0.01013253
2896.000,2.394000,-0.42739828,-2.29098978,2.33051571,0.04874971,0.00944608
2898.000,2.396000,-0.52008735,-2.34210194,2.39915242,0.10584761,0.00262970
2900.000,2.398000,-0.56815949,-2.38273991,2.44954173,0.06294740,0.02519504
2902.000,2.400000,-0.64521612,-2.37157734,2.45778009,0.07786095,0.02790496
2904.000,2.402000,-0.60337229,-2.44187371,2.51531416,0.08180761,0.01026806
2906.000,2.404000,-0.55995069,-2.48236708,2.54473792,0.05937296,0.01898421
2908.000,2.406000,-0.58822119,-2.58082995,2.64701481,0.10244100,0.02228147
2910.000,2.408000,-0.63515788,-2.53769790,2.61597710,0.06374501,0.00918422
2912.000,2.410000,-0.58707562,-2.47874221,2.54731638,0.07607679,0.01780956
2914.000,2.412000,-0.45839569,-2.43075731,2.47360217,0.13733563,0.01088240
2916.000,2.414000,-0.37987189,-2.44467239,2.47401005,0.07974720,0.04143448
2918.000,2.416000,-0.34900052,-2.37773229,2.40320873,0.07371579,0.00706479
2920.000,2.418000,-0.33455244,-2.41916640,2.44218987,0.04388088,0.01861618
2922.000,2.420000,-0.27905689,-2.42586653,2.44186428,0.05589854,0.00527184
2924.000,2.422000,-0.32588083,-2.47199760,2.49338534,0.06573094,0.02389909
2926.000,2.424000,-0.30453126,-2.44035760,2.45928537,0.03816928,0.02902826
2928.000,2.426000,-0.30362270,-2.39890275,2.41804077,0.04146481,0.02964951
2930.000,2.428000,-0.31751324,-2.45400882,2.47446438,0.05682980,0.02376059
2932.000,2.430000,-0.32150169,-2.52897259,2.54932652,0.07506980,0.01958219
2934.000,2.432000,-0.15691552,-2.52746336,2.53232967,0.16459309,0.03010153
2936.000,2.434000,-0.12807023,-2.48178717,2.48508945,0.05402190,0.01092529
2938.000,2.436000,-0.21945304,-2.48847358,2.49813138,0.09162710,0.03898075
2940.000,2.438000,-0.22192767,-2.52873035,2.53845014,0.04033276,0.02159519
2942.000,2.440000,-0.18467468,-2.44574298,2.45270533,0.09096532,0.03464842
2944.000,2.442000,-0.24202189,-2.55510509,2.56654176,0.12348592,0.02957162
2946.000,2.444000,-0.17044331,-2.49707711,2.50288733,0.09214521,0.01902816
2948.000,2.446000,-0.22615175,-2.48619050,2.49645505,0.05676221,0.02306172
2950.000,2.448000,-0.24113065,-2.42439837,2.43636029,0.06358172,0.02570845
2952.000,2.450000,-0.28707690,-2.50064418,2.51706863,0.08901956,0.01705052
2954.000,2.452000,-0.22871196,-2.52668197,2.53701221,0.06390957,0.02249415
2956.000,2.454000,-0.19887904,-2.57717381,2.58483612,0.05864665,0.01134277
2958.000,2.456000,-0.29801038,-2.63584586,2.65263899,0.11519302,0.01252218
2960.000,2.458000,-0.24423847,-2.65875413,2.66994868,0.05844833,0.01225328
2962.000,2.460000,-0.25088492,-2.59205066,2.60416395,0.06703378,0.01792802
2964.000,2.462000,-0.23376269,-2.52061143,2.53142785,0.07346247,0.01887554
2966.000,2.464000,-0.22994546,-2.54722027,2.55757815,0.02688125,0.02309782
2968.000,2.466000,-0.18869816,-2.50696583,2.51405741,0.05763471,0.01466985
2970.000,2.468000,-0.19316275,-2.52338383,2.53076625,0.01701421,0.02212656
2972.000,2.470000,-0.19060577,-2.43256746,2.44002357,0.09085236,0.05111004
2974.000,2.472000,-0.26354636,-2.38560891,2.40012220,0.08674927,0.02853728
2976.000,2.474000,-0.26911371,-2.34780379,2.36317685,0.03821286,0.01230802
2978.000,2.476000,-0.34460770,-2.36359877,2.38858820,0.07712863,0.02374735
2980.000,2.478000,-0.20200678,-2.30177102,2.31061823,0.15542745,0.01336980
2982.000,2.480000,-0.19635565,-2.30112347,2.30948582,0.00568811,0.01082831
2984.000,2.482000,-0.07829283,-2.29008800,2.29142594,0.11857744,0.02217500
2986.000,2.484000,-0.18471955,-2.30662270,2.31400726,0.10770349,0.02806396
2988.000,2.486000,-0.25365350,-2.34045164,2.35415674,0.07678728,0.03685429
2990.000,2.488000,-0.29750387,-2.37712051,2.39566494,0.05716171,0.01875358
2992.000,2.490000,-0.31204687,-2.38009791,2.40046647,0.01484465,0.00586417
2994.000,2.492000,-0.28552483,-2.33743207,2.35480638,0.05023736,0.03376437
2996.000,2.494000,-0.24731365,-2.33369262,2.34676060,0.03839372,0.02263995
2998.000,2.496000,-0.38791037,-2.29128649,2.32389075,0.14685270,0.03295974
3000.000,2.498000,-0.33092524,-2.26269886,2.28677014,0.06375388,0.01409794
3002.000,2.500000,-0.36191616,-2.25056556,2.27947990,0.03328144,0.00588739
3004.000,2.502000,-0.33989795,-2.32286874,2.34760512,0.07558142,0.03578962
3006.000,2.504000,-0.35512208,-2.30495188,2.33214812,0.02351144,0.01286716
3008.000,2.506000,-0.37777814,-2.25853950,2.28991637,0.05164694,0.02709140
3010.000,2.508000,-0.38813846,-2.29171957,2.32435584,0.03475994,0.00610088
3012.000,2.510000,-0.43379499,-2.41332699,2.45200433,0.12989566,0.03282702
3014.000,2.512000,-0.43646283,-2.36734120,2.40723994,0.04606311,0.02927147
3016.000,2.514000,-0.49344306,-2.44538243,2.49467058,0.09662909,0.03492899
3018.000,2.516000,-0.50673740,-2.42145130,2.47390566,0.02737587,0.01391039
3020.000,2.518000,-0.54020074,-2.39665726,2.45678303,0.04164781,0.00615603
3022.000,2.520000,-0.43611206,-2.45056710,2.48907067,0.11722084,0.01249188
3024.000,2.522000,-0.48601371,-2.45081810,2.49854331,0.04990228,0.02412624
3026.000,2.524000,-0.54138597,-2.48175159,2.54011608,0.06342687,0.00529281
3028.000,2.526000,-0.58547672,-2.50703108,2.57448788,0.05082369,0.01933363
3030.000,2.528000,-0.50636138,-2.45506061,2.50673581,0.09465816,0.06215285
3032.000,2.530000,-0.60737185,-2.47767184,2.55103084,0.10351031,0.00792711
3034.000,2.532000,-0.57995817,-2.49004484,2.55669215,0.03007659,0.02003159
3036.000,2.534000,-0.65808223,-2.44071237,2.52787442,0.09239622,0.03926405
3038.000,2.536000,-0.65096964,-2.42909798,2.51481181,0.01361921,0.01942634
3040.000,2.538000,-0.65420630,-2.37308638,2.46161021,0.05610503,0.01434592
3042.000,2.540000,-0.60810879,-2.36148816,2.43852878,0.04753419,0.03458508
3044.000,2.542000,-0.55606712,-2.28431556,2.35102280,0.09308032,0.02392088
3046.000,2.544000,-0.61812115,-2.22463806,2.30891495,0.08609359,0.03299590
3048.000,2.546000,-0.64116708,-2.23391035,2.32410212,0.02484130,0.03109761
3050.000,2.548000,-0.62758139,-2.23837286,2.32468739,0.01429983,0.03391734
3052.000,2.550000,-0.60501723,-2.25818540,2.33782958,0.03002796,0.02824467
3054.000,2.552000,-0.57731852,-2.22507568,2.29875150,0.04316795,0.03235570
3056.000,2.554000,-0.46090206,-2.23829422,2.28525529,0.11716451,0.01164253
3058.000,2.556000,-0.51624942,-2.29087929,2.34832736,0.07634474,0.01369413
3060.000,2.558000,-0.55408122,-2.29164619,2.35767858,0.03783957,0.02532076
3062.000,2.560000,-0.50076187,-2.20436435,2.26052751,0.10227939,0.03809917
3064.000,2.562000,-0.55614276,-2.21519632,2.28394166,0.05643026,0.03142700
3066.000,2.564000,-0.57706868,-2.24680794,2.31973149,0.03791027,0.01140685
3068.000,2.566000,-0.54632370,-2.27386683,2.33857648,0.04095653,0.02205760
3070.000,2.568000,-0.62368890,-2.24087520,2.32605019,0.08410601,0.03790777
3072.000,2.570000,-0.50750832,-2.22732819,2.28441580,0.11696773,0.05773197
3074.000,2.572000,-0.48293717,-2.23218186,2.28382665,0.02504594,0.02430537
3076.000,2.574000,-0.58045535,-2.31354396,2.38524927,0.12700231,0.01721313
3078.000,2.576000,-0.74527621,-2.20150419,2.32423264,0.19929583,0.02801192
3080.000,2.578000,-0.79531838,-2.28458401,2.41906086,0.09698698,0.02489862
3082.000,2.580000,-0.84741346,-2.23907746,2.39407131,0.06917184,0.03410525
3084.000,2.582000,-0.94609391,-2.30061995,2.48755821,0.11629836,0.02775302
3086.000,2.584000,-0.94788132,-2.27048886,2.46040620,0.03018406,0.02694034
3088.000,2.586000,-0.96789770,-2.32754518,2.52077221,0.06046551,0.03033402
3090.000,2.588000,-1.03161085,-2.24212139,2.46806185,0.10656729,0.03238475
3092.000,2.590000,-1.07923489,-2.21077605,2.46013794,0.05701386,0.03891813
3094.000,2.592000,-1.08403718,-2.14825228,2.40626775,0.06270793,0.03272059
3096.000,2.594000,-1.10637967,-2.24628694,2.50397304,0.10054840,0.02404345
3098.000,2.596000,-0.97215872,-2.24323804,2.44483323,0.13425557,0.04417507
3100.000,2.598000,-0.85594604,-2.15814441,2.32168709,0.14403580,0.03653001
3102.000,2.600000,-0.95872353,-2.24895667,2.44478157,0.13714984,0.01540420
3104.000,2.602000,-0.94480596,-2.18745626,2.38277636,0.06305552,0.01435413
3106.000,2.604000,-0.93517517,-2.24805765,2.43481330,0.06136188,0.02621373
3108.000,2.606000,-0.85656923,-2.21163571,2.37171738,0.08663401,0.02710872
3110.000,2.608000,-0.89165422,-2.29568707,2.46276803,0.09108012,0.01373985
3112.000,2.610000,-0.75742130,-2.26995380,2.39298502,0.13667727,0.01874401
3114.000,2.612000,-0.82328909,-2.23518306,2.38198410,0.07448202,0.00969556
3116.000,2.614000,-0.85462531,-2.18352575,2.34481750,0.06041885,0.00552338
3118.000,2.616000,-0.83725337,-2.25013352,2.40085278,0.06883589,0.01647817
3120.000,2.618000,-0.86888072,-2.22746477,2.39093141,0.03891223,0.02594312
3122.000,2.620000,-0.90583439,-2.30816074,2.47954470,0.08875479,0.01677191
3124.000,2.622000,-0.91247311,-2.30995166,2.48364326,0.00687605,0.02888299
3126.000,2.624000,-0.99377058,-2.32195932,2.52568309,0.08217945,0.02949982
3128.000,2.626000,-1.04775085,-2.34848282,2.57160522,0.06014454,0.00581298
3130.000,2.628000,-0.99286314,-2.38294652,2.58151339,0.06481055,0.00227569
3132.000,2.630000,-0.90065283,-2.35353621,2.51998179,0.09678692,0.02569246
3134.000,2.632000,-1.03800163,-2.36498636,2.58275199,0.13782525,0.03658209
3136.000,2.634000,-0.96616079,-2.33256160,2.52473965,0.07881923,0.00956876
3138.000,2.636000,-1.00071073,-2.27872472,2.48877647,0.06396959,0.02187737
3140.000,2.638000,-0.97963415,-2.34280897,2.53937728,0.06746121,0.00837027
3142.000,2.640000,-0.93971484,-2.42157196,2.59751318,0.08830152,0.02418199
3144.000,2.642000,-0.96022487,-2.26987700,2.46462439,0.15307522,0.02621392
3146.000,2.644000,-0.97234278,-2.23609155,2.43835106,0.03589290,0.00454357
3148.000,2.646000,-0.83036540,-2.30666597,2.45157390,0.15855070,0.01756657
3150.000,2.648000,-0.95351658,-2.37179368,2.55628620,0.13931200,0.00374378
3152.000,2.650000,-0.83713781,-2.16747126,2.32351703,0.23514181,0.01760512
3154.000,2.652000,-0.92187603,-2.24409841,2.42607360,0.11424660,0.01136070
3156.000,2.654000,-0.95725071,-2.31881023,2.50862707,0.08266331,0.01520486
3158.000,2.656000,-1.05013546,-2.29831338,2.52686147,0.09511939,0.04502937
3160.000,2.658000,-1.07395126,-2.29598895,2.53474586,0.02392896,0.04412359
3162.000,2.660000,-1.12930747,-2.33632606,2.59494794,0.06849374,0.00298387
3164.000,2.662000,-1.14593162,-2.33297551,2.59921796,0.01695843,0.03060773
3166.000,2.664000,-1.15588191,-2.37623781,2.64245513,0.04439183,0.03472831
3168.000,2.666000,-1.26304079,-2.47789920,2.78123291,0.14770939,0.02492357
3170.000,2.668000,-1.25936773,-2.45477658,2.75897357,0.02341254,0.03134186
3172.000,2.670000,-1.29626348,-2.48180823,2.79994127,0.04573846,0.00772170
3174.000,2.672000,-1.29312983,-2.46887833,2.78703157,0.01330422,0.03241845
3176.000,2.674000,-1.30184370,-2.46455612,2.78726279,0.00972692,0.02699096
3178.000,2.676000,-1.27991439,-2.35853057,2.68343945,0.10826962,0.03746693
3180.000,2.678000,-1.20748484,-2.32536631,2.62018093,0.07966121,0.01825952
3182.000,2.680000,-1.27818610,-2.21242980,2.55511356,0.13324160,0.01694562
3184.000,2.682000,-1.20058420,-2.16517143,2.47575640,0.09085928,0.03590540
3186.000,2.684000,-1.34742001,-2.21303320,2.59095670,0.15443932,0.01124430
3188.000,2.686000,-1.25963624,-2.23200482,2.56291416,0.08981042,0.03183887
3190.000,2.688000,-1.23013688,-2.27512204,2.58639074,0.05224277,0.01178015
3192.000,2.690000,-1.25043961,-2.22049880,2.54837480,0.05827434,0.01322897
3194.000,2.692000,-1.17414948,-2.27278334,2.55815775,0.09248706,0.01898587
3196.000,2.694000,-1.12641632,-2.06949842,2.35619130,0.20881382,0.03112408
3198.000,2.696000,-1.17183504,-2.14959550,2.44825615,0.09207824,0.00735875
3200.000,2.698000,-1.27796325,-2.26465643,2.60035744,0.15653184,0.02215604
3202.000,2.700000,-1.24178757,-2.19328687,2.52042529,0.08001434,0.01480170
3204.000,2.702000,-1.36069502,-2.29064586,2.66431031,0.15368070,0.02378174
3206.000,2.704000,-1.33346647,-2.29597904,2.65511819,0.02774593,0.01108838
3208.000,2.706000,-1.38215888,-2.26783210,2.65582861,0.05624235,0.00980811
3210.000,2.708000,-1.36692650,-2.35051642,2.71908358,0.08407569,0.01807936
3212.000,2.710000,-1.33786334,-2.39392969,2.74240364,0.05224347,0.01948280
3214.000,2.712000,-1.38418297,-2.30106059,2.68530116,0.10377947,0.05289645
3216.000,2.714000,-1.45020545,-2.34212471,2.75474935,0.07775107,0.04700049
3218.000,2.716000,-1.44495052,-2.25976737,2.68224357,0.08252482,0.02972052
3220.000,2.718000,-1.46339565,-2.22723032,2.66497311,0.03740164,0.02700483
3222.000,2.720000,-1.36035488,-2.19547314,2.58276358,0.10782355,0.03314276
3224.000,2.722000,-1.39803382,-2.21059174,2.61557152,0.04059895,0.00370727
3226.000,2.724000,-1.44744347,-2.30015590,2.71768464,0.10228907,0.01444986
3228.000,2.726000,-1.40187512,-2.28808760,2.68339314,0.04713935,0.02468750
3230.000,2.728000,-1.49060146,-2.23292374,2.68474229,0.10447686,0.02116909
3232.000,2.730000,-1.50961097,-2.18975443,2.65968979,0.04716938,0.02273868
3234.000,2.732000,-1.59137943,-2.16371419,2.68591653,0.08581477,0.02061872
3236.000,2.734000,-1.52143572,-2.11124519,2.60233028,0.08743637,0.02502073
3238.000,2.736000,-1.53811603,-2.04804636,2.56130725,0.06536302,0.01558401
3240.000,2.738000,-1.45680240,-2.20302312,2.64113311,0.17501343,0.04658039
3242.000,2.740000,-1.51990836,-2.14890757,2.63209520,0.08313155,0.01759115
3244.000,2.742000,-1.53401874,-2.10452322,2.60427178,0.04657331,0.01510498
3246.000,2.744000,-1.56180502,-2.07093627,2.59384116,0.04359083,0.02472822
3248.000,2.746000,-1.55133737,-2.08438296,2.59832637,0.01704069,0.03159599
3250.000,2.748000,-1.48849247,-2.11301561,2.58465565,0.06906019,0.01693915
3252.000,2.750000,-1.36501031,-2.15891037,2.55424101,0.13173524,0.02306076
3254.000,2.752000,-1.36933091,-2.12186679,2.52534865,0.03729470,0.00494482
3256.000,2.754000,-1.40491852,-2.14787790,2.56654934,0.04408011,0.02966428
3258.000,2.756000,-1.27739717,-2.15265058,2.50312766,0.12761063,0.01318674
3260.000,2.758000,-1.39660034,-2.10833593,2.52894699,0.12717383,0.00706268
3262.000,2.760000,-1.28169736,-2.14242944,2.49654802,0.11985434,0.02234587
3264.000,2.762000,-1.34190133,-2.12188598,2.51059740,0.06361251,0.03824618
3266.000,2.764000,-1.29943906,-2.11279265,2.48041018,0.04342503,0.03368662
3268.000,2.766000,-1.42407037,-2.15793129,2.58546782,0.13255361,0.01934758
3270.000,2.768000,-1.24004481,-2.27005788,2.58667236,0.21549427,0.01479696
3272.000,2.770000,-1.15118409,-2.22173551,2.50226567,0.10114979,0.01344003
3274.000,2.772000,-1.02138483,-2.15885259,2.38827793,0.14422936,0.01749336
3276.000,2.774000,-1.01712252,-2.07947957,2.31490249,0.07948738,0.02606524
3278.000,2.776000,-1.06163562,-2.13124659,2.38102545,0.06827327,0.02238860
3280.000,2.778000,-1.01320262,-2.02386703,2.26331997,0.11779697,0.04003625
3282.000,2.780000,-1.08031634,-2.08702894,2.35005813,0.09216116,0.02239912
3284.000,2.782000,-1.05255825,-2.02883476,2.28561793,0.06447538,0.01696829
3286.000,2.784000,-1.04941074,-1.96092652,2.22407188,0.06798114,0.03531761
3288.000,2.786000,-1.10231261,-1.97161017,2.25883593,0.05396988,0.03845995
3290.000,2.788000,-1.01690416,-1.95164096,2.20068092,0.08771187,0.02919697
3292.000,2.790000,-1.02236965,-1.94117008,2.19394188,0.01181147,0.00448178
3294.000,2.792000,-1.02828227,-1.79410666,2.06789341,0.14718222,0.01209355
3296.000,2.794000,-1.07003003,-1.77668248,2.07402143,0.04523801,0.03690057
3298.000,2.796000,-1.10756020,-1.76507800,2.08379220,0.03928331,0.02273423
3300.000,2.798000,-1.08586422,-1.75514801,2.06389090,0.02386044,0.04067659
3302.000,2.800000,-1.02986053,-1.78485438,2.06065957,0.06339465,0.02465524
3304.000,2.802000,-1.08176410,-1.84800853,2.14134283,0.08174612,0.03228070
3306.000,2.804000,-1.05007979,-1.84103335,2.11945072,0.03244301,0.02590271
3308.000,2.806000,-0.98252833,-1.81735780,2.06595046,0.07158024,0.04493805
3310.000,2.808000,-0.94049069,-1.82455839,2.05268995,0.04264987,0.03475157
3312.000,2.810000,-0.92510494,-1.74196766,1.97237686,0.08401160,0.03559766
3314.000,2.812000,-0.99739541,-1.82919538,2.08344746,0.11328983,0.03971900
3316.000,2.814000,-1.02389106,-1.91555078,2.17202387,0.09032871,0.01237556
3318.000,2.816000,-0.91091527,-1.94559078,2.14827608,0.11690137,0.02978287
3320.000,2.818000,-0.89248575,-1.88515545,2.08574732,0.06318289,0.01782816
3322.000,2.820000,-1.01535299,-1.83808056,2.09987662,0.13157661,0.03183003
3324.000,2.822000,-1.02491077,-1.84647090,2.11184679,0.01271806,0.01425141
3326.000,2.824000,-1.09918826,-1.82202844,2.12791035,0.07819577,0.01053373
3328.000,2.826000,-1.02597167,-1.81187952,2.08219242,0.07391664,0.02126939
3330.000,2.828000,-1.05468311,-1.77748965,2.06683960,0.04479967,0.01880286
3332.000,2.830000,-1.01026055,-1.85688785,2.11392026,0.09098042,0.02842693
3334.000,2.832000,-1.06126857,-1.93686329,2.20855844,0.09485721,0.02777859
3336.000,2.834000,-1.01660276,-2.00333162,2.24651257,0.08008167,0.01859847
3338.000,2.836000,-1.13589779,-2.05459018,2.34768069,0.12984123,0.01666255
3340.000,2.838000,-1.04441668,-2.00116029,2.25731006,0.10594124,0.01785739
3342.000,2.840000,-1.03370222,-1.96655184,2.22168099,0.03622906,0.02907902
3344.000,2.842000,-0.94829302,-1.89805355,2.12176034,0.10948400,0.00822233
3346.000,2.844000,-0.96657265,-1.85140350,2.08853001,0.05010361,0.02040623
3348.000,2.846000,-0.91760252,-1.87566220,2.08808599,0.05464941,0.01423204
3350.000,2.848000,-0.91705766,-1.85442949,2.06879276,0.02123971,0.02389584
3352.000,2.850000,-0.90986130,-1.93104683,2.13466378,0.07695457,0.02787513
3354.000,2.852000,-0.80672910,-1.98783825,2.14530016,0.11773494,0.02283492
3356.000,2.854000,-0.95503087,-2.01457398,2.22948251,0.15069245,0.04646292
3358.000,2.856000,-0.91099892,-2.02588800,2.22129269,0.04546229,0.02913748
3360.000,2.858000,-0.81011513,-2.01685846,2.17347753,0.10128707,0.01241683
3362.000,2.860000,-0.68798029,-2.04780597,2.16028382,0.12599471,0.03344301
3364.000,2.862000,-0.66112426,-1.93372250,2.04361641,0.11720190,0.02392511
3366.000,2.864000,-0.77203741,-1.89000198,2.04160458,0.11921917,0.02403545
3368.000,2.866000,-0.83918356,-1.79415532,1.98071259,0.11702644,0.05113994
3370.000,2.868000,-0.85995961,-1.76099520,1.95975372,0.03913104,0.02432966
3372.000,2.870000,-0.86622458,-1.80232312,1.99967839,0.04180008,0.00498928
3374.000,2.872000,-0.79542030,-1.79195186,1.96055730,0.07155983,0.00427719
3376.000,2.874000,-0.83209794,-1.71791222,1.90882409,0.08262637,0.00410515
3378.000,2.876000,-0.79536616,-1.72626671,1.90068517,0.03766990,0.02777051
3380.000,2.878000,-0.60778570,-1.63643838,1.74566149,0.20797971,0.03314470
3382.000,2.880000,-0.67410528,-1.65346897,1.78560286,0.06847137,0.00936020
3384.000,2.882000,-0.63220198,-1.60154224,1.72180629,0.06672535,0.02228533
3386.000,2.884000,-0.62532058,-1.68517929,1.79745795,0.08391966,0.02884814
3388.000,2.886000,-0.71080521,-1.65371604,1.80000578,0.09109093,0.02661999
3390.000,2.888000,-0.70974434,-1.60020739,1.75054298,0.05351917,0.01477456
3392.000,2.890000,-0.70642035,-1.56763588,1.71945107,0.03274068,0.01975006
3394.000,2.892000,-0.59066520,-1.62178759,1.72600126,0.12779539,0.03685208
3396.000,2.894000,-0.67638398,-1.67529876,1.80668792,0.10105026,0.00952491
3398.000,2.896000,-0.59936767,-1.69550092,1.79832282,0.07962185,0.01623919
3400.000,2.898000,-0.66663688,-1.70544524,1.83110573,0.06800026,0.02603052
3402.000,2.900000,-0.67874281,-1.76570844,1.89167071,0.06146711,0.01692672
3404.000,2.902000,-0.63292780,-1.79581790,1.90409021,0.05482330,0.02110879
3406.000,2.904000,-0.60092399,-1.82549479,1.92185871,0.04364587,0.00726271
3408.000,2.906000,-0.49890562,-1.83514181,1.90174979,0.10247348,0.02873092
3410.000,2.908000,-0.58467527,-1.84234166,1.93289109,0.08607131,0.01602830
3412.000,2.910000,-0.56775627,-1.85061074,1.93574464,0.01883163,0.01261317
3414.000,2.912000,-0.39363165,-1.80907491,1.85140431,0.17901007,0.02191947
3416.000,2.914000,-0.52301281,-1.76940065,1.84508023,0.13532749,0.02710209
3418.000,2.916000,-0.49364037,-1.72658544,1.79576671,0.05192189,0.01454135
3420.000,2.918000,-0.42565765,-1.64085569,1.69516720,0.10941316,0.01729923
3422.000,2.920000,-0.38982466,-1.69416692,1.73843747,0.06423466,0.01556911
3424.000,2.922000,-0.52350544,-1.73582627,1.81305013,0.14002162,0.04574426
3426.000,2.924000,-0.50821811,-1.74495750,1.81746040,0.01780679,0.01351359
3428.000,2.926000,-0.49809956,-1.76258591,1.83161466,0.02032599,0.03037332
3430.000,2.928000,-0.56310088,-1.81183032,1.89731698,0.08154866,0.02285431
3432.000,2.930000,-0.62045931,-1.70965211,1.81875784,0.11717668,0.02071983
3434.000,2.932000,-0.56776099,-1.67760609,1.77107728,0.06167705,0.00363705
3436.000,2.934000,-0.49475120,-1.63371154,1.70698335,0.08518897,0.03780709
3438.000,2.936000,-0.48319458,-1.57461217,1.64708242,0.06021870,0.02090640
3440.000,2.938000,-0.46990099,-1.58157869,1.64990851,0.01500840,0.04096845
3442.000,2.940000,-0.44530993,-1.60097940,1.66175689,0.03132264,0.01730693
3444.000,2.942000,-0.47441668,-1.69315612,1.75836538,0.09666307,0.03650492
3446.000,2.944000,-0.46663795,-1.67929797,1.74292646,0.01589204,0.03974644
3448.000,2.946000,-0.40882389,-1.68543357,1.73430772,0.05813873,0.02344225
3450.000,2.948000,-0.40000693,-1.75418983,1.79921859,0.06931928,0.02534218
3452.000,2.950000,-0.42856480,-1.90008541,1.94781733,0.14866429,0.02511794
3454.000,2.952000,-0.42306235,-1.93324589,1.97899505,0.03361390,0.03418637
3456.000,2.954000,-0.38214899,-1.95861195,1.99554469,0.04813875,0.01517141
3458.000,2.956000,-0.48067696,-1.95941106,2.01750887,0.09853120,0.00808257
3460.000,2.958000,-0.46003897,-2.03728388,2.08857881,0.08056117,0.03894997
3462.000,2.960000,-0.39201837,-2.11458311,2.15061390,0.10296588,0.02777436
3464.000,2.962000,-0.40494984,-2.08082709,2.11986456,0.03614819,0.00866541
3466.000,2.964000,-0.49818617,-1.95491136,2.01739135,0.15667733,0.02392126
3468.000,2.966000,-0.41029809,-1.93429891,1.97733578,0.09027285,0.00560586
3470.000,2.968000,-0.40108737,-1.96884625,2.00928511,0.03575410,0.01091213
3472.000,2.970000,-0.48035741,-1.95669300,2.01479298,0.08019627,0.01627488
3474.000,2.972000,-0.40336779,-1.88349517,1.92620343,0.10623241,0.03066561
3476.000,2.974000,-0.47710847,-1.94360926,2.00131193,0.09513880,0.02267143
3478.000,2.976000,-0.48406175,-1.92295560,1.98294579,0.02179271,0.03655081
3480.000,2.978000,-0.49292099,-1.95841299,2.01949314,0.03654740,0.02503863
3482.000,2.980000,-0.46930116,-1.92429021,1.98069088,0.04150013,0.00905928
3484.000,2.982000,-0.60172496,-1.87740081,1.97147324,0.14048018,0.02257997
3486.000,2.984000,-0.50028370,-1.90083640,1.96556933,0.10411319,0.03191306
3488.000,2.986000,-0.47854767,-1.91396531,1.97288395,0.02539337,0.01487612
3490.000,2.988000,-0.55894110,-1.88871831,1.96968830,0.08426454,0.03638058
3492.000,2.990000,-0.63954390,-1.99832552,2.09817094,0.13605349,0.04248120
3494.000,2.992000,-0.60840447,-1.89219928,1.98760512,0.11060037,0.01667251
3496.000,2.994000,-0.69055983,-1.87283734,1.99609434,0.08440609,0.03241976
3498.000,2.996000,-0.65358104,-1.91373266,2.02226132,0.05513490,0.01989815
3500.000,2.998000,-0.63058649,-1.89776463,1.99978746,0.02799513,0.01298457
3502.000,3.000000,-0.63705837,-1.96399367,2.06473110,0.06654451,0.03820637
3504.000,3.002000,-0.62231747,-1.96104129,2.05741634,0.01503366,0.01386449
3506.000,3.004000,-0.62512434,-2.01463273,2.10938984,0.05366490,0.03405074
3508.000,3.006000,-0.55913562,-2.02461927,2.10040849,0.06674012,0.01319495
3510.000,3.008000,-0.66694240,-2.10449102,2.20764459,0.13417079,0.00269425
3512.000,3.010000,-0.65466857,-2.05562418,2.15735526,0.05038467,0.02909993
3514.000,3.012000,-0.66776375,-2.08744673,2.19165287,0.03441160,0.01198818
3516.000,3.014000,-0.62903885,-2.04821094,2.14262875,0.05512771,0.02135157
3518.000,3.016000,-0.52086089,-1.91326698,1.98289854,0.17295185,0.04214372
3520.000,3.018000,-0.43931569,-1.88281099,1.93338447,0.08704704,0.01908637
3522.000,3.020000,-0.41129556,-1.92767405,1.97106349,0.05289445,0.01519480
3524.000,3.022000,-0.54995827,-1.97597319,2.05107878,0.14683376,0.01337217
3526.000,3.024000,-0.49036286,-2.06432803,2.12176953,0.10657480,0.05167180
3528.000,3.026000,-0.58644692,-2.00698911,2.09091493,0.11189235,0.01228635
3530.000,3.028000,-0.54709611,-2.06840379,2.13953462,0.07294004,0.03120973
3532.000,3.030000,-0.56145683,-2.03466035,2.11070522,0.03667220,0.02518937
3534.000,3.032000,-0.60046223,-2.05908718,2.14485312,0.04602273,0.04706675
3536.000,3.034000,-0.70879307,-2.02350159,2.14404905,0.11402589,0.04082722
3538.000,3.036000,-0.69985630,-1.96979846,2.09043173,0.05444165,0.03612412
3540.000,3.038000,-0.78828029,-1.88631064,2.04439567,0.12161011,0.01806796
3542.000,3.040000,-0.84152952,-1.82138548,2.00639403,0.08396878,0.01931873
3544.000,3.042000,-0.90168272,-1.84469173,2.05327039,0.06451038,0.01222636
3546.000,3.044000,-0.88180281,-1.78055515,1.98694560,0.06714694,0.02890093
3548.000,3.046000,-0.95333124,-1.85881777,2.08902943,0.10602526,0.01447854
3550.000,3.048000,-0.93777724,-1.96403637,2.17643402,0.10636203,0.01002300
3552.000,3.050000,-0.90351979,-1.90101050,2.10480140,0.07173446,0.02263140
3554.000,3.052000,-0.96634224,-2.11188225,2.32246937,0.22003080,0.04403557
3556.000,3.054000,-1.03951381,-2.11389801,2.35566419,0.07319933,0.03418855
3558.000,3.056000,-0.98175697,-2.04409524,2.26763580,0.09059955,0.00968130
3560.000,3.058000,-1.10458109,-2.06844174,2.34489885,0.12521388,0.02267715
3562.000,3.060000,-1.07214769,-2.19276828,2.44084687,0.12848741,0.01254570
3564.000,3.062000,-1.03859318,-2.17574105,2.41091786,0.03762754,0.04173504
3566.000,3.064000,-1.04488486,-2.16458446,2.40358279,0.01280838,0.01592418
3568.000,3.066000,-1.12311544,-2.07900169,2.36297193,0.11595014,0.01643400
3570.000,3.068000,-1.11715052,-2.14261564,2.41636650,0.06389299,0.01087963
3572.000,3.070000,-1.24116233,-2.17821824,2.50701389,0.12902122,0.04030169
3574.000,3.072000,-1.17530502,-2.20806586,2.50137896,0.07230536,0.01716632
3576.000,3.074000,-1.05102892,-2.17297978,2.41381502,0.12913396,0.01539663
3578.000,3.076000,-0.92697501,-2.23823245,2.42259513,0.14016877,0.00573735
3580.000,3.078000,-0.88015054,-2.25707757,2.42261514,0.05047445,0.04150385
3582.000,3.080000,-0.99600316,-2.26291636,2.47241031,0.11599966,0.02557662
3584.000,3.082000,-1.09774691,-2.27956214,2.53010905,0.10309642,0.01216002
3586.000,3.084000,-0.95102466,-2.27301348,2.46394768,0.14686832,0.02743163
3588.000,3.086000,-0.84459341,-2.16167026,2.32080941,0.15402896,0.02342702
3590.000,3.088000,-0.88311537,-2.25316930,2.42005467,0.09927746,0.01136641
3592.000,3.090000,-0.98310750,-2.18354106,2.39465069,0.12184628,0.01539843
3594.000,3.092000,-0.99258310,-2.22804186,2.43913750,0.04549844,0.03524638
3596.000,3.094000,-0.91270045,-2.22577364,2.40563721,0.07991485,0.02032811
3598.000,3.096000,-0.90896543,-2.24991971,2.42659368,0.02443324,0.03912671
3600.000,3.098000,-0.94270832,-2.14483945,2.34286902,0.11036505,0.02487731
3602.000,3.100000,-0.82828291,-2.19054149,2.34190618,0.12321465,0.02374853
3604.000,3.102000,-0.85708207,-2.16397765,2.32752851,0.03917944,0.00749144
3606.000,3.104000,-0.81820672,-2.18443352,2.33264057,0.04392875,0.02729451
3608.000,3.106000,-0.84553804,-2.18647882,2.34427477,0.02740774,0.02256160
3610.000,3.108000,-0.74022814,-2.34883335,2.46271310,0.19351788,0.00330326
3612.000,3.110000,-0.75091496,-2.21849829,2.34213747,0.13077247,0.03857506
3614.000,3.112000,-0.77907686,-2.18770301,2.32228448,0.04173059,0.01020012
3616.000,3.114000,-0.69445860,-2.13269663,2.24291499,0.10092548,0.03755846
3618.000,3.116000,-0.71164695,-2.21092432,2.32263379,0.08009376,0.03302760
3620.000,3.118000,-0.74827342,-2.22556139,2.34798565,0.03944290,0.03978494
3622.000,3.120000,-0.82778722,-2.22743623,2.37627941,0.07953590,0.02330647
3624.000,3.122000,-0.70885702,-2.30065436,2.40738214,0.13966133,0.01578252
3626.000,3.124000,-0.79442747,-2.26011338,2.39566849,0.09468829,0.00043495
3628.000,3.126000,-0.78644597,-2.26765154,2.40015433,0.01097853,0.01221846
3630.000,3.128000,-0.75784225,-2.28661870,2.40893129,0.03432093,0.02810517
3632.000,3.130000,-0.73998772,-2.31401446,2.42945359,0.03270034,0.03406816
3634.000,3.132000,-0.77208111,-2.31637968,2.44166420,0.03218043,0.02133975
3636.000,3.134000,-0.94943718,-2.37090720,2.55394439,0.18554899,0.01792719
3638.000,3.136000,-0.95017508,-2.30831969,2.49623166,0.06259186,0.01332802
3640.000,3.138000,-0.84287844,-2.37308567,2.51832874,0.12532837,0.04514956
3642.000,3.140000,-0.77263819,-2.49889765,2.61561833,0.14409146,0.02589836
3644.000,3.142000,-0.85918958,-2.53649191,2.67805861,0.09436351,0.02431791
3646.000,3.144000,-0.93056939,-2.50892501,2.67594172,0.07651804,0.00761017
3648.000,3.146000,-0.94001725,-2.58962037,2.75495301,0.08124656,0.00708251
3650.000,3.148000,-0.94645689,-2.50388773,2.67679555,0.08597415,0.03269205
3652.000,3.150000,-0.79018479,-2.52140496,2.64232379,0.15725083,0.02421435
3654.000,3.152000,-0.82241019,-2.46086873,2.59465478,0.06857924,0.03029983
3656.000,3.154000,-0.65474072,-2.48745100,2.57217766,0.16976357,0.01111211
3658.000,3.156000,-0.69243971,-2.44809165,2.54413550,0.05450113,0.02700032
3660.000,3.158000,-0.72300096,-2.41383637,2.51978896,0.04590658,0.01828860
3662.000,3.160000,-0.71855615,-2.49627603,2.59763680,0.08255940,0.01907150
3664.000,3.162000,-0.70317670,-2.60792084,2.70105694,0.11269912,0.04017538
3666.000,3.164000,-0.73485850,-2.65291812,2.75281521,0.05503174,0.02068418
3668.000,3.166000,-0.82765358,-2.56919955,2.69922152,0.12497890,0.00909399
3670.000,3.168000,-0.85248586,-2.60648999,2.74235705,0.04480199,0.00899661
3672.000,3.170000,-0.77685430,-2.60389683,2.71731142,0.07567600,0.02252973
3674.000,3.172000,-0.84597317,-2.55407623,2.69053452,0.08520276,0.02683716
3676.000,3.174000,-0.82803937,-2.54223705,2.67369003,0.02148924,0.01255915
3678.000,3.176000,-0.76456010,-2.59159865,2.70202437,0.08041259,0.01600900
3680.000,3.178000,-0.68021958,-2.62092453,2.70775628,0.08929352,0.04943240
3682.000,3.180000,-0.72936673,-2.60105600,2.70138264,0.05301133,0.00484646
3684.000,3.182000,-0.65545705,-2.67240971,2.75161727,0.10273263,0.02526046
3686.000,3.184000,-0.61051805,-2.68166492,2.75028345,0.04588216,0.01177936
3688.000,3.186000,-0.74899169,-2.69275225,2.79497821,0.13891681,0.02888528
3690.000,3.188000,-0.75126977,-2.67264488,2.77622710,0.02023600,0.01166949
3692.000,3.190000,-0.73866751,-2.69381046,2.79324980,0.02463328,0.01562293
3694.000,3.192000,-0.70771559,-2.76751430,2.85657081,0.07993922,0.01099285
3696.000,3.194000,-0.62210815,-2.76854107,2.83757611,0.08561360,0.01358973
3698.000,3.196000,-0.67896124,-2.80296799,2.88402807,0.06646418,0.01347849
3700.000,3.198000,-0.82435711,-2.73650670,2.85797719,0.15986576,0.03574370
3702.000,3.200000,-0.64644157,-2.79166145,2.86552968,0.18626858,0.01577419
3704.000,3.202000,-0.68359846,-2.85486116,2.93556452,0.07331328,0.02033019
3706.000,3.204000,-0.73131028,-2.87285870,2.96447834,0.05099342,0.00544459
3708.000,3.206000,-0.89645686,-2.85598703,2.99337549,0.16600616,0.06118717
3710.000,3.208000,-0.96315206,-2.90865932,3.06397796,0.08498600,0.04862986
3712.000,3.210000,-0.96485929,-2.83947441,2.99892787,0.06920597,0.02487386
3714.000,3.212000,-0.99406406,-2.85397659,3.02214257,0.03260723,0.02601246
3716.000,3.214000,-0.91809287,-2.90541328,3.04701835,0.09174614,0.02368584
3718.000,3.216000,-0.91660649,-2.95081809,3.08990208,0.04542914,0.00358596
3720.000,3.218000,-1.08853879,-3.05873947,3.24666041,0.20299690,0.04640930
3722.000,3.220000,-1.23871618,-3.12734100,3.36372999,0.16510426,0.04986139
3724.000,3.222000,-1.11779943,-3.17322946,3.36435146,0.12933140,0.01525713
3726.000,3.224000,-1.25707366,-3.15391031,3.39520021,0.14060775,0.04711705
3728.000,3.226000,-1.07065637,-3.24451205,3.41660116,0.20726814,0.02103664
3730.000,3.228000,-1.05382769,-3.25612433,3.42241121,0.02044626,0.01409607
3732.000,3.230000,-0.98474813,-3.25648548,3.40212089,0.06908051,0.02481507
3734.000,3.232000,-0.96785275,-3.19224002,3.33573610,0.06642991,0.03290423
3736.000,3.234000,-0.69125513,-3.23507881,3.30810650,0.27989535,0.02740661
3738.000,3.236000,-0.78596222,-3.18037103,3.27604892,0.10937265,0.01374113
3740.000,3.238000,-0.83084719,-3.14575676,3.25362762,0.05668164,0.02117177
3742.000,3.240000,-0.76795036,-3.16751566,3.25927956,0.06655419,0.03619743
3744.000,3.242000,-0.77133138,-3.15509366,3.24800987,0.01287390,0.04917341
3746.000,3.244000,-0.89851263,-3.11068619,3.23785323,0.13471115,0.00522463
3748.000,3.246000,-1.00962870,-3.11951660,3.27883118,0.11146639,0.02091267
3750.000,3.248000,-0.90836810,-3.08294957,3.21398672,0.10766084,0.02415491
3752.000,3.250000,-0.86394791,-3.06993990,3.18919064,0.04628612,0.02948171
3754.000,3.252000,-0.86299914,-3.01425771,3.13536554,0.05569027,0.01854889
3756.000,3.254000,-0.91358817,-3.04608563,3.18013853,0.05976844,0.01397983
3758.000,3.256000,-0.96383405,-3.07585022,3.22332603,0.05840017,0.01564479
3760.000,3.258000,-0.84444750,-3.03881938,3.15396810,0.12499773,0.00874138
3762.000,3.260000,-0.92139912,-3.10712161,3.24086115,0.10289192,0.00909823
3764.000,3.262000,-0.92702856,-3.04932578,3.18712561,0.05806934,0.01273492
3766.000,3.264000,-0.85095168,-3.00495099,3.12311530,0.08807278,0.01712805
3768.000,3.266000,-0.87488165,-3.01618807,3.14051085,0.02643701,0.01774209
3770.000,3.268000,-0.83180477,-3.12707417,3.23581396,0.11895942,0.01388582
3772.000,3.270000,-0.89889118,-3.11723550,3.24425069,0.06780403,0.01009868
3774.000,3.272000,-0.89089330,-3.09994886,3.22542615,0.01904715,0.03045668
3776.000,3.274000,-0.90665272,-3.15910322,3.28663237,0.06121762,0.01483283
3778.000,3.276000,-0.85501484,-3.16003941,3.27366759,0.05164637,0.03984656
3780.000,3.278000,-0.85393423,-3.14302462,3.25696291,0.01704908,0.05402751
3782.000,3.280000,-0.89327295,-3.09229470,3.21873005,0.06419548,0.03242512
3784.000,3.282000,-0.85285820,-3.13543575,3.24935755,0.05911432,0.03748074
3786.000,3.284000,-0.94190478,-3.16657017,3.30368752,0.09433263,0.01247658
3788.000,3.286000,-0.88312406,-3.11811063,3.24075948,0.07618070,0.01164348
3790.000,3.288000,-0.86441292,-3.21591613,3.33006400,0.09957922,0.03835072
3792.000,3.290000,-0.90480161,-3.19629663,3.32189376,0.04490179,0.01072141
3794.000,3.292000,-0.83923711,-3.21736031,3.32501523,0.06886496,0.02330958
3796.000,3.294000,-0.74180279,-3.14640936,3.23267122,0.12053000,0.03456551
3798.000,3.296000,-0.74204490,-3.14033942,3.22681922,0.00607477,0.03166649
3800.000,3.298000,-0.72822188,-3.23056431,3.31162390,0.09127764,0.02841175
3802.000,3.300000,-0.97806677,-3.25569467,3.39943560,0.25110556,0.00384132
3804.000,3.302000,-0.92262981,-3.27561040,3.40306762,0.05890579,0.01000856
3806.000,3.304000,-0.91702903,-3.22505042,3.35289315,0.05086924,0.02639922
3808.000,3.306000,-1.06594620,-3.18156353,3.35538192,0.15513682,0.03826388
3810.000,3.308000,-1.12100679,-3.17197653,3.36423711,0.05588899,0.00443067
3812.000,3.310000,-1.13400523,-3.18373448,3.37966464,0.01752737,0.00937584
3814.000,3.312000,-1.09031005,-3.15416836,3.33729742,0.05275816,0.00554373
3816.000,3.314000,-1.03605575,-3.23510636,3.39695815,0.09743967,0.00791923
3818.000,3.316000,-1.05995085,-3.22792105,3.39749468,0.02495204,0.01696574
3820.000,3.318000,-1.01290503,-3.20171755,3.35812029,0.05385102,0.02522071
3822.000,3.320000,-1.09671976,-3.15681678,3.34189863,0.09508411,0.01268198
3824.000,3.322000,-1.05331482,-3.15229250,3.32361552,0.04364009,0.02203217
3826.000,3.324000,-1.06612208,-3.12758013,3.30429626,0.02783392,0.02607466
3828.000,3.326000,-1.04880806,-3.16488864,3.33414433,0.04113028,0.03862115
3830.000,3.328000,-1.10366211,-3.12388963,3.31311884,0.06848274,0.03117153
3832.000,3.330000,-1.22555302,-3.18034800,3.40831243,0.13433146,0.03878038
3834.000,3.332000,-1.20516291,-3.22945252,3.44699597,0.05316963,0.03223142
3836.000,3.334000,-1.10986931,-3.17569432,3.36405177,0.10941121,0.01954459
3838.000,3.336000,-1.07870964,-3.26116245,3.43493741,0.09097102,0.03053523
3840.000,3.338000,-1.05133021,-3.24498074,3.41104019,0.03180379,0.04002080
3842.000,3.340000,-1.05982606,-3.22226606,3.39208341,0.02425152,0.05334830
3844.000,3.342000,-1.01843157,-3.22143380,3.37858529,0.04140286,0.01626744
3846.000,3.344000,-0.97071530,-3.15119848,3.29732316,0.08491079,0.03114370
3848.000,3.346000,-0.98870677,-3.15024939,3.30175897,0.01801649,0.02046501
3850.000,3.348000,-1.03085781,-3.12280633,3.28855397,0.05029743,0.02692218
3852.000,3.350000,-1.08548623,-3.17000619,3.35070435,0.07219481,0.03720954
3854.000,3.352000,-0.96312749,-3.23847101,3.37865492,0.14021089,0.03044498
3856.000,3.354000,-1.06093438,-3.21008259,3.38085965,0.10184346,0.01559286
3858.000,3.356000,-0.98927077,-3.33217796,3.47592673,0.14157314,0.03989860
3860.000,3.358000,-0.96276158,-3.32907965,3.46549869,0.02668963,0.01142436
3862.000,3.360000,-0.93722267,-3.30434713,3.43469012,0.03555185,0.01419403
3864.000,3.362000,-0.91768306,-3.18447484,3.31406431,0.12145436,0.01274033
3866.000,3.364000,-0.83917870,-3.18299346,3.29175762,0.07851834,0.02862754
3868.000,3.366000,-0.88221731,-3.19290333,3.31254269,0.04416478,0.00630543
3870.000,3.368000,-0.88794940,-3.17425363,3.29610986,0.01951072,0.03177209
3872.000,3.370000,-0.84614458,-3.19954523,3.30953929,0.04886009,0.02356708
3874.000,3.372000,-0.94461622,-3.16809831,3.30592600,0.10337105,0.02542504
3876.000,3.374000,-0.89863170,-3.12661369,3.25319106,0.06193182,0.01641280
3878.000,3.376000,-0.87512916,-3.17700759,3.29533432,0.05560499,0.03364665
3880.000,3.378000,-0.88860891,-3.18264703,3.30437103,0.01461188,0.01889366
3882.000,3.380000,-0.91135247,-3.19515610,3.32258722,0.02595662,0.03373003
3884.000,3.382000,-0.88974940,-3.13612441,3.25989729,0.06286042,0.00545907
3886.000,3.384000,-0.94610818,-3.17995759,3.31771773,0.07139789,0.01833247
3888.000,3.386000,-0.89126538,-3.17038184,3.29327725,0.05567250,0.03269553
3890.000,3.388000,-0.86858716,-3.12265284,3.24120416,0.05284278,0.02563161
3892.000,3.390000,-0.88785627,-3.16104812,3.28336931,0.04295924,0.02145504
3894.000,3.392000,-0.90327388,-3.18103798,3.30679699,0.02524474,0.00876905
3896.000,3.394000,-0.94934783,-3.15962496,3.29916523,0.05080675,0.03510888
3898.000,3.396000,-0.82697797,-3.24569491,3.34939218,0.14960755,0.01025332
3900.000,3.398000,-0.87503881,-3.24700426,3.36284546,0.04807867,0.01108635
3902.000,3.400000,-0.91758109,-3.25966642,3.38635205,0.04438666,0.01306523
3904.000,3.402000,-0.81073432,-3.23787007,3.33782754,0.10904730,0.03993667
3906.000,3.404000,-0.73760568,-3.27787125,3.35983661,0.08335402,0.03160060
3908.000,3.406000,-0.71969850,-3.30900466,3.38636646,0.03591596,0.02064621
3910.000,3.408000,-0.74148037,-3.31239820,3.39437402,0.02204463,0.01835453
3912.000,3.410000,-0.69730950,-3.39530454,3.46616986,0.09393895,0.03519907
3914.000,3.412000,-0.68059905,-3.44434244,3.51094146,0.05180690,0.02903718
3916.000,3.414000,-0.57920524,-3.49573620,3.54339531,0.11367507,0.00943986
3918.000,3.416000,-0.63101912,-3.41776621,3.47553032,0.09361623,0.04672944
3920.000,3.418000,-0.59024685,-3.46812313,3.51799224,0.06479350,0.01725796
3922.000,3.420000,-0.60992848,-3.55179288,3.60378210,0.08595344,0.04828225
3924.000,3.422000,-0.47242572,-3.54229664,3.57366080,0.13783029,0.01496034
3926.000,3.424000,-0.50474937,-3.45621715,3.49287974,0.09194833,0.04935526
3928.000,3.426000,-0.47464012,-3.39583011,3.42884024,0.06747712,0.01439831
3930.000,3.428000,-0.62730987,-3.30741332,3.36637796,0.17642444,0.02063067
3932.000,3.430000,-0.60760512,-3.36998908,3.42432626,0.06560489,0.04607340
3934.000,3.432000,-0.75334188,-3.36166045,3.44503773,0.14597455,0.00880358
3936.000,3.434000,-0.68758326,-3.43302614,3.50120540,0.09704256,0.01092966
3938.000,3.436000,-0.78489913,-3.56185462,3.64731065,0.16145326,0.04599099
3940.000,3.438000,-0.73538933,-3.52851086,3.60432883,0.05969110,0.00314637
3942.000,3.440000,-0.85479040,-3.49487971,3.59789533,0.12404704,0.03046606
3944.000,3.442000,-0.83591749,-3.36502029,3.46729284,0.13122368,0.05814856
3946.000,3.444000,-0.81598052,-3.25014122,3.35100614,0.11659624,0.02582000
3948.000,3.446000,-0.69349087,-3.31952253,3.39118850,0.14077458,0.01835128
3950.000,3.448000,-0.61080238,-3.34181212,3.39717350,0.08564001,0.00528220
3952.000,3.450000,-0.74883403,-3.29745295,3.38141218,0.14498439,0.02660066
3954.000,3.452000,-0.76352140,-3.21664423,3.30601951,0.08213263,0.01110621
3956.000,3.454000,-0.78759146,-3.30216865,3.39479280,0.08884704,0.02273713
3958.000,3.456000,-0.85143424,-3.31537417,3.42295869,0.06519422,0.04905961
3960.000,3.458000,-0.82107484,-3.35566154,3.45465314,0.05044567,0.02776998
3962.000,3.460000,-0.73234981,-3.39457855,3.47267905,0.09688480,0.04724417
3964.000,3.462000,-0.77901883,-3.33291613,3.42274747,0.07733208,0.03425538
3966.000,3.464000,-0.87878626,-3.31016925,3.42483369,0.10232772,0.02217657
3968.000,3.466000,-0.84587815,-3.43152053,3.53423867,0.12573415,0.02200147
3970.000,3.468000,-0.89412863,-3.48853689,3.60129916,0.07469253,0.03895986
3972.000,3.470000,-0.90475325,-3.42546524,3.54293530,0.06396027,0.04828685
3974.000,3.472000,-1.01636846,-3.40104090,3.54965970,0.11425630,0.05112939
3976.000,3.474000,-1.07403826,-3.42997286,3.59419977,0.06452027,0.01561427
3978.000,3.476000,-1.17266668,-3.44581831,3.63989161,0.09989315,0.04297135
3980.000,3.478000,-1.11224874,-3.54851821,3.71874693,0.11915366,0.03572462
3982.000,3.480000,-1.06374007,-3.49505371,3.65334688,0.07219102,0.01709574
3984.000,3.482000,-1.05651726,-3.62170415,3.77266082,0.12685623,0.00851454
3986.000,3.484000,-1.07611189,-3.58591316,3.74390037,0.04080373,0.02725773
3988.000,3.486000,-1.13197123,-3.66989572,3.84050692,0.10086296,0.01239990
3990.000,3.488000,-1.14725621,-3.68597330,3.86038806,0.02218377,0.03077791
3992.000,3.490000,-1.19904974,-3.65860446,3.85007881,0.05858005,0.02551859
3994.000,3.492000,-1.23388730,-3.70560556,3.90563573,0.05850435,0.01862521
3996.000,3.494000,-1.30663483,-3.67132430,3.89691117,0.08042020,0.01935439
3998.000,3.496000,-1.22693712,-3.75638512,3.95168368,0.11656358,0.00206545
4000.000,3.498000,-1.21448890,-3.62706923,3.82499862,0.12991366,0.02978668
4002.000,3.500000,-1.22326049,-3.61218444,3.81369147,0.01727708,0.00374145
4004.000,3.502000,-1.14975847,-3.62251333,3.80059829,0.07422420,0.00740649
4006.000,3.504000,-1.21093852,-3.63742392,3.83369598,0.06297082,0.01714590
4008.000,3.506000,-1.20219796,-3.63630816,3.82988472,0.00881149,0.00348597
4010.000,3.508000,-1.08866045,-3.67266346,3.83061855,0.11921609,0.01808111
4012.000,3.510000,-0.98383861,-3.66196525,3.79182382,0.10536635,0.01917681
4014.000,3.512000,-1.13338960,-3.71099555,3.88021391,0.15738319,0.01835416
4016.000,3.514000,-1.15044965,-3.65549722,3.83225708,0.05806126,0.01572690
4018.000,3.516000,-1.06299972,-3.73902042,3.88718949,0.12092814,0.01455034
4020.000,3.518000,-1.12414869,-3.68439081,3.85207034,0.08199751,0.01325866
4022.000,3.520000,-1.18744038,-3.60666895,3.79711411,0.10023236,0.01234550
4024.000,3.522000,-1.30544006,-3.67314491,3.89822617,0.13543625,0.03819508
4026.000,3.524000,-1.35135799,-3.55504014,3.80321953,0.12671698,0.01508950
4028.000,3.526000,-1.36418989,-3.59909150,3.84895748,0.04588224,0.02106245
4030.000,3.528000,-1.26777370,-3.63991496,3.85437816,0.10470261,0.01817330
4032.000,3.530000,-1.25010003,-3.56657405,3.77931218,0.07544035,0.02932436
4034.000,3.532000,-1.28794399,-3.59401675,3.81782086,0.04674684,0.04131000
4036.000,3.534000,-1.18351676,-3.59601187,3.78576456,0.10444629,0.01325740
4038.000,3.536000,-1.15068684,-3.56520304,3.74629856,0.04502208,0.02264817
4040.000,3.538000,-1.14426461,-3.61090373,3.78787107,0.04614973,0.03102221
4042.000,3.540000,-1.19198235,-3.66004673,3.84925499,0.06849830,0.02199361
4044.000,3.542000,-1.17317149,-3.64725325,3.83129060,0.02274909,0.03138318
4046.000,3.544000,-1.02738884,-3.60639539,3.74988207,0.15139996,0.01317270
4048.000,3.546000,-0.94296829,-3.67246634,3.79159574,0.10720168,0.01913417
4050.000,3.548000,-1.07530237,-3.54628494,3.70572693,0.18284982,0.03697213
4052.000,3.550000,-1.01784889,-3.58475090,3.72645346,0.06914140,0.02823692
4054.000,3.552000,-1.03636754,-3.51993924,3.66933644,0.06740543,0.01873397
4056.000,3.554000,-1.15491048,-3.55015932,3.73328936,0.12233430,0.04039261
4058.000,3.556000,-1.14409438,-3.54682564,3.72678468,0.01131819,0.01603922
4060.000,3.558000,-1.18334027,-3.52239354,3.71585124,0.04622950,0.01522643
4062.000,3.560000,-1.20556232,-3.52225698,3.72285841,0.02222247,0.02102842
4064.000,3.562000,-1.23596586,-3.50497533,3.71651230,0.03497186,0.01491334
4066.000,3.564000,-1.44165612,-3.56644530,3.84680444,0.21467892,0.01207712
4068.000,3.566000,-1.38715198,-3.49154580,3.75700448,0.09263172,0.02707976
4070.000,3.568000,-1.37724173,-3.51349381,3.77378239,0.02408170,0.03056386
4072.000,3.570000,-1.48784651,-3.54499413,3.84456378,0.11500299,0.02185198
4074.000,3.572000,-1.59179383,-3.56466504,3.90392680,0.10579220,0.01577713
4076.000,3.574000,-1.62421476,-3.54930965,3.90328997,0.03587345,0.02673922
4078.000,3.576000,-1.56162301,-3.58854175,3.91360426,0.07387073,0.04678960
4080.000,3.578000,-1.65026304,-3.54367286,3.90909010,0.09934924,0.01057385
4082.000,3.580000,-1.65857247,-3.49547915,3.86900983,0.04890481,0.01759549
4084.000,3.582000,-1.61150075,-3.51836441,3.86986082,0.05234006,0.03139353
4086.000,3.584000,-1.60542404,-3.40184560,3.76164057,0.11667716,0.02310112
4088.000,3.586000,-1.74389740,-3.39354254,3.81540419,0.13872207,0.01607375
4090.000,3.588000,-1.80015671,-3.52083573,3.95434551,0.13917136,0.02085734
4092.000,3.590000,-1.80377949,-3.55008848,3.98205332,0.02947622,0.01323702
4094.000,3.592000,-1.74149198,-3.53555752,3.94118780,0.06396001,0.02533683
4096.000,3.594000,-1.78605681,-3.55842679,3.98150727,0.05009019,0.00502127
4098.000,3.596000,-1.76052699,-3.56402059,3.97513498,0.02613546,0.02139795
4100.000,3.598000,-1.75655406,-3.56147417,3.97109310,0.00471895,0.00318309
4102.000,3.600000,-1.80213515,-3.68891920,4.10558351,0.13535092,0.04207301
4104.000,3.602000,-1.69573785,-3.79135348,4.15329846,0.14769282,0.05364950
4106.000,3.604000,-1.67127365,-3.82871419,4.17758398,0.04465780,0.02729408
4108.000,3.606000,-1.65138961,-3.79031304,4.13443595,0.04324376,0.03510964
4110.000,3.608000,-1.71545382,-3.71419063,4.09120934,0.09949294,0.00906460
4112.000,3.610000,-1.63199393,-3.76797986,4.10622411,0.09929167,0.01680685
4114.000,3.612000,-1.71173851,-3.66495275,4.04498793,0.13028348,0.01416062
4116.000,3.614000,-1.68149174,-3.54316547,3.92191739,0.12548709,0.01057625
4118.000,3.616000,-1.59578636,-3.60235387,3.93998572,0.10415700,0.03022707
4120.000,3.618000,-1.66386976,-3.62527025,3.98886537,0.07183670,0.01989269
4122.000,3.620000,-1.53986761,-3.61644347,3.93063044,0.12431591,0.01227411
4124.000,3.622000,-1.58194109,-3.67361166,3.99974502,0.07098154,0.03699155
4126.000,3.624000,-1.53392950,-3.68661717,3.99300462,0.04974190,0.02985551
4128.000,3.626000,-1.56659057,-3.76750410,4.08023199,0.08723210,0.02084384
4130.000,3.628000,-1.53506580,-3.76618142,4.06700743,0.03155250,0.01390406
4132.000,3.630000,-1.57690954,-3.74921747,4.06734254,0.04515168,0.02383812
4134.000,3.632000,-1.61083818,-3.71695207,4.05099153,0.04682103,0.00717274
4136.000,3.634000,-1.53511829,-3.73307087,4.03638530,0.07741652,0.01095372
4138.000,3.636000,-1.47324618,-3.71842247,3.99963998,0.06358250,0.02853635
4140.000,3.638000,-1.41204578,-3.68659364,3.94776468,0.06898234,0.01492530
4142.000,3.640000,-1.33884743,-3.74413656,3.97631375,0.09310846,0.01364607
4144.000,3.642000,-1.28134616,-3.86875245,4.07542556,0.13724254,0.05130944
4146.000,3.644000,-1.31410908,-3.85698473,4.07470415,0.03481218,0.02030415
4148.000,3.646000,-1.22951314,-3.94599244,4.13310524,0.12279595,0.02729238
4150.000,3.648000,-1.27870235,-3.90267990,4.10682238,0.06554048,0.02505596
4152.000,3.650000,-1.23955805,-3.98574622,4.17404805,0.09182750,0.02703708
4154.000,3.652000,-1.16235818,-3.94417291,4.11188235,0.08768216,0.03569114
4156.000,3.654000,-1.27944949,-3.84260888,4.05001654,0.15500202,0.01842274
4158.000,3.656000,-1.38474359,-3.82314328,4.06619470,0.10707827,0.00226850
4160.000,3.658000,-1.31039276,-3.88522854,4.10025974,0.09686395,0.04140447
4162.000,3.660000,-1.36045231,-3.91709231,4.14661821,0.05934019,0.02913778
4164.000,3.662000,-1.30402537,-3.85989343,4.07421888,0.08034744,0.02239699
4166.000,3.664000,-1.30590031,-3.78553345,4.00445241,0.07438362,0.04303137
4168.000,3.666000,-1.35873438,-3.71937192,3.95978365,0.08466869,0.03016191
4170.000,3.668000,-1.24415072,-3.72368825,3.92603683,0.11466493,0.02631359
4172.000,3.670000,-1.16856414,-3.75708040,3.93461501,0.08263393,0.03344409
4174.000,3.672000,-1.31665083,-3.59398028,3.82756629,0.22029824,0.01937235
4176.000,3.674000,-1.29394406,-3.64443203,3.86732156,0.05532609,0.02923729
4178.000,3.676000,-1.29082159,-3.56384024,3.79040600,0.08065226,0.03693839
4180.000,3.678000,-1.31294282,-3.57576557,3.80918866,0.02513090,0.03744907
4182.000,3.680000,-1.30035121,-3.58949979,3.81777710,0.01863270,0.02121236
4184.000,3.682000,-1.28659888,-3.55940967,3.78480302,0.03308386,0.01038746
4186.000,3.684000,-1.42147836,-3.51989930,3.79608901,0.14054730,0.05216500
4188.000,3.686000,-1.47536871,-3.42798515,3.73199612,0.10654755,0.03018761
4190.000,3.688000,-1.45488665,-3.43535639,3.73073300,0.02176809,0.03486760
4192.000,3.690000,-1.47344833,-3.34513241,3.65526481,0.09211353,0.02127546
4194.000,3.692000,-1.53333932,-3.38751448,3.71838457,0.07337010,0.01103439
4196.000,3.694000,-1.50817120,-3.43512062,3.75161752,0.05384960,0.01591276
4198.000,3.696000,-1.44303087,-3.40550246,3.69861935,0.07155765,0.01193627
4200.000,3.698000,-1.61210748,-3.31845276,3.68931149,0.19016979,0.02823109
4202.000,3.700000,-1.61859886,-3.37090756,3.73936894,0.05285494,0.01664728
4204.000,3.702000,-1.62112969,-3.29389319,3.67121149,0.07705594,0.02160504
4206.000,3.704000,-1.60792720,-3.28802030,3.66012395,0.01444979,0.01461110
4208.000,3.706000,-1.59781803,-3.29995671,3.66643379,0.01564203,0.01713445
4210.000,3.708000,-1.59820402,-3.34726458,3.70923661,0.04730944,0.02193615
4212.000,3.710000,-1.58501322,-3.39103645,3.74317981,0.04571623,0.01296523
4214.000,3.712000,-1.48008595,-3.26290417,3.58290358,0.16561284,0.02131418
4216.000,3.714000,-1.55638739,-3.35201256,3.69571778,0.11731247,0.01632759
4218.000,3.716000,-1.50362575,-3.36256911,3.68344423,0.05380735,0.00839015
4220.000,3.718000,-1.61565681,-3.33796421,3.70841637,0.11470118,0.02503123
4222.000,3.720000,-1.58410104,-3.38789332,3.73994616,0.05906508,0.02412960
4224.000,3.722000,-1.67923340,-3.38997015,3.78308373,0.09515504,0.02421133
4226.000,3.724000,-1.77120337,-3.38569741,3.82100881,0.09206916,0.03108389
4228.000,3.726000,-1.85362986,-3.33107932,3.81209038,0.09888004,0.02510767
4230.000,3.728000,-1.84967988,-3.42389434,3.89157656,0.09289903,0.01026519
4232.000,3.730000,-1.90721019,-3.42154652,3.91719686,0.05757819,0.02164074
4234.000,3.732000,-1.89804161,-3.41609653,3.90797613,0.01066607,0.02341921
4236.000,3.734000,-1.76430972,-3.50598609,3.92488564,0.16113457,0.03235230
4238.000,3.736000,-1.68955334,-3.46195565,3.85223668,0.08675942,0.01141051
4240.000,3.738000,-1.66625275,-3.45476319,3.83559472,0.02438543,0.01469004
4242.000,3.740000,-1.61028009,-3.46666129,3.82240009,0.05722328,0.02858112
4244.000,3.742000,-1.40812241,-3.48391351,3.75772033,0.20289250,0.02908218
4246.000,3.744000,-1.46934969,-3.54523875,3.83766938,0.08665774,0.01719113
4248.000,3.746000,-1.46278881,-3.49995209,3.79333833,0.04575945,0.01873632
4250.000,3.748000,-1.42262108,-3.48163066,3.76106405,0.04414885,0.02584160
4252.000,3.750000,-1.48415153,-3.54004603,3.83857157,0.08484310,0.00555641
4254.000,3.752000,-1.58042751,-3.52232626,3.86063899,0.09789307,0.04285445
4256.000,3.754000,-1.58326013,-3.54498016,3.88247305,0.02283030,0.02695688
4258.000,3.756000,-1.63333205,-3.45804222,3.82437310,0.10032648,0.00255225
4260.000,3.758000,-1.53057772,-3.40712027,3.73512205,0.11467998,0.05516571
4262.000,3.760000,-1.43352428,-3.44304942,3.72955509,0.10349045,0.05303223
4264.000,3.762000,-1.48566853,-3.39641074,3.70713055,0.06995848,0.03075917
4266.000,3.764000,-1.47396867,-3.38233971,3.68955357,0.01829975,0.04005215
4268.000,3.766000,-1.61075651,-3.45265265,3.80990116,0.15380124,0.02754967
4270.000,3.768000,-1.58956006,-3.55445261,3.89369163,0.10398327,0.03336681
4272.000,3.770000,-1.44331757,-3.54485023,3.82741803,0.14655740,0.02102887
4274.000,3.772000,-1.49232686,-3.51817072,3.82159190,0.05580060,0.01115507
4276.000,3.774000,-1.53731928,-3.40972317,3.74026238,0.11741034,0.03547797
4278.000,3.776000,-1.36770992,-3.46340859,3.72368493,0.17790295,0.02876661
4280.000,3.778000,-1.39402056,-3.55286067,3.81655765,0.09324122,0.05670449
4282.000,3.780000,-1.40928421,-3.51337523,3.78548379,0.04233295,0.01475396
4284.000,3.782000,-1.41099934,-3.47311099,3.74878902,0.04030076,0.00471933
4286.000,3.784000,-1.38342138,-3.51101853,3.77373898,0.04687778,0.02378761
4288.000,3.786000,-1.27943996,-3.61253784,3.83241389,0.14532138,0.02899669
4290.000,3.788000,-1.29464304,-3.49863401,3.73048798,0.11491395,0.01498868
4292.000,3.790000,-1.39292206,-3.56186911,3.82454487,0.11686507,0.00893697
4294.000,3.792000,-1.39145319,-3.52578329,3.79042079,0.03611571,0.00252892
4296.000,3.794000,-1.42888714,-3.56587993,3.84151248,0.05485473,0.03168753
4298.000,3.796000,-1.42792952,-3.66014749,3.92882455,0.09427242,0.03764250
4300.000,3.798000,-1.32874473,-3.66395227,3.89744901,0.09925773,0.00721649
4302.000,3.800000,-1.25166527,-3.64910105,3.85779787,0.07849715,0.03668324
4304.000,3.802000,-1.28540169,-3.64196316,3.86214359,0.03448327,0.01525627
4306.000,3.804000,-1.27255540,-3.72781807,3.93903856,0.08681068,0.04587499
4308.000,3.806000,-1.30831758,-3.66459800,3.89114037,0.07263409,0.03122340
4310.000,3.808000,-1.19639349,-3.69838876,3.88708590,0.11691372,0.01867839
4312.000,3.810000,-1.32122647,-3.65792842,3.88922611,0.13122619,0.03912137
4314.000,3.812000,-1.26498774,-3.51576433,3.73641443,0.15288370,0.04317108
4316.000,3.814000,-1.25614289,-3.63383896,3.84482517,0.11840545,0.02579022
4318.000,3.816000,-1.27020307,-3.53362301,3.75498435,0.10119746,0.01412096
4320.000,3.818000,-1.31665151,-3.55612548,3.79204426,0.05161220,0.02141146
4322.000,3.820000,-1.37079018,-3.55653779,3.81156487,0.05414024,0.03670338
4324.000,3.822000,-1.47007890,-3.52845699,3.82245218,0.10318324,0.01556493
4326.000,3.824000,-1.45595820,-3.53553050,3.82358343,0.01579332,0.01302904
4328.000,3.826000,-1.58913713,-3.51682031,3.85919446,0.13448680,0.03905951
4330.000,3.828000,-1.58753622,-3.43593651,3.78496116,0.08089964,0.01912072
4332.000,3.830000,-1.50962063,-3.31628708,3.64372261,0.14278244,0.03118308
4334.000,3.832000,-1.68959024,-3.39340297,3.79076495,0.19579561,0.02103403
4336.000,3.834000,-1.61589905,-3.40903955,3.77262248,0.07533189,0.01699947
4338.000,3.836000,-1.52750406,-3.41234349,3.73863033,0.08845671,0.02802099
4340.000,3.838000,-1.50272272,-3.43758137,3.75168512,0.03537040,0.01945538
4342.000,3.840000,-1.45804896,-3.33332900,3.63826730,0.11342091,0.05558457
4344.000,3.842000,-1.47566970,-3.32659433,3.63920745,0.01886388,0.01340195
4346.000,3.844000,-1.34355050,-3.31789935,3.57960668,0.13240500,0.03247278
4348.000,3.846000,-1.35401917,-3.24090107,3.51237921,0.07770667,0.01440846
4350.000,3.848000,-1.29978015,-3.30789702,3.55409780,0.08619936,0.03201393
4352.000,3.850000,-1.32002722,-3.28044489,3.53606992,0.03411105,0.03960576
4354.000,3.852000,-1.32498238,-3.21938725,3.48138371,0.06125838,0.01436184
4356.000,3.854000,-1.45609220,-3.20473130,3.52001523,0.13192643,0.03644037
4358.000,3.856000,-1.47942036,-3.10376411,3.43831881,0.10362710,0.02795019
4360.000,3.858000,-1.46934160,-3.15119881,3.47692661,0.04849363,0.00472913
4362.000,3.860000,-1.45407867,-3.08766711,3.41292147,0.06533937,0.01807703
4364.000,3.862000,-1.47406044,-3.22411152,3.54510215,0.13789977,0.01658373
4366.000,3.864000,-1.36304188,-3.25390160,3.52785470,0.11494594,0.02044386
4368.000,3.866000,-1.40990113,-3.17992557,3.47846918,0.08756849,0.01979315
4370.000,3.868000,-1.43416323,-3.25630481,3.55813788,0.08014011,0.01371183
4372.000,3.870000,-1.42997783,-3.32525326,3.61968864,0.06907537,0.00374575
4374.000,3.872000,-1.48018719,-3.12208491,3.45519440,0.20928058,0.02813344
4376.000,3.874000,-1.55716278,-3.13615571,3.50146092,0.07825106,0.01337843
4378.000,3.876000,-1.49706322,-3.14545887,3.48354845,0.06081534,0.00654832
4380.000,3.878000,-1.51536061,-3.06651541,3.42050209,0.08103619,0.01192631
4382.000,3.880000,-1.54178206,-3.10420354,3.46600224,0.04602704,0.02252511
4384.000,3.882000,-1.49245559,-3.09063094,3.43211644,0.05115971,0.00642037
4386.000,3.884000,-1.55505061,-3.03636604,3.41140750,0.08284211,0.03056682
4388.000,3.886000,-1.61137160,-3.12449648,3.51553647,0.10458981,0.04560988
4390.000,3.888000,-1.67656602,-3.12606120,3.54727110,0.06521319,0.02496214
4392.000,3.890000,-1.65535142,-3.23184014,3.63111264,0.10788533,0.01174942
4394.000,3.892000,-1.69314090,-3.23163857,3.64831659,0.03779002,0.04092210
4396.000,3.894000,-1.58536014,-3.16750699,3.54209927,0.12541752,0.00423162
4398.000,3.896000,-1.54594432,-3.23097432,3.58177874,0.07471084,0.04682109
4400.000,3.898000,-1.47782489,-3.15122427,3.48054318,0.10488245,0.01282113
4402.000,3.900000,-1.47987468,-3.23940246,3.56142631,0.08820201,0.01028538
4404.000,3.902000,-1.49103960,-3.23534509,3.56239484,0.01187929,0.02248858
4406.000,3.904000,-1.45731323,-3.28050870,3.58963775,0.05636683,0.05442666
4408.000,3.906000,-1.55163011,-3.23291275,3.58598394,0.10564586,0.00132927
4410.000,3.908000,-1.53135520,-3.34334323,3.67736219,0.11227628,0.00477930
4412.000,3.910000,-1.55753831,-3.35169964,3.69591884,0.02748427,0.01654569
4414.000,3.912000,-1.52666725,-3.32396415,3.65779312,0.04150036,0.01606618
4416.000,3.914000,-1.62117932,-3.16109800,3.55257132,0.18830272,0.04861034
4418.000,3.916000,-1.63257407,-3.19649449,3.58927223,0.03718537,0.01677272
4420.000,3.918000,-1.62835753,-3.17168508,3.56526781,0.02516517,0.01523252
4422.000,3.920000,-1.60081278,-3.22886645,3.60391178,0.06346986,0.02185279
4424.000,3.922000,-1.54048095,-3.16918196,3.52374741,0.08486559,0.01079859
4426.000,3.924000,-1.61116865,-3.17289818,3.55853162,0.07078532,0.00552313
4428.000,3.926000,-1.59959905,-3.14071583,3.52460112,0.03419882,0.01473772
4430.000,3.928000,-1.62399259,-3.17694822,3.56796187,0.04367872,0.00838325
4432.000,3.930000,-1.56064213,-3.15320947,3.51828563,0.06765212,0.05318475
4434.000,3.932000,-1.60994580,-3.20627289,3.58777247,0.07243327,0.01223177
4436.000,3.934000,-1.61516902,-3.16152005,3.55020844,0.04505662,0.03269247
4438.000,3.936000,-1.55885238,-3.15126467,3.51574882,0.05724278,0.01115181
4440.000,3.938000,-1.56453903,-3.14883705,3.51609970,0.00618315,0.01857146
4442.000,3.940000,-1.56117702,-3.10038828,3.47126507,0.04856528,0.03364152
4444.000,3.942000,-1.49684618,-3.07749573,3.42221104,0.06828269,0.05235805
4446.000,3.944000,-1.45488643,-3.16669554,3.48491825,0.09857600,0.03890266
4448.000,3.946000,-1.38845297,-3.19374946,3.48250445,0.07173088,0.01149085
4450.000,3.948000,-1.31586626,-3.06858650,3.33882122,0.14468793,0.01821814
4452.000,3.950000,-1.39114798,-3.05439369,3.35627971,0.07660792,0.01233612
4454.000,3.952000,-1.45685345,-3.11380027,3.43775713,0.08857963,0.01007163
4456.000,3.954000,-1.44833597,-2.99142324,3.32359596,0.12267308,0.01111994
4458.000,3.956000,-1.43140736,-2.95893347,3.28697647,0.03663554,0.03995890
4460.000,3.958000,-1.39015801,-3.01633294,3.32126537,0.07068386,0.01239312
4462.000,3.960000,-1.50215003,-2.93836584,3.30006796,0.13645907,0.01161347
4464.000,3.962000,-1.46651841,-2.94033814,3.28576697,0.03568616,0.02579399
4466.000,3.964000,-1.47175133,-2.88934129,3.24258308,0.05126463,0.03117215
4468.000,3.966000,-1.45764991,-2.86489971,3.21440409,0.02821773,0.00563730
4470.000,3.968000,-1.39698600,-2.82728910,3.15359058,0.07137695,0.00643858
4472.000,3.970000,-1.52917721,-2.76641623,3.16092418,0.14553358,0.01623718
4474.000,3.972000,-1.57588948,-2.65520580,3.08764400,0.12062253,0.05232613
4476.000,3.974000,-1.58855460,-2.60699161,3.05285293,0.04984991,0.04496524
4478.000,3.976000,-1.63714081,-2.55973374,3.03849746,0.06777851,0.02765099
4480.000,3.978000,-1.59680931,-2.59981116,3.05103557,0.05685798,0.03183168
4482.000,3.980000,-1.57226572,-2.61793581,3.05378575,0.03051050,0.01970917
4484.000,3.982000,-1.59149378,-2.59492299,3.04408899,0.02998847,0.01533251
4486.000,3.984000,-1.79777757,-2.56862967,3.13526117,0.20795274,0.01883298
4488.000,3.986000,-1.76136837,-2.54697522,3.09669199,0.04236208,0.01418297
4490.000,3.988000,-1.78649779,-2.64061776,3.18817134,0.09695573,0.03935205
4492.000,3.990000,-1.82467409,-2.64319006,3.21183581,0.03826286,0.02250200
4494.000,3.992000,-1.81484953,-2.47760848,3.07119238,0.16587279,0.01609457
4496.000,3.994000,-1.78020021,-2.61789652,3.16583243,0.14450367,0.01312869
4498.000,3.996000,-1.80128275,-2.61609854,3.17625426,0.02115908,0.01164139
4500.000,3.998000,-1.75499395,-2.59727121,3.13461665,0.04997120,0.01664733
4502.000,4.000000,-1.90044138,-2.62633470,3.24180681,0.14832276,0.01368588
4504.000,4.002000,-1.85999709,-2.62615226,3.21811511,0.04044470,0.00383485
4506.000,4.004000,-1.82526672,-2.59910552,3.17599561,0.04401960,0.01069455
4508.000,4.006000,-1.99242998,-2.57517289,3.25596262,0.16886778,0.01068247
4510.000,4.008000,-1.95605451,-2.47815539,3.15711948,0.10361259,0.02746819
4512.000,4.010000,-1.92105373,-2.68614674,3.30239787,0.21091575,0.01209907
4514.000,4.012000,-1.95792093,-2.67045477,3.31131138,0.04006779,0.01594654
4516.000,4.014000,-1.91267905,-2.56291537,3.19794877,0.11666855,0.02042892
4518.000,4.016000,-1.91494143,-2.56196285,3.19853941,0.00245473,0.02070344
4520.000,4.018000,-1.89917015,-2.44202796,3.09359788,0.12096740,0.05045398
4522.000,4.020000,-1.94696947,-2.49815971,3.16725308,0.07372617,0.03332392
4524.000,4.022000,-1.86913911,-2.50524279,3.12568751,0.07815200,0.04152826
4526.000,4.024000,-1.89510236,-2.48112341,3.12208045,0.03543776,0.01153585
4528.000,4.026000,-1.92060525,-2.46965141,3.12856239,0.02796433,0.03231619
4530.000,4.028000,-1.81396850,-2.55261523,3.13150543,0.13510881,0.01751242
4532.000,4.030000,-1.75284604,-2.57707744,3.11669655,0.06583583,0.01178049
4534.000,4.032000,-1.78563691,-2.64523802,3.19151741,0.07563799,0.01355356
4536.000,4.034000,-1.80565501,-2.59533791,3.16167185,0.05376565,0.03973676
4538.000,4.036000,-1.80593060,-2.58630942,3.15442257,0.00903270,0.04960382
4540.000,4.038000,-1.87941821,-2.47411560,3.10700190,0.13411891,0.02521844
4542.000,4.040000,-1.85985380,-2.41123038,3.04517456,0.06585830,0.02140053
4544.000,4.042000,-1.95085502,-2.24176047,2.97175458,0.19235715,0.01776288
4546.000,4.044000,-1.88777448,-2.25156283,2.93823547,0.06383761,0.01947639
4548.000,4.046000,-2.08373115,-2.27249201,3.08320538,0.19707117,0.02638444
4550.000,4.048000,-2.00486677,-2.31043450,3.05901918,0.08751698,0.04487755
4552.000,4.050000,-2.14177214,-2.33737338,3.17025270,0.13953058,0.02620410
4554.000,4.052000,-2.20591874,-2.41011375,3.26721989,0.09698427,0.01993676
4556.000,4.054000,-2.13525104,-2.28726207,3.12903576,0.14172670,0.01588375
4558.000,4.056000,-2.19746486,-2.35606306,3.22178288,0.09275848,0.03217068
4560.000,4.058000,-2.23244129,-2.37501203,3.25952086,0.03977957,0.01755768
4562.000,4.060000,-2.38060852,-2.37839085,3.36512109,0.14820575,0.05738147
4564.000,4.062000,-2.38872703,-2.38637192,3.37650526,0.01138454,0.02731622
4566.000,4.064000,-2.40760622,-2.47146130,3.45031718,0.08715862,0.01828950
4568.000,4.066000,-2.38088209,-2.47132553,3.43162489,0.02672448,0.00909544
4570.000,4.068000,-2.41819198,-2.47265987,3.45856896,0.03733375,0.03711200
4572.000,4.070000,-2.34474116,-2.54638271,3.46148465,0.10406767,0.01061298
4574.000,4.072000,-2.35090251,-2.59504712,3.50157281,0.04905290,0.00348539
4576.000,4.074000,-2.47026422,-2.50014059,3.51467043,0.15249415,0.01431673
4578.000,4.076000,-2.49155755,-2.49824250,3.52832462,0.02137776,0.02367486
4580.000,4.078000,-2.46981468,-2.50075144,3.51478908,0.02188715,0.02601255
4582.000,4.080000,-2.37241432,-2.54354591,3.47821441,0.10638701,0.00460342
4584.000,4.082000,-2.35563577,-2.59461883,3.50443530,0.05375837,0.03403248
4586.000,4.084000,-2.46856085,-2.46670021,3.48975681,0.17063190,0.01985119
4588.000,4.086000,-2.41283563,-2.52908091,3.49542931,0.08364599,0.02619119
4590.000,4.088000,-2.47522963,-2.56299697,3.56310471,0.07101626,0.03495785
4592.000,4.090000,-2.46189422,-2.54398302,3.54016564,0.02322420,0.00959382
4594.000,4.092000,-2.55267967,-2.62220509,3.65952634,0.11983610,0.02576577
4596.000,4.094000,-2.55569166,-2.57723938,3.62956232,0.04506648,0.01669613
4598.000,4.096000,-2.49928079,-2.60816845,3.61233264,0.06433346,0.03299315
4600.000,4.098000,-2.53094501,-2.65012010,3.66453533,0.05256010,0.02794296
4602.000,4.100000,-2.51385706,-2.63138240,3.63918269,0.02535941,0.03050229
4604.000,4.102000,-2.43779250,-2.62509181,3.58244879,0.07632424,0.03081931
4606.000,4.104000,-2.47682618,-2.60388210,3.59372647,0.04442387,0.02889248
4608.000,4.106000,-2.47589845,-2.51424313,3.52866713,0.08964377,0.01069321
4610.000,4.108000,-2.42718292,-2.51721525,3.49679704,0.04880612,0.06309992
4612.000,4.110000,-2.33629956,-2.57682895,3.47826725,0.10869028,0.02464118
4614.000,4.112000,-2.37674369,-2.50312643,3.45174630,0.08407015,0.01991343
4616.000,4.114000,-2.39676088,-2.58708845,3.52668249,0.08631518,0.01117888
4618.000,4.116000,-2.33925946,-2.67955657,3.55698724,0.10888878,0.01831307
4620.000,4.118000,-2.29368583,-2.77459281,3.59991110,0.10539849,0.03478091
4622.000,4.120000,-2.26681456,-2.77664789,3.58444163,0.02694974,0.02418620
4624.000,4.122000,-2.32589319,-2.76299042,3.61163331,0.06063671,0.00161066
4626.000,4.124000,-2.30883443,-2.69148618,3.54609846,0.07351093,0.00710415
4628.000,4.126000,-2.26113254,-2.60782130,3.45158692,0.09630827,0.03747827
4630.000,4.128000,-2.40666717,-2.59801736,3.54143207,0.14586448,0.01199569
4632.000,4.130000,-2.28517768,-2.63171432,3.48539199,0.12607610,0.01995637
4634.000,4.132000,-2.25823603,-2.70248706,3.52179873,0.07572736,0.01857793
4636.000,4.134000,-2.29700341,-2.64383117,3.50229467,0.07030948,0.02220399
4638.000,4.136000,-2.31054381,-2.64914969,3.51519655,0.01454748,0.02246699
4640.000,4.138000,-2.33444845,-2.54145586,3.45089082,0.11031497,0.00643661
4642.000,4.140000,-2.40170294,-2.63012248,3.56170202,0.11128762,0.00528132
4644.000,4.142000,-2.43970770,-2.55555387,3.53313306,0.08369492,0.01709244
4646.000,4.144000,-2.37249834,-2.47532526,3.42869998,0.10466005,0.01256639
4648.000,4.146000,-2.40837405,-2.49952147,3.47100463,0.04327266,0.03265477
4650.000,4.148000,-2.44417892,-2.48227564,3.48363358,0.03974176,0.01034455
4652.000,4.150000,-2.44173746,-2.45240531,3.46068976,0.02996994,0.04741481
4654.000,4.152000,-2.45619982,-2.50035764,3.50495447,0.05008578,0.02263503
4656.000,4.154000,-2.56719239,-2.42833728,3.53373722,0.13231131,0.01243869
4658.000,4.156000,-2.50016939,-2.43126349,3.48739001,0.06708685,0.01291361
4660.000,4.158000,-2.42190389,-2.42653916,3.42836853,0.07840795,0.01588024
4662.000,4.160000,-2.47150481,-2.38206350,3.43257375,0.06662084,0.01462124
4664.000,4.162000,-2.42012541,-2.31785031,3.35103522,0.08223854,0.03294230
4666.000,4.164000,-2.46748112,-2.30469086,3.37639794,0.04915012,0.02472516
4668.000,4.166000,-2.40510346,-2.36044770,3.36990148,0.08366480,0.03161485
4670.000,4.168000,-2.44092814,-2.30598739,3.35793211,0.06518691,0.01247701
4672.000,4.170000,-2.42165881,-2.37178367,3.38965916,0.06855988,0.03472449
4674.000,4.172000,-2.41042774,-2.30859111,3.33762712,0.06418284,0.02324517
4676.000,4.174000,-2.48243980,-2.22400732,3.33297404,0.11108625,0.03143317
4678.000,4.176000,-2.43257807,-2.31900877,3.36083884,0.10729151,0.03268667
4680.000,4.178000,-2.45304715,-2.40646047,3.43634868,0.08981526,0.01828774
4682.000,4.180000,-2.52407985,-2.46721351,3.52960644,0.09346966,0.01291912
4684.000,4.182000,-2.45666073,-2.29939200,3.36487526,0.18085740,0.03012727
4686.000,4.184000,-2.47154303,-2.35523976,3.41404149,0.05779668,0.01645706
4688.000,4.186000,-2.46003934,-2.35998988,3.40900951,0.01244582,0.02568362
4690.000,4.188000,-2.45393066,-2.32411633,3.37983616,0.03638994,0.02546172
4692.000,4.190000,-2.41526998,-2.30673215,3.33984166,0.04238937,0.06144765
4694.000,4.192000,-2.50335157,-2.28936299,3.39233724,0.08977781,0.00594924
4696.000,4.194000,-2.49801466,-2.20228959,3.33018869,0.08723679,0.04937485
4698.000,4.196000,-2.51558500,-2.20809217,3.34721361,0.01850369,0.02773379
4700.000,4.198000,-2.57815396,-2.16823667,3.36869828,0.07418447,0.03128640
4702.000,4.200000,-2.63516201,-2.11330236,3.37788776,0.07916879,0.02026774
4704.000,4.202000,-2.60194219,-2.08219030,3.33250951,0.04551392,0.01911852
4706.000,4.204000,-2.63189742,-2.11308709,3.37520682,0.04303403,0.01242805
4708.000,4.206000,-2.62843283,-2.13488443,3.38620594,0.02207096,0.02137406
4710.000,4.208000,-2.62048694,-2.12083281,3.37118430,0.01614266,0.05364040
4712.000,4.210000,-2.62962869,-2.14665816,3.39456747,0.02739563,0.04648673
4714.000,4.212000,-2.63414759,-2.08056579,3.35670785,0.06624667,0.00209511
4716.000,4.214000,-2.71506191,-2.02337702,3.38609151,0.09908422,0.03604338
4718.000,4.216000,-2.61035804,-2.14304358,3.37736656,0.15900625,0.01065158
4720.000,4.218000,-2.66913472,-2.10645591,3.40021127,0.06923406,0.01665257
4722.000,4.220000,-2.63261420,-2.22155252,3.44469928,0.12075171,0.01621094
4724.000,4.222000,-2.51386366,-2.23917643,3.36651476,0.12005121,0.03702838
4726.000,4.224000,-2.57068362,-2.23679704,3.40759083,0.05686975,0.01758141
4728.000,4.226000,-2.64581877,-2.35001068,3.53877198,0.13587722,0.04299208
4730.000,4.228000,-2.67366776,-2.27978748,3.51367760,0.07554379,0.02841724
4732.000,4.230000,-2.79607843,-2.26331858,3.59731366,0.12351355,0.05510805
4734.000,4.232000,-2.70645272,-2.35155542,3.58534506,0.12577165,0.05424280
4736.000,4.234000,-2.69399127,-2.31925805,3.55479210,0.03461802,0.01521142
4738.000,4.236000,-2.72591824,-2.35820206,3.60440664,0.05035839,0.02314942
4740.000,4.238000,-2.72989066,-2.36678913,3.61303111,0.00946139,0.04777919
4742.000,4.240000,-2.63963530,-2.25086152,3.46901313,0.14691917,0.02683500
4744.000,4.242000,-2.80790070,-2.31863521,3.64147986,0.18140154,0.07517672
4746.000,4.244000,-2.72184673,-2.39213524,3.62363914,0.11317041,0.02481334
4748.000,4.246000,-2.69170070,-2.39978637,3.60613745,0.03110181,0.01712208
4750.000,4.248000,-2.64349640,-2.50071519,3.63890776,0.11184936,0.01863100
4752.000,4.250000,-2.64806910,-2.50355404,3.64418067,0.00538225,0.03074831
4754.000,4.252000,-2.63676691,-2.48499230,3.62322046,0.02173194,0.01570692
4756.000,4.254000,-2.74474883,-2.47259110,3.69423238,0.10869170,0.00376019
4758.000,4.256000,-2.74250817,-2.41541893,3.65453139,0.05721606,0.03030673
4760.000,4.258000,-2.82151724,-2.37050733,3.68514105,0.09088170,0.00966552
4762.000,4.260000,-2.82177221,-2.45761694,3.74196198,0.08710998,0.02945855
4764.000,4.262000,-2.91861523,-2.38629686,3.76997713,0.12027104,0.01800612
4766.000,4.264000,-2.82239471,-2.37434949,3.68828515,0.09695942,0.03470023
4768.000,4.266000,-2.85079616,-2.45249574,3.76055502,0.08314733,0.03510178
4770.000,4.268000,-2.77158844,-2.44730964,3.69743519,0.07937731,0.02357490
4772.000,4.270000,-2.81057797,-2.51878025,3.77406974,0.08141395,0.02514438
4774.000,4.272000,-2.83554410,-2.50413843,3.78299083,0.02894288,0.02036161
4776.000,4.274000,-2.82183307,-2.52927403,3.78945497,0.02863198,0.00715823
4778.000,4.276000,-2.85650580,-2.51863245,3.80829816,0.03626902,0.01079614
4780.000,4.278000,-2.75939046,-2.49168501,3.71789320,0.10078470,0.01565269
4782.000,4.280000,-2.78560906,-2.41067003,3.68387674,0.08515188,0.01004932
4784.000,4.282000,-2.84428909,-2.49441114,3.78312931,0.10225420,0.02021811
4786.000,4.284000,-2.84390287,-2.57450024,3.83612239,0.08009003,0.02111815
4788.000,4.286000,-2.86222791,-2.58062685,3.85382713,0.01932207,0.04484302
4790.000,4.288000,-2.82014800,-2.44763336,3.73418583,0.13949189,0.02335398
4792.000,4.290000,-2.83027322,-2.43443093,3.73321583,0.01663803,0.01550980
4794.000,4.292000,-2.72709163,-2.38229178,3.62109692,0.11560679,0.05163267
4796.000,4.294000,-2.69285957,-2.49550166,3.67137866,0.11827219,0.02158329
4798.000,4.296000,-2.75275285,-2.57761219,3.77117128,0.10163337,0.03947489
4800.000,4.298000,-2.70190996,-2.54249517,3.71006727,0.06179162,0.03705051
4802.000,4.300000,-2.65243497,-2.58082199,3.70081794,0.06258370,0.01610879
4804.000,4.302000,-2.61496373,-2.53514823,3.64211639,0.05907780,0.02369374
4806.000,4.304000,-2.60031525,-2.55600906,3.64620648,0.02549024,0.02264103
4808.000,4.306000,-2.59014379,-2.59577368,3.66699957,0.04104491,0.02551331
4810.000,4.308000,-2.58207194,-2.50048734,3.59437511,0.09562762,0.01906195
4812.000,4.310000,-2.57885332,-2.45302741,3.55918922,0.04756894,0.02857004
4814.000,4.312000,-2.67500797,-2.54911620,3.69508606,0.13593665,0.00561455
4816.000,4.314000,-2.66078174,-2.49226617,3.64570297,0.05860300,0.03256785
4818.000,4.316000,-2.61457097,-2.57974580,3.67301916,0.09893494,0.03769089
4820.000,4.318000,-2.66206876,-2.49302194,3.64715895,0.09887906,0.03088544
4822.000,4.320000,-2.61750235,-2.35115965,3.51841871,0.14869792,0.02332266
4824.000,4.322000,-2.64714430,-2.35935450,3.54597329,0.03075388,0.03090824
4826.000,4.324000,-2.68081699,-2.41059160,3.60523670,0.06131143,0.01799666
4828.000,4.326000,-2.59487202,-2.35438156,3.50377987,0.10269424,0.01676145
4830.000,4.328000,-2.65586761,-2.37126705,3.56041292,0.06328966,0.02138238
4832.000,4.330000,-2.62979948,-2.39734680,3.55852736,0.03687411,0.03581919
4834.000,4.332000,-2.52878263,-2.40108595,3.48711275,0.10108603,0.04338075
4836.000,4.334000,-2.54216013,-2.43858252,3.52267836,0.03981143,0.01187442
4838.000,4.336000,-2.52740402,-2.47230738,3.53554449,0.03681181,0.01808946
4840.000,4.338000,-2.55106984,-2.46450714,3.54707665,0.02491817,0.03209342
4842.000,4.340000,-2.69511673,-2.53179055,3.69778549,0.15898605,0.01923423
4844.000,4.342000,-2.70412197,-2.46740275,3.66064911,0.06501448,0.01833118
4846.000,4.344000,-2.64228417,-2.48025276,3.62399219,0.06315881,0.01421555
4848.000,4.346000,-2.60915675,-2.62049318,3.69792961,0.14409997,0.01262401
4850.000,4.348000,-2.65817560,-2.62998150,3.73934489,0.04992871,0.00691732
4852.000,4.350000,-2.63042606,-2.61092189,3.70621834,0.03366460,0.01431170
4854.000,4.352000,-2.69315402,-2.56661012,3.72029113,0.07680058,0.03005785
4856.000,4.354000,-2.72693852,-2.53052278,3.72018000,0.04943369,0.01329680
4858.000,4.356000,-2.77337489,-2.40692040,3.67217566,0.13203744,0.02692503
4860.000,4.358000,-2.75042552,-2.48516693,3.70687135,0.08154259,0.02796493
4862.000,4.360000,-2.70412240,-2.62186177,3.76648870,0.14432414,0.05819875
4864.000,4.362000,-2.76840777,-2.61658745,3.80927965,0.06450137,0.00211040
4866.000,4.364000,-2.74067530,-2.67469908,3.82953212,0.06438984,0.04348605
4868.000,4.366000,-2.73881985,-2.71082460,3.85353139,0.03617314,0.00949718
4870.000,4.368000,-2.78006602,-2.79716210,3.94371435,0.09568391,0.04519366
4872.000,4.370000,-2.61529412,-2.77811021,3.81545013,0.16586969,0.04928935
4874.000,4.372000,-2.62252381,-2.86276489,3.88240312,0.08496284,0.04504576
4876.000,4.374000,-2.66356414,-2.85172486,3.90216717,0.04249930,0.00796326
4878.000,4.376000,-2.70081117,-2.99992589,4.03657483,0.15280997,0.02723701
4880.000,4.378000,-2.83653932,-2.92447299,4.07412538,0.15529092,0.01765591
4882.000,4.380000,-2.82188713,-2.81646403,3.98691818,0.10899827,0.01543156
4884.000,4.382000,-2.86332373,-3.01219856,4.15595512,0.20007248,0.01501862
4886.000,4.384000,-2.80669276,-2.95442221,4.07506256,0.08090224,0.02660340
4888.000,4.386000,-2.85197250,-2.96137462,4.11138502,0.04581038,0.03462417
4890.000,4.388000,-2.92096856,-3.00201700,4.18857534,0.08007659,0.01173485
4892.000,4.390000,-2.94177466,-2.93285419,4.15399469,0.07222457,0.01056056
4894.000,4.392000,-2.98254872,-2.93676404,4.18571139,0.04096109,0.03012990
4896.000,4.394000,-3.10645327,-2.84738436,4.21398264,0.15277783,0.05526045
4898.000,4.396000,-3.13053387,-2.81388725,4.20929968,0.04125447,0.02626483
4900.000,4.398000,-3.09029687,-2.86784701,4.21597927,0.06731026,0.02308933
4902.000,4.400000,-3.12339146,-2.94472355,4.29266479,0.08369740,0.03595919
4904.000,4.402000,-3.16986700,-2.88029540,4.28300810,0.07944156,0.01774453
4906.000,4.404000,-3.11728801,-2.89884988,4.25685508,0.05575678,0.02711240
4908.000,4.406000,-3.10553664,-2.90491531,4.25239824,0.01322438,0.03919708
4910.000,4.408000,-3.04474959,-2.95722233,4.24448630,0.08019407,0.00841294
4912.000,4.410000,-2.98530874,-3.02500328,4.25002508,0.09015249,0.03507250
4914.000,4.412000,-2.95467828,-2.99993608,4.21066981,0.03958017,0.03478292
4916.000,4.414000,-2.93162972,-2.98601405,4.18458275,0.02692692,0.02243141
4918.000,4.416000,-2.90236622,-2.83106042,4.05445839,0.15769267,0.01311902
4920.000,4.418000,-2.93594807,-2.87306335,4.10783205,0.05377720,0.03009599
4922.000,4.420000,-2.97995489,-2.93388684,4.18184446,0.07507393,0.03505386
4924.000,4.422000,-3.02634206,-2.93040786,4.21260448,0.04651745,0.01460164
4926.000,4.424000,-3.05653041,-2.81736342,4.15691169,0.11700591,0.01445558
4928.000,4.426000,-3.00055694,-2.79339549,4.09956099,0.06088918,0.01314146
4930.000,4.428000,-3.05612542,-2.63430376,4.03478114,0.16851716,0.02714697
4932.000,4.430000,-3.09845522,-2.61749673,4.05607124,0.04554436,0.05828014
4934.000,4.432000,-3.04555782,-2.63074497,4.02445543,0.05453119,0.01091406
4936.000,4.434000,-3.14497976,-2.58519643,4.07113476,0.10935900,0.02801233
4938.000,4.436000,-3.10372441,-2.55537706,4.02033047,0.05090382,0.02878295
4940.000,4.438000,-3.15444014,-2.57405638,4.07139520,0.05404631,0.02668492
4942.000,4.440000,-3.06097740,-2.54326314,3.97966959,0.09840482,0.03247627
4944.000,4.442000,-3.02382959,-2.47574014,3.90804742,0.07706695,0.02772663
4946.000,4.444000,-3.01851969,-2.49742016,3.91772492,0.02232080,0.00886525
4948.000,4.446000,-3.05561171,-2.50403095,3.95056122,0.03767653,0.01697795
4950.000,4.448000,-3.04512815,-2.61411868,4.01328069,0.11058577,0.01070957
4952.000,4.450000,-3.06911582,-2.72058219,4.10134604,0.10913242,0.01357102
4954.000,4.452000,-3.11094285,-2.68282707,4.10798327,0.05634669,0.01026675
4956.000,4.454000,-3.16782747,-2.68445569,4.15228049,0.05690793,0.00558588
4958.000,4.456000,-3.06435247,-2.66357354,4.06015764,0.10556107,0.00329343
4960.000,4.458000,-3.01195023,-2.72778257,4.06357502,0.08287820,0.03900260
4962.000,4.460000,-3.09142754,-2.81311439,4.17977712,0.11661116,0.01191238
4964.000,4.462000,-3.00185914,-2.87311895,4.15523415,0.10781023,0.03318495
4966.000,4.464000,-2.92489477,-2.82841772,4.06877822,0.08900401,0.00437442
4968.000,4.466000,-2.82006058,-2.92332290,4.06184176,0.14141146,0.02892659
4970.000,4.468000,-2.84684116,-2.84667209,4.02592183,0.08119449,0.02476288
4972.000,4.470000,-2.78855505,-2.86856351,4.00058694,0.06226158,0.01023023
4974.000,4.472000,-2.77041961,-2.96366538,4.05691229,0.09681560,0.01566156
4976.000,4.474000,-2.81044364,-2.90863702,4.04459674,0.06804442,0.04993523
4978.000,4.476000,-2.88564124,-2.88027866,4.07712283,0.08036713,0.04698130
4980.000,4.478000,-2.87000676,-2.88001489,4.06588546,0.01563671,0.01426179
4982.000,4.480000,-2.89000797,-2.79918787,4.02338151,0.08326497,0.04254181
4984.000,4.482000,-2.79808833,-2.78242554,3.94603474,0.09343551,0.02425885
4986.000,4.484000,-2.84999948,-2.82187802,4.01067233,0.06520172,0.02918051
4988.000,4.486000,-3.00330505,-2.84141634,4.13442717,0.15454561,0.00759445
4990.000,4.488000,-2.98486646,-2.84784177,4.12548549,0.01952607,0.01781164
4992.000,4.490000,-3.00060754,-2.78844154,4.09622409,0.06145054,0.03574120
4994.000,4.492000,-2.94195696,-2.97447895,4.18361516,0.19506360,0.01847012
4996.000,4.494000,-2.97583477,-2.84016686,4.11365292,0.13851875,0.02486652
4998.000,4.496000,-3.04580398,-2.78814674,4.12924740,0.08718821,0.02319815
5000.000,4.498000,-3.01212625,-2.82693029,4.13091266,0.05136491,0.02766394
5002.000,4.500000,-2.94263634,-2.83144373,4.08364815,0.06963633,0.01748102
5004.000,4.502000,-2.96365106,-2.81423110,4.08694560,0.02716419,0.01744142
5006.000,4.504000,-2.90737400,-2.77026954,4.01587063,0.07141236,0.01590083
5008.000,4.506000,-2.88980287,-2.75482150,3.99249322,0.02339630,0.00629874
5010.000,4.508000,-2.92494641,-2.73306396,4.00311755,0.04133351,0.00237711
5012.000,4.510000,-2.98762738,-2.71328577,4.03581925,0.06572732,0.01824922
5014.000,4.512000,-2.95246167,-2.59991679,3.93403066,0.11869774,0.01229518
5016.000,4.514000,-2.92667626,-2.38087769,3.77279903,0.22055161,0.05702788
5018.000,4.516000,-2.86946277,-2.31980898,3.68989570,0.08368256,0.03809264
5020.000,4.518000,-2.84778315,-2.49657323,3.78718190,0.17808876,0.00799924
5022.000,4.520000,-2.89547390,-2.53919015,3.85113694,0.06395787,0.02219488
5024.000,4.522000,-2.92653422,-2.56148956,3.88919417,0.03823620,0.01950808
5026.000,4.524000,-2.93787852,-2.61626222,3.93394944,0.05593512,0.00595649
5028.000,4.526000,-2.93322334,-2.53799952,3.87881951,0.07840102,0.03180824
5030.000,4.528000,-2.98012306,-2.68181087,4.00914492,0.15126561,0.02354978
5032.000,4.530000,-2.90323470,-2.67165267,3.94544037,0.07755648,0.01526068
5034.000,4.532000,-2.92041884,-2.69719067,3.97538473,0.03078124,0.01886711
5036.000,4.534000,-2.91035478,-2.73360994,3.99284213,0.03778424,0.03145548
5038.000,4.536000,-2.84855091,-2.76421619,3.96927367,0.06896710,0.01117533
5040.000,4.538000,-2.76434193,-2.78748068,3.92576551,0.08736355,0.04362049
5042.000,4.540000,-2.88486520,-2.78319147,4.00856607,0.12059957,0.05845172
5044.000,4.542000,-2.83697413,-2.74533517,3.94782059,0.06104632,0.04058112
5046.000,4.544000,-2.81982469,-2.79227150,3.96839910,0.04997122,0.02376419
5048.000,4.546000,-2.76807023,-2.83472918,3.96205784,0.06694161,0.01665597
5050.000,4.548000,-2.80711392,-2.80964768,3.97165062,0.04640573,0.02331354
5052.000,4.550000,-2.91295750,-2.76861832,4.01877702,0.11351771,0.03966015
5054.000,4.552000,-2.91750965,-2.70832587,3.98081544,0.06046405,0.02818515
5056.000,4.554000,-2.97506039,-2.80903866,4.09166011,0.11599635,0.04206152
5058.000,4.556000,-2.86975207,-2.86008442,4.05161200,0.11702782,0.01618124
5060.000,4.558000,-2.89473650,-2.85564128,4.06622509,0.02537643,0.01502878
5062.000,4.560000,-2.91127197,-2.88035717,4.09535859,0.02973714,0.02438751
5064.000,4.562000,-2.85271899,-2.86952376,4.04625410,0.05954675,0.01061660
5066.000,4.564000,-2.83618353,-2.85708297,4.02577447,0.02069287,0.03037549
5068.000,4.566000,-2.74910524,-2.90083109,3.99654859,0.09745013,0.05366103
5070.000,4.568000,-2.73586613,-2.79636230,3.91211012,0.10530434,0.02021784
5072.000,4.570000,-2.73910672,-2.92028189,4.00384215,0.12396195,0.02420575
5074.000,4.572000,-2.67382439,-2.94391833,3.97693249,0.06942957,0.02795859
5076.000,4.574000,-2.67193510,-2.96037284,3.98786214,0.01656261,0.02828714
5078.000,4.576000,-2.75771635,-2.98724337,4.06554085,0.08989131,0.01086083
5080.000,4.578000,-2.80662894,-2.96148329,4.08014084,0.05528132,0.03931233
5082.000,4.580000,-2.77044142,-3.02527955,4.10215334,0.07334508,0.01944031
5084.000,4.582000,-2.77366581,-3.05383697,4.12542632,0.02873888,0.02104748
5086.000,4.584000,-2.78272675,-2.98549410,4.08126735,0.06894091,0.03669833
5088.000,4.586000,-2.79740291,-2.88166679,4.01615071,0.10485943,0.00815404
5090.000,4.588000,-2.83649502,-2.85748353,4.02627820,0.04596762,0.03761966
5092.000,4.590000,-2.85523013,-2.89957091,4.06937963,0.04606899,0.01921704
5094.000,4.592000,-2.79812955,-2.87361676,4.01088547,0.06272236,0.01357990
5096.000,4.594000,-2.74979441,-2.88852921,3.98810360,0.05058327,0.00731222
5098.000,4.596000,-2.88871337,-2.94632939,4.12619944,0.15046374,0.04737488
5100.000,4.598000,-2.85760989,-3.01065748,4.15090264,0.07145299,0.02960178
5102.000,4.600000,-2.82432558,-2.81085793,3.98468785,0.20255297,0.01269243
5104.000,4.602000,-2.83603342,-2.85059241,4.02106486,0.04142345,0.01186088
5106.000,4.604000,-2.90493257,-2.93750537,4.13129169,0.11090967,0.02939108
5108.000,4.606000,-2.86909398,-3.05394415,4.19025955,0.12182936,0.01256609
5110.000,4.608000,-2.77844457,-2.93504623,4.04156537,0.14951264,0.05257616
5112.000,4.610000,-2.88254064,-2.91582313,4.10012988,0.10585612,0.02500704
5114.000,4.612000,-2.87661482,-2.86264770,4.05828346,0.05350460,0.01890301
5116.000,4.614000,-2.78119234,-2.81029879,3.95383486,0.10883868,0.01292991
5118.000,4.616000,-2.82675992,-2.86888168,4.02753693,0.07421833,0.00236953
5120.000,4.618000,-2.79024591,-2.85513685,3.99215213,0.03901530,0.01994992
5122.000,4.620000,-2.80328832,-2.83105391,3.98412997,0.02738781,0.00678108
5124.000,4.622000,-2.81348785,-2.81854924,3.98245322,0.01613683,0.02194361
5126.000,4.624000,-2.81261293,-2.77004962,3.94765328,0.04850751,0.02871126
5128.000,4.626000,-2.71051989,-2.86717291,3.94557962,0.14091104,0.04428169
5130.000,4.628000,-2.63820409,-2.92715004,3.94059998,0.09395121,0.04832938
5132.000,4.630000,-2.60703725,-3.06890738,4.02676492,0.14514308,0.03926722
5134.000,4.632000,-2.64619488,-2.96134348,3.97138547,0.11446970,0.00971483
5136.000,4.634000,-2.63672250,-2.92034750,3.93455653,0.04207608,0.03171364
5138.000,4.636000,-2.67049700,-2.91485037,3.95321476,0.03421893,0.02064511
5140.000,4.638000,-2.72159620,-2.85820774,3.94669955,0.07628575,0.02275321
5142.000,4.640000,-2.72990136,-2.76758861,3.88740377,0.09099891,0.03330980
5144.000,4.642000,-2.88980707,-2.72703371,3.97337360,0.16496829,0.01710691
5146.000,4.644000,-2.94531862,-2.74494070,4.02611491,0.05832832,0.01065002
5148.000,4.646000,-2.92163128,-2.81169115,4.05481645,0.07082875,0.03339000
5150.000,4.648000,-2.95087990,-2.71194406,4.00778402,0.10394693,0.00394311
5152.000,4.650000,-2.93974766,-2.86231991,4.10304662,0.15078735,0.07309009
5154.000,4.652000,-2.99345628,-2.86713337,4.14502524,0.05392388,0.04224180
5156.000,4.654000,-3.00258882,-2.81331226,4.11464039,0.05459043,0.01716413
5158.000,4.656000,-2.94603613,-2.89900173,4.13319972,0.10266884,0.02663233
5160.000,4.658000,-2.92762443,-3.00515658,4.19546790,0.10773970,0.01301628
5162.000,4.660000,-2.90334634,-3.05172260,4.21217649,0.05251495,0.02114290
5164.000,4.662000,-2.87829327,-3.00744815,4.16284957,0.05087124,0.03476429
5166.000,4.664000,-2.92369387,-3.10038257,4.26149715,0.10343123,0.01744728
5168.000,4.666000,-3.05529548,-3.06062059,4.32460737,0.13747727,0.03019336
5170.000,4.668000,-3.15490888,-3.06203930,4.39653667,0.09962349,0.01585166
5172.000,4.670000,-3.10948103,-3.10009338,4.39083720,0.05926046,0.02282335
5174.000,4.672000,-3.12313951,-2.95600545,4.30022890,0.14473385,0.03313166
5176.000,4.674000,-3.10375014,-3.03266717,4.33939340,0.07907571,0.01470465
5178.000,4.676000,-3.07363857,-3.03916597,4.32247428,0.03080489,0.01490640
5180.000,4.678000,-3.09588581,-3.08029720,4.36723480,0.04676235,0.04030217
5182.000,4.680000,-3.10507215,-3.10136235,4.38861270,0.02298106,0.00725144
5184.000,4.682000,-3.14023328,-3.23991913,4.51199967,0.14294855,0.02251268
5186.000,4.684000,-3.13109696,-3.22487903,4.49484293,0.01759764,0.01716164
5188.000,4.686000,-3.09378932,-3.22641448,4.47004281,0.03733923,0.01764135
5190.000,4.688000,-2.96362143,-3.19356803,4.35682553,0.13424816,0.01933607
5192.000,4.690000,-2.90463144,-3.22356206,4.33915154,0.06617749,0.00356208
5194.000,4.692000,-2.88935220,-3.27490857,4.36730835,0.05357163,0.02949334
5196.000,4.694000,-2.88444140,-3.25679276,4.35048288,0.01876961,0.01193284
5198.000,4.696000,-2.94102356,-3.16563252,4.32097776,0.10729274,0.03225966
5200.000,4.698000,-3.02168363,-3.19776190,4.39957420,0.08682364,0.02850565
5202.000,4.700000,-3.08376752,-3.20600248,4.44837881,0.06262841,0.03075558
5204.000,4.702000,-3.14571680,-3.14733520,4.44985989,0.08532035,0.03097649
5206.000,4.704000,-3.14223366,-3.14947812,4.44891501,0.00408954,0.02788884
5208.000,4.706000,-3.21468411,-3.15678660,4.50549615,0.07281814,0.02234127
5210.000,4.708000,-3.17540021,-3.23357084,4.53201356,0.08624990,0.01464448
5212.000,4.710000,-3.09462615,-3.25261287,4.48956585,0.08298824,0.00179199
5214.000,4.712000,-3.07901490,-3.17642533,4.42380047,0.07777051,0.04189269
5216.000,4.714000,-3.04599787,-3.09584679,4.34308305,0.08708056,0.00522799
5218.000,4.716000,-3.06763727,-2.99454805,4.28692389,0.10358426,0.02310259
5220.000,4.718000,-3.05515267,-2.97230987,4.26246218,0.02550297,0.03708899
5222.000,4.720000,-3.09077102,-3.04045498,4.33557747,0.07689228,0.01579413
5224.000,4.722000,-3.12515911,-3.15195074,4.43862737,0.11667838,0.02201911
5226.000,4.724000,-3.16885758,-3.12895404,4.45331469,0.04938019,0.01062442
5228.000,4.726000,-3.17184873,-3.08305290,4.42332901,0.04599850,0.01614713
5230.000,4.728000,-3.16677686,-3.12863196,4.45160798,0.04586039,0.01654347
5232.000,4.730000,-3.14309910,-2.99856827,4.34401699,0.13220136,0.00399340
5234.000,4.732000,-3.12224329,-2.97123313,4.31006142,0.03438277,0.01746929
5236.000,4.734000,-3.11499019,-2.84855322,4.22106851,0.12289413,0.02185760
5238.000,4.736000,-3.09507469,-2.84984761,4.20726975,0.01995751,0.02228140
5240.000,4.738000,-3.10508699,-2.86131101,4.22240049,0.01522023,0.00943712
5242.000,4.740000,-3.03985998,-2.87451985,4.18373196,0.06655100,0.00539294
5244.000,4.742000,-3.05721194,-3.01032208,4.29052256,0.13690631,0.02280886
5246.000,4.744000,-3.11704752,-3.04753392,4.35929447,0.07046288,0.03310991
5248.000,4.746000,-3.05026099,-3.10159896,4.35017335,0.08592711,0.02208208
5250.000,4.748000,-3.09941672,-2.97992695,4.29957540,0.13122638,0.04364119
5252.000,4.750000,-3.06923952,-3.05547710,4.33083959,0.08135410,0.02701957
5254.000,4.752000,-3.07752290,-3.02158153,4.31289950,0.03489304,0.03754487
5256.000,4.754000,-3.04747823,-3.04915339,4.31096972,0.04077854,0.01291216
5258.000,4.756000,-2.98082683,-3.22696553,4.39302118,0.18989357,0.01888234
5260.000,4.758000,-2.94268350,-3.13834331,4.30216049,0.09648219,0.01735829
5262.000,4.760000,-3.10639033,-3.21572705,4.47108056,0.18107504,0.01325823
5264.000,4.762000,-2.98925746,-3.04465833,4.26680260,0.20732732,0.01268305
5266.000,4.764000,-3.05133179,-2.93497012,4.23375428,0.12603462,0.02840534
5268.000,4.766000,-3.08753097,-2.88026280,4.22241179,0.06559933,0.03833266
5270.000,4.768000,-3.11804232,-2.82340746,4.20640198,0.06452497,0.03023453
5272.000,4.770000,-3.05012718,-2.83088392,4.16139154,0.06832542,0.02331007
5274.000,4.772000,-2.97467184,-2.92324671,4.17061673,0.11926606,0.00593255
5276.000,4.774000,-3.07025094,-2.85518073,4.19267192,0.11733858,0.00153930
5278.000,4.776000,-3.17058541,-2.87947027,4.28298504,0.10323268,0.02112594
5280.000,4.778000,-3.07622484,-2.90603923,4.23181087,0.09802972,0.01972657
5282.000,4.780000,-3.10566647,-2.77790825,4.16676595,0.13146999,0.02186755
5284.000,4.782000,-3.08807536,-2.80691645,4.17312706,0.03392526,0.01891675
5286.000,4.784000,-3.09213472,-2.84477417,4.20167076,0.03807473,0.02909693
5288.000,4.786000,-3.23096487,-2.86887167,4.32082847,0.14090600,0.03041104
5290.000,4.788000,-3.32244728,-2.79494608,4.34170238,0.11761813,0.04447306
5292.000,4.790000,-3.28190586,-2.77496519,4.29782944,0.04519782,0.01070517
5294.000,4.792000,-3.31085407,-2.74474234,4.30062381,0.04184997,0.02888978
5296.000,4.794000,-3.20565857,-2.76398655,4.23271409,0.10694125,0.02323587
5298.000,4.796000,-3.09145369,-2.77464144,4.15400061,0.11470083,0.02302714
5300.000,4.798000,-3.02238764,-2.69212741,4.04751493,0.10760430,0.00500610
5302.000,4.800000,-2.86301192,-2.84312255,4.03487089,0.21954533,0.02436645
5304.000,4.802000,-2.89544519,-2.83242420,4.05046043,0.03415218,0.01453219
5306.000,4.804000,-2.92235744,-2.83105849,4.06879161,0.02694689,0.02713342
5308.000,4.806000,-3.00825966,-2.98972683,4.24123717,0.18042959,0.01024858
5310.000,4.808000,-2.97650561,-2.92366588,4.17221857,0.07329645,0.00814332
5312.000,4.810000,-3.11626891,-2.84040438,4.21651858,0.16268453,0.03013203
5314.000,4.812000,-3.11814785,-2.84683524,4.22224075,0.00669973,0.02974242
5316.000,4.814000,-3.06132607,-2.80083555,4.14926465,0.07310736,0.02031439
5318.000,4.816000,-3.01724651,-2.86009668,4.15739456,0.07385723,0.00495137
5320.000,4.818000,-3.04288791,-2.83551175,4.15924197,0.03552323,0.01242107
5322.000,4.820000,-3.05872693,-2.80991760,4.15348617,0.03009875,0.02105623
5324.000,4.822000,-3.11879997,-2.84547427,4.22180496,0.06980722,0.02748472
5326.000,4.824000,-3.11151068,-2.86724121,4.23114297,0.02295503,0.02700635
5328.000,4.826000,-3.17438070,-2.88390214,4.28877423,0.06504019,0.03243982
5330.000,4.828000,-3.14524766,-2.79895626,4.21031341,0.08980276,0.01308633
5332.000,4.830000,-3.09852780,-2.83464307,4.19953282,0.05879025,0.02308177
5334.000,4.832000,-3.04090294,-2.81124093,4.14127592,0.06219554,0.06966750
5336.000,4.834000,-2.98505926,-2.78476666,4.08234053,0.06180132,0.04000648
5338.000,4.836000,-3.07006062,-2.79896976,4.15445592,0.08617981,0.04507824
5340.000,4.838000,-3.10169203,-2.84892165,4.21151375,0.05912476,0.02212703
5342.000,4.840000,-3.02747432,-2.79420228,4.11985038,0.09220888,0.02293271
5344.000,4.842000,-3.03924015,-2.80843559,4.13815069,0.01846677,0.00111601
5346.000,4.844000,-3.12166310,-2.85087890,4.22756325,0.09270910,0.04248458
5348.000,4.846000,-3.10359175,-2.78054711,4.16698020,0.07261636,0.01335005
5350.000,4.848000,-3.13895398,-2.85063592,4.24018363,0.07850432,0.03870189
5352.000,4.850000,-3.04639688,-2.79434539,4.13387229,0.10833024,0.01645337
5354.000,4.852000,-3.07100099,-2.78036319,4.14264005,0.02829954,0.00665236
5356.000,4.854000,-3.03642550,-2.70671074,4.06769748,0.08136430,0.00236086
5358.000,4.856000,-2.95490221,-2.68228226,3.99074996,0.08510462,0.03033109
5360.000,4.858000,-2.91752233,-2.68322966,3.96379338,0.03739188,0.01283674
5362.000,4.860000,-2.84674400,-2.79951363,3.99264674,0.13613058,0.01204577
5364.000,4.862000,-2.79913530,-2.75332336,3.92631480,0.06633347,0.02243923
5366.000,4.864000,-2.76521770,-2.79278174,3.93014742,0.05203237,0.01813036
5368.000,4.866000,-2.73477557,-2.89743395,3.98423404,0.10898995,0.01128456
5370.000,4.868000,-2.68039851,-2.91029537,3.95655852,0.05587737,0.01201385
5372.000,4.870000,-2.73448992,-2.85606178,3.95405160,0.07659741,0.02272490
5374.000,4.872000,-2.78694399,-2.95896968,4.06479500,0.11550526,0.01376335
5376.000,4.874000,-2.70690594,-2.84445469,3.92660951,0.13971318,0.03259402
5378.000,4.876000,-2.67571000,-3.04974983,4.05714161,0.20765183,0.00705988
5380.000,4.878000,-2.64810544,-3.06177210,4.04807495,0.03010892,0.03072410
5382.000,4.880000,-2.69569344,-3.05966464,4.07778258,0.04763464,0.01084488
5384.000,4.882000,-2.73043921,-2.98982119,4.04899112,0.07800882,0.01548704
5386.000,4.884000,-2.80167179,-3.18300390,4.24038662,0.20589716,0.03840960
5388.000,4.886000,-2.78465597,-3.14864754,4.20336653,0.03833924,0.01766488
5390.000,4.888000,-2.70273719,-3.16163919,4.15941711,0.08294257,0.03603786
5392.000,4.890000,-2.78056594,-3.12440253,4.18251576,0.08627795,0.03262352
5394.000,4.892000,-2.81329621,-3.12899390,4.20775930,0.03305073,0.01767656
5396.000,4.894000,-2.82424986,-3.12920460,4.21524717,0.01095568,0.00727584
5398.000,4.896000,-2.90394369,-3.10266980,4.24964103,0.08399525,0.02125395
5400.000,4.898000,-2.84261752,-3.14999479,4.24298734,0.07746325,0.02232768
5402.000,4.900000,-2.86058384,-3.16119456,4.26334270,0.02117129,0.00988788
5404.000,4.902000,-2.85486684,-3.15529112,4.25512946,0.00821795,0.02181252
5406.000,4.904000,-2.82323464,-3.18649436,4.25727615,0.04443240,0.01241400
5408.000,4.906000,-2.82785772,-3.13245845,4.22008000,0.05423332,0.01648423
5410.000,4.908000,-2.91024344,-3.13977560,4.28108721,0.08271003,0.02105375
5412.000,4.910000,-3.03424869,-3.08132659,4.32449288,0.13708971,0.03945520
5414.000,4.912000,-3.00247392,-3.19365241,4.38340795,0.11673357,0.05626583
5416.000,4.914000,-2.91617577,-3.29095533,4.39709769,0.13005856,0.02064805
5418.000,4.916000,-3.04048537,-3.23170577,4.43716954,0.13770762,0.02732803
5420.000,4.918000,-2.96154443,-3.24012294,4.38966309,0.07938842,0.02095825
5422.000,4.920000,-2.98358319,-3.16756328,4.35146249,0.07583278,0.01822712
5424.000,4.922000,-3.01288232,-3.16229172,4.36778534,0.02976959,0.01533361
5426.000,4.924000,-3.02781623,-3.14237331,4.36373477,0.02489507,0.02373550
5428.000,4.926000,-2.97062495,-3.13786201,4.32097103,0.05736893,0.00601860
5430.000,4.928000,-3.01222038,-3.13617285,4.34845395,0.04162971,0.02966209
5432.000,4.930000,-2.94200311,-3.03844511,4.22936532,0.12033776,0.03599761
5434.000,4.932000,-3.00547155,-3.09945297,4.31734501,0.08803523,0.02421341
5436.000,4.934000,-3.00080806,-3.09869061,4.31355219,0.00472539,0.01154352
5438.000,4.936000,-2.95730522,-3.12698253,4.30391379,0.05189345,0.00316451
5440.000,4.938000,-2.93302656,-3.06716822,4.24383856,0.06455389,0.03294337
5442.000,4.940000,-2.97574779,-3.06305543,4.27052496,0.04291874,0.04273374
5444.000,4.942000,-3.09733556,-3.09490563,4.37857608,0.12569018,0.05536532
5446.000,4.944000,-3.06765453,-3.06330263,4.33524248,0.04335566,0.01324070
5448.000,4.946000,-3.06436405,-3.15900969,4.40109864,0.09576361,0.01657694
5450.000,4.948000,-2.92263828,-3.13683289,4.28736925,0.14345035,0.00105621
5452.000,4.950000,-2.89659206,-3.16639566,4.29142249,0.03940003,0.04319911
5454.000,4.952000,-2.91021096,-3.27764034,4.38317853,0.11207522,0.03797877
5456.000,4.954000,-2.90059717,-3.17827439,4.30289346,0.09982993,0.01940236
5458.000,4.956000,-2.91291504,-3.13896865,4.28231225,0.04119067,0.02254052
5460.000,4.958000,-2.93478629,-3.06062310,4.24032833,0.08134112,0.01796814
5462.000,4.960000,-2.83779995,-3.10516338,4.20656013,0.10672482,0.03134151
5464.000,4.962000,-2.88428543,-3.06580032,4.20930327,0.06091265,0.05070288
5466.000,4.964000,-2.84541245,-3.07661052,4.19069258,0.04034810,0.01686365
5468.000,4.966000,-2.77063412,-3.01648871,4.09580487,0.09595015,0.02744299
5470.000,4.968000,-2.56945477,-2.99499317,3.94614773,0.20232447,0.03723125
5472.000,4.970000,-2.56245936,-2.97990583,3.93014461,0.01663020,0.03802650
5474.000,4.972000,-2.54704134,-3.13278253,4.03754207,0.15365221,0.04353861
5476.000,4.974000,-2.52074750,-3.08566699,3.98440820,0.05395591,0.04061768
5478.000,4.976000,-2.44849616,-3.03492514,3.89947484,0.08828924,0.01313234
5480.000,4.978000,-2.38533016,-3.07005859,3.88780912,0.07227934,0.05414647
5482.000,4.980000,-2.26975165,-3.11311742,3.85269680,0.12333878,0.02550466
5484.000,4.982000,-2.28258782,-3.07109633,3.82646571,0.04393790,0.01668920
5486.000,4.984000,-2.27900242,-2.96749149,3.74163838,0.10366687,0.02025830
5488.000,4.986000,-2.21494853,-2.98995496,3.72099821,0.06787863,0.01271677
5490.000,4.988000,-2.27283969,-2.90728799,3.69027421,0.10092182,0.05957193
5492.000,4.990000,-2.24650772,-2.91554994,3.68065597,0.02759768,0.02862411
5494.000,4.992000,-2.42981387,-2.95586862,3.82637619,0.18768788,0.03703303
5496.000,4.994000,-2.42799276,-2.80766172,3.71188809,0.14821809,0.02672068
5498.000,4.996000,-2.40200191,-2.72195328,3.63024005,0.08956261,0.02236971
5500.000,4.998000,-2.30115562,-2.73515195,3.57440532,0.10170634,0.01910886
