time_ps,lateral_displacement_nm,lateral_x_nm,lateral_y_nm,path_length_nm,step_displacement_nm
502.000,0.00000000,0.00000000,0.00000000,0.00000000,0.00000000
504.000,0.07477013,-0.01404155,-0.07343982,0.07477013,0.07477013
506.000,0.03020185,0.02601843,-0.01533601,0.14534530,0.07057517
508.000,0.12747327,0.03663961,0.12209412,0.28318525,0.13783995
510.000,0.04362808,0.03535821,0.02555790,0.37972997,0.09654472
512.000,0.01373303,-0.01363397,-0.00164653,0.43576849,0.05603851
514.000,0.08841490,0.06543465,0.05946008,0.53569778,0.09992929
516.000,0.14012737,0.13110868,0.04945899,0.60212895,0.06643117
518.000,0.09054425,0.07643926,0.04853144,0.65680624,0.05467729
520.000,0.09913287,-0.00801970,0.09880794,0.75509685,0.09829060
522.000,0.14250178,0.04224085,0.13609728,0.81767972,0.06258288
524.000,0.15056683,0.04541992,0.14355278,0.82578472,0.00810500
526.000,0.17390088,0.04355090,0.16835924,0.85066150,0.02487677
528.000,0.17022144,0.10309105,0.13545321,0.91868970,0.06802821
530.000,0.19298518,0.08313270,0.17416152,0.96224046,0.04355076
532.000,0.15055944,0.02568100,0.14835306,1.02522279,0.06298233
534.000,0.14143833,0.01054997,0.14104432,1.04202653,0.01680374
536.000,0.04324014,0.02768710,0.03321346,1.15121067,0.10918413
538.000,0.10356555,-0.00022766,0.10356530,1.22689828,0.07568762
540.000,0.14447294,-0.01378087,0.14381418,1.26936783,0.04246954
542.000,0.10161675,0.06313089,0.07962697,1.36954476,0.10017693
544.000,0.11735746,0.10344926,0.05541682,1.41657349,0.04702873
546.000,0.14061648,0.13969988,0.01602929,1.47010372,0.05353023
548.000,0.24809281,0.23362830,0.08347371,1.58573805,0.11563433
550.000,0.21630275,0.18384894,0.11395810,1.64410999,0.05837194
552.000,0.19051483,0.17037442,0.08525525,1.67581828,0.03170829
554.000,0.22437731,0.15826984,0.15904665,1.75059589,0.07477761
556.000,0.29957245,0.13044505,0.26968081,1.86467541,0.11407952
558.000,0.31349578,0.12295647,0.28837702,1.88481560,0.02014019
560.000,0.33050950,0.13041894,0.30368969,1.90184987,0.01703427
562.000,0.32994351,0.08181009,0.31964016,1.95300882,0.05115895
564.000,0.31184641,0.10956650,0.29196466,1.99220513,0.03919632
566.000,0.28525927,0.11525730,0.26093793,2.02374944,0.03154431
568.000,0.28144879,0.15470592,0.23511592,2.07089782,0.04714838
570.000,0.48783751,0.31059496,0.37618639,2.28114118,0.21024336
572.000,0.46000565,0.33743376,0.31263982,2.35012297,0.06898180
574.000,0.48502762,0.33229459,0.35331587,2.39112239,0.04099941
576.000,0.41334557,0.22030347,0.34974411,2.50317045,0.11204806
578.000,0.35729278,0.21095734,0.28836632,2.56525574,0.06208529
580.000,0.35814549,0.27194347,0.23305566,2.64758784,0.08233211
582.000,0.31678161,0.23636714,0.21090559,2.68949609,0.04190825
584.000,0.32168225,0.26061948,0.18856552,2.72246964,0.03297355
586.000,0.30756994,0.21885993,0.21610091,2.77249021,0.05002057
588.000,0.33840719,0.30761370,0.14104338,2.88872646,0.11623625
590.000,0.35255800,0.27547355,0.22002605,2.97399810,0.08527164
592.000,0.32159159,0.29113792,0.13660113,3.05888090,0.08488280
594.000,0.37010468,0.29565247,0.22263668,3.14503482,0.08615391
596.000,0.35330775,0.32056176,0.14854804,3.22319874,0.07816392
598.000,0.27071530,0.21398272,0.16582572,3.33116915,0.10797041
600.000,0.24577625,0.12971656,0.20875722,3.42574134,0.09457219
602.000,0.25467429,0.07964299,0.24190078,3.48579013,0.06004879
604.000,0.46769541,0.03680289,0.46624515,3.71418819,0.22839806
606.000,0.52219236,0.21234918,0.47706676,3.89006771,0.17587952
608.000,0.60766991,0.22140514,0.56589971,3.97936107,0.08929336
610.000,0.59878464,0.16747521,0.57488704,4.03403474,0.05467367
612.000,0.62871775,0.31693240,0.54299159,4.18685742,0.15282268
614.000,0.74441958,0.35308700,0.65535493,4.30489417,0.11803675
616.000,0.81048521,0.46996505,0.66031744,4.42187752,0.11698335
618.000,0.71024097,0.42603894,0.56827199,4.52386707,0.10198955
620.000,0.69458987,0.42995358,0.54552269,4.54695073,0.02308366
622.000,0.71498914,0.50034636,0.51074748,4.62546479,0.07851406
624.000,0.62884057,0.41927231,0.46866961,4.71680782,0.09134303
626.000,0.64333292,0.40215423,0.50214462,4.75440577,0.03759795
628.000,0.61973913,0.49938629,0.36700125,4.92089242,0.16648666
630.000,0.63089057,0.48817415,0.39963598,4.95539950,0.03450707
632.000,0.63469532,0.48740198,0.40654330,4.96234984,0.00695035
634.000,0.59687653,0.46272598,0.37702289,5.00082529,0.03847545
636.000,0.56631699,0.46008987,0.33020031,5.04772201,0.04689672
638.000,0.61881117,0.49050021,0.37727551,5.10376541,0.05604340
640.000,0.65495851,0.42248978,0.50047281,5.24448851,0.14072310
642.000,0.61651303,0.45931812,0.41123617,5.34102610,0.09653758
644.000,0.53941259,0.47161177,0.26181726,5.49094988,0.14992379
646.000,0.53636749,0.43275898,0.31687498,5.55833602,0.06738614
648.000,0.47542686,0.39022633,0.27157707,5.62047237,0.06213635
650.000,0.45130859,0.30705561,0.33075111,5.72254556,0.10207319
652.000,0.36273559,0.24349368,0.26886415,5.81125922,0.08871366
654.000,0.32847585,0.22765722,0.23678803,5.84703172,0.03577249
656.000,0.23298574,0.17682945,0.15170267,5.94614267,0.09911096
658.000,0.21980497,0.18180029,0.12354304,5.97473767,0.02859500
660.000,0.29781142,0.21901549,0.20180154,6.06139426,0.08665659
662.000,0.26827741,0.17150251,0.20629992,6.10911970,0.04772544
664.000,0.31579079,0.20782655,0.23776448,6.15717648,0.04805678
666.000,0.21337840,0.11923113,0.17695842,6.26463124,0.10745476
668.000,0.36689483,0.15284015,0.33354416,6.42478323,0.16015199
670.000,0.33076649,0.26511882,0.19778392,6.60095741,0.17617418
672.000,0.31791919,0.27171301,0.16505954,6.63433957,0.03338216
674.000,0.25207471,0.20534160,0.14620700,6.70333655,0.06899698
676.000,0.26111176,0.25124366,0.07110540,6.79135501,0.08801846
678.000,0.32721721,0.32070429,0.06496049,6.86108692,0.06973191
680.000,0.28666958,0.27126384,0.09271123,6.91778314,0.05669622
682.000,0.40155411,0.33388383,0.22308583,7.06241646,0.14463332
684.000,0.39376682,0.32715357,0.21914117,7.07021753,0.00780107
686.000,0.29772234,0.26474411,0.13619527,7.17402006,0.10380253
688.000,0.39437992,0.31476219,0.23761373,7.28710194,0.11308188
690.000,0.37755489,0.31805554,0.20344131,7.32143269,0.03433075
692.000,0.33220428,0.31817411,0.09552445,7.42934961,0.10791692
694.000,0.29597287,0.21227304,0.20625250,7.58256755,0.15321794
696.000,0.31253376,0.27196471,0.15398879,7.66190600,0.07933846
698.000,0.21924549,0.20329093,0.08210592,7.76132046,0.09941446
700.000,0.12108732,0.11439481,0.03969842,7.85981369,0.09849323
702.000,0.10128477,0.08717087,0.05157367,7.88951495,0.02970126
704.000,0.15282707,0.14874637,0.03508035,7.95326110,0.06374615
706.000,0.11214327,0.09435244,0.06061130,8.01334877,0.06008767
708.000,0.13563962,0.01849182,0.13437321,8.11915829,0.10580952
710.000,0.25075398,-0.04951964,0.24581571,8.24971474,0.13055645
712.000,0.24228470,-0.09458584,0.22305918,8.30020060,0.05048586
714.000,0.22048723,-0.12859160,0.17910562,8.35577314,0.05557254
716.000,0.30417309,-0.14181924,0.26908841,8.44672298,0.09094984
718.000,0.24007624,-0.11404099,0.21126111,8.51087615,0.06415316
720.000,0.33032248,-0.15332094,0.29258440,8.60118889,0.09031275
722.000,0.34156148,-0.03908175,0.33931823,8.72461759,0.12342869
724.000,0.43578082,-0.03607207,0.43428531,8.81963235,0.09501476
726.000,0.45152029,-0.05115132,0.44861355,8.84043337,0.02080102
728.000,0.50399973,0.07145939,0.49890809,8.97295856,0.13252520
730.000,0.67977203,0.02519569,0.67930493,9.15919323,0.18623467
732.000,0.59755277,0.02461177,0.59704571,9.24145453,0.08226130
734.000,0.45606065,0.00532309,0.45602958,9.38378373,0.14232920
736.000,0.45732579,-0.06502528,0.45267935,9.45421182,0.07042810
738.000,0.28949265,-0.02453485,0.28845110,9.62335789,0.16914607
740.000,0.34352810,0.01484621,0.34320714,9.69080485,0.06744696
742.000,0.43107121,0.01020374,0.43095043,9.77867086,0.08786601
744.000,0.29130719,-0.06095709,0.28485806,9.94117269,0.16250183
746.000,0.35060703,-0.08652207,0.33976347,10.00173813,0.06056544
748.000,0.35813977,-0.03236113,0.35667472,10.05847787,0.05673974
750.000,0.27818003,0.00025740,0.27817991,10.14348024,0.08500237
752.000,0.24463034,-0.01333871,0.24426641,10.18001760,0.03653737
754.000,0.16203940,-0.03498457,0.15821772,10.26874709,0.08872949
756.000,0.16086581,-0.03787280,0.15634404,10.27218984,0.00344275
758.000,0.21388728,-0.03894984,0.21031091,10.32616745,0.05397761
760.000,0.13250003,-0.01997269,0.13098607,10.40773070,0.08156324
762.000,0.05477664,0.05442149,-0.00622746,10.56381415,0.15608346
764.000,0.08792049,0.01449234,-0.08671784,10.65366425,0.08985009
766.000,0.08088051,-0.04140013,-0.06948155,10.71215406,0.05848981
768.000,0.06816595,-0.05791535,-0.03595009,10.74953201,0.03737795
770.000,0.14632116,-0.12231941,-0.08029847,10.82772832,0.07819630
772.000,0.19493631,-0.19320394,0.02593071,10.95543602,0.12770770
774.000,0.28382324,-0.25286708,0.12889481,11.07443725,0.11900124
776.000,0.33404397,-0.23934720,0.23301994,11.17943644,0.10499919
778.000,0.31732493,-0.20595742,0.24140558,11.21386312,0.03442668
780.000,0.39404372,-0.29696527,0.25900209,11.30655652,0.09269339
782.000,0.42289985,-0.25477511,0.33754101,11.39571015,0.08915364
784.000,0.44496702,-0.27070484,0.35314946,11.41801217,0.02230202
786.000,0.32872263,-0.19633717,0.26364803,11.53437822,0.11636604
788.000,0.35215827,-0.23168250,0.26521437,11.56975824,0.03538002
790.000,0.38441701,-0.31710116,0.21730921,11.66769317,0.09793493
792.000,0.38748716,-0.25333917,0.29319885,11.76681344,0.09912027
794.000,0.25000573,-0.18909804,0.16353836,11.91151577,0.14470233
796.000,0.18883659,-0.16520087,0.09147640,11.98743679,0.07592101
798.000,0.11211496,-0.11092314,0.01630408,12.08015653,0.09271974
800.000,0.19170392,-0.14784895,0.12202902,12.19214438,0.11198785
802.000,0.18868654,-0.16502521,0.09148383,12.22718768,0.03504329
804.000,0.24798731,-0.22486725,0.10455823,12.28844133,0.06125365
806.000,0.24393113,-0.19238584,0.14996694,12.34427137,0.05583004
808.000,0.26539331,-0.26257021,0.03860686,12.47590311,0.13163174
810.000,0.33456675,-0.33219291,0.03978417,12.54553576,0.06963265
812.000,0.34221045,-0.32167850,0.11675159,12.62321804,0.07768228
814.000,0.36238741,-0.31622337,0.17699554,12.68370847,0.06049043
816.000,0.34569930,-0.26234508,0.22512900,12.75595595,0.07224748
818.000,0.22208607,-0.15913376,0.15491503,12.88078615,0.12483020
820.000,0.17294510,-0.10482273,0.13755800,12.93780329,0.05701714
822.000,0.19526266,-0.16671039,0.10166194,13.00934774,0.07154445
824.000,0.18223214,-0.14178483,0.11447976,13.03737594,0.02802820
826.000,0.26111718,-0.20174109,0.16577910,13.11628333,0.07890739
828.000,0.27174362,-0.20561079,0.17767611,13.12879386,0.01251053
830.000,0.24159084,-0.18001716,0.16112094,13.15927513,0.03048127
832.000,0.28183297,-0.19984321,0.19872724,13.20178755,0.04251242
834.000,0.26282094,-0.23463421,0.11841297,13.28931352,0.08752597
836.000,0.23585624,-0.16957138,0.16393204,13.36871855,0.07940502
838.000,0.17294764,-0.09084042,0.14716965,13.44921415,0.08049561
840.000,0.27579008,-0.20367054,0.18595289,13.56852374,0.11930959
842.000,0.28900507,-0.15547309,0.24362276,13.64368229,0.07515855
844.000,0.22571240,-0.17540331,0.14205550,13.74718650,0.10350421
846.000,0.25059457,-0.24427514,0.05592221,13.85746919,0.11028269
848.000,0.22416816,-0.21172726,0.07364055,13.89452731,0.03705812
850.000,0.23173924,-0.20784914,-0.10247835,14.07068890,0.17616159
852.000,0.19437488,-0.02805874,-0.19233903,14.27168524,0.20099634
854.000,0.16376182,-0.06639400,-0.14969894,14.32902432,0.05733908
856.000,0.25786409,-0.05894622,-0.25103632,14.43063502,0.10161070
858.000,0.11619966,-0.02280077,-0.11394072,14.57241548,0.14178046
860.000,0.11008628,-0.03065323,-0.10573254,14.58377485,0.01135937
862.000,0.20299992,-0.10000807,-0.17665603,14.68297281,0.09919797
864.000,0.07949183,-0.04927118,-0.06238030,14.80800551,0.12503269
866.000,0.12562303,0.03945662,-0.11926576,14.91340274,0.10539723
868.000,0.25022747,0.05116799,-0.24494004,15.03962153,0.12621879
870.000,0.21490209,0.01900892,-0.21405973,15.08420627,0.04458474
872.000,0.23556959,0.06442257,-0.22658942,15.13131671,0.04711043
874.000,0.15326550,0.06936176,-0.13667209,15.22136959,0.09005288
876.000,0.28671136,0.02623129,-0.28550888,15.37632967,0.15496009
878.000,0.22285637,0.02769430,-0.22112889,15.44072628,0.06439661
880.000,0.31911926,0.02523785,-0.31811972,15.53774821,0.09702193
882.000,0.33720969,0.06039665,-0.33175687,15.57545912,0.03771092
884.000,0.38102104,0.05473809,-0.37706866,15.62112288,0.04566375
886.000,0.33336040,0.07118228,-0.32567198,15.67508610,0.05396323
888.000,0.29376279,0.12738928,-0.26470464,15.75800922,0.08292312
890.000,0.23496429,0.02852063,-0.23322691,15.86176787,0.10375865
892.000,0.37004090,-0.00858433,-0.36994132,16.00342806,0.14166019
894.000,0.39329243,0.01190805,-0.39311211,16.03436062,0.03093256
896.000,0.49756914,-0.01733299,-0.49726715,16.14254246,0.10818184
898.000,0.38813924,-0.04367114,-0.38567461,16.25720106,0.11465860
900.000,0.36081559,-0.08362214,-0.35099177,16.31010646,0.05290540
902.000,0.41425619,-0.09385056,-0.40348514,16.36358706,0.05348060
904.000,0.41997690,-0.11289166,-0.40451956,16.38265623,0.01906917
906.000,0.46365738,-0.05799141,-0.46001648,16.46071996,0.07806372
908.000,0.40931380,-0.09907996,-0.39714097,16.53583053,0.07511058
910.000,0.49041266,-0.01821263,-0.49007436,16.65902201,0.12319148
912.000,0.55990093,-0.00915226,-0.55982612,16.72935976,0.07033775
914.000,0.59300637,-0.04053612,-0.59161929,16.77403360,0.04467384
916.000,0.63379204,-0.06530927,-0.63041816,16.82006687,0.04603327
918.000,0.82624011,-0.09998009,-0.82016870,17.01295889,0.19289202
920.000,0.79330885,-0.10576721,-0.78622657,17.04739083,0.03443194
922.000,0.79586194,-0.23616162,-0.76001574,17.18039350,0.13300266
924.000,0.76878166,-0.16605111,-0.75063457,17.25112885,0.07073535
926.000,0.73303233,-0.18684765,-0.70881898,17.29783045,0.04670160
928.000,0.74159522,-0.20950997,-0.71138530,17.32063762,0.02280716
930.000,0.74854933,-0.17764645,-0.72716424,17.35619404,0.03555642
932.000,0.71666841,-0.22357616,-0.68090184,17.42138414,0.06519010
934.000,0.71052999,-0.16930329,-0.69006468,17.47642505,0.05504092
936.000,0.78022002,-0.21209911,-0.75083770,17.55075433,0.07432928
938.000,0.83236495,-0.10825500,-0.82529526,17.67853355,0.12777922
940.000,0.67952057,-0.00371921,-0.67951039,17.85792407,0.17939052
942.000,0.83598548,-0.03327444,-0.83532301,18.01651500,0.15859093
944.000,0.93209624,-0.06850113,-0.92957571,18.11713553,0.10062052
946.000,1.02494037,-0.11387900,-1.01859429,18.21705279,0.09991726
948.000,1.01275980,-0.01788192,-1.01260192,18.31323672,0.09618393
950.000,1.06012367,-0.04651353,-1.05910277,18.36784531,0.05460859
952.000,1.08153056,-0.00854384,-1.08149681,18.41192694,0.04408163
954.000,1.05576679,-0.10715437,-1.05031493,18.51535009,0.10342315
956.000,1.00290673,-0.20101882,-0.98255450,18.63111714,0.11576706
958.000,0.84848667,-0.16369459,-0.83254652,18.78569881,0.15458166
960.000,0.81395222,-0.13422235,-0.80280918,18.82756673,0.04186792
962.000,0.91091401,-0.10415457,-0.90493987,18.93403150,0.10646477
964.000,0.93531242,-0.13895035,-0.92493358,18.97416247,0.04013097
966.000,0.93185448,-0.19010538,-0.91225693,19.02686479,0.05270232
968.000,0.97518632,-0.13799524,-0.96537334,19.10127460,0.07440981
970.000,0.97041305,-0.20595179,-0.94830657,19.17134147,0.07006688
972.000,1.00015081,-0.22439234,-0.97465364,19.20350079,0.03215932
974.000,1.06162244,-0.35547104,-1.00034121,19.33707279,0.13357199
976.000,1.03646436,-0.33654227,-0.98030488,19.36463640,0.02756362
978.000,0.99783233,-0.33909220,-0.93844863,19.40657026,0.04193385
980.000,0.95215884,-0.28166625,-0.90954416,19.47086029,0.06429003
982.000,0.96298824,-0.28559540,-0.91966386,19.48171600,0.01085572
984.000,0.93767386,-0.10196348,-0.93211358,19.66576947,0.18405346
986.000,1.04531033,-0.04567003,-1.04431218,19.79129826,0.12552880
988.000,0.97279537,-0.09038434,-0.96858737,19.87923924,0.08794098
990.000,0.97023845,-0.08964139,-0.96608855,19.88184618,0.00260694
992.000,0.97803219,0.03943196,-0.97723696,20.01140009,0.12955391
994.000,0.99545069,0.08370054,-0.99192555,20.05804194,0.04664185
996.000,1.04448404,0.09129090,-1.04048685,20.10719286,0.04915092
998.000,1.06720000,0.06416352,-1.06526940,20.14393615,0.03674329
1000.000,1.03804039,-0.00396886,-1.03803281,20.21731090,0.07337475
1002.000,0.98057861,0.02781879,-0.98018392,20.28331808,0.06600718
1004.000,0.99554066,0.11590819,-0.98877020,20.37182495,0.08850687
1006.000,1.00586486,0.10575279,-1.00029019,20.38718211,0.01535716
1008.000,0.98435825,0.12727091,-0.97609594,20.41956098,0.03237887
1010.000,0.95065619,0.12846503,-0.94193627,20.45374152,0.03418054
1012.000,0.89657336,0.22719185,-0.86731058,20.57749925,0.12375773
1014.000,0.87818342,0.28767098,-0.82972980,20.64870348,0.07120422
1016.000,0.91752264,0.19868454,-0.89575233,20.75950764,0.11080416
1018.000,0.93037876,0.30137439,-0.88021481,20.86336630,0.10385866
1020.000,0.94602256,0.26072549,-0.90938491,20.91339857,0.05003227
1022.000,1.00754219,0.19631308,-0.98823198,21.01521124,0.10181267
1024.000,0.96847046,0.21270597,-0.94482337,21.06161203,0.04640080
1026.000,0.94352958,0.11560776,-0.93642026,21.15907318,0.09746115
1028.000,0.90104914,0.22449751,-0.87263418,21.28527003,0.12619684
1030.000,0.91673700,0.19803050,-0.89509254,21.31998142,0.03471139
1032.000,0.90556271,0.11281951,-0.89850742,21.40526080,0.08527938
1034.000,0.96565393,0.18089225,-0.94855970,21.48975417,0.08449337
1036.000,0.94096889,0.16691547,-0.92604626,21.51625333,0.02649916
1038.000,0.94213418,0.21356217,-0.91760994,21.56365677,0.04740344
1040.000,0.88333470,0.21767688,-0.85609401,21.62531016,0.06165339
1042.000,0.76012948,0.23452505,-0.72304552,21.75942117,0.13411101
1044.000,0.74720060,0.29453658,-0.68670003,21.82958083,0.07015966
1046.000,0.77352346,0.26724756,-0.72589068,21.87733643,0.04775560
1048.000,0.78658641,0.32366626,-0.71690887,21.93446560,0.05712917
1050.000,0.75528009,0.24807173,-0.71337818,22.01014253,0.07567693
1052.000,0.76151363,0.21277894,-0.73118269,22.04967204,0.03952951
1054.000,0.81917251,0.26892039,-0.77377350,22.12014075,0.07046871
1056.000,0.83821261,0.28821278,-0.78710468,22.14359106,0.02345030
1058.000,0.83174006,0.26858410,-0.78718112,22.16321989,0.01962883
1060.000,0.91052758,0.20518596,-0.88710721,22.28156070,0.11834081
1062.000,0.95333388,0.25628925,-0.91823815,22.34139951,0.05983880
1064.000,0.88462259,0.24421472,-0.85024484,22.41045661,0.06905711
1066.000,0.89834726,0.24831052,-0.86334795,22.42418494,0.01372833
1068.000,0.92665483,0.11292769,-0.91974807,22.57084606,0.14666112
1070.000,0.90856788,0.03680408,-0.90782214,22.64789820,0.07705214
1072.000,0.86609148,0.08644143,-0.86176698,22.71561042,0.06771222
1074.000,0.80195025,0.00038744,-0.80195016,22.82041185,0.10480144
1076.000,0.70480218,0.02273996,-0.70443524,22.92045581,0.10004396
1078.000,0.75746045,0.02516052,-0.75704246,22.97311869,0.05266287
1080.000,0.80333326,0.02522004,-0.80293728,23.01901355,0.04589486
1082.000,0.76121807,0.07992118,-0.75701094,23.09043794,0.07142440
1084.000,0.76654678,0.02731057,-0.76606011,23.14382113,0.05338318
1086.000,0.74873168,0.00492869,-0.74871546,23.17213694,0.02831582
1088.000,0.69713978,-0.00489975,-0.69712256,23.22465766,0.05252071
1090.000,0.77417549,-0.01485161,-0.77403302,23.30220931,0.07755165
1092.000,0.77527097,0.00581636,-0.77524915,23.32291302,0.02070371
1094.000,0.87420824,-0.01325581,-0.87410773,23.42359453,0.10068151
1096.000,0.89501660,-0.07376292,-0.89197183,23.48668364,0.06308911
1098.000,0.91489052,-0.07574203,-0.91174986,23.50656045,0.01987681
1100.000,0.91675401,-0.06852577,-0.91418933,23.51417789,0.00761744
1102.000,1.03021157,0.06115057,-1.02839510,23.68697521,0.17279732
1104.000,0.94227444,0.08229392,-0.93867397,23.77915396,0.09217875
1106.000,0.87129924,0.01117148,-0.87122762,23.87717137,0.09801740
1108.000,0.97300635,0.00090646,-0.97300593,23.97946601,0.10229464
1110.000,0.99989810,0.03040811,-0.99943562,24.01907504,0.03960903
1112.000,1.00638465,-0.03954844,-1.00560727,24.08930330,0.07022826
1114.000,0.96940390,-0.05962880,-0.96756825,24.13231711,0.04301381
1116.000,0.90442555,-0.06944644,-0.90175538,24.19885823,0.06654112
1118.000,0.87030042,-0.07115425,-0.86738682,24.23326920,0.03441097
1120.000,0.86769052,-0.13742234,-0.85673913,24.30038724,0.06711804
1122.000,0.93458310,-0.16957383,-0.91907034,24.37052210,0.07013486
1124.000,0.92795243,-0.12341362,-0.91970907,24.41668672,0.04616462
1126.000,0.94055796,-0.11143407,-0.93393347,24.43528358,0.01859686
1128.000,0.90939569,-0.17693188,-0.89201773,24.51304535,0.07776177
1130.000,0.92484114,-0.11490172,-0.91767572,24.58017263,0.06712728
1132.000,0.96149583,-0.11214723,-0.95493311,24.61753170,0.03735907
1134.000,0.96738571,-0.06845139,-0.96496089,24.66236341,0.04483171
1136.000,0.95533230,-0.04427440,-0.95430582,24.68878419,0.02642078
1138.000,0.84393862,-0.02350996,-0.84361110,24.80140960,0.11262541
1140.000,0.90767285,-0.12636237,-0.89883400,24.91814942,0.11673982
1142.000,0.86399486,-0.02118084,-0.86373520,25.02903260,0.11088318
1144.000,0.85818816,0.06422001,-0.85578192,25.11480299,0.08577039
1146.000,0.86828910,-0.00937156,-0.86823852,25.18944136,0.07463837
1148.000,0.79929966,0.02980111,-0.79874392,25.26921603,0.07977467
1150.000,0.82680249,-0.12332135,-0.81755379,25.42348950,0.15427346
1152.000,0.83960925,-0.15240734,-0.82566077,25.45368416,0.03019466
1154.000,0.79757764,-0.19759836,-0.77271274,25.52329538,0.06961122
1156.000,0.96380126,-0.24583502,-0.93192167,25.68965120,0.16635582
1158.000,0.89798265,-0.12884380,-0.88869123,25.81437416,0.12472296
1160.000,0.96759561,-0.18532811,-0.94968140,25.89750223,0.08312808
1162.000,0.94751453,-0.17429836,-0.93134519,25.91890018,0.02139795
1164.000,0.91143327,-0.10441107,-0.90543301,25.99343657,0.07453639
1166.000,0.92379675,0.01271114,-0.92370930,26.11197616,0.11853959
1168.000,0.91815828,0.02291682,-0.91787224,26.12373317,0.01175700
1170.000,0.82982225,0.02126804,-0.82954966,26.21207113,0.08833797
1172.000,0.84151746,0.09086694,-0.83659718,26.28202593,0.06995480
1174.000,0.86154201,0.18602296,-0.84121941,26.37729415,0.09526822
1176.000,0.82308789,0.16059390,-0.80726902,26.41971190,0.04241775
1178.000,0.92704172,0.18055136,-0.90928959,26.52366620,0.10395429
1180.000,0.84122928,0.23970155,-0.80635592,26.64238471,0.11871852
1182.000,0.83225406,0.20901867,-0.80557930,26.67307742,0.03069271
1184.000,0.87438388,0.30141458,-0.82079012,26.76671702,0.09363960
1186.000,0.75396689,0.21945652,-0.72132164,26.89560108,0.12888406
1188.000,0.86926390,0.17754080,-0.85094006,27.03182833,0.13622725
1190.000,0.94781568,0.16805250,-0.93279843,27.11423477,0.08240644
1192.000,0.98711234,0.13625663,-0.97766298,27.16922390,0.05498914
1194.000,0.93134543,0.10858278,-0.92499410,27.22872057,0.05949667
1196.000,0.92987487,0.14252439,-0.91888741,27.26320716,0.03448659
1198.000,0.84850907,0.13340741,-0.83795590,27.34465056,0.08144341
1200.000,0.96484635,0.17606283,-0.94864659,27.46327566,0.11862510
1202.000,0.85521044,0.15444716,-0.84114860,27.57292535,0.10964969
1204.000,0.87890033,0.10014270,-0.87317652,27.63597106,0.06304571
1206.000,0.92209413,0.15411646,-0.90912359,27.70081980,0.06484874
1208.000,0.87806149,0.11666299,-0.87027681,27.75478122,0.05396142
1210.000,0.91445151,0.10866452,-0.90797224,27.79331589,0.03853467
1212.000,0.86407064,0.06199767,-0.86184359,27.85893332,0.06561743
1214.000,0.96074309,-0.03313407,-0.96017156,27.99574867,0.13681534
1216.000,0.82656066,-0.04570392,-0.82529612,28.13120857,0.13545990
1218.000,0.75059250,-0.01482199,-0.75044614,28.21217901,0.08097044
1220.000,0.73704611,0.05813184,-0.73475007,28.28680225,0.07462324
1222.000,0.71849819,0.00676644,-0.71846633,28.34068699,0.05388473
1224.000,0.68662149,0.03001207,-0.68596526,28.38064544,0.03995846
1226.000,0.74325808,0.04156010,-0.74209523,28.43795103,0.05730559
1228.000,0.74857088,0.03240445,-0.74786918,28.44877527,0.01082425
1230.000,0.75804822,-0.01126949,-0.75796444,28.49360080,0.04482553
1232.000,0.70749222,-0.09788039,-0.70068871,28.59743701,0.10383621
1234.000,0.78508971,-0.04197255,-0.78396693,28.69774130,0.10030429
1236.000,0.79835930,-0.15003081,-0.78413540,28.80579969,0.10805839
1238.000,0.93634886,-0.24051678,-0.90493141,28.95672811,0.15092842
1240.000,0.88602513,-0.24768488,-0.85070132,29.01142989,0.05470178
1242.000,0.85284157,-0.26250143,-0.81143807,29.05339574,0.04196585
1244.000,0.84666217,-0.23122852,-0.81447542,29.08481580,0.03142006
1246.000,0.83084828,-0.28603270,-0.78006035,29.14952975,0.06471394
1248.000,0.76677223,-0.26378208,-0.71997130,29.21360614,0.06407639
1250.000,0.88113337,-0.31210418,-0.82400668,29.32831614,0.11471000
1252.000,0.90862957,-0.33105058,-0.84617563,29.35747826,0.02916211
1254.000,0.99325414,-0.38487659,-0.91565485,29.44536796,0.08788970
1256.000,1.08281316,-0.44004859,-0.98936423,29.53743871,0.09207075
1258.000,1.02062843,-0.43094775,-0.92518454,29.60226046,0.06482174
1260.000,0.95186306,-0.36084638,-0.88081393,29.68522402,0.08296357
1262.000,0.99340324,-0.38204989,-0.91699939,29.72716418,0.04194015
1264.000,1.09420819,-0.40746834,-1.01551027,29.82890154,0.10173737
1266.000,1.05578736,-0.42391337,-0.96694592,29.88017468,0.05127314
1268.000,1.12966050,-0.45209719,-1.03524923,29.95406427,0.07388958
1270.000,1.05603789,-0.39241382,-0.98042206,30.03510822,0.08104396
1272.000,1.04402170,-0.41698688,-0.95713283,30.06896414,0.03385592
1274.000,0.98754696,-0.34378523,-0.92577573,30.14859923,0.07963509
1276.000,1.02720633,-0.41427727,-0.93996127,30.22050443,0.07190520
1278.000,1.11478791,-0.42468858,-1.03072387,30.31186222,0.09135779
1280.000,1.21367341,-0.49399749,-1.10858903,30.41610572,0.10424350
1282.000,1.28759092,-0.55721601,-1.16077590,30.49808164,0.08197592
1284.000,1.29004728,-0.51479409,-1.18288167,30.54591766,0.04783602
1286.000,1.35404749,-0.58426756,-1.22150564,30.62540586,0.07948820
1288.000,1.30199510,-0.51346663,-1.19647117,30.70050244,0.07509658
1290.000,1.20106026,-0.45833500,-1.11016880,30.80291140,0.10240896
1292.000,1.17198574,-0.47811309,-1.07002732,30.84766083,0.04474943
1294.000,1.25170766,-0.61867811,-1.08812199,30.98938572,0.14172489
1296.000,1.31274775,-0.70225970,-1.10911585,31.07556358,0.08617786
1298.000,1.19617896,-0.62924582,-1.01729730,31.19287373,0.11731015
1300.000,1.16289144,-0.62157415,-0.98283370,31.22818088,0.03530715
1302.000,1.17622326,-0.57199450,-1.02777598,31.29509837,0.06691749
1304.000,1.32850861,-0.60440865,-1.18305762,31.45372707,0.15862870
1306.000,1.32810540,-0.60496867,-1.18231843,31.45465445,0.00092738
1308.000,1.31020945,-0.63523903,-1.14591455,31.50199932,0.04734487
1310.000,1.31471435,-0.68126621,-1.12443327,31.55279250,0.05079318
1312.000,1.20257422,-0.58469509,-1.05086460,31.67419402,0.12140152
1314.000,1.14867651,-0.55019904,-1.00833464,31.72895510,0.05476108
1316.000,1.33933106,-0.61153502,-1.19156729,31.92218115,0.19322606
1318.000,1.33130267,-0.63023010,-1.17267933,31.94875672,0.02657557
1320.000,1.41527600,-0.71345165,-1.22229003,32.04564350,0.09688678
1322.000,1.41411925,-0.74175233,-1.20396708,32.07935787,0.03371437
1324.000,1.37864781,-0.72605991,-1.17196705,32.11499849,0.03564062
1326.000,1.30532832,-0.69891911,-1.10244913,32.18962667,0.07462818
1328.000,1.38501484,-0.78919882,-1.13817017,32.28671642,0.09708975
1330.000,1.35893738,-0.64587659,-1.19563968,32.44113147,0.15441505
1332.000,1.39254518,-0.63767944,-1.23796083,32.48423915,0.04310769
1334.000,1.47534868,-0.71759737,-1.28907244,32.57910365,0.09486449
1336.000,1.60376968,-0.77161772,-1.40594568,32.70785749,0.12875385
1338.000,1.44130691,-0.76606447,-1.22086480,32.89302167,0.18516418
1340.000,1.53628541,-0.85886872,-1.27378074,32.99985203,0.10683036
1342.000,1.64173677,-0.90832998,-1.36756582,33.10588061,0.10602857
1344.000,1.71887110,-0.86410210,-1.48588203,33.23219304,0.12631243
1346.000,1.67012850,-0.85702437,-1.43347076,33.28508005,0.05288701
1348.000,1.69769323,-0.89102257,-1.44507477,33.32100400,0.03592395
1350.000,1.60464751,-0.73951184,-1.42408422,33.47396186,0.15295786
1352.000,1.65719098,-0.81305503,-1.44403028,33.55016190,0.07620005
1354.000,1.63817969,-0.85397274,-1.39798542,33.61176051,0.06159860
1356.000,1.54957285,-0.87867645,-1.27636347,33.73586600,0.12410549
1358.000,1.46494393,-0.84176908,-1.19895185,33.82162562,0.08575962
1360.000,1.47412102,-0.82020249,-1.22486761,33.85534125,0.03371563
1362.000,1.48895427,-0.82869371,-1.23703337,33.87017724,0.01483598
1364.000,1.60306516,-0.94524785,-1.29472947,34.00022995,0.13005271
1366.000,1.82925034,-1.16611503,-1.40937310,34.24907825,0.24884830
1368.000,1.82403908,-1.10356982,-1.45232648,34.32495246,0.07587421
1370.000,1.86641316,-1.15088598,-1.46933984,34.37523440,0.05028194
1372.000,1.87053988,-1.16687344,-1.46195959,34.39284311,0.01760871
1374.000,1.87592542,-1.19285048,-1.44782732,34.42241552,0.02957241
1376.000,1.90627219,-1.21877915,-1.46575954,34.45394108,0.03152556
1378.000,1.90869036,-1.12268131,-1.54359502,34.57760658,0.12366550
1380.000,2.02072975,-1.15791947,-1.65607102,34.69547337,0.11786679
1382.000,2.02062114,-1.18458985,-1.63696569,34.72828073,0.03280736
1384.000,1.87856722,-1.17479596,-1.46590220,34.89962436,0.17134363
1386.000,1.85031264,-1.14212157,-1.45575244,34.93383887,0.03421452
1388.000,1.88775077,-1.13630531,-1.50745256,34.98586513,0.05202625
1390.000,1.80728180,-1.06657684,-1.45900012,35.07077507,0.08490994
1392.000,1.78444496,-1.02921816,-1.45772213,35.10815560,0.03738054
1394.000,1.93400341,-1.03980979,-1.63069458,35.28145203,0.17329643
1396.000,1.88075608,-0.83568319,-1.68489674,35.49265227,0.21120024
1398.000,1.89020865,-0.88121290,-1.67222981,35.53991119,0.04725892
1400.000,1.93087109,-0.90187982,-1.70730078,35.58061862,0.04070742
1402.000,1.92156547,-0.95572906,-1.66703204,35.64785932,0.06724070
1404.000,1.89407591,-0.92153555,-1.65477967,35.68418172,0.03632240
1406.000,1.98340320,-0.99589429,-1.71525007,35.78002478,0.09584306
1408.000,1.89615159,-0.99968581,-1.61121666,35.88412726,0.10410248
1410.000,1.86887375,-1.03602642,-1.55542223,35.95071299,0.06658573
1412.000,1.79357977,-1.04379563,-1.45856748,36.04787885,0.09716586
1414.000,1.92011927,-1.12908982,-1.55306606,36.17517803,0.12729918
1416.000,1.96078582,-1.16302738,-1.57862229,36.21766189,0.04248387
1418.000,2.03042649,-1.13039178,-1.68666717,36.33052809,0.11286619
1420.000,2.00562495,-1.05840102,-1.70361930,36.40448784,0.07395975
1422.000,2.01047438,-1.01756683,-1.73394492,36.45535113,0.05086329
1424.000,1.90814742,-0.99333279,-1.62920734,36.56285577,0.10750465
1426.000,1.88177284,-0.94523707,-1.62714348,36.61099576,0.04813998
1428.000,1.82026880,-0.92150766,-1.56977774,36.67307565,0.06207989
1430.000,1.76971177,-0.93889321,-1.50011976,36.74487043,0.07179479
1432.000,1.76332649,-0.96168904,-1.47799679,36.77663638,0.03176595
1434.000,1.75948157,-1.00751662,-1.44245820,36.83462913,0.05799275
1436.000,1.72107485,-0.97593986,-1.41761773,36.87480551,0.04017638
1438.000,1.63496403,-1.00939972,-1.28616468,37.01045014,0.13564463
1440.000,1.69044228,-1.01169818,-1.35427542,37.07859965,0.06814951
1442.000,1.66812802,-0.98582546,-1.34565941,37.10586929,0.02726964
1444.000,1.69820624,-1.04087742,-1.34181916,37.16105503,0.05518574
1446.000,1.79054021,-1.11083071,-1.40431100,37.25485638,0.09380135
1448.000,1.83216676,-1.13806679,-1.43584088,37.29652096,0.04166458
1450.000,1.76506955,-1.10817445,-1.37383401,37.36535702,0.06883606
1452.000,1.91142356,-1.19944797,-1.48824211,37.51171298,0.14635596
1454.000,1.82916324,-1.11997383,-1.44620081,37.60162188,0.08990890
1456.000,1.85266645,-1.07688439,-1.50754535,37.67658755,0.07496567
1458.000,1.84619625,-1.05782958,-1.51308862,37.69643229,0.01984474
1460.000,1.77870872,-1.01486185,-1.46077381,37.76413063,0.06769834
1462.000,1.81624321,-1.03989111,-1.48908223,37.80191728,0.03778664
1464.000,1.73449422,-0.99084767,-1.42361902,37.88371392,0.08179665
1466.000,1.78702054,-1.02436911,-1.46427809,37.93640972,0.05269580
1468.000,1.82149962,-1.08597214,-1.46236978,37.99804231,0.06163258
1470.000,1.75735996,-1.00986776,-1.43822151,38.07788600,0.07984370
1472.000,1.87403045,-1.04042367,-1.55868814,38.20216742,0.12428142
1474.000,1.78504348,-0.99727323,-1.48048179,38.29148816,0.08932073
1476.000,1.69696757,-0.95886528,-1.40009868,38.38057584,0.08908768
1478.000,1.62390582,-0.93478743,-1.32787144,38.45671070,0.07613486
1480.000,1.68535559,-0.98870195,-1.36487799,38.52210381,0.06539312
1482.000,1.70926391,-1.05699657,-1.34325775,38.59373892,0.07163511
1484.000,1.76712651,-1.15718267,-1.33553898,38.69422193,0.10048301
1486.000,1.91046054,-1.22574397,-1.46540478,38.84107484,0.14685292
1488.000,1.88213556,-1.22212088,-1.43138214,38.87528986,0.03421501
1490.000,1.83246780,-1.11575443,-1.45362660,38.98395741,0.10866755
1492.000,1.84514504,-1.09422160,-1.48567806,39.02257035,0.03861294
1494.000,1.71818780,-1.01644394,-1.38528374,39.14956793,0.12699757
1496.000,1.67747084,-1.03887280,-1.31706177,39.22138221,0.07181429
1498.000,1.62150730,-0.95256585,-1.31221348,39.30782523,0.08644302
1500.000,1.67807745,-0.87275044,-1.43326571,39.45282227,0.14499705
1502.000,1.60855853,-0.84665257,-1.36771340,39.52337866,0.07055638
1504.000,1.47451606,-0.81559666,-1.22841349,39.66609844,0.14271978
1506.000,1.40229450,-0.82631289,-1.13297700,39.76213469,0.09603625
1508.000,1.42214975,-0.81255802,-1.16715868,39.79898009,0.03684540
1510.000,1.38396911,-0.71245572,-1.18649794,39.90093340,0.10195331
1512.000,1.46397851,-0.67856355,-1.29722188,40.01672835,0.11579494
1514.000,1.55872565,-0.79849524,-1.33866762,40.14361948,0.12689114
1516.000,1.56489455,-0.84791890,-1.31526746,40.19830280,0.05468332
1518.000,1.55462598,-0.77771363,-1.34611421,40.27498592,0.07668312
1520.000,1.61174846,-0.77873141,-1.41113801,40.34001769,0.06503177
1522.000,1.47702310,-0.64880518,-1.32689452,40.49486532,0.15484763
1524.000,1.43115966,-0.67791569,-1.26041592,40.56743822,0.07257290
1526.000,1.59322802,-0.75280521,-1.40415806,40.72951919,0.16208097
1528.000,1.68122589,-0.83187171,-1.46099622,40.82689521,0.09737602
1530.000,1.52233759,-0.75043340,-1.32452310,40.98582007,0.15892486
1532.000,1.48968678,-0.73614243,-1.29509113,41.01853815,0.03271808
1534.000,1.44980628,-0.74163427,-1.24575955,41.06817448,0.04963633
1536.000,1.47153300,-0.68043518,-1.30476716,41.15318758,0.08501309
1538.000,1.41778290,-0.60333411,-1.28300284,41.23330162,0.08011405
1540.000,1.42088868,-0.70432127,-1.23404059,41.34553222,0.11223060
1542.000,1.41946298,-0.71860337,-1.22412595,41.36291839,0.01738617
1544.000,1.40215991,-0.63647985,-1.24937817,41.44883665,0.08591826
1546.000,1.44607269,-0.62741614,-1.30287191,41.50309281,0.05425616
1548.000,1.47459551,-0.60771826,-1.34354398,41.54828378,0.04519098
1550.000,1.55707728,-0.67087715,-1.40513825,41.63650452,0.08822074
1552.000,1.48001479,-0.67893640,-1.31510043,41.72690232,0.09039779
1554.000,1.41771745,-0.58643151,-1.29074430,41.82255992,0.09565760
1556.000,1.42018000,-0.66394287,-1.25542467,41.90773907,0.08517915
1558.000,1.37988760,-0.59298157,-1.24597859,41.97932631,0.07158725
1560.000,1.38297891,-0.55341567,-1.26742327,42.02433003,0.04500372
1562.000,1.50854880,-0.63706314,-1.36743191,42.15470881,0.13037878
1564.000,1.41378628,-0.50851769,-1.31916693,42.29201665,0.13730783
1566.000,1.35571612,-0.48045262,-1.26772690,42.35061465,0.05859800
1568.000,1.28956316,-0.49611607,-1.19031172,42.42959853,0.07898388
1570.000,1.32700286,-0.51869841,-1.22142889,42.46804643,0.03844790
1572.000,1.33678592,-0.50252315,-1.23873608,42.49173562,0.02368919
1574.000,1.43364119,-0.54632190,-1.32546575,42.58889716,0.09716154
1576.000,1.43779575,-0.56132389,-1.32369639,42.60400313,0.01510597
1578.000,1.52672198,-0.62050514,-1.39493848,42.69661985,0.09261672
1580.000,1.63552798,-0.65799249,-1.49733018,42.80565819,0.10903835
1582.000,1.64857082,-0.67163131,-1.50555543,42.82158528,0.01592709
1584.000,1.65935326,-0.79658939,-1.45564370,42.95614272,0.13455744
1586.000,1.64311644,-0.82306158,-1.42211156,42.99886486,0.04272214
1588.000,1.71049993,-0.84031178,-1.48986111,43.06877602,0.06991116
1590.000,1.67805174,-0.75443917,-1.49889265,43.15512227,0.08634625
1592.000,1.67909188,-0.58793969,-1.57279257,43.33728504,0.18216277
1594.000,1.66369678,-0.62295051,-1.54266640,43.38347318,0.04618814
1596.000,1.63690592,-0.60092717,-1.52261207,43.41325914,0.02978597
1598.000,1.62369831,-0.61086366,-1.50440745,43.43399901,0.02073986
1600.000,1.71469388,-0.55721025,-1.62163246,43.56291909,0.12892009
1602.000,1.78424874,-0.50230773,-1.71208367,43.66872887,0.10580978
1604.000,1.78570210,-0.45086052,-1.72784745,43.72253698,0.05380811
1606.000,1.83867616,-0.54660768,-1.75554837,43.82221075,0.09967377
1608.000,1.81802168,-0.48600152,-1.75185769,43.88292917,0.06071843
1610.000,1.75377839,-0.40937694,-1.70532963,43.97257395,0.08964478
1612.000,1.79101728,-0.43684942,-1.73692415,44.01444221,0.04186825
1614.000,1.66743889,-0.43761095,-1.60899009,44.14237854,0.12793633
1616.000,1.80494537,-0.50507393,-1.73283817,44.28340903,0.14103050
1618.000,1.85073692,-0.52264857,-1.77540576,44.32946192,0.04605288
1620.000,1.82779268,-0.59377928,-1.72865620,44.41458008,0.08511816
1622.000,1.80006220,-0.62345923,-1.68864517,44.46439755,0.04981748
1624.000,1.83455739,-0.68825663,-1.70055979,44.53028125,0.06588370
1626.000,1.86576866,-0.69004216,-1.73347470,44.56324455,0.03296329
1628.000,1.89610854,-0.72396279,-1.75245699,44.60211532,0.03887077
1630.000,1.91834514,-0.68626181,-1.79139409,44.65631367,0.05419835
1632.000,1.98072601,-0.71305761,-1.84792434,44.71887311,0.06255944
1634.000,1.98169249,-0.74975322,-1.83438689,44.75798616,0.03911305
1636.000,2.03400210,-0.80662300,-1.86722357,44.82365518,0.06566902
1638.000,2.03200477,-0.75633133,-1.88600273,44.87733859,0.05368341
1640.000,2.00105061,-0.79447983,-1.83657435,44.93977634,0.06243775
1642.000,2.00561830,-0.79631777,-1.84075603,44.94434411,0.00456777
1644.000,2.00153836,-0.78872517,-1.83958377,44.95202668,0.00768257
1646.000,1.91731370,-0.76378323,-1.75861508,45.03674993,0.08472325
1648.000,1.99338924,-0.70823472,-1.86333148,45.15528753,0.11853760
1650.000,2.07428103,-0.74161327,-1.93717618,45.23632559,0.08103806
1652.000,2.14928334,-0.72170871,-2.02448893,45.32587841,0.08955282
1654.000,2.10006942,-0.69464038,-1.98185930,45.37637573,0.05049732
1656.000,2.18648133,-0.69503352,-2.07307236,45.46758963,0.09121390
1658.000,2.15858501,-0.65630361,-2.05639365,45.50975816,0.04216853
1660.000,2.32177367,-0.85764937,-2.15756125,45.73509124,0.22533308
1662.000,2.29036203,-0.84757115,-2.12776440,45.76654632,0.03145509
1664.000,2.30041308,-0.85866877,-2.13414813,45.77934903,0.01280270
1666.000,2.33955560,-0.96627306,-2.13068927,45.88700889,0.10765987
1668.000,2.38076690,-0.88781218,-2.20903612,45.99788873,0.11087984
1670.000,2.42708114,-0.96780367,-2.22577602,46.07961305,0.08172432
1672.000,2.40157064,-0.91872352,-2.21889356,46.12917342,0.04956037
1674.000,2.42819322,-0.91556405,-2.24896972,46.15941507,0.03024165
1676.000,2.42273654,-0.84914138,-2.26905515,46.22880813,0.06939306
1678.000,2.41550679,-0.83221005,-2.26761979,46.24580019,0.01699206
1680.000,2.43099457,-0.84131559,-2.28077239,46.26179712,0.01599693
1682.000,2.37626979,-0.87831200,-2.20799143,46.34344148,0.08164436
1684.000,2.36762164,-0.88988222,-2.19402413,46.36157862,0.01813714
1686.000,2.32562261,-0.78214341,-2.19015347,46.46938694,0.10780832
1688.000,2.37792040,-0.88619421,-2.20661851,46.57473241,0.10534547
1690.000,2.31445164,-0.84037543,-2.15649148,46.64264470,0.06791229
1692.000,2.42314747,-0.85186403,-2.26847335,46.75521435,0.11256965
1694.000,2.32838782,-0.83824510,-2.17226495,46.85238190,0.09716755
1696.000,2.38149456,-0.86417161,-2.21917186,46.90597708,0.05359517
1698.000,2.41887454,-0.83782098,-2.26914302,46.96247019,0.05649312
1700.000,2.41594181,-0.89603656,-2.24363396,47.02602935,0.06355916
1702.000,2.39532830,-0.99908081,-2.17702439,47.14872797,0.12269862
1704.000,2.37610610,-0.90706348,-2.19615939,47.24271381,0.09398584
1706.000,2.42859589,-0.96205665,-2.22991592,47.30724096,0.06452715
1708.000,2.44585889,-0.97658382,-2.24243389,47.32641746,0.01917650
1710.000,2.43127238,-1.01457116,-2.20946391,47.37671714,0.05029968
1712.000,2.40282049,-1.06564714,-2.15358828,47.45241946,0.07570232
1714.000,2.42168897,-1.04172426,-2.18618116,47.49284964,0.04043019
1716.000,2.41533087,-1.06576235,-2.16748098,47.52330496,0.03045532
1718.000,2.45389783,-1.05982510,-2.21322961,47.56943725,0.04613229
1720.000,2.36130179,-1.12128718,-2.07809076,47.71789633,0.14845908
1722.000,2.34375211,-1.14077441,-2.04739047,47.75425922,0.03636289
1724.000,2.40650785,-1.18877032,-2.09239221,47.82005257,0.06579335
1726.000,2.38753586,-1.14999797,-2.09232697,47.85882498,0.03877241
1728.000,2.51331107,-1.21809369,-2.19840404,47.98487803,0.12605305
1730.000,2.52801070,-1.20705581,-2.22122812,48.01023100,0.02535298
1732.000,2.49977798,-1.19464821,-2.19583825,48.03849041,0.02825940
1734.000,2.51295637,-1.25522368,-2.17700787,48.10192518,0.06343477
1736.000,2.43543552,-1.23204807,-2.10081025,48.18156930,0.07964411
1738.000,2.55721055,-1.25322205,-2.22907162,48.31156666,0.12999737
1740.000,2.57278887,-1.20793731,-2.27159196,48.37368500,0.06211834
1742.000,2.64158041,-1.23432601,-2.33546277,48.44279249,0.06910749
1744.000,2.71500503,-1.27387517,-2.39760179,48.51644976,0.07365727
1746.000,2.67219201,-1.34991361,-2.30615337,48.63538107,0.11893131
1748.000,2.65244139,-1.31551415,-2.30322987,48.66990453,0.03452346
1750.000,2.60356405,-1.28645658,-2.26353158,48.71910104,0.04919651
1752.000,2.62399638,-1.23548726,-2.31493590,48.79149080,0.07238975
1754.000,2.75063809,-1.33296130,-2.40608065,48.92493948,0.13344869
1756.000,2.77859304,-1.38133354,-2.41091205,48.97355240,0.04861292
1758.000,2.69914764,-1.39045403,-2.31344668,49.07144358,0.09789117
1760.000,2.75643414,-1.50222819,-2.31111221,49.18324211,0.11179853
1762.000,2.64445719,-1.36079442,-2.26746387,49.33125795,0.14801584
1764.000,2.62804582,-1.35883614,-2.24948643,49.34934173,0.01808378
1766.000,2.57552301,-1.32820179,-2.20662611,49.40202447,0.05268273
1768.000,2.66676477,-1.37076827,-2.28749397,49.49341110,0.09138663
1770.000,2.65107455,-1.39128811,-2.25665984,49.53044902,0.03703792
1772.000,2.63055852,-1.35683897,-2.25362511,49.56503157,0.03458255
1774.000,2.58149559,-1.32631595,-2.21472470,49.61447747,0.04944590
1776.000,2.65305702,-1.44818670,-2.22294104,49.73662487,0.12214740
1778.000,2.56469484,-1.31631813,-2.20112839,49.87028530,0.13366043
1780.000,2.55881129,-1.28354318,-2.21360162,49.90535351,0.03506821
1782.000,2.50619836,-1.22884917,-2.18425272,49.96742437,0.06207087
1784.000,2.56302535,-1.27333544,-2.22434615,50.02731186,0.05988749
1786.000,2.57878392,-1.31692110,-2.21717057,50.07148424,0.04417237
1788.000,2.62031973,-1.36074752,-2.23929491,50.12057845,0.04909421
1790.000,2.65585255,-1.43456885,-2.23507606,50.19452023,0.07394178
1792.000,2.70028683,-1.49870087,-2.24620673,50.25961100,0.06509077
1794.000,2.69758694,-1.51771432,-2.23013868,50.28450464,0.02489364
1796.000,2.68750461,-1.55776244,-2.18999023,50.34121223,0.05670759
1798.000,2.60435372,-1.55473924,-2.08936455,50.44188332,0.10067109
1800.000,2.55925045,-1.54849890,-2.03762460,50.49399822,0.05211491
1802.000,2.62557783,-1.59950147,-2.08212728,50.56168684,0.06768862
1804.000,2.63572562,-1.71349732,-2.00274224,50.70060063,0.13891378
1806.000,2.76702963,-1.81426976,-2.08922909,50.83339769,0.13279706
1808.000,2.73514860,-1.83952093,-2.02415430,50.90319991,0.06980222
1810.000,2.63986599,-1.70599252,-2.01456743,51.03707203,0.13387211
1812.000,2.75923073,-1.82914406,-2.06581370,51.17046049,0.13338846
1814.000,2.64215660,-1.71149642,-2.01290126,51.29945930,0.12899881
1816.000,2.66135885,-1.63863980,-2.09706713,51.41077858,0.11131928
1818.000,2.60963240,-1.58915231,-2.06997010,51.46719897,0.05642039
1820.000,2.60542558,-1.62444511,-2.03701265,51.51548742,0.04828845
1822.000,2.60011041,-1.53219838,-2.10070043,51.62758378,0.11209635
1824.000,2.51083439,-1.43486044,-2.06045258,51.73291451,0.10533073
1826.000,2.42267775,-1.38491924,-1.98780436,51.82107282,0.08815831
1828.000,2.38963902,-1.29264585,-2.00983614,51.91593997,0.09486715
1830.000,2.55200467,-1.46631975,-2.08869199,52.10667766,0.19073769
1832.000,2.53678788,-1.36643850,-2.13732042,52.21776766,0.11109000
1834.000,2.52399638,-1.34443018,-2.13613324,52.23980797,0.02204031
1836.000,2.61202603,-1.37034535,-2.22369817,52.33112727,0.09131930
1838.000,2.60419839,-1.45669613,-2.15867682,52.43922090,0.10809363
1840.000,2.59499421,-1.34188190,-2.22111411,52.56991415,0.13069324
1842.000,2.62925335,-1.37114475,-2.24342043,52.60670934,0.03679519
1844.000,2.70984426,-1.41116024,-2.31341365,52.68733372,0.08062438
1846.000,2.69792629,-1.48922834,-2.24966780,52.78812142,0.10078771
1848.000,2.68624538,-1.44803167,-2.26254691,52.83128434,0.04316291
1850.000,2.69521415,-1.46192030,-2.26428097,52.84528080,0.01399647
1852.000,2.75867092,-1.45147039,-2.34595373,52.92761937,0.08233857
1854.000,2.61963260,-1.39958833,-2.21441357,53.06902150,0.14140213
1856.000,2.59651407,-1.42840309,-2.16830577,53.12339263,0.05437113
1858.000,2.62926285,-1.47073920,-2.17943785,53.16716785,0.04377522
1860.000,2.62496276,-1.40699179,-2.21603330,53.24067268,0.07350483
1862.000,2.60923621,-1.43115178,-2.18172367,53.28263524,0.04196256
1864.000,2.55413446,-1.33962048,-2.17463095,53.37444094,0.09180570
1866.000,2.57141617,-1.31178106,-2.21165358,53.42076273,0.04632179
1868.000,2.49650923,-1.23268018,-2.17095783,53.50971830,0.08895557
1870.000,2.54065296,-1.30440258,-2.18024112,53.58203899,0.07232070
1872.000,2.61900837,-1.35544353,-2.24097695,53.66137384,0.07933485
1874.000,2.67373950,-1.36435405,-2.29943926,53.72051131,0.05913747
1876.000,2.62692116,-1.36783220,-2.24271038,53.77734671,0.05683541
1878.000,2.64019938,-1.27757561,-2.31050932,53.89023138,0.11288467
1880.000,2.71599360,-1.27653020,-2.39730930,53.97703765,0.08680627
1882.000,2.62565881,-1.25987772,-2.30364761,54.07216818,0.09513053
1884.000,2.58062407,-1.24148420,-2.26237432,54.11735452,0.04518634
1886.000,2.62043699,-1.34538491,-2.24869506,54.22215185,0.10479732
1888.000,2.56910947,-1.27910054,-2.22805414,54.29157566,0.06942381
1890.000,2.60789722,-1.27691408,-2.27389936,54.33747299,0.04589733
1892.000,2.54096040,-1.19955618,-2.23998766,54.42193747,0.08446449
1894.000,2.49690494,-1.15815790,-2.21205890,54.47187577,0.04993830
1896.000,2.54079651,-1.13752711,-2.27193288,54.53520446,0.06332869
1898.000,2.55287676,-1.15664009,-2.27582149,54.55470900,0.01950455
1900.000,2.57244846,-1.17102811,-2.29045503,54.57523108,0.02052207
1902.000,2.68677419,-1.15398747,-2.42632818,54.71216864,0.13693756
1904.000,2.63571351,-1.23223425,-2.32993229,54.83632470,0.12415606
1906.000,2.71488031,-1.26965595,-2.39969766,54.91549282,0.07916812
1908.000,2.74147140,-1.21745889,-2.45631010,54.99249607,0.07700325
1910.000,2.70847685,-1.10437040,-2.47309783,55.10682382,0.11432775
1912.000,2.66975435,-1.12063777,-2.42317132,55.15933366,0.05250984
1914.000,2.57004357,-1.07918765,-2.33248321,55.25904548,0.09971181
1916.000,2.51373872,-1.11868199,-2.25109595,55.34950922,0.09046375
1918.000,2.42626674,-1.02797822,-2.19773316,55.45474590,0.10523668
1920.000,2.44289262,-1.04821973,-2.20657194,55.47683307,0.02208716
1922.000,2.40916990,-1.01585965,-2.18452026,55.51599238,0.03915931
1924.000,2.38731355,-1.02877287,-2.15427305,55.54888075,0.03288837
1926.000,2.39153143,-1.00443665,-2.17037545,55.57806188,0.02918114
1928.000,2.36654691,-0.98541524,-2.15162755,55.60476952,0.02670764
1930.000,2.39163130,-1.00684403,-2.16936981,55.63259004,0.02782052
1932.000,2.38149932,-0.99680740,-2.16284859,55.64455917,0.01196914
1934.000,2.42082393,-1.00706664,-2.20140984,55.68446183,0.03990266
1936.000,2.39431886,-0.98713669,-2.18135828,55.71273316,0.02827133
1938.000,2.40501853,-0.92464826,-2.22016660,55.78629191,0.07355875
1940.000,2.36597911,-1.00273129,-2.14298556,55.89608204,0.10979013
1942.000,2.26087934,-0.93167734,-2.05998853,56.00533940,0.10925736
1944.000,2.29539004,-0.98967043,-2.07107892,56.06438340,0.05904401
1946.000,2.41048926,-1.07318221,-2.15841109,56.18521852,0.12083512
1948.000,2.39637415,-1.03953049,-2.15916314,56.21887864,0.03366012
1950.000,2.35485623,-1.01357885,-2.12556011,56.26133628,0.04245764
1952.000,2.38513855,-0.95320839,-2.18638507,56.34703498,0.08569870
1954.000,2.41558901,-0.96905036,-2.21269331,56.37774478,0.03070980
1956.000,2.43738662,-0.99784660,-2.22377061,56.40859814,0.03085336
1958.000,2.45481845,-1.01842803,-2.23359306,56.43140332,0.02280518
1960.000,2.42655041,-0.91685936,-2.24666771,56.53381006,0.10240675
1962.000,2.47189604,-0.94486877,-2.28418323,56.58062824,0.04681817
1964.000,2.47187985,-0.94746553,-2.28308980,56.58344582,0.00281758
1966.000,2.48483071,-0.95360381,-2.29456388,56.59645862,0.01301280
1968.000,2.58470706,-0.88926563,-2.42691516,56.74361929,0.14716067
1970.000,2.66357465,-0.88454857,-2.51240994,56.82924410,0.08562481
1972.000,2.66324206,-0.88831444,-2.51072813,56.83336845,0.00412435
1974.000,2.48997170,-0.78507770,-2.36296680,57.01362171,0.18025325
1976.000,2.51914109,-0.77455111,-2.39711127,57.04935200,0.03573029
1978.000,2.48745755,-0.75535638,-2.36999616,57.08257348,0.03322148
1980.000,2.48970606,-0.73785977,-2.37785602,57.10175442,0.01918095
1982.000,2.53055134,-0.78391094,-2.40607018,57.15576136,0.05400694
1984.000,2.47849451,-0.72872140,-2.36894494,57.22227578,0.06651442
1986.000,2.47861875,-0.72788793,-2.36933114,57.22319437,0.00091859
1988.000,2.51288250,-0.77454697,-2.39053455,57.27444523,0.05125086
1990.000,2.47595697,-0.64632073,-2.39011138,57.40267217,0.12822694
1992.000,2.39657463,-0.56331548,-2.32943032,57.50549271,0.10282053
1994.000,2.35512189,-0.52521834,-2.29581027,57.55630314,0.05081044
1996.000,2.31164712,-0.57284277,-2.23954539,57.63001761,0.07371447
1998.000,2.32508762,-0.67424926,-2.22517873,57.73243674,0.10241913
2000.000,2.31413783,-0.68314350,-2.21100630,57.74916891,0.01673217
2002.000,2.24158863,-0.59703662,-2.16061724,57.84893590,0.09976699
2004.000,2.40249340,-0.75052300,-2.28225541,58.04477745,0.19584155
2006.000,2.48281501,-0.76603909,-2.36168467,58.12570802,0.08093057
2008.000,2.48916253,-0.71909029,-2.38303152,58.17728202,0.05157401
2010.000,2.53117488,-0.65658851,-2.44453223,58.26496787,0.08768585
2012.000,2.42982687,-0.59831399,-2.35501146,58.37178494,0.10681707
2014.000,2.49828298,-0.67254882,-2.40605402,58.46187464,0.09008969
2016.000,2.49640704,-0.65167761,-2.40984738,58.48308777,0.02121313
2018.000,2.36747419,-0.67751903,-2.26845807,58.62681917,0.14373140
2020.000,2.44065898,-0.61605123,-2.36163018,58.73844056,0.11162139
2022.000,2.37521621,-0.60656337,-2.29646096,58.80429682,0.06585626
2024.000,2.49877641,-0.64126480,-2.41509069,58.92789780,0.12360098
2026.000,2.55853599,-0.68029625,-2.46643537,58.99239377,0.06449597
2028.000,2.55224054,-0.70910433,-2.45175505,59.02472668,0.03233291
2030.000,2.51661911,-0.71575974,-2.41268724,59.06435733,0.03963065
2032.000,2.52673968,-0.66749277,-2.43697903,59.11839243,0.05403510
2034.000,2.55347947,-0.70638239,-2.45382993,59.16077586,0.04238344
2036.000,2.54319156,-0.68110611,-2.45028933,59.18629891,0.02552305
2038.000,2.49623203,-0.66657467,-2.40558778,59.23330307,0.04700416
2040.000,2.46848446,-0.70780957,-2.36483004,59.29128160,0.05797853
2042.000,2.57069543,-0.69216238,-2.47575973,59.40330941,0.11202781
2044.000,2.59082632,-0.69907992,-2.49472809,59.42349979,0.02019038
2046.000,2.69017503,-0.78413436,-2.57335870,59.53933169,0.11583190
2048.000,2.65958071,-0.72245188,-2.55957668,59.60253511,0.06320342
2050.000,2.67980603,-0.77803088,-2.56437678,59.65832100,0.05578589
2052.000,2.63377711,-0.71787717,-2.53405490,59.72568483,0.06736383
2054.000,2.62257202,-0.61047345,-2.55053057,59.83434488,0.10866005
2056.000,2.58698476,-0.62128081,-2.51127464,59.87506130,0.04071642
2058.000,2.64521126,-0.68190616,-2.55580645,59.95028440,0.07522310
2060.000,2.62876870,-0.69186003,-2.53609042,59.97237063,0.02208623
2062.000,2.59350585,-0.69840776,-2.49769878,60.01131662,0.03894600
2064.000,2.53457346,-0.67859963,-2.44204119,60.07039394,0.05907732
2066.000,2.41409115,-0.63785483,-2.32829922,60.19121353,0.12081959
2068.000,2.40703744,-0.64694861,-2.31846647,60.20460680,0.01339328
2070.000,2.49021521,-0.44817187,-2.44955379,60.44271619,0.23810938
2072.000,2.48617642,-0.43982554,-2.44696274,60.45145545,0.00873927
2074.000,2.31386149,-0.38042681,-2.28237386,60.62643463,0.17497917
2076.000,2.39741459,-0.34943867,-2.37181140,60.72108841,0.09465378
2078.000,2.41610175,-0.38972530,-2.38446259,60.76331476,0.04222635
2080.000,2.41645693,-0.37946501,-2.38647656,60.77377083,0.01045608
2082.000,2.55663794,-0.42848809,-2.52047526,60.91645549,0.14268466
2084.000,2.57954234,-0.56409646,-2.51710823,61.05210565,0.13565016
2086.000,2.50768652,-0.48089008,-2.46114534,61.15238100,0.10027535
2088.000,2.41353863,-0.51118402,-2.35878351,61.25913150,0.10675049
2090.000,2.35713564,-0.43065484,-2.31746086,61.34964398,0.09051248
2092.000,2.35531115,-0.43451315,-2.31488422,61.35428355,0.00463957
2094.000,2.44256426,-0.40042607,-2.40951844,61.45486966,0.10058611
2096.000,2.41239077,-0.42125160,-2.37532657,61.49490448,0.04003482
2098.000,2.52847321,-0.45921041,-2.48642365,61.61230735,0.11740286
2100.000,2.48391032,-0.44861053,-2.44306346,61.65694437,0.04463703
2102.000,2.42979379,-0.36862537,-2.40166884,61.74700624,0.09006186
2104.000,2.40980731,-0.32381806,-2.38795166,61.79386620,0.04685997
2106.000,2.51587208,-0.36366385,-2.48944993,61.90290558,0.10903938
2108.000,2.50353670,-0.41038834,-2.46967152,61.95364377,0.05073819
2110.000,2.53416170,-0.48533992,-2.48725163,62.03062948,0.07698571
2112.000,2.49068343,-0.50211592,-2.43954577,62.08119907,0.05056959
2114.000,2.48627080,-0.51432846,-2.43249023,62.09530320,0.01410414
2116.000,2.46047780,-0.47054501,-2.41506489,62.14242680,0.04712359
2118.000,2.44400475,-0.45926406,-2.40046574,62.16087660,0.01844980
2120.000,2.34598611,-0.47823048,-2.29672515,62.26633670,0.10546011
2122.000,2.30330905,-0.40454887,-2.26750365,62.34560131,0.07926460
2124.000,2.35696257,-0.42296175,-2.31870134,62.40000937,0.05440807
2126.000,2.38242517,-0.45307668,-2.33894660,62.43629683,0.03628745
2128.000,2.34041842,-0.39954754,-2.30606161,62.49912032,0.06282349
2130.000,2.42253665,-0.47107537,-2.37629371,62.59936392,0.10024360
2132.000,2.43025501,-0.50707867,-2.37676474,62.63537029,0.03600637
2134.000,2.44576258,-0.51567412,-2.39078121,62.65181242,0.01644212
2136.000,2.51114607,-0.52639787,-2.45535331,62.71726892,0.06545651
2138.000,2.52330451,-0.61331990,-2.44763240,62.80453319,0.08726427
2140.000,2.46842767,-0.68682979,-2.37094917,62.91075946,0.10622627
2142.000,2.49830485,-0.76777871,-2.37740257,62.99196522,0.08120576
2144.000,2.47968456,-0.73600460,-2.36793850,63.02511884,0.03315363
2146.000,2.38049570,-0.66133307,-2.28678778,63.13539702,0.11027818
2148.000,2.39426907,-0.74829770,-2.27432956,63.22324948,0.08785246
2150.000,2.32504643,-0.70062366,-2.21697257,63.29783257,0.07458309
2152.000,2.37390837,-0.56380659,-2.30598419,63.46105628,0.16322371
2154.000,2.41323773,-0.58623407,-2.34094979,63.50259645,0.04154017
2156.000,2.42348395,-0.63359067,-2.33919587,63.54998551,0.04738906
2158.000,2.46305925,-0.62025531,-2.38368291,63.59642826,0.04644275
2160.000,2.41133718,-0.67338381,-2.31540520,63.68294117,0.08651291
2162.000,2.52297638,-0.79069110,-2.39587508,63.82519587,0.14225470
2164.000,2.43052313,-0.78809194,-2.29920721,63.92189868,0.09670281
2166.000,2.51559467,-0.90388936,-2.34759464,64.04739922,0.12550054
2168.000,2.58878519,-0.93627809,-2.41354347,64.12087220,0.07347298
2170.000,2.54687911,-0.83306214,-2.40678222,64.22430937,0.10343716
2172.000,2.61184819,-0.86519354,-2.46438453,64.29026732,0.06595796
2174.000,2.52030209,-0.86763605,-2.36624815,64.38843409,0.09816677
2176.000,2.55944027,-0.96968908,-2.36863623,64.49051505,0.10208096
2178.000,2.51732815,-1.00946370,-2.30606245,64.56466016,0.07414511
2180.000,2.53163897,-1.08811489,-2.28587005,64.64586203,0.08120187
2182.000,2.54435023,-1.16134929,-2.26384317,64.72233726,0.07647523
2184.000,2.55390645,-1.15825720,-2.27615430,64.73503076,0.01269350
2186.000,2.57728676,-1.05431395,-2.35177149,64.86356931,0.12853855
2188.000,2.66372180,-1.01601425,-2.46234215,64.98058528,0.11701597
2190.000,2.78075661,-1.07305686,-2.56537645,65.09835593,0.11777065
2192.000,2.85321138,-0.99947038,-2.67242851,65.22826018,0.12990425
2194.000,2.74038722,-1.01917003,-2.54381890,65.35836978,0.13010960
2196.000,2.66458070,-1.01742136,-2.46269042,65.43951710,0.08114732
2198.000,2.68381897,-1.01430089,-2.48476920,65.46181530,0.02229820
2200.000,2.71104811,-0.99938987,-2.52011939,65.50018162,0.03836632
2202.000,2.80672560,-0.96906828,-2.63412514,65.61815073,0.11796911
2204.000,2.78720386,-1.02115208,-2.59340583,65.68426264,0.06611191
2206.000,2.85774860,-1.05183464,-2.65713586,65.75499408,0.07073143
2208.000,2.82049308,-1.06384082,-2.61216844,65.80153671,0.04654264
2210.000,2.94437693,-1.21609204,-2.68150623,65.96883335,0.16729663
2212.000,3.07054688,-1.21994230,-2.81780037,66.10518186,0.13634851
2214.000,3.03405104,-1.41160437,-2.68567288,66.33797366,0.23279180
2216.000,3.04553011,-1.51601730,-2.64139077,66.45138867,0.11341501
2218.000,3.06811320,-1.66904746,-2.57441239,66.61843457,0.16704590
2220.000,2.98260206,-1.48605447,-2.58603116,66.80179604,0.18336147
2222.000,2.95943277,-1.57416790,-2.50604025,66.92080243,0.11900639
2224.000,2.92028758,-1.49787962,-2.50687778,66.99709530,0.07629287
2226.000,2.93363267,-1.52747111,-2.50460230,67.02677415,0.02967885
2228.000,2.95872798,-1.55490175,-2.51721112,67.05696391,0.03018977
2230.000,2.95229578,-1.53693169,-2.52069263,67.07526812,0.01830421
2232.000,2.94992997,-1.53580790,-2.51860694,67.07763730,0.00236918
2234.000,2.94308663,-1.58725202,-2.47838454,67.14293922,0.06530191
2236.000,2.98908132,-1.54118887,-2.56112164,67.23763474,0.09469552
2238.000,2.97124443,-1.51147432,-2.55807327,67.26750524,0.02987050
2240.000,2.94610067,-1.51897936,-2.52432384,67.30207906,0.03457382
2242.000,2.89597577,-1.51756567,-2.46650969,67.35991049,0.05783143
2244.000,2.85188999,-1.55670434,-2.38954978,67.44625089,0.08634039
2246.000,2.75615179,-1.48835400,-2.31973599,67.54395315,0.09770227
2248.000,2.79252896,-1.56207182,-2.31476773,67.61783820,0.07388504
2250.000,2.73136202,-1.57303361,-2.23291373,67.70042293,0.08258473
2252.000,2.71396059,-1.51026233,-2.25492567,67.76694179,0.06651886
2254.000,2.59122835,-1.50061921,-2.11248819,67.90970532,0.14276353
2256.000,2.64243615,-1.60586048,-2.09849491,68.01587282,0.10616750
2258.000,2.59820349,-1.61979637,-2.03148249,68.08431896,0.06844614
2260.000,2.55404443,-1.62552448,-1.96997795,68.14608966,0.06177070
2262.000,2.52279252,-1.61654631,-1.93681700,68.18044451,0.03435485
2264.000,2.53820770,-1.67405246,-1.90789064,68.24481602,0.06437151
2266.000,2.52077154,-1.58701421,-1.95848795,68.34549246,0.10067644
2268.000,2.39690039,-1.58149721,-1.80111022,68.50296686,0.15747440
2270.000,2.46327714,-1.53529148,-1.92629550,68.63640719,0.13344033
2272.000,2.46436345,-1.54088724,-1.92321442,68.64279511,0.00638792
2274.000,2.51326787,-1.58103702,-1.95367278,68.69319071,0.05039560
2276.000,2.57236027,-1.62325575,-1.99551450,68.75263102,0.05944031
2278.000,2.47461039,-1.72387092,-1.77537761,68.99467165,0.24204063
2280.000,2.42254491,-1.71737719,-1.70860745,69.06175684,0.06708519
2282.000,2.34542286,-1.65911283,-1.65781573,69.13905195,0.07729511
2284.000,2.31059830,-1.59500252,-1.67177495,69.20466439,0.06561243
2286.000,2.31404725,-1.59881421,-1.67290400,69.20863978,0.00397539
2288.000,2.16266998,-1.54067813,-1.51771286,69.37436273,0.16572295
2290.000,2.26450845,-1.62909842,-1.57290714,69.47859591,0.10423318
2292.000,2.33875690,-1.59313777,-1.71221957,69.62247476,0.14387885
2294.000,2.25668061,-1.59228413,-1.59913684,69.73556071,0.11308595
2296.000,2.33167406,-1.62351259,-1.67359217,69.81629988,0.08073917
2298.000,2.21335306,-1.67021317,-1.45234972,70.04241747,0.22611760
2300.000,2.33795746,-1.73654519,-1.56539321,70.17348526,0.13106779
2302.000,2.31605872,-1.67221866,-1.60243963,70.24771692,0.07423166
2304.000,2.29860194,-1.68577199,-1.56260798,70.28979130,0.04207438
2306.000,2.20535293,-1.63027923,-1.48518388,70.38504851,0.09525721
2308.000,2.18766797,-1.62645095,-1.46306133,70.40749986,0.02245135
2310.000,2.28584562,-1.75959651,-1.45907859,70.54070497,0.13320511
2312.000,2.24166986,-1.69420349,-1.46790950,70.60669158,0.06598661
2314.000,2.13851624,-1.62166506,-1.39407823,70.71019462,0.10350304
2316.000,2.24950270,-1.74964456,-1.41386220,70.83969426,0.12949964
2318.000,2.28970131,-1.76065233,-1.46384271,70.89087260,0.05117834
2320.000,2.28339324,-1.77486340,-1.43657392,70.92162226,0.03074966
2322.000,2.17009696,-1.74391140,-1.29154708,71.06991525,0.14829299
2324.000,2.08778717,-1.68126293,-1.23782480,71.15244351,0.08252827
2326.000,2.07238695,-1.69661550,-1.19007710,71.20259871,0.05015520
2328.000,2.16579238,-1.79736998,-1.20835333,71.30499737,0.10239866
2330.000,2.12328078,-1.74936963,-1.20334001,71.35325882,0.04826145
2332.000,2.25109791,-1.81713321,-1.32870941,71.49576984,0.14251102
2334.000,2.17222453,-1.79452511,-1.22402575,71.60286697,0.10709713
2336.000,2.07364446,-1.73750307,-1.13184999,71.71125462,0.10838765
2338.000,2.06225540,-1.71074156,-1.15163389,71.74453496,0.03328034
2340.000,2.00506889,-1.67725547,-1.09868801,71.80718147,0.06264651
2342.000,2.00822699,-1.66769547,-1.11882414,71.82947177,0.02229029
2344.000,2.17349200,-1.79629012,-1.22368675,71.99540173,0.16592996
2346.000,2.14912941,-1.72804971,-1.27773292,72.08245196,0.08705023
2348.000,2.24571790,-1.81029468,-1.32894019,72.17933550,0.09688354
2350.000,2.26469668,-1.87898604,-1.26422408,72.27371069,0.09437520
2352.000,2.25482985,-1.78213138,-1.38139980,72.42573363,0.15202294
2354.000,2.23491431,-1.81520539,-1.30379115,72.51009590,0.08436226
2356.000,2.29739319,-1.85693388,-1.35270545,72.57439112,0.06429522
2358.000,2.31396792,-1.85654148,-1.38119559,72.60288396,0.02849284
2360.000,2.28808674,-1.81881742,-1.38825217,72.64126233,0.03837837
2362.000,2.34430162,-1.87085439,-1.41267616,72.69874605,0.05748371
2364.000,2.24294963,-1.79472740,-1.34527938,72.80042025,0.10167420
2366.000,2.30282553,-1.85485543,-1.36474054,72.86361928,0.06319903
2368.000,2.21054284,-1.72733090,-1.37943017,72.99198707,0.12836780
2370.000,2.20983576,-1.65939641,-1.45937577,73.09689844,0.10491137
2372.000,2.25115619,-1.67746281,-1.50127370,73.14252553,0.04562709
2374.000,2.11263931,-1.60613881,-1.37242959,73.28979372,0.14726819
2376.000,2.19416673,-1.67445667,-1.41794306,73.37188395,0.08209023
2378.000,2.14438374,-1.64828608,-1.37169042,73.42502721,0.05314326
2380.000,2.17930374,-1.69870258,-1.36520121,73.47585961,0.05083240
2382.000,2.22534613,-1.71590922,-1.41697600,73.53041873,0.05455911
2384.000,2.15454593,-1.65575058,-1.37860733,73.60177149,0.07135276
2386.000,2.23099810,-1.69436120,-1.45137612,73.68414914,0.08237765
2388.000,2.17055510,-1.70737200,-1.34022024,73.79606388,0.11191475
2390.000,2.11848286,-1.68137020,-1.28878387,73.85369888,0.05763500
2392.000,2.02969747,-1.48107856,-1.38783216,74.07714308,0.22344419
2394.000,2.05521208,-1.47668968,-1.42943496,74.11897673,0.04183365
2396.000,2.04798326,-1.44799070,-1.44829499,74.15331813,0.03434140
2398.000,1.99545338,-1.39138627,-1.43034208,74.21270137,0.05938324
2400.000,2.04754041,-1.51163491,-1.38107988,74.34264944,0.12994807
2402.000,2.04579323,-1.42952078,-1.46346858,74.45897067,0.11632123
2404.000,2.06774250,-1.49556827,-1.42787765,74.53399723,0.07502656
2406.000,1.85195945,-1.30750938,-1.31155367,74.75512482,0.22112759
2408.000,1.95920977,-1.33978537,-1.42950274,74.87741023,0.12228541
2410.000,1.83723547,-1.21275849,-1.38009095,75.01370900,0.13629877
2412.000,1.80268088,-1.17529079,-1.36687597,75.05343888,0.03972989
2414.000,1.74554905,-1.18363262,-1.28294790,75.13778050,0.08434161
2416.000,1.80101712,-1.16012462,-1.37759701,75.23530526,0.09752477
2418.000,1.79294492,-1.18607780,-1.34457091,75.27730873,0.04200346
2420.000,1.86170755,-1.31275227,-1.32008958,75.40632716,0.12901843
2422.000,1.81285618,-1.20779089,-1.35192037,75.51600892,0.10968176
2424.000,1.79525137,-1.19966477,-1.33556428,75.53427243,0.01826350
2426.000,1.94529449,-1.28822956,-1.45761286,75.68506891,0.15079648
2428.000,1.95935703,-1.38427530,-1.38667295,75.80447266,0.11940375
2430.000,1.98452193,-1.38264895,-1.42359024,75.84142576,0.03695310
2432.000,1.91518714,-1.39625713,-1.31088055,75.95495398,0.11352822
2434.000,1.98400457,-1.36394263,-1.44081041,76.08884196,0.13388799
2436.000,2.02015108,-1.42895279,-1.42797210,76.15510766,0.06626570
2438.000,2.01750640,-1.42662543,-1.42655948,76.15783018,0.00272251
2440.000,1.95231007,-1.43950408,-1.31884140,76.26631541,0.10848523
2442.000,1.85406020,-1.31644685,-1.30556766,76.39008647,0.12377106
2444.000,1.77924522,-1.22392675,-1.29140112,76.48368486,0.09359839
2446.000,1.87923081,-1.26508890,-1.38962531,76.59018516,0.10650030
2448.000,1.84750526,-1.23716715,-1.37211264,76.62314449,0.03295933
2450.000,1.85154910,-1.25527264,-1.36107482,76.64434926,0.02120477
2452.000,1.95749011,-1.34037132,-1.42659464,76.75174866,0.10739940
2454.000,1.93739097,-1.38809209,-1.35154878,76.84068209,0.08893342
2456.000,1.91398334,-1.42664552,-1.27593683,76.92555572,0.08487363
2458.000,1.88760090,-1.38385824,-1.28373421,76.96904768,0.04349196
2460.000,1.84973414,-1.44891326,-1.14985510,77.11789583,0.14884815
2462.000,1.84784162,-1.42592056,-1.17527410,77.15217103,0.03427520
2464.000,1.78968898,-1.38157676,-1.13764331,77.21032986,0.05815882
2466.000,1.85686241,-1.37551678,-1.24735384,77.32020762,0.10987776
2468.000,1.93533676,-1.47358358,-1.25462338,77.41854349,0.09833587
2470.000,1.96724665,-1.55059888,-1.21066200,77.50722246,0.08867897
2472.000,1.92220459,-1.43186543,-1.28243201,77.64596167,0.13873921
2474.000,1.89250237,-1.39187510,-1.28228271,77.68595228,0.03999061
2476.000,1.95155113,-1.41146808,-1.34770534,77.75424580,0.06829352
2478.000,1.91883885,-1.37872771,-1.33456076,77.78952627,0.03528047
2480.000,1.99460419,-1.37764725,-1.44240561,77.89737652,0.10785025
2482.000,2.06996178,-1.36078346,-1.55981094,78.01598681,0.11861028
2484.000,2.05797723,-1.39420333,-1.51375935,78.07288704,0.05690023
2486.000,2.15044705,-1.56022287,-1.47990780,78.24232262,0.16943558
2488.000,2.11840669,-1.49881926,-1.49705970,78.30607677,0.06375415
2490.000,2.02868315,-1.47423304,-1.39362558,78.41239280,0.10631604
2492.000,1.96525477,-1.41839931,-1.36028296,78.47742461,0.06503181
2494.000,2.05628756,-1.48726301,-1.41998847,78.56856713,0.09114251
2496.000,2.18835460,-1.59609029,-1.49712780,78.70196072,0.13339360
2498.000,2.19661370,-1.57263902,-1.53359650,78.74531887,0.04335814
2500.000,2.14260814,-1.62282672,-1.39900074,78.88896714,0.14364827
2502.000,2.06553658,-1.54594264,-1.36985500,78.97119022,0.08222309
2504.000,2.02072633,-1.51888679,-1.33278574,79.01708303,0.04589280
2506.000,2.06763609,-1.52078855,-1.40082875,79.08515262,0.06806959
2508.000,2.07324352,-1.50055558,-1.43061932,79.12116443,0.03601182
2510.000,2.16989053,-1.57064796,-1.49716060,79.21781165,0.09664722
2512.000,2.08068098,-1.54163176,-1.39735639,79.32174827,0.10393662
2514.000,2.06177719,-1.48057852,-1.43485624,79.39339836,0.07165009
2516.000,2.02797157,-1.41127637,-1.45635425,79.46595835,0.07256000
2518.000,1.97981047,-1.35146503,-1.44678670,79.52653009,0.06057173
2520.000,2.04478833,-1.41614001,-1.47502773,79.59710210,0.07057201
2522.000,2.06463013,-1.34067158,-1.57012652,79.71850747,0.12140537
2524.000,1.94922974,-1.28468747,-1.46597227,79.83675437,0.11824690
2526.000,2.02623682,-1.33047553,-1.52822462,79.91403245,0.07727809
2528.000,2.05490947,-1.37785027,-1.52452667,79.96155130,0.04751884
2530.000,2.03122114,-1.26914367,-1.58591729,80.08639494,0.12484364
2532.000,2.12293784,-1.30676672,-1.67308871,80.18133886,0.09494393
2534.000,2.02328090,-1.25012438,-1.59086601,80.28118338,0.09984452
2536.000,2.03293318,-1.17449067,-1.65933390,80.38320451,0.10202113
2538.000,2.02705718,-1.17428617,-1.65227504,80.39026633,0.00706182
2540.000,2.06835858,-1.15029168,-1.71899281,80.46116764,0.07090132
2542.000,1.98659205,-1.18869994,-1.59170991,80.59411925,0.13295161
2544.000,2.07410879,-1.19694319,-1.69388733,80.69662865,0.10250939
2546.000,2.16829326,-1.17827992,-1.82020661,80.82431920,0.12769055
2548.000,2.18247927,-1.16459245,-1.84578985,80.85333384,0.02901464
2550.000,2.10157079,-1.07982219,-1.80293756,80.94831971,0.09498588
2552.000,2.02427903,-1.06579568,-1.72098378,81.03146515,0.08314544
2554.000,2.05228557,-1.09038808,-1.73865750,81.06174958,0.03028443
2556.000,2.06931363,-1.14434626,-1.72410282,81.11763628,0.05588670
2558.000,2.11642970,-1.20785573,-1.73791807,81.18263100,0.06499472
2560.000,2.14313472,-1.16455970,-1.79911844,81.25759787,0.07496687
2562.000,2.14950182,-1.21809267,-1.77104723,81.31804431,0.06044644
2564.000,2.13819227,-1.22326345,-1.75370828,81.33613785,0.01809354
2566.000,2.19905762,-1.22859679,-1.82384329,81.40647536,0.07033751
2568.000,2.29163925,-1.29795882,-1.88862737,81.50138620,0.09491084
2570.000,2.24599357,-1.19774333,-1.89997316,81.60224190,0.10085570
2572.000,2.25474991,-1.15319024,-1.93753695,81.66051725,0.05827535
2574.000,2.27636162,-1.15514297,-1.96149610,81.68455584,0.02403859
2576.000,2.37993461,-1.24662563,-2.02731677,81.79725649,0.11270065
2578.000,2.31578754,-1.16826192,-1.99950894,81.88040784,0.08315135
2580.000,2.26877434,-1.08312184,-1.99353557,81.96575720,0.08534936
2582.000,2.23245377,-1.10235555,-1.94130422,82.02141733,0.05566013
2584.000,2.17993405,-1.11768357,-1.87160249,82.09278454,0.07136721
2586.000,2.17412100,-1.04662495,-1.90561758,82.17156494,0.07878041
2588.000,2.16005863,-0.97542595,-1.92727723,82.24598563,0.07442069
2590.000,2.16224748,-0.88557310,-1.97258066,82.34661334,0.10062771
2592.000,2.20780759,-0.85185057,-2.03685173,82.41919418,0.07258085
2594.000,2.18590828,-0.85785220,-2.01054336,82.44617843,0.02698425
2596.000,2.09017320,-0.76505281,-1.94512678,82.55971722,0.11353879
2598.000,2.08495332,-0.70578084,-1.96186231,82.62130654,0.06158933
2600.000,2.07235863,-0.67336972,-1.95990905,82.65377646,0.03246992
2602.000,2.09447796,-0.73064542,-1.96290479,82.71113045,0.05735399
2604.000,2.05049908,-0.67064395,-1.93772629,82.77620066,0.06507022
2606.000,1.99826208,-0.59587994,-1.90734854,82.85690051,0.08069984
2608.000,2.07349948,-0.63076250,-1.97523132,82.93322131,0.07632080
2610.000,2.11234600,-0.60562330,-2.02366648,82.98779185,0.05457054
2612.000,2.06445891,-0.61217910,-1.97160527,83.04026421,0.05247236
2614.000,1.97175238,-0.58230824,-1.88380588,83.13300580,0.09274159
2616.000,2.06992217,-0.57559234,-1.98828350,83.23769905,0.10469325
2618.000,2.05939271,-0.60016019,-1.97000154,83.26832272,0.03062367
2620.000,2.01005927,-0.60763909,-1.91601487,83.32282496,0.05450224
2622.000,2.01915300,-0.57199706,-1.93643957,83.36390442,0.04107946
2624.000,1.96879215,-0.60958038,-1.87204549,83.43846382,0.07455939
2626.000,2.00152979,-0.56295338,-1.92073033,83.50587517,0.06741136
2628.000,2.02842092,-0.50754345,-1.96389691,83.57611486,0.07023969
2630.000,1.93588847,-0.52002842,-1.86473446,83.67606017,0.09994531
2632.000,1.96106989,-0.52109757,-1.89056934,83.70191716,0.02585699
2634.000,2.01703487,-0.57320845,-1.93387221,83.76967173,0.06775457
2636.000,2.09438424,-0.60472002,-2.00518305,83.84763463,0.07796290
2638.000,2.11473104,-0.55403817,-2.04086478,83.90961718,0.06198255
2640.000,2.01932952,-0.51422023,-1.95275940,84.00630238,0.09668520
2642.000,2.07470532,-0.66854471,-1.96403924,84.16103854,0.15473616
2644.000,2.13773106,-0.62196755,-2.04525071,84.25465869,0.09362016
2646.000,2.16352450,-0.68401889,-2.05254876,84.31713773,0.06247903
2648.000,2.21191730,-0.80780321,-2.05913383,84.44109709,0.12395936
2650.000,2.22608471,-0.74706421,-2.09698551,84.51266507,0.07156798
2652.000,2.24024422,-0.69988577,-2.12811044,84.56918557,0.05652050
2654.000,2.30068592,-0.70968025,-2.18849483,84.63035914,0.06117357
2656.000,2.26373272,-0.63418478,-2.17308433,84.70741139,0.07705225
2658.000,2.17412156,-0.61312498,-2.08587687,84.79712570,0.08971430
2660.000,2.16411288,-0.51429651,-2.10211409,84.89727915,0.10015345
2662.000,2.07210238,-0.55088243,-1.99753268,85.00807536,0.11079621
2664.000,2.00437567,-0.53722597,-1.93103860,85.07595733,0.06788197
2666.000,1.94339552,-0.36451925,-1.90890332,85.25007678,0.17411945
2668.000,1.93174559,-0.32682337,-1.90389798,85.28810352,0.03802674
2670.000,1.97488733,-0.32915000,-1.94726481,85.33153273,0.04342920
2672.000,1.96384974,-0.40585855,-1.92145379,85.41246734,0.08093461
2674.000,1.96547498,-0.45197660,-1.91280136,85.45939003,0.04692269
2676.000,1.93388891,-0.51990126,-1.86269401,85.54379682,0.08440678
2678.000,1.95651801,-0.58524054,-1.86693766,85.60927376,0.06547694
2680.000,1.98185589,-0.60359988,-1.88770229,85.63699082,0.02771706
2682.000,1.99811442,-0.59560230,-1.90728056,85.65813957,0.02114876
2684.000,1.96788889,-0.68743360,-1.84391478,85.76971112,0.11157154
2686.000,1.99005481,-0.71826726,-1.85591226,85.80279667,0.03308555
2688.000,2.00809185,-0.67536206,-1.89111580,85.85829572,0.05549906
2690.000,1.98727475,-0.73572141,-1.84607013,85.93361082,0.07531509
2692.000,1.99704156,-0.76534026,-1.84456751,85.96326776,0.02965694
2694.000,1.95056563,-0.76542994,-1.79410793,86.01372742,0.05045966
2696.000,1.96313146,-0.81266919,-1.78702376,86.06149490,0.04776748
2698.000,1.91179965,-0.73098888,-1.76653140,86.14570660,0.08421170
2700.000,1.89751829,-0.81598792,-1.71310810,86.24610026,0.10039366
2702.000,1.91921221,-0.80360461,-1.74286980,86.27833541,0.03223516
2704.000,1.97988160,-0.88244662,-1.77234847,86.36250818,0.08417277
2706.000,1.89653754,-0.89756206,-1.67069955,86.46527481,0.10276663
2708.000,2.05031765,-0.90755045,-1.83851969,86.63339194,0.16811713
2710.000,2.09657191,-0.90667600,-1.89038420,86.68526381,0.05187188
2712.000,2.15566797,-0.89688844,-1.96022844,86.75579050,0.07052669
2714.000,2.32815421,-0.95234574,-2.12446220,86.92913479,0.17334428
2716.000,2.28060337,-0.95196568,-2.07241721,86.98118117,0.05204638
2718.000,2.29488836,-0.79243781,-2.15373046,87.16023699,0.17905582
2720.000,2.29292098,-0.86889610,-2.12191098,87.24305215,0.08281516
2722.000,2.23681330,-0.73279127,-2.11337424,87.37942444,0.13637229
2724.000,2.29521266,-0.71842954,-2.17987617,87.44745948,0.06803504
2726.000,2.18617170,-0.63794745,-2.09102122,87.56734512,0.11988565
2728.000,2.26240645,-0.71894088,-2.14513565,87.66475306,0.09740794
2730.000,2.22372054,-0.74461219,-2.09534859,87.72076884,0.05601578
2732.000,2.24395885,-0.83328438,-2.08350389,87.81022863,0.08945979
2734.000,2.33194622,-0.79517048,-2.19218546,87.92539960,0.11517097
2736.000,2.31668445,-0.78707885,-2.17888359,87.94096925,0.01556965
2738.000,2.28796861,-0.82553404,-2.13384486,88.00019161,0.05922237
2740.000,2.24758033,-0.85405112,-2.07899351,88.06201309,0.06182147
2742.000,2.21451218,-0.89179399,-2.02700954,88.12625371,0.06424062
2744.000,2.22791893,-0.98258877,-1.99953547,88.22111423,0.09486052
2746.000,2.26945361,-0.94462371,-2.06351781,88.29551239,0.07439816
2748.000,2.15717459,-0.89711515,-1.96178149,88.40779481,0.11228242
2750.000,2.22473034,-0.94687309,-2.01317074,88.47932597,0.07153116
2752.000,2.23545819,-1.00582280,-1.99639521,88.54061614,0.06129018
2754.000,2.30076567,-1.10220073,-2.01957327,88.63974197,0.09912583
2756.000,2.36801091,-1.01723600,-2.13838878,88.78581090,0.14606893
2758.000,2.24517735,-1.04332563,-1.98803746,88.93840903,0.15259813
2760.000,2.28844648,-1.04196512,-2.03747295,88.98786323,0.04945420
2762.000,2.27880475,-1.08837746,-2.00209529,89.04622147,0.05835824
2764.000,2.27934421,-1.16907736,-1.95669827,89.13881392,0.09259245
2766.000,2.32203624,-1.17269389,-2.00415602,89.18640927,0.04759535
2768.000,2.31803754,-1.21707969,-1.97281907,89.24074255,0.05433327
2770.000,2.34277977,-1.13708692,-2.04832869,89.35074503,0.11000248
2772.000,2.35661787,-1.23996600,-2.00402896,89.46275650,0.11201147
2774.000,2.32936273,-1.18190086,-2.00724714,89.52091075,0.05815425
2776.000,2.36516613,-1.20017944,-2.03803340,89.55671438,0.03580363
2778.000,2.32440178,-1.11095315,-2.04172152,89.64601687,0.08930249
2780.000,2.31425570,-1.11463658,-2.02814317,89.66008595,0.01406908
2782.000,2.36418630,-1.13210664,-2.07550269,89.71056493,0.05047898
2784.000,2.41133143,-1.30801320,-2.02573955,89.89337491,0.18280998
2786.000,2.47780732,-1.34262311,-2.08252066,89.95987258,0.06649767
2788.000,2.47836984,-1.40076933,-2.04454453,90.02932162,0.06944904
2790.000,2.45344623,-1.29754978,-2.08224950,90.13921219,0.10989058
2792.000,2.52306308,-1.31290304,-2.15456096,90.21313560,0.07392341
2794.000,2.48710714,-1.30822262,-2.11524360,90.25273056,0.03959496
2796.000,2.41726269,-1.18594482,-2.10634608,90.37533165,0.12260109
2798.000,2.33209702,-1.13160674,-2.03915245,90.46174698,0.08641534
2800.000,2.39304170,-1.22007193,-2.05865807,90.55233705,0.09059006
2802.000,2.42876781,-1.14230302,-2.14337512,90.66733697,0.11499993
2804.000,2.49271685,-1.19690420,-2.18656297,90.73695364,0.06961666
2806.000,2.44434942,-1.15905396,-2.15207760,90.78815795,0.05120431
2808.000,2.38776886,-1.18447165,-2.07327447,90.87095887,0.08280092
2810.000,2.39863978,-1.18301796,-2.08661000,90.88437340,0.01341453
2812.000,2.51550759,-1.23215758,-2.19307231,91.00162921,0.11725581
2814.000,2.55297374,-1.22728700,-2.23862492,91.04744147,0.04581226
2816.000,2.65787790,-1.22387311,-2.35933244,91.16819725,0.12075578
2818.000,2.66658899,-1.25654669,-2.35197518,91.20168893,0.03349168
2820.000,2.60505300,-1.27890475,-2.26951619,91.28712526,0.08543633
2822.000,2.54000291,-1.13337228,-2.27312165,91.43270239,0.14557713
2824.000,2.58762982,-1.15889191,-2.31361138,91.48056333,0.04786094
2826.000,2.53031394,-1.07149602,-2.29224452,91.57053325,0.08996992
2828.000,2.60260683,-1.11975579,-2.34940615,91.64534273,0.07480948
2830.000,2.51498598,-1.04707686,-2.28665357,91.74136415,0.09602142
2832.000,2.48651587,-1.12744442,-2.21621981,91.84822789,0.10686374
2834.000,2.47798750,-1.06715786,-2.23642486,91.91181023,0.06358233
2836.000,2.47300990,-1.05543137,-2.23647996,91.92353685,0.01172663
2838.000,2.44020622,-0.98901181,-2.23079852,91.99019896,0.06666210
2840.000,2.28091538,-0.90680051,-2.09291371,92.15073219,0.16053323
2842.000,2.26382894,-0.82007530,-2.11007060,92.23913819,0.08840600
2844.000,2.21396188,-0.80745110,-2.06146791,92.28935365,0.05021546
2846.000,2.35774918,-0.81270683,-2.21325299,92.44122970,0.15187605
2848.000,2.28632988,-0.83907028,-2.12679697,92.53161595,0.09038625
2850.000,2.19303807,-0.75741693,-2.05809028,92.63832996,0.10671401
2852.000,2.20945169,-0.66046358,-2.10842705,92.74757164,0.10924168
2854.000,2.21432018,-0.67442024,-2.10911621,92.76154530,0.01397366
2856.000,2.21345588,-0.66786912,-2.11029329,92.76820133,0.00665602
2858.000,2.23461398,-0.70502206,-2.12048191,92.80672598,0.03852465
2860.000,2.26492713,-0.66420593,-2.16534649,92.86737899,0.06065301
2862.000,2.27797442,-0.61238678,-2.19411711,92.92664932,0.05927034
2864.000,2.34563034,-0.63354307,-2.25845187,92.99437340,0.06772408
2866.000,2.42237257,-0.54620871,-2.35998833,93.12830227,0.13392888
2868.000,2.46589688,-0.62728082,-2.38477802,93.21307972,0.08477745
2870.000,2.45516918,-0.60535268,-2.37937047,93.23566478,0.02258506
2872.000,2.53358788,-0.61330457,-2.45823616,93.31493035,0.07926557
2874.000,2.56771035,-0.61999570,-2.49173469,93.34909060,0.03416025
2876.000,2.53107984,-0.54314742,-2.47211570,93.42840367,0.07931307
2878.000,2.50658274,-0.49138581,-2.45794569,93.48206980,0.05366613
2880.000,2.47355526,-0.47056939,-2.42838219,93.51822673,0.03615693
2882.000,2.42842024,-0.41856498,-2.39207613,93.58165061,0.06342388
2884.000,2.43517868,-0.27458585,-2.41964828,93.72824602,0.14659541
2886.000,2.34917147,-0.27735227,-2.33274137,93.81519695,0.08695093
2888.000,2.42096063,-0.30551321,-2.40160614,93.88959718,0.07440023
2890.000,2.34385515,-0.44261042,-2.30168481,94.05924363,0.16964645
2892.000,2.31995980,-0.44014280,-2.27782524,94.08323046,0.02398684
2894.000,2.36957683,-0.42072585,-2.33192712,94.14071117,0.05748071
2896.000,2.32582934,-0.43173766,-2.28540691,94.18851693,0.04780576
2898.000,2.39324770,-0.52518288,-2.33491274,94.29426586,0.10574893
2900.000,2.44012263,-0.57203948,-2.37212337,94.35410039,0.05983453
2902.000,2.45796247,-0.64900842,-2.37073144,94.43108192,0.07698153
2904.000,2.51873929,-0.61049717,-2.44363271,94.51353016,0.08244824
2906.000,2.54513666,-0.56706969,-2.48115953,94.57092536,0.05739519
2908.000,2.64703318,-0.59495704,-2.57930432,94.67295528,0.10202992
2910.000,2.60435673,-0.63576310,-2.52556514,94.74043145,0.06747617
2912.000,2.54463357,-0.59565275,-2.47393569,94.80581065,0.06537920
2914.000,2.46978120,-0.45633109,-2.42725794,94.95274375,0.14693310
2916.000,2.47101660,-0.38557250,-2.44074925,95.02477703,0.07203328
2918.000,2.40102770,-0.35111055,-2.37521691,95.09881832,0.07404129
2920.000,2.44147943,-0.34385586,-2.41714397,95.14136840,0.04255007
2922.000,2.44029582,-0.27812321,-2.42439501,95.20749978,0.06613138
2924.000,2.48561084,-0.33492056,-2.46294325,95.27614311,0.06864333
2926.000,2.45709088,-0.30816035,-2.43769005,95.31293758,0.03679447
2928.000,2.41400083,-0.30633659,-2.39448490,95.35618121,0.04324363
2930.000,2.47496169,-0.32521802,-2.45350130,95.41814445,0.06196324
2932.000,2.54904459,-0.32350643,-2.52843270,95.49309540,0.07495095
2934.000,2.52690891,-0.17001026,-2.52118329,95.64676267,0.15366726
2936.000,2.47837107,-0.13074666,-2.47491989,95.70744160,0.06067893
2938.000,2.49467984,-0.22613216,-2.48440974,95.80329801,0.09585641
2940.000,2.53162857,-0.22782610,-2.52135648,95.84028355,0.03698554
2942.000,2.44732010,-0.19056057,-2.43988982,95.92986891,0.08958535
2944.000,2.56100848,-0.25186611,-2.54859332,96.05466802,0.12479912
2946.000,2.50120388,-0.16918834,-2.49547513,96.15293885,0.09827083
2948.000,2.49950298,-0.23194872,-2.48871753,96.21606199,0.06312313
2950.000,2.43177700,-0.24608275,-2.41929383,96.28690986,0.07084787
2952.000,2.50891572,-0.29280866,-2.49177069,96.37314330,0.08623344
2954.000,2.53676208,-0.23484836,-2.52586780,96.44038918,0.06724589
2956.000,2.58496637,-0.20998022,-2.57642377,96.49673038,0.05634120
2958.000,2.65042778,-0.29954284,-2.63344670,96.60290514,0.10617475
2960.000,2.66883981,-0.25109256,-2.65700178,96.65677787,0.05387274
2962.000,2.59781406,-0.25639840,-2.58513013,96.72884511,0.07206723
2964.000,2.53136448,-0.23249053,-2.52066544,96.79760033,0.06875523
2966.000,2.55177541,-0.23073317,-2.54132248,96.81833198,0.02073165
2968.000,2.50733703,-0.19122431,-2.50003445,96.87547786,0.05714588
2970.000,2.53072445,-0.20076892,-2.52274812,96.90011545,0.02463758
2972.000,2.43084432,-0.19155584,-2.42328506,97.00000429,0.09988885
2974.000,2.39967427,-0.27310522,-2.38408266,97.09048705,0.09048276
2976.000,2.36255179,-0.27588596,-2.34638827,97.12828388,0.03779682
2978.000,2.38866436,-0.35163996,-2.36263978,97.20576149,0.07747762
2980.000,2.30985290,-0.20659327,-2.30059550,97.36352092,0.15775943
2982.000,2.30759719,-0.19630523,-2.29923227,97.37389888,0.01037796
2984.000,2.29085022,-0.09181150,-2.28900970,97.47889146,0.10499258
2986.000,2.31058341,-0.18692670,-2.30300980,97.57503149,0.09614003
2988.000,2.35013384,-0.26407002,-2.33525076,97.65864112,0.08360963
2990.000,2.39149493,-0.29860912,-2.37277909,97.70964431,0.05100319
2992.000,2.40111942,-0.32293734,-2.37930366,97.73483225,0.02518794
2994.000,2.35399798,-0.29676227,-2.33521704,97.78610373,0.05127148
2996.000,2.34339921,-0.25646697,-2.32932277,97.82682785,0.04072412
2998.000,2.31949177,-0.39511529,-2.28559095,97.97220952,0.14538167
3000.000,2.28200209,-0.33323658,-2.25754002,98.04014941,0.06793989
3002.000,2.28503981,-0.36812628,-2.25519179,98.07511804,0.03496863
3004.000,2.34119787,-0.34103552,-2.31622586,98.14189429,0.06677625
3006.000,2.33059239,-0.36239881,-2.30224412,98.16742622,0.02553193
3008.000,2.28598833,-0.38386139,-2.25352903,98.22065969,0.05323347
3010.000,2.32000664,-0.39916199,-2.28541036,98.25602249,0.03536279
3012.000,2.45427818,-0.43855854,-2.41477697,98.39125491,0.13523242
3014.000,2.40215046,-0.43784023,-2.36191083,98.44412594,0.05287102
3016.000,2.49403174,-0.49748740,-2.44391092,98.54552515,0.10139921
3018.000,2.47257536,-0.51541916,-2.41825805,98.57682400,0.03129885
3020.000,2.44750113,-0.53837781,-2.38755338,98.61516296,0.03833897
3022.000,2.48915099,-0.44037995,-2.44988533,98.73130449,0.11614152
3024.000,2.49627857,-0.49209142,-2.44729499,98.78308080,0.05177631
3026.000,2.53736454,-0.54271793,-2.47864400,98.84262745,0.05954665
3028.000,2.57066468,-0.59104455,-2.50179601,98.89621362,0.05358617
3030.000,2.50743587,-0.50993629,-2.45503557,98.98983567,0.09362205
3032.000,2.55541619,-0.61609238,-2.48003671,99.09889609,0.10906042
3034.000,2.54970959,-0.58366078,-2.48200707,99.13138749,0.03249140
3036.000,2.52371218,-0.66547757,-2.43439167,99.22605118,0.09466368
3038.000,2.51262447,-0.65293415,-2.42630557,99.24097506,0.01492389
3040.000,2.45863378,-0.65580157,-2.36955784,99.29779519,0.05682013
3042.000,2.42957451,-0.61390356,-2.35073493,99.34372715,0.04593196
3044.000,2.34493363,-0.55996135,-2.27709399,99.43501105,0.09128390
3046.000,2.30247580,-0.61869888,-2.21779316,99.51847772,0.08346667
3048.000,2.32564582,-0.64704164,-2.23382309,99.55103952,0.03256180
3050.000,2.32103872,-0.63158591,-2.23345472,99.56649964,0.01546012
3052.000,2.33980821,-0.60967641,-2.25898144,99.60013949,0.03363985
3054.000,2.29820068,-0.58099736,-2.22354861,99.64572428,0.04558479
3056.000,2.27842240,-0.45878163,-2.23175448,99.76821518,0.12249090
3058.000,2.34990556,-0.52548798,-2.29039702,99.85703345,0.08881827
3060.000,2.35597270,-0.56387255,-2.28749976,99.89552720,0.03849375
3062.000,2.25936002,-0.50197797,-2.20289034,100.00035893,0.10483173
3064.000,2.28616365,-0.55931882,-2.21668823,100.05933650,0.05897757
3066.000,2.31201664,-0.58301647,-2.23730032,100.09074410,0.03140760
3068.000,2.33971153,-0.55221896,-2.27361040,100.13835616,0.04761206
3070.000,2.32284881,-0.62178276,-2.23808239,100.21646738,0.07811122
3072.000,2.28649547,-0.51256936,-2.22830298,100.32611776,0.10965038
3074.000,2.28085172,-0.48935354,-2.22773824,100.34934044,0.02322268
3076.000,2.37921558,-0.58229949,-2.30685806,100.47140146,0.12206103
3078.000,2.32727435,-0.75413556,-2.20170059,100.67286046,0.20145900
3080.000,2.41607432,-0.79626688,-2.28109057,100.76273714,0.08987668
3082.000,2.39273117,-0.85031367,-2.23654401,100.83277608,0.07003893
3084.000,2.48513524,-0.95322756,-2.29504998,100.95115774,0.11838166
3086.000,2.45899630,-0.95161752,-2.26739651,100.97885804,0.02770030
3088.000,2.52218791,-0.97625170,-2.32558906,101.04204994,0.06319190
3090.000,2.47287383,-1.03346736,-2.24656409,101.13961313,0.09756320
3092.000,2.45914318,-1.07997698,-2.20930643,101.19920574,0.05959260
3094.000,2.40418711,-1.08951689,-2.14314457,101.26605184,0.06684611
3096.000,2.50600588,-1.11847572,-2.24256049,101.36959961,0.10354777
3098.000,2.44424419,-0.97827317,-2.23993554,101.50982673,0.14022712
3100.000,2.31622549,-0.86223630,-2.14975559,101.65678584,0.14695911
3102.000,2.44184894,-0.96905215,-2.24133089,101.79748290,0.14069706
3104.000,2.37920278,-0.94985726,-2.18137045,101.86044081,0.06295791
3106.000,2.43277857,-0.93225057,-2.24706931,101.92845798,0.06801717
3108.000,2.37019632,-0.86173024,-2.20799719,102.00907899,0.08062101
3110.000,2.45828824,-0.89621008,-2.28910213,102.09720884,0.08812985
3112.000,2.39064154,-0.76572652,-2.26469200,102.22995602,0.13274718
3114.000,2.38096363,-0.82507715,-2.23343581,102.29703394,0.06707792
3116.000,2.34548491,-0.86822097,-2.17887397,102.36659242,0.06955848
3118.000,2.40289497,-0.84290801,-2.25020229,102.44227910,0.07568668
3120.000,2.38761891,-0.87636105,-2.22097172,102.48670355,0.04442445
3122.000,2.47705719,-0.91117391,-2.30338326,102.57616638,0.08946283
3124.000,2.48410905,-0.91603411,-2.30904293,102.58362651,0.00746013
3126.000,2.52781766,-1.00386355,-2.31993968,102.67212932,0.08850282
3128.000,2.56745124,-1.05562351,-2.34039844,102.72778590,0.05565658
3130.000,2.57927959,-0.99991463,-2.37757312,102.79475931,0.06697340
3132.000,2.51399319,-0.90039063,-2.34722356,102.89880795,0.10404865
3134.000,2.58060923,-1.04054371,-2.36152764,103.03968908,0.14088112
3136.000,2.52208454,-0.97753215,-2.32493899,103.11255323,0.07286415
3138.000,2.48876536,-1.00603568,-2.27636667,103.16887127,0.05631804
3140.000,2.53878337,-0.98256735,-2.34093623,103.23757345,0.06870218
3142.000,2.59280157,-0.93893058,-2.41682216,103.32511111,0.08753766
3144.000,2.46561447,-0.96836629,-2.26749232,103.47731447,0.15220335
3146.000,2.43915500,-0.97546585,-2.23560808,103.50997957,0.03266510
3148.000,2.45081377,-0.83480393,-2.30425488,103.66649845,0.15651888
3150.000,2.55774525,-0.95594079,-2.37239077,103.80548276,0.13898431
3152.000,2.31952052,-0.83837459,-2.16270744,104.04587600,0.24039324
3154.000,2.42097136,-0.92737808,-2.23630772,104.16136896,0.11549296
3156.000,2.50724146,-0.96740551,-2.31309021,104.24795848,0.08658952
3158.000,2.52775260,-1.05620325,-2.29651212,104.33829049,0.09033200
3160.000,2.53329112,-1.07969847,-2.29168390,104.36227667,0.02398619
3162.000,2.59351907,-1.13990360,-2.32958386,104.43341783,0.07114116
3164.000,2.59651143,-1.15118355,-2.32736934,104.44491310,0.01149527
3166.000,2.63840410,-1.16065847,-2.36939826,104.48799680,0.04308369
3168.000,2.78015613,-1.26649734,-2.47492476,104.63745485,0.14945806
3170.000,2.75654894,-1.26460997,-2.44935168,104.66309749,0.02564264
3172.000,2.80212871,-1.30496231,-2.47971746,104.71359889,0.05050140
3174.000,2.78257023,-1.29260796,-2.46411480,104.73350047,0.01990158
3176.000,2.78330647,-1.30757457,-2.45703962,104.75005516,0.01655468
3178.000,2.68419290,-1.27997006,-2.35935757,104.85156274,0.10150759
3180.000,2.61879208,-1.21092542,-2.32201025,104.93006106,0.07849831
3182.000,2.55430745,-1.28555171,-2.20722526,105.06697227,0.13691121
3184.000,2.47377982,-1.20848836,-2.15850468,105.15814493,0.09117266
3186.000,2.58797817,-1.35100185,-2.20735701,105.30879899,0.15065406
3188.000,2.57059968,-1.26613879,-2.23715786,105.39874247,0.08994349
3190.000,2.58962404,-1.23662490,-2.27528274,105.44695633,0.04821386
3192.000,2.55133543,-1.26104825,-2.21789760,105.50932262,0.06236629
3194.000,2.55296804,-1.17526690,-2.26636130,105.60784760,0.09852498
3196.000,2.35464833,-1.12873324,-2.06647769,105.81307635,0.20522875
3198.000,2.45033539,-1.17645740,-2.14943981,105.90878586,0.09570951
3200.000,2.59922586,-1.28157158,-2.26131585,106.06229560,0.15350974
3202.000,2.52538561,-1.25593827,-2.19093394,106.13720006,0.07490447
3204.000,2.66270790,-1.36834813,-2.28421469,106.28327289,0.14607283
3206.000,2.65873476,-1.33927831,-2.29678126,106.31494264,0.03166975
3208.000,2.65387275,-1.38827105,-2.26180107,106.37514150,0.06019885
3210.000,2.71608156,-1.37073992,-2.34481792,106.45998923,0.08484774
3212.000,2.74212858,-1.33946136,-2.39272071,106.51719960,0.05721036
3214.000,2.68525522,-1.39088485,-2.29696211,106.62589221,0.10869262
3216.000,2.75309026,-1.45214494,-2.33897008,106.70017187,0.07427966
3218.000,2.68172286,-1.44881565,-2.25667249,106.78253678,0.08236491
3220.000,2.66258173,-1.46430895,-2.22376725,106.81890706,0.03637028
3222.000,2.58104480,-1.36099743,-2.19305227,106.92668776,0.10778071
3224.000,2.61863190,-1.40256718,-2.21134310,106.97210361,0.04541585
3226.000,2.71399833,-1.45472649,-2.29119135,107.06747832,0.09537471
3228.000,2.67895366,-1.40353205,-2.28186119,107.11951603,0.05203770
3230.000,2.68549568,-1.49585525,-2.23031480,107.22525440,0.10573837
3232.000,2.66003584,-1.51294114,-2.18787563,107.27100383,0.04574943
3234.000,2.69004312,-1.59457299,-2.16648769,107.35539105,0.08438722
3236.000,2.60399300,-1.52232307,-2.11265521,107.44549093,0.09009988
3238.000,2.56061441,-1.53862623,-2.04679640,107.51333764,0.06784671
3240.000,2.64192178,-1.46364304,-2.19943169,107.68339648,0.17005884
3242.000,2.63282713,-1.52796889,-2.14408250,107.76825723,0.08486075
3244.000,2.60738173,-1.54426160,-2.10087972,107.81443009,0.04617286
3246.000,2.59034059,-1.56443227,-2.06456195,107.85597328,0.04154319
3248.000,2.59918039,-1.55110327,-2.08562157,107.88089655,0.02492328
3250.000,2.58276135,-1.49290996,-2.10757587,107.94309344,0.06219689
3252.000,2.56000902,-1.36745704,-2.16418747,108.08072814,0.13763469
3254.000,2.52542903,-1.37396117,-2.11896732,108.12641365,0.04568551
3256.000,2.56948030,-1.41540607,-2.14449404,108.17508904,0.04867538
3258.000,2.50508700,-1.27967547,-2.15357646,108.31112317,0.13603413
3260.000,2.52687000,-1.39828536,-2.10472565,108.43939906,0.12827589
3262.000,2.49492242,-1.28586248,-2.13803545,108.55665283,0.11725377
3264.000,2.50984290,-1.34818987,-2.11700153,108.62243375,0.06578092
3266.000,2.48135934,-1.30333420,-2.11150755,108.66762461,0.04519087
3268.000,2.58576467,-1.42911721,-2.15494847,108.80069783,0.13307321
3270.000,2.58393293,-1.23956726,-2.26719704,109.02099065,0.22029282
3272.000,2.50309067,-1.15567495,-2.22033293,109.11708520,0.09609456
3274.000,2.38447929,-1.02680495,-2.15207181,109.26291749,0.14583229
3276.000,2.31816600,-1.02390465,-2.07978674,109.33526072,0.07234323
3278.000,2.37730187,-1.06570405,-2.12505037,109.39687229,0.06161157
3280.000,2.25948370,-1.02158397,-2.01534929,109.51511318,0.11824088
3282.000,2.35380451,-1.08910075,-2.08668522,109.61333399,0.09822082
3284.000,2.28863731,-1.05978554,-2.02847611,109.67850823,0.06517424
3286.000,2.22199049,-1.04698609,-1.95986271,109.74830526,0.06979703
3288.000,2.26633730,-1.10962191,-1.97611335,109.81301483,0.06470957
3290.000,2.20242036,-1.02310597,-1.95036141,109.90328205,0.09026722
3292.000,2.19454851,-1.03115605,-1.93720426,109.91870653,0.01542447
3294.000,2.06749185,-1.03654681,-1.78888045,110.06712827,0.14842174
3296.000,2.07341767,-1.07892903,-1.77058549,110.11329057,0.04616230
3298.000,2.07889169,-1.11032503,-1.75754630,110.14728659,0.03399602
3300.000,2.06703876,-1.08585378,-1.75885497,110.17179281,0.02450622
3302.000,2.06099848,-1.03411547,-1.78278431,110.22879690,0.05700408
3304.000,2.14472060,-1.08277390,-1.85133118,110.31285827,0.08406138
3306.000,2.11369484,-1.05309910,-1.83267241,110.34791171,0.03505343
3308.000,2.06304822,-0.98409562,-1.81320814,110.41960786,0.07169615
3310.000,2.05287697,-0.94828239,-1.82073182,110.45620285,0.03659499
3312.000,1.97535649,-0.92969927,-1.74289774,110.53622457,0.08002172
3314.000,2.08445939,-0.99858142,-1.82970110,110.64703781,0.11081324
3316.000,2.16691669,-1.02739652,-1.90787430,110.73035263,0.08331482
3318.000,2.14889731,-0.91344447,-1.94509096,110.85022818,0.11987555
3320.000,2.08083642,-0.89471086,-1.87866247,110.91924769,0.06901951
3322.000,2.09906134,-1.01919343,-1.83502133,111.05115850,0.13191081
3324.000,2.11008302,-1.03111935,-1.84098974,111.06449452,0.01333602
3326.000,2.13087689,-1.10369852,-1.82276875,111.13932594,0.07483142
3328.000,2.07986450,-1.02650027,-1.80890396,111.21775937,0.07843343
3330.000,2.06544998,-1.06094888,-1.77213744,111.26814274,0.05038337
3332.000,2.11586525,-1.01259079,-1.85783359,111.36654159,0.09839886
3334.000,2.21179661,-1.07009965,-1.93569909,111.46334193,0.09680033
3336.000,2.24490687,-1.02626875,-1.99659192,111.53836916,0.07502723
3338.000,2.34764890,-1.14107577,-2.05168259,111.66570978,0.12734062
3340.000,2.25630699,-1.04759081,-1.99836801,111.77332893,0.10761915
3342.000,2.22525873,-1.04287463,-1.96575404,111.80628213,0.03295320
3344.000,2.11989417,-0.95038211,-1.89492088,111.92278193,0.11649980
3346.000,2.09130526,-0.97469975,-1.85027514,111.97362079,0.05083886
3348.000,2.08377653,-0.91745857,-1.87093409,112.03447590,0.06085511
3350.000,2.07321319,-0.92264256,-1.85659463,112.04972365,0.01524775
3352.000,2.13196550,-0.90625423,-1.92976169,112.12470362,0.07497997
3354.000,2.14334667,-0.81295036,-1.98319103,112.23222248,0.10751886
3356.000,2.22815943,-0.96328008,-2.00917544,112.38478136,0.15255888
3358.000,2.22111370,-0.91675980,-2.02309108,112.43333835,0.04855699
3360.000,2.17588588,-0.81590687,-2.01712055,112.53436785,0.10102950
3362.000,2.15422057,-0.68561961,-2.04220274,112.66704749,0.13267964
3364.000,2.04033487,-0.66371892,-1.92936352,112.78199239,0.11494490
3366.000,2.03972408,-0.77489358,-1.88680000,112.90103632,0.11904393
3368.000,1.98014960,-0.84150379,-1.79244632,113.01653324,0.11549692
3370.000,1.95294755,-0.86082720,-1.75299191,113.06046551,0.04393227
3372.000,2.00159103,-0.86968668,-1.80277889,113.11103461,0.05056910
3374.000,1.96255384,-0.80178497,-1.79130077,113.17989961,0.06886501
3376.000,1.90689076,-0.83728041,-1.71324075,113.26565095,0.08575134
3378.000,1.90473278,-0.80200949,-1.72765382,113.30375310,0.03810215
3380.000,1.74185270,-0.61364984,-1.63017935,113.51583948,0.21208638
3382.000,1.78707219,-0.68078551,-1.65231901,113.58653151,0.07069203
3384.000,1.72164853,-0.64058433,-1.59803798,113.65407826,0.06754676
3386.000,1.80348567,-0.62681735,-1.69105309,113.74810667,0.09402840
3388.000,1.79368239,-0.71728324,-1.64401985,113.85006843,0.10196177
3390.000,1.75053875,-0.71330276,-1.59861974,113.89564271,0.04557427
3392.000,1.71290984,-0.70656496,-1.56039293,113.93445878,0.03881607
3394.000,1.72428656,-0.59614727,-1.61795321,114.05897886,0.12452008
3396.000,1.81027754,-0.67838008,-1.67836386,114.16101650,0.10203765
3398.000,1.79967903,-0.60266747,-1.69577019,114.23870421,0.07768770
3400.000,1.83201219,-0.67295472,-1.70393680,114.30946431,0.07076010
3402.000,1.89020335,-0.68344736,-1.76231905,114.36878195,0.05931764
3404.000,1.90216807,-0.63815844,-1.79192554,114.42288953,0.05410758
3406.000,1.92138810,-0.60588665,-1.82335778,114.46793899,0.04504946
3408.000,1.90057082,-0.50598460,-1.83197954,114.56821239,0.10027340
3410.000,1.93149420,-0.58601319,-1.84045059,114.64868806,0.08047567
3412.000,1.93900452,-0.57980723,-1.85028703,114.66031860,0.01163054
3414.000,1.85527476,-0.40400541,-1.81075234,114.84051092,0.18019232
3416.000,1.84069891,-0.52729383,-1.76355711,114.97252389,0.13201297
3418.000,1.78966244,-0.49714650,-1.71922570,115.02613486,0.05361096
3420.000,1.70080482,-0.43010891,-1.64552221,115.12576539,0.09963053
3422.000,1.73546289,-0.39514505,-1.68987924,115.18224563,0.05648024
3424.000,1.81009289,-0.52447681,-1.73244346,115.31840148,0.13615585
3426.000,1.81636162,-0.51776551,-1.74100212,115.32927770,0.01087623
3428.000,1.82836932,-0.50530657,-1.75715669,115.34967857,0.02040086
3430.000,1.89113671,-0.56617671,-1.80439518,115.42672822,0.07704965
3432.000,1.81516786,-0.62071093,-1.70574098,115.53945191,0.11272370
3434.000,1.77233040,-0.57260179,-1.67728418,115.59534716,0.05589525
3436.000,1.70230090,-0.49937697,-1.62740622,115.68394561,0.08859845
3438.000,1.64078395,-0.48761714,-1.56665296,115.74582656,0.06188095
3440.000,1.64374116,-0.47261807,-1.57433070,115.76267648,0.01684992
3442.000,1.66074998,-0.45185569,-1.59809791,115.79423526,0.03155879
3444.000,1.75181620,-0.47199977,-1.68703178,115.88542197,0.09118671
3446.000,1.73836327,-0.47510686,-1.67217832,115.90059692,0.01517495
3448.000,1.73388591,-0.41736767,-1.68290362,115.95932380,0.05872688
3450.000,1.79477589,-0.39623944,-1.75048988,116.03013556,0.07081176
3452.000,1.94263255,-0.43590317,-1.89309525,116.17815416,0.14801860
3454.000,1.97708690,-0.42905396,-1.92997029,116.21565989,0.03750573
3456.000,1.99323632,-0.37839504,-1.95698958,116.27307389,0.05741400
3458.000,2.01669226,-0.48332677,-1.95791800,116.37800972,0.10493584
3460.000,2.08457583,-0.46346231,-2.03240229,116.45509738,0.07708765
3462.000,2.14817055,-0.39250402,-2.11200788,116.56173756,0.10664018
3464.000,2.11580060,-0.40876518,-2.07593911,116.60130246,0.03956490
3466.000,2.01971369,-0.50676812,-1.95510344,116.75688471,0.15558225
3468.000,1.97620742,-0.42002841,-1.93105460,116.84689650,0.09001179
3470.000,2.00361590,-0.41043621,-1.96112692,116.87846159,0.03156509
3472.000,2.01320901,-0.48716670,-1.95337633,116.95558254,0.07712095
3474.000,1.92260597,-0.40338677,-1.87981191,117.06707604,0.11149350
3476.000,1.99512404,-0.48443847,-1.93541709,117.16536802,0.09829198
3478.000,1.97985175,-0.48385519,-1.91981695,117.18097906,0.01561104
3480.000,2.01588191,-0.50010150,-1.95286415,117.21780378,0.03682472
3482.000,1.98077272,-0.47186116,-1.92374833,117.25836543,0.04056165
3484.000,1.97198485,-0.60430157,-1.87711051,117.39877749,0.14041206
3486.000,1.96415046,-0.50608113,-1.89783269,117.49916007,0.10038258
3488.000,1.96936503,-0.48365716,-1.90905064,117.52423351,0.02507343
3490.000,1.96927383,-0.55935996,-1.88816203,117.60276533,0.07853182
3492.000,2.09156377,-0.63876477,-1.99163715,117.73319625,0.13043092
3494.000,1.98502170,-0.60901963,-1.88928723,117.83978086,0.10658461
3496.000,1.98854301,-0.69423634,-1.86342137,117.92883663,0.08905577
3498.000,2.02190833,-0.66215309,-1.91041005,117.98573365,0.05689702
3500.000,1.99498333,-0.63196804,-1.89224071,118.02096521,0.03523155
3502.000,2.06867984,-0.64222690,-1.96646406,118.09589417,0.07492897
3504.000,2.05951894,-0.63055202,-1.96061786,118.10895101,0.01305684
3506.000,2.10925375,-0.63481232,-2.01145836,118.15996969,0.05101868
3508.000,2.09721434,-0.56891186,-2.01857556,118.22625337,0.06628367
3510.000,2.20668969,-0.67092807,-2.10222142,118.35817735,0.13192399
3512.000,2.15520033,-0.66030422,-2.05155717,118.40994349,0.05176613
3514.000,2.19095733,-0.67447039,-2.08455840,118.44585675,0.03591326
3516.000,2.13978141,-0.63434913,-2.04359136,118.50319796,0.05734121
3518.000,1.97680552,-0.52571899,-1.90561790,118.67880314,0.17560519
3520.000,1.92725610,-0.44621168,-1.87488965,118.76404185,0.08523871
3522.000,1.96838052,-0.41427627,-1.92429131,118.82286697,0.05882512
3524.000,2.04970810,-0.55537302,-1.97303423,118.97214579,0.14927882
3526.000,2.11971618,-0.49636682,-2.06078060,119.07788678,0.10574099
3528.000,2.08828378,-0.58894717,-2.00351451,119.18674691,0.10886012
3530.000,2.13841902,-0.55201527,-2.06594169,119.25928047,0.07253356
3532.000,2.10775711,-0.56221780,-2.03139144,119.29530561,0.03602515
3534.000,2.14178131,-0.60723835,-2.05389600,119.34563756,0.05033195
3536.000,2.14593518,-0.71134049,-2.02460676,119.45378152,0.10814396
3538.000,2.08940952,-0.70622274,-1.96643881,119.51217417,0.05839265
3540.000,2.04206370,-0.79251997,-1.88200325,119.63290766,0.12073349
3542.000,2.00117251,-0.85192911,-1.81077558,119.72565908,0.09275142
3544.000,2.05018733,-0.90292064,-1.84065272,119.78475882,0.05909974
3546.000,1.98817406,-0.89046295,-1.77761409,119.84901661,0.06425778
3548.000,2.08693805,-0.95761284,-1.85426214,119.95091867,0.10190207
3550.000,2.17379151,-0.94195841,-1.95910283,120.05692165,0.10600298
3552.000,2.10240982,-0.90707616,-1.89666547,120.12844225,0.07152060
3554.000,2.31845046,-0.96484992,-2.10814543,120.34767177,0.21922952
3556.000,2.35664635,-1.04863708,-2.11048390,120.43149155,0.08381978
3558.000,2.26961759,-0.98490818,-2.04477869,120.52302596,0.09153440
3560.000,2.34646798,-1.11075075,-2.06691673,120.65080093,0.12777497
3562.000,2.43201288,-1.07566563,-2.18119923,120.77034781,0.11954688
3564.000,2.41055263,-1.04584535,-2.17185900,120.80159664,0.03124882
3566.000,2.39959568,-1.04607425,-2.15958053,120.81387723,0.01228059
3568.000,2.36228077,-1.12524621,-2.07706317,120.92823332,0.11435608
3570.000,2.42114710,-1.12780387,-2.14243127,120.99365143,0.06541812
3572.000,2.50539225,-1.24048550,-2.17673748,121.11143965,0.11778822
3574.000,2.50183334,-1.18071086,-2.20569534,121.17785927,0.06641962
3576.000,2.41434204,-1.05564167,-2.17132866,121.30756421,0.12970494
3578.000,2.42473461,-0.93466174,-2.23735231,121.44538752,0.13782331
3580.000,2.41913630,-0.89176339,-2.24877266,121.48978001,0.04439249
3582.000,2.47265565,-0.99735309,-2.26258984,121.59626991,0.10648990
3584.000,2.52945622,-1.10307441,-2.27626352,121.70287183,0.10660192
3586.000,2.46193715,-0.96168603,-2.26633946,121.84460807,0.14173624
3588.000,2.31918681,-0.84495919,-2.15978504,122.00265553,0.15804746
3590.000,2.41213606,-0.88716969,-2.24306271,122.09601986,0.09336432
3592.000,2.39670046,-0.98846105,-2.18337305,122.21359024,0.11757039
3594.000,2.44028993,-0.99633451,-2.22762935,122.25854145,0.04495121
3596.000,2.39968206,-0.91272807,-2.21932455,122.34255935,0.08401790
3598.000,2.42838017,-0.91618910,-2.24891703,122.37235353,0.02979418
3600.000,2.33550863,-0.94556349,-2.13553512,122.48947873,0.11712520
3602.000,2.34287102,-0.83285042,-2.18984128,122.61459226,0.12511353
3604.000,2.32237315,-0.85944641,-2.15749135,122.65647143,0.04187917
3606.000,2.33132330,-0.82429214,-2.18073629,122.69861582,0.04214440
3608.000,2.34592774,-0.84923450,-2.18681909,122.72428919,0.02567337
3610.000,2.45521443,-0.74586142,-2.33918119,122.90840928,0.18412008
3612.000,2.34400493,-0.75252733,-2.21992382,123.02785280,0.11944352
3614.000,2.31643453,-0.78352237,-2.17989945,123.07847535,0.05062255
3616.000,2.23817995,-0.70058373,-2.12570739,123.17754904,0.09907369
3618.000,2.32060137,-0.72014838,-2.20603197,123.26022196,0.08267293
3620.000,2.34761249,-0.75108482,-2.22422031,123.29610899,0.03588703
3622.000,2.37604834,-0.82940975,-2.22658600,123.37446964,0.07836065
3624.000,2.40745340,-0.71346754,-2.29930336,123.51132873,0.13685909
3626.000,2.39764619,-0.80166346,-2.25965549,123.60802657,0.09669784
3628.000,2.39519668,-0.78488429,-2.26294582,123.62512531,0.01709874
3630.000,2.40640810,-0.75905223,-2.28355855,123.65817345,0.03304815
3632.000,2.42730520,-0.74714047,-2.30945700,123.68667994,0.02850648
3634.000,2.43795950,-0.77532070,-2.31139013,123.71492640,0.02824646
3636.000,2.55081522,-0.96286958,-2.36210509,123.90921121,0.19428481
3638.000,2.49439612,-0.95343518,-2.30498880,123.96710143,0.05789023
3640.000,2.51027245,-0.84382165,-2.36419813,124.09168421,0.12458278
3642.000,2.61373323,-0.77333630,-2.49670830,124.24177462,0.15009041
3644.000,2.67349440,-0.85834178,-2.53196005,124.33379971,0.09202509
3646.000,2.67126534,-0.93171046,-2.50351236,124.41249046,0.07869075
3648.000,2.75338710,-0.94249125,-2.58705446,124.49672529,0.08423483
3650.000,2.67070793,-0.94829544,-2.49668112,124.58728482,0.09055953
3652.000,2.63985397,-0.79289353,-2.51796522,124.74413751,0.15685269
3654.000,2.58798393,-0.82360593,-2.45343312,124.81560529,0.07146778
3656.000,2.57122776,-0.66169536,-2.48462702,124.98049341,0.16488812
3658.000,2.54283962,-0.69967006,-2.44468713,125.03560487,0.05511146
3660.000,2.51569871,-0.72521517,-2.40890077,125.07957321,0.04396834
3662.000,2.59107455,-0.72229416,-2.48836461,125.15909072,0.07951751
3664.000,2.69607063,-0.70481189,-2.60231379,125.27437317,0.11528245
3666.000,2.74841842,-0.74122998,-2.64657929,125.33169429,0.05732112
3668.000,2.69979702,-0.83250668,-2.56823608,125.45198184,0.12028755
3670.000,2.73910576,-0.85365087,-2.60268717,125.49240405,0.04042220
3672.000,2.70574317,-0.77803922,-2.59146697,125.56884366,0.07643962
3674.000,2.69067566,-0.84949114,-2.55305706,125.64996516,0.08112150
3676.000,2.66902243,-0.83002064,-2.53668020,125.67540728,0.02544212
3678.000,2.70469219,-0.77180158,-2.59223497,125.75587958,0.08047230
3680.000,2.70579389,-0.68408157,-2.61789094,125.84727449,0.09139491
3682.000,2.70178182,-0.73506511,-2.59986621,125.90135048,0.05407599
3684.000,2.74991849,-0.66457911,-2.66840521,125.99966564,0.09831516
3686.000,2.74569371,-0.62152953,-2.67442237,126.04313370,0.04346806
3688.000,2.78840156,-0.75033510,-2.68555032,126.17241906,0.12928536
3690.000,2.77243645,-0.75570490,-2.66745458,126.19129472,0.01887566
3692.000,2.79691249,-0.74635827,-2.69549046,126.22084755,0.02955283
3694.000,2.85344945,-0.71215042,-2.76315319,126.29666590,0.07581835
3696.000,2.83527416,-0.63173499,-2.76399900,126.37708578,0.08041988
3698.000,2.88057902,-0.68528926,-2.79787671,126.44045579,0.06337001
3700.000,2.85620961,-0.82602951,-2.73415592,126.59494902,0.15449323
3702.000,2.86493820,-0.66127464,-2.78757721,126.76814834,0.17319932
3704.000,2.93176932,-0.68822162,-2.84984602,126.83599776,0.06784942
3706.000,2.96695922,-0.73823977,-2.87364735,126.89139017,0.05539240
3708.000,2.99150830,-0.90405679,-2.85163167,127.05866232,0.16727215
3710.000,3.06055733,-0.96990908,-2.90280684,127.14206149,0.08339918
3712.000,2.99597612,-0.96749911,-2.83545735,127.20945409,0.06739260
3714.000,3.01919218,-0.99930556,-2.84901910,127.24403113,0.03457704
3716.000,3.04815554,-0.93426438,-2.90144831,127.32757260,0.08354147
3718.000,3.08881443,-0.92505094,-2.94704180,127.37408769,0.04651509
3720.000,3.24363960,-1.08684645,-3.05613524,127.56922653,0.19513884
3722.000,3.36064687,-1.24039098,-3.12335998,127.73684242,0.16761589
3724.000,3.36361997,-1.12756939,-3.16899457,127.85854381,0.12170139
3726.000,3.38927206,-1.26194135,-3.14557930,127.99494065,0.13639685
3728.000,3.41409616,-1.07910615,-3.23907124,128.20029268,0.20535203
3730.000,3.42527507,-1.05522772,-3.25868129,128.23119143,0.03089876
3732.000,3.39750696,-0.98058681,-3.25292223,128.30605419,0.07486275
3734.000,3.33262512,-0.96904442,-3.18862715,128.37137711,0.06532292
3736.000,3.30822693,-0.69160932,-3.23512627,128.65268192,0.28130481
3738.000,3.27864740,-0.78720562,-3.18274034,128.76169081,0.10900889
3740.000,3.24708123,-0.83384964,-3.13818918,128.82619252,0.06450171
3742.000,3.25774180,-0.77481323,-3.16426075,128.89072953,0.06453700
3744.000,3.24843786,-0.77799991,-3.15389674,128.90157238,0.01084286
3746.000,3.23697015,-0.90258713,-3.10858686,129.03414297,0.13257059
3748.000,3.27646375,-1.01070753,-3.11667852,129.14256574,0.10842276
3750.000,3.21353389,-0.91823727,-3.07955198,129.24221075,0.09964501
3752.000,3.18809918,-0.87302529,-3.06623600,129.28934289,0.04713214
3754.000,3.12879559,-0.87096524,-3.00512586,129.35048775,0.06114486
3756.000,3.17007404,-0.91911530,-3.03390779,129.40658434,0.05609660
3758.000,3.22781881,-0.97652059,-3.07656007,129.47810066,0.07151632
3760.000,3.14710365,-0.84441596,-3.03170300,129.61761335,0.13951268
3762.000,3.24185184,-0.93209438,-3.10496432,129.73187063,0.11425728
3764.000,3.18849260,-0.93435984,-3.04851714,129.78836324,0.05649261
3766.000,3.11951979,-0.85280973,-3.00068647,129.88290526,0.09454202
3768.000,3.13901549,-0.88213429,-3.01251678,129.91452624,0.03162098
3770.000,3.23587251,-0.83766599,-3.12556980,130.03601046,0.12148422
3772.000,3.24842103,-0.90259482,-3.12050665,130.10113640,0.06512594
3774.000,3.22081109,-0.89760374,-3.09320733,130.12888823,0.02775183
3776.000,3.27995028,-0.91347196,-3.15018140,130.18803081,0.05914258
3778.000,3.27290979,-0.85684021,-3.15875978,130.24530859,0.05727778
3780.000,3.25079235,-0.85582098,-3.13611564,130.26797565,0.02266706
3782.000,3.21781059,-0.89382972,-3.09117670,130.32683287,0.05885722
3784.000,3.24372500,-0.85352088,-3.12941752,130.38239512,0.05556225
3786.000,3.30439836,-0.95383106,-3.16374064,130.48841497,0.10601985
3788.000,3.23606447,-0.88587068,-3.11245023,130.57355791,0.08514294
3790.000,3.32764398,-0.86358967,-3.21363149,130.67716336,0.10360546
3792.000,3.31978934,-0.90725973,-3.19341213,130.72528712,0.04812376
3794.000,3.32385627,-0.84399178,-3.21491809,130.79211032,0.06682320
3796.000,3.23186940,-0.74237819,-3.14544980,130.91520039,0.12309007
3798.000,3.22629710,-0.74975679,-3.13797032,130.92570688,0.01050649
3800.000,3.31170675,-0.72736154,-3.23084304,131.02124163,0.09553476
3802.000,3.40202161,-0.98221383,-3.25714707,131.27744779,0.25620615
3804.000,3.39864475,-0.92819739,-3.26943966,131.33284530,0.05539751
3806.000,3.34689070,-0.92347469,-3.21696625,131.38553080,0.05268551
3808.000,3.35291028,-1.07405370,-3.17622669,131.54152359,0.15599279
3810.000,3.35875352,-1.12113270,-3.16611539,131.58967617,0.04815258
3812.000,3.37672557,-1.13580335,-3.17997269,131.60985667,0.02018050
3814.000,3.33048283,-1.09074435,-3.14680674,131.66580570,0.05594903
3816.000,3.39493524,-1.03941094,-3.23190504,131.76518800,0.09938230
3818.000,3.39317946,-1.06365022,-3.22216000,131.79131286,0.02612486
3820.000,3.35482375,-1.01669376,-3.19705743,131.84455803,0.05324517
3822.000,3.33666902,-1.09685763,-3.15123206,131.93689551,0.09233748
3824.000,3.32515557,-1.05751005,-3.15251203,131.97626390,0.03936839
3826.000,3.30772774,-1.07737225,-3.12735221,132.00831890,0.03205500
3828.000,3.33864543,-1.05284230,-3.16829235,132.05604534,0.04772644
3830.000,3.30661626,-1.11012914,-3.11469491,132.13449575,0.07845041
3832.000,3.40486831,-1.22863488,-3.17546603,132.26767510,0.13317934
3834.000,3.44287942,-1.21220741,-3.22241709,132.31741707,0.04974197
3836.000,3.36442776,-1.11856827,-3.17303942,132.42327756,0.10586049
3838.000,3.42866861,-1.07820969,-3.25472462,132.51438895,0.09111139
3840.000,3.41451106,-1.05859246,-3.24626983,132.53575058,0.02136163
3842.000,3.39580044,-1.06382684,-3.22486172,132.55778931,0.02203873
3844.000,3.38054466,-1.02104692,-3.22266123,132.60062578,0.04283647
3846.000,3.30082375,-0.97493690,-3.15355917,132.68369942,0.08307363
3848.000,3.29972127,-0.98956953,-3.14784253,132.69940909,0.01570967
3850.000,3.28290297,-1.03157647,-3.11661706,132.75175040,0.05234131
3852.000,3.34120378,-1.08965584,-3.15852701,132.82337203,0.07162163
3854.000,3.37110207,-0.96392015,-3.23035402,132.96817735,0.14480533
3856.000,3.38109515,-1.06034548,-3.21052517,133.06662037,0.09844301
3858.000,3.47447731,-0.99453414,-3.32909814,133.20223262,0.13561225
3860.000,3.45736186,-0.95911588,-3.32166340,133.23842279,0.03619017
3862.000,3.43584859,-0.94075096,-3.30454887,133.26352613,0.02510334
3864.000,3.31488032,-0.92136136,-3.18426204,133.38536568,0.12183955
3866.000,3.28985879,-0.84432710,-3.17966706,133.46253685,0.07717117
3868.000,3.31182912,-0.88600702,-3.19111323,133.50575988,0.04322303
3870.000,3.28848676,-0.88463812,-3.16726389,133.52964848,0.02388859
3872.000,3.30712559,-0.85025768,-3.19595706,133.57442919,0.04478072
3874.000,3.30410887,-0.94469065,-3.16617987,133.67344569,0.09901650
3876.000,3.25437788,-0.90427398,-3.12622199,133.73028000,0.05683431
3878.000,3.28689896,-0.87362456,-3.16867242,133.78263863,0.05235862
3880.000,3.30144754,-0.89386841,-3.17813706,133.80498572,0.02234709
3882.000,3.32110347,-0.91642162,-3.19216222,133.83154419,0.02655848
3884.000,3.25991912,-0.89308019,-3.13520022,133.89310305,0.06155885
3886.000,3.31356947,-0.95076439,-3.17423844,133.96275540,0.06965235
3888.000,3.29374746,-0.89854303,-3.16881567,134.01525756,0.05250216
3890.000,3.23647589,-0.87494415,-3.11596677,134.07313600,0.05787843
3892.000,3.28003383,-0.88870620,-3.15734433,134.11674215,0.04360615
3894.000,3.30146603,-0.90530775,-3.17491667,134.14091649,0.02417434
3896.000,3.29763878,-0.95431567,-3.15653340,134.19325882,0.05234234
3898.000,3.34451183,-0.83346305,-3.23899656,134.33956511,0.14630628
3900.000,3.35879299,-0.87748101,-3.24214704,134.38369567,0.04413056
3902.000,3.38849482,-0.92186756,-3.26068357,134.43179732,0.04810164
3904.000,3.33495862,-0.81382928,-3.23413526,134.54304965,0.11125233
3906.000,3.35989756,-0.74319636,-3.27667068,134.62550128,0.08245163
3908.000,3.38488710,-0.72224532,-3.30693549,134.66231031,0.03680904
3910.000,3.38924987,-0.74211465,-3.30700477,134.68217976,0.01986945
3912.000,3.46583194,-0.70026433,-3.39435133,134.77903465,0.09685489
3914.000,3.50450413,-0.68870985,-3.43616472,134.82241513,0.04338047
3916.000,3.54573086,-0.58145724,-3.49772995,134.94608161,0.12366649
3918.000,3.47069955,-0.63576154,-3.41197343,135.04758599,0.10150438
3920.000,3.52271448,-0.59930851,-3.47136092,135.11726883,0.06968284
3922.000,3.59918385,-0.61730198,-3.54585147,135.19390177,0.07663294
3924.000,3.57345429,-0.47205282,-3.54213801,135.33919838,0.14529661
3926.000,3.48686646,-0.50840328,-3.44960343,135.43861671,0.09941833
3928.000,3.42628254,-0.47800908,-3.39277458,135.50306300,0.06444629
3930.000,3.36844555,-0.63272654,-3.30848644,135.67925035,0.17618735
3932.000,3.42365632,-0.61384557,-3.36817699,135.74185589,0.06260553
3934.000,3.43842237,-0.75522034,-3.35445832,135.88389471,0.14203883
3936.000,3.49665618,-0.69452536,-3.42698687,135.97846887,0.09457416
3938.000,3.64747210,-0.78813012,-3.56130645,136.14218692,0.16371805
3940.000,3.60060752,-0.73604248,-3.52457317,136.20592432,0.06373740
3942.000,3.59766281,-0.85748776,-3.49397945,136.33116382,0.12523950
3944.000,3.46810644,-0.84719537,-3.36303766,136.46250950,0.13134568
3946.000,3.34581645,-0.81776289,-3.24434147,136.58480037,0.12229086
3948.000,3.38851772,-0.69736097,-3.31598251,136.72490411,0.14010375
3950.000,3.39714159,-0.61663067,-3.34070914,136.80933627,0.08443216
3952.000,3.37534642,-0.75214142,-3.29047819,136.95385724,0.14452097
3954.000,3.30294682,-0.76183029,-3.21388741,137.03105842,0.07720118
3956.000,3.39034575,-0.79252751,-3.29641388,137.11910918,0.08805077
3958.000,3.41616605,-0.85467977,-3.30752369,137.18224658,0.06313740
3960.000,3.45456195,-0.82752193,-3.35398356,137.23606171,0.05381512
3962.000,3.46591373,-0.73995134,-3.38600502,137.32930324,0.09324153
3964.000,3.42212518,-0.78139399,-3.33172090,137.39759861,0.06829538
3966.000,3.42213495,-0.87898495,-3.30732416,137.49819283,0.10059422
3968.000,3.53078869,-0.84970136,-3.42702150,137.62142020,0.12322736
3970.000,3.60236060,-0.90200559,-3.48760488,137.70145817,0.08003798
3972.000,3.54232550,-0.90531903,-3.42468501,137.76446522,0.06300705
3974.000,3.55055451,-1.02116162,-3.40053911,137.88279751,0.11833229
3976.000,3.59175468,-1.07763269,-3.42628216,137.94485946,0.06206195
3978.000,3.63523235,-1.17803742,-3.43906123,138.04607416,0.10121469
3980.000,3.71757249,-1.11680682,-3.54585500,138.16917613,0.12310198
3982.000,3.64787060,-1.06691217,-3.48836041,138.24530172,0.07612558
3984.000,3.76901858,-1.05343326,-3.61880912,138.37644495,0.13114323
3986.000,3.73702592,-1.07269481,-3.57976097,138.41998533,0.04354039
3988.000,3.84021462,-1.13616594,-3.66829324,138.52891902,0.10893369
3990.000,3.85653530,-1.15293226,-3.68016463,138.54946261,0.02054359
3992.000,3.84522554,-1.20304811,-3.65218218,138.60686136,0.05739875
3994.000,3.90253363,-1.23006480,-3.70360761,138.66495160,0.05809024
3996.000,3.89998796,-1.31599149,-3.67124945,138.75676906,0.09181746
3998.000,3.95592937,-1.23090450,-3.75955467,138.87939699,0.12262793
4000.000,3.82142300,-1.22088586,-3.62114781,139.01816598,0.13876898
4002.000,3.81359644,-1.23287873,-3.60881253,139.03537028,0.01720431
4004.000,3.79961341,-1.15670843,-3.61926618,139.11225456,0.07688428
4006.000,3.83237467,-1.21236900,-3.63555457,139.17024948,0.05799492
4008.000,3.82391131,-1.20098616,-3.63041733,139.18273788,0.01248840
4010.000,3.83300815,-1.09289612,-3.67389841,139.29924566,0.11650777
4012.000,3.78263104,-0.98287233,-3.65270579,139.41129191,0.11204625
4014.000,3.87822381,-1.13767172,-3.70760340,139.57553746,0.16424555
4016.000,3.82955792,-1.15436192,-3.65143293,139.63413510,0.05859764
4018.000,3.88507470,-1.06830157,-3.73530951,139.75430858,0.12017348
4020.000,3.85048170,-1.13253672,-3.68015895,139.83897109,0.08466251
4022.000,3.80105090,-1.19499040,-3.60832176,139.93416060,0.09518952
4024.000,3.89997750,-1.31010327,-3.67334370,140.06636812,0.13220751
4026.000,3.80346146,-1.35389398,-3.55433400,140.19317874,0.12681062
4028.000,3.84505364,-1.37163483,-3.59208233,140.23488813,0.04170939
4030.000,3.85798936,-1.27808046,-3.64013630,140.34006229,0.10517416
4032.000,3.77887098,-1.25418788,-3.56467090,140.41921961,0.07915732
4034.000,3.81650668,-1.29840750,-3.58885235,140.46961919,0.05039958
4036.000,3.78277878,-1.18766204,-3.59150027,140.58039630,0.11077711
4038.000,3.74629576,-1.15255606,-3.56459625,140.62462589,0.04422959
4040.000,3.78060446,-1.14828140,-3.60200221,140.66227530,0.03764941
4042.000,3.84821315,-1.19556275,-3.65778268,140.73539840,0.07312309
4044.000,3.82085173,-1.17142397,-3.63684944,140.76734962,0.03195123
4046.000,3.74243819,-1.03246111,-3.59720275,140.91185754,0.14450792
4048.000,3.79191006,-0.95076394,-3.67078055,141.02180352,0.10994598
4050.000,3.69700725,-1.07592905,-3.53698166,141.20502047,0.18321694
4052.000,3.72663826,-1.02184247,-3.58380673,141.27656028,0.07153982
4054.000,3.66559382,-1.04075033,-3.51474278,141.34816570,0.07160542
4056.000,3.73006526,-1.15430310,-3.54696648,141.46620213,0.11803643
4058.000,3.72710433,-1.15086793,-3.54496964,141.47017552,0.00397339
4060.000,3.71190801,-1.18488344,-3.51771408,141.51376360,0.04358808
4062.000,3.72316203,-1.21397148,-3.51968873,141.54291858,0.02915499
4064.000,3.71873281,-1.24535096,-3.50400838,141.57799771,0.03507913
4066.000,3.84647366,-1.44858381,-3.56328003,141.78969731,0.21169959
4068.000,3.75240802,-1.39597783,-3.48307506,141.88561511,0.09591781
4070.000,3.77295115,-1.37868949,-3.51203299,141.91934119,0.03372608
4072.000,3.84456405,-1.48811130,-3.54488329,142.03358775,0.11424655
4074.000,3.90929334,-1.59914783,-3.56725394,142.14685538,0.11326764
4076.000,3.90254971,-1.62894276,-3.54632764,142.18326483,0.03640945
4078.000,3.91251931,-1.56502335,-3.58587636,142.25842994,0.07516511
4080.000,3.90397316,-1.64886424,-3.53867957,142.35464238,0.09621243
4082.000,3.86815712,-1.66450017,-3.49171572,142.40414072,0.04949834
4084.000,3.86838960,-1.61324665,-3.51594558,142.46083296,0.05669224
4086.000,3.75341339,-1.60458304,-3.39314387,142.58393989,0.12310694
4088.000,3.81116205,-1.74372839,-3.38885932,142.72315119,0.13921129
4090.000,3.95088790,-1.80277124,-3.51561248,142.86298116,0.13982998
4092.000,3.98250704,-1.81322375,-3.54578369,142.89491166,0.03193050
4094.000,3.94130337,-1.74559852,-3.53366072,142.96361492,0.06870326
4096.000,3.97951937,-1.79035837,-3.55403873,143.01279528,0.04918036
4098.000,3.97744158,-1.77032037,-3.56174217,143.03426304,0.02146776
4100.000,3.97215400,-1.76052850,-3.56069470,143.04411077,0.00984773
4102.000,4.10318648,-1.80595418,-3.68438173,143.17587562,0.13176484
4104.000,4.15058179,-1.69922287,-3.78681539,143.32380880,0.14793318
4106.000,4.17675786,-1.67901816,-3.82442208,143.36649948,0.04269068
4108.000,4.12732013,-1.65369578,-3.78154224,143.41629811,0.04979863
4110.000,4.09638213,-1.72550761,-3.71523485,143.51404068,0.09774257
4112.000,4.10866388,-1.64015678,-3.76709498,143.61391179,0.09987111
4114.000,4.03721483,-1.71394880,-3.65533625,143.74783444,0.13392265
4116.000,3.92486136,-1.68733311,-3.54364836,143.86264986,0.11481542
4118.000,3.93438224,-1.59699935,-3.59568584,143.96689998,0.10425012
4120.000,3.98463375,-1.66880074,-3.61834357,144.04219150,0.07529152
4122.000,3.92802939,-1.54316198,-3.61221068,144.16797986,0.12578836
4124.000,4.00132488,-1.58757503,-3.67290162,144.24318565,0.07520578
4126.000,3.99320057,-1.53380380,-3.68688171,144.29874452,0.05555887
4128.000,4.07765935,-1.56751371,-3.76433349,144.38321425,0.08446973
4130.000,4.07006233,-1.54168250,-3.76677879,144.40916094,0.02594669
4132.000,4.06481418,-1.58621364,-3.74254467,144.45985922,0.05069828
4134.000,4.04735793,-1.61613171,-3.71069057,144.50356019,0.04370097
4136.000,4.02817431,-1.53943999,-3.72240685,144.58114171,0.07758152
4138.000,3.99555222,-1.47776680,-3.71222882,144.64364911,0.06250740
4140.000,3.94286359,-1.41491569,-3.68024277,144.71417123,0.07052212
4142.000,3.97126081,-1.34511510,-3.73651947,144.80383275,0.08966153
4144.000,4.07070584,-1.28461244,-3.86269555,144.94376479,0.13993203
4146.000,4.07241462,-1.31212178,-3.85524283,144.97226578,0.02850099
4148.000,4.13102594,-1.23525801,-3.94201890,145.08818870,0.11592293
4150.000,4.10314279,-1.28364391,-3.89718348,145.15415392,0.06596522
4152.000,4.17216293,-1.24181205,-3.98306996,145.24968608,0.09553216
4154.000,4.10987950,-1.16395486,-3.94161370,145.33789245,0.08820637
4156.000,4.05453925,-1.28595264,-3.84520667,145.49338449,0.15549204
4158.000,4.06970022,-1.39373408,-3.82360631,145.60330907,0.10992458
4160.000,4.09998189,-1.31834596,-3.88224361,145.69881667,0.09550760
4162.000,4.14130869,-1.36500742,-3.90988394,145.75305023,0.05423356
4164.000,4.07102569,-1.30989611,-3.85453270,145.83115923,0.07810900
4166.000,4.00325311,-1.30715696,-3.78383088,145.90191409,0.07075486
4168.000,3.95821757,-1.36280759,-3.71621337,145.98948761,0.08757352
4170.000,3.92518148,-1.24467542,-3.72261102,146.10779290,0.11830529
4172.000,3.93259473,-1.16704105,-3.75543826,146.19208241,0.08428951
4174.000,3.83292700,-1.32090895,-3.59812853,146.41213167,0.22004927
4176.000,3.87252265,-1.30220678,-3.64701099,146.46446967,0.05233800
4178.000,3.78868765,-1.29103727,-3.56193443,146.55027631,0.08580664
4180.000,3.80628211,-1.31822028,-3.57072524,146.57884542,0.02856911
4182.000,3.81660206,-1.31080778,-3.58444336,146.59443811,0.01559268
4184.000,3.78214792,-1.29303618,-3.55425102,146.62947248,0.03503437
4186.000,3.79140961,-1.42247438,-3.51444924,146.76489193,0.13541945
4188.000,3.72962450,-1.47962925,-3.42356484,146.87225418,0.10736225
4190.000,3.73191675,-1.46117273,-3.43397392,146.89344361,0.02118943
4192.000,3.65509903,-1.47906862,-3.34246988,146.98668122,0.09323760
4194.000,3.71608002,-1.53068973,-3.38618365,147.05432464,0.06764342
4196.000,3.74783060,-1.51096060,-3.42975688,147.10215627,0.04783163
4198.000,3.69897624,-1.44914768,-3.40329197,147.16939635,0.06724008
4200.000,3.68841699,-1.61871786,-3.31423783,147.36092881,0.19153246
4202.000,3.74114021,-1.62508131,-3.36975382,147.41680832,0.05587950
4204.000,3.67225717,-1.62563976,-3.29283587,147.49372829,0.07691998
4206.000,3.66255687,-1.61354837,-3.28797575,147.50675989,0.01303160
4208.000,3.66353701,-1.59646464,-3.29739353,147.52626754,0.01950765
4210.000,3.71247390,-1.60766639,-3.34632204,147.57646195,0.05019441
4212.000,3.74461512,-1.58998362,-3.39029416,147.62385634,0.04739439
4214.000,3.57586674,-1.48318921,-3.25376286,147.79719370,0.17333737
4216.000,3.69544406,-1.56586616,-3.34729293,147.92202700,0.12483330
4218.000,3.68090234,-1.50639119,-3.35854546,147.98255709,0.06053009
4220.000,3.70697158,-1.62488129,-3.33187621,148.10401141,0.12145432
4222.000,3.73344025,-1.59345669,-3.37631039,148.15843476,0.05442335
4224.000,3.77831285,-1.68123775,-3.38365005,148.24652213,0.08808736
4226.000,3.81307857,-1.77480390,-3.37485396,148.34050083,0.09397870
4228.000,3.81524966,-1.85897036,-3.33172015,148.43507629,0.09457547
4230.000,3.89408955,-1.85079041,-3.42615065,148.52986042,0.09478412
4232.000,3.91970529,-1.90969986,-3.42303023,148.58885246,0.05899204
4234.000,3.90818657,-1.90497320,-3.41247701,148.60041584,0.01156338
4236.000,3.92505769,-1.76592913,-3.50536334,148.76763163,0.16721580
4238.000,3.85097816,-1.69375149,-3.45850238,148.85368721,0.08605557
4240.000,3.83192280,-1.66970414,-3.44901731,148.87953758,0.02585037
4242.000,3.81748163,-1.61447546,-3.45928244,148.93571213,0.05617455
4244.000,3.75821188,-1.40612083,-3.48525189,149.14567894,0.20996681
4246.000,3.83802978,-1.47234641,-3.54438551,149.23446301,0.08878407
4248.000,3.79402387,-1.47226537,-3.49672014,149.28212844,0.04766543
4250.000,3.76164357,-1.43164357,-3.47855703,149.32662596,0.04449752
4252.000,3.83471176,-1.49021267,-3.53331013,149.40680227,0.08017631
4254.000,3.86166672,-1.58618604,-3.52086406,149.50357929,0.09677702
4256.000,3.87721034,-1.58337161,-3.53916577,149.52209614,0.01851685
4258.000,3.82217612,-1.63697198,-3.45388955,149.62281869,0.10072255
4260.000,3.73410723,-1.53532308,-3.40387131,149.73610737,0.11328867
4262.000,3.72682024,-1.43844066,-3.43803396,149.83883658,0.10272921
4264.000,3.70181399,-1.48566973,-3.39060648,149.90576902,0.06693244
4266.000,3.68984890,-1.47665080,-3.38149188,149.91859153,0.01282251
4268.000,3.81464223,-1.61519587,-3.45581215,150.07581188,0.15722035
4270.000,3.89141415,-1.59146242,-3.55110567,150.17401642,0.09820453
4272.000,3.82853905,-1.44779009,-3.54423689,150.31785285,0.14383643
4274.000,3.82252931,-1.49592485,-3.51766104,150.37283677,0.05498392
4276.000,3.74831678,-1.54969818,-3.41296268,150.49053688,0.11770011
4278.000,3.71953725,-1.36729375,-3.45911335,150.67868911,0.18815223
4280.000,3.81306573,-1.39708326,-3.54790483,150.77234455,0.09365544
4282.000,3.78475291,-1.40837158,-3.51295375,150.80907334,0.03672879
4284.000,3.74787218,-1.41374665,-3.47100364,150.85136640,0.04229306
4286.000,3.77188419,-1.38595101,-3.50802653,150.89766209,0.04629570
4288.000,3.82883467,-1.28124174,-3.60810123,151.04250331,0.14484122
4290.000,3.73185200,-1.30021560,-3.49802212,151.15420568,0.11170237
4292.000,3.82839314,-1.39984327,-3.56328961,151.27330865,0.11910297
4294.000,3.78826235,-1.39774091,-3.52097316,151.31567730,0.04236865
4296.000,3.84372012,-1.43488219,-3.56585158,151.37393146,0.05825416
4298.000,3.92973274,-1.42759599,-3.66125240,151.46961012,0.09567866
4300.000,3.89401151,-1.33217639,-3.65904793,151.56505518,0.09544507
4302.000,3.85871752,-1.25789667,-3.64793050,151.64016227,0.07510709
4304.000,3.85727982,-1.28434941,-3.63717668,151.66871735,0.02855508
4306.000,3.93693220,-1.27790547,-3.72376057,151.75554070,0.08682335
4308.000,3.88796502,-1.31411345,-3.65914988,151.82960525,0.07406455
4310.000,3.88789332,-1.20003273,-3.69805839,151.95013857,0.12053332
4312.000,3.88872994,-1.32948901,-3.65440549,152.08675667,0.13661810
4314.000,3.73611022,-1.27234233,-3.51278587,152.23947163,0.15271496
4316.000,3.84345719,-1.26387063,-3.62970994,152.35670220,0.11723057
4318.000,3.75421146,-1.27069030,-3.53262648,152.45402488,0.09732269
4320.000,3.78695967,-1.31616980,-3.55088166,152.50303138,0.04900649
4322.000,3.80810112,-1.37644525,-3.55063834,152.56330731,0.06027594
4324.000,3.81722954,-1.47069329,-3.52254207,152.66165412,0.09834681
4326.000,3.82276948,-1.46371847,-3.53144372,152.67296285,0.01130873
4328.000,3.85330995,-1.59264188,-3.50877320,152.80386434,0.13090148
4330.000,3.77679642,-1.59392388,-3.42397399,152.88867324,0.08480890
4332.000,3.63844335,-1.51313343,-3.30888157,153.02929102,0.14061779
4334.000,3.78490423,-1.69372695,-3.38478788,153.22518842,0.19589739
4336.000,3.76833216,-1.61777783,-3.40339862,153.30338451,0.07819609
4338.000,3.73662291,-1.53367713,-3.40737219,153.38757903,0.08419452
4340.000,3.75134135,-1.50104433,-3.43793948,153.43229210,0.04471307
4342.000,3.63444626,-1.46310955,-3.32693704,153.54959764,0.11730554
4344.000,3.63835255,-1.48222597,-3.32274216,153.56916891,0.01957127
4346.000,3.57922476,-1.34901640,-3.31526841,153.70258796,0.13341906
4348.000,3.50565346,-1.35803365,-3.23192679,153.78641598,0.08382802
4350.000,3.54952411,-1.30432265,-3.30119127,153.87406552,0.08764953
4352.000,3.53171749,-1.32256349,-3.27472965,153.90620499,0.03213948
4354.000,3.47978221,-1.32692520,-3.21685463,153.96424413,0.05803914
4356.000,3.51770232,-1.45806008,-3.20129512,154.09629887,0.13205474
4358.000,3.43745903,-1.48618431,-3.09957752,154.20183295,0.10553408
4360.000,3.47707802,-1.47446786,-3.14897064,154.25259668,0.05076372
4362.000,3.40786844,-1.45596910,-3.08118830,154.32285798,0.07026130
4364.000,3.54156938,-1.48007573,-3.21746632,154.46125173,0.13839375
4366.000,3.52445231,-1.36488881,-3.24943728,154.58079322,0.11954150
4368.000,3.47440063,-1.41210020,-3.17449725,154.66936480,0.08857158
4370.000,3.55653353,-1.43707888,-3.25326529,154.75199856,0.08263376
4372.000,3.61897171,-1.43469520,-3.32243975,154.82121408,0.06921552
4374.000,3.45895759,-1.48652530,-3.12324033,155.02704598,0.20583190
4376.000,3.50442785,-1.56642485,-3.13485690,155.10778558,0.08073961
4378.000,3.48406822,-1.49962497,-3.14481420,155.17532352,0.06753793
4380.000,3.41828593,-1.51526861,-3.06408874,155.25755078,0.08222727
4382.000,3.46054402,-1.54733047,-3.09534058,155.30232400,0.04477322
4384.000,3.43499851,-1.49787662,-3.09121018,155.35195004,0.04962604
4386.000,3.41272663,-1.55665682,-3.03702528,155.43189450,0.07994445
4388.000,3.51077355,-1.61107322,-3.11929062,155.53052882,0.09863433
4390.000,3.54543408,-1.68180834,-3.12115740,155.60128858,0.07075975
4392.000,3.63871555,-1.66475501,-3.23555893,155.71695416,0.11566558
4394.000,3.64605118,-1.69991787,-3.22551833,155.75352245,0.03656829
4396.000,3.53911490,-1.59045261,-3.16161269,155.88027645,0.12675399
4398.000,3.58158483,-1.54345336,-3.23195013,155.96487128,0.08459483
4400.000,3.48009927,-1.48227319,-3.14864370,156.06822975,0.10335848
4402.000,3.56097663,-1.48808862,-3.23514247,156.15492379,0.08669404
4404.000,3.56214391,-1.49532962,-3.23308808,156.16245058,0.00752679
4406.000,3.58385445,-1.46282447,-3.27172085,156.21293895,0.05048837
4408.000,3.58416487,-1.55042035,-3.23147559,156.30933770,0.09639875
4410.000,3.67826791,-1.53749642,-3.34152055,156.42013896,0.11080126
4412.000,3.70120815,-1.56877502,-3.35229573,156.45322152,0.03308256
4414.000,3.65407032,-1.53405945,-3.31645767,156.50311679,0.04989527
4416.000,3.54822840,-1.62433475,-3.15459370,156.68845317,0.18533638
4418.000,3.58374928,-1.63858308,-3.18720950,156.72404538,0.03559221
4420.000,3.56465830,-1.63049870,-3.16989949,156.74315019,0.01910481
4422.000,3.60349969,-1.60732291,-3.22517023,156.80308326,0.05993307
4424.000,3.52633858,-1.54451877,-3.17009867,156.88661312,0.08352986
4426.000,3.56146523,-1.61585052,-3.17380870,156.95804128,0.07142816
4428.000,3.52539079,-1.60744148,-3.13759654,156.99521698,0.03717569
4430.000,3.56673644,-1.62391211,-3.17561306,157.03664809,0.04143111
4432.000,3.52045693,-1.56610215,-3.15292579,157.09875045,0.06210236
4434.000,3.58781092,-1.61461245,-3.20396845,157.16916780,0.07041735
4436.000,3.54729956,-1.61529553,-3.15818849,157.21495286,0.04578506
4438.000,3.51704483,-1.56826770,-3.14803760,157.26306374,0.04811088
4440.000,3.51625629,-1.56944536,-3.14656949,157.26494581,0.00188208
4442.000,3.47166235,-1.56946199,-3.09664795,157.31486736,0.04992154
4444.000,3.42498285,-1.50966240,-3.07431732,157.37870033,0.06383297
4446.000,3.48360241,-1.46045907,-3.16268005,157.47983855,0.10113822
4448.000,3.47873059,-1.39353035,-3.18741897,157.55119307,0.07135452
4450.000,3.33605955,-1.31919250,-3.06415150,157.69514092,0.14394785
4452.000,3.35288645,-1.39496779,-3.04891988,157.77243190,0.07729098
4454.000,3.43904081,-1.46162730,-3.11298046,157.86488323,0.09245133
4456.000,3.32569865,-1.45874950,-2.98869895,157.98919806,0.12431483
4458.000,3.28632799,-1.43443312,-2.95674708,158.02935037,0.04015231
4460.000,3.31919072,-1.39412232,-3.01221679,158.09792040,0.06857003
4462.000,3.29766320,-1.50444505,-2.93448934,158.23287470,0.13495430
4464.000,3.28620450,-1.47264652,-2.93776314,158.26484132,0.03196662
4466.000,3.24160714,-1.47414261,-2.88702622,158.31560029,0.05075897
4468.000,3.21150743,-1.45857861,-2.86117605,158.34577427,0.03017398
4470.000,3.14930481,-1.39766455,-2.82217197,158.41810574,0.07233146
4472.000,3.16151609,-1.53712392,-2.76268602,158.56972200,0.15161626
4474.000,3.08990697,-1.58353788,-2.65328718,158.68855954,0.11883754
4476.000,3.04376698,-1.59146874,-2.59456059,158.74781924,0.05925969
4478.000,3.03287103,-1.63538303,-2.55417874,158.80747792,0.05965868
4480.000,3.05079492,-1.60746826,-2.59295111,158.85525376,0.04777584
4482.000,3.05484285,-1.58566153,-2.61108069,158.88361244,0.02835869
4484.000,3.04178916,-1.59762123,-2.58845277,158.90920653,0.02559408
4486.000,3.13952558,-1.80015700,-2.57216945,159.11239581,0.20318928
4488.000,3.10113779,-1.76721932,-2.54833111,159.15305483,0.04065903
4490.000,3.18088457,-1.78638840,-2.63188965,159.23878395,0.08572912
4492.000,3.20630911,-1.82597457,-2.63557110,159.27854093,0.03975698
4494.000,3.06615631,-1.81837845,-2.46876777,159.44551713,0.16697620
4496.000,3.16580291,-1.78733554,-2.61299439,159.59304673,0.14752959
4498.000,3.17460650,-1.80878734,-2.60891065,159.61488377,0.02183704
4500.000,3.13804697,-1.76234115,-2.59643842,159.66297539,0.04809163
4502.000,3.23293770,-1.90458137,-2.61236598,159.80610459,0.14312920
4504.000,3.22356619,-1.86664226,-2.62812207,159.84718536,0.04108077
4506.000,3.17338389,-1.82653506,-2.59502119,159.89918782,0.05200246
4508.000,3.25649416,-1.99575702,-2.57326798,160.06980222,0.17061440
4510.000,3.15879763,-1.96352593,-2.47438243,160.17380797,0.10400575
4512.000,3.29945672,-1.92483701,-2.67981661,160.38285350,0.20904554
4514.000,3.30691107,-1.96309196,-2.66118973,160.42540232,0.04254882
4516.000,3.19801772,-1.91691897,-2.55983183,160.53678171,0.11137939
4518.000,3.20509782,-1.92166968,-2.56511943,160.54389000,0.00710830
4520.000,3.08780524,-1.90052858,-2.43362535,160.67707273,0.13318272
4522.000,3.17094871,-1.95528922,-2.49634929,160.76033748,0.08326476
4524.000,3.12954233,-1.87445379,-2.50608423,160.84175698,0.08141950
4526.000,3.12465280,-1.90428953,-2.47732447,160.88319724,0.04144026
4528.000,3.12485882,-1.92690401,-2.46003732,160.91166231,0.02846507
4530.000,3.13308853,-1.81821804,-2.55153423,161.05373386,0.14207155
4532.000,3.11730783,-1.75900029,-2.57362120,161.11693651,0.06320265
4534.000,3.19342690,-1.79176142,-2.64340054,161.19402378,0.07708727
4536.000,3.15620668,-1.80842581,-2.58674249,161.25308169,0.05905791
4538.000,3.15986933,-1.81428883,-2.58710847,161.25895612,0.00587443
4540.000,3.10701426,-1.88101366,-2.47291836,161.39121188,0.13225575
4542.000,3.04350881,-1.86373916,-2.40612182,161.46020598,0.06899410
4544.000,2.97566238,-1.95509289,-2.24325174,161.64694689,0.18674091
4546.000,2.94011773,-1.89429894,-2.24853814,161.70797024,0.06102336
4548.000,3.08424708,-2.09259555,-2.26575019,161.90701245,0.19904221
4550.000,3.05935878,-2.00678628,-2.30921739,162.00320303,0.09619058
4552.000,3.17201576,-2.14624788,-2.33565923,162.14514917,0.14194614
4554.000,3.26965007,-2.21496707,-2.40510550,162.24284826,0.09769909
4556.000,3.13496496,-2.14449494,-2.28673277,162.38061047,0.13776221
4558.000,3.22052466,-2.20535834,-2.34694986,162.46622853,0.08561806
4560.000,3.26529972,-2.23763802,-2.37805768,162.51105792,0.04482939
4562.000,3.37106937,-2.39088394,-2.37650640,162.66431170,0.15325378
4564.000,3.37343856,-2.38964162,-2.38111332,162.66908318,0.00477149
4566.000,3.45384093,-2.41632191,-2.46787471,162.75985420,0.09077102
4568.000,3.43271558,-2.38022971,-2.47346776,162.79637719,0.03652299
4570.000,3.45846459,-2.42239312,-2.46839804,162.83884429,0.04246711
4572.000,3.46228384,-2.34899599,-2.54354619,162.94388897,0.10504467
4574.000,3.49933715,-2.35626655,-2.58715450,162.98809921,0.04421024
4576.000,3.51244076,-2.47267229,-2.49462058,163.13680301,0.14870380
4578.000,3.52813621,-2.49096718,-2.49856511,163.15551831,0.01871529
4580.000,3.51067544,-2.47104996,-2.49374299,163.17601094,0.02049264
4582.000,3.47927557,-2.37976911,-2.53812086,163.27750769,0.10149674
4584.000,3.49916219,-2.35409073,-2.58889800,163.33440846,0.05690077
4586.000,3.48808830,-2.47268010,-2.46020591,163.50940873,0.17500027
4588.000,3.49423737,-2.41563540,-2.52475749,163.59555398,0.08614525
4590.000,3.56203894,-2.47146402,-2.56514854,163.66446168,0.06890770
4592.000,3.54433973,-2.46952703,-2.54239657,163.68729595,0.02283427
4594.000,3.65730644,-2.55503088,-2.61681249,163.80064778,0.11335183
4596.000,3.63216768,-2.56027983,-2.57635581,163.84144353,0.04079576
4598.000,3.61311612,-2.50407357,-2.60465424,163.90437162,0.06292809
4600.000,3.66094184,-2.53303886,-2.64314383,163.95254253,0.04817091
4602.000,3.64239290,-2.52119265,-2.62880460,163.97114216,0.01859962
4604.000,3.58322608,-2.44309620,-2.62121921,164.04960613,0.07846397
4606.000,3.59388570,-2.47376812,-2.60700704,164.08341075,0.03380462
4608.000,3.53209785,-2.48272395,-2.51232901,164.17851142,0.09510067
4610.000,3.49773383,-2.43035961,-2.51545107,164.23096875,0.05245732
4612.000,3.48069865,-2.34256464,-2.57442303,164.33673098,0.10576223
4614.000,3.45791712,-2.38851547,-2.50043690,164.42382533,0.08709435
4616.000,3.53603780,-2.41031350,-2.58726732,164.51335005,0.08952472
4618.000,3.55912269,-2.34335719,-2.67881157,164.62676740,0.11341736
4620.000,3.60149466,-2.29351746,-2.77678618,164.73669020,0.10992280
4622.000,3.58525609,-2.27094990,-2.77431934,164.75939219,0.02270199
4624.000,3.61185098,-2.33099998,-2.75896840,164.82137334,0.06198115
4626.000,3.54797922,-2.31288219,-2.69048926,164.89220869,0.07083535
4628.000,3.45051867,-2.26275098,-2.60500232,164.99131043,0.09910175
4630.000,3.54643171,-2.41528856,-2.59683635,165.14406644,0.15275600
4632.000,3.48322001,-2.28949925,-2.62507425,165.27298630,0.12891986
4634.000,3.52047342,-2.26087774,-2.69854868,165.35183858,0.07885229
4636.000,3.49764273,-2.29892198,-2.63599362,165.42505402,0.07321544
4638.000,3.51814928,-2.31609972,-2.64821760,165.44613721,0.02108318
4640.000,3.44842869,-2.33433063,-2.53822003,165.55763533,0.11149813
4642.000,3.56560987,-2.41143087,-2.62651383,165.67485411,0.11721878
4644.000,3.52982565,-2.43977033,-2.55091941,165.75558602,0.08073191
4646.000,3.43419295,-2.38078127,-2.47498722,165.85173905,0.09615304
4648.000,3.46931673,-2.40984891,-2.49575375,165.88746267,0.03572362
4650.000,3.48204083,-2.44455758,-2.47966663,165.92571822,0.03825555
4652.000,3.46330437,-2.45012108,-2.44773034,165.95813548,0.03241726
4654.000,3.50321687,-2.45760315,-2.49654064,166.00751591,0.04938043
4656.000,3.52920479,-2.56526286,-2.42378071,166.13745674,0.12994084
4658.000,3.48756166,-2.50465457,-2.42688933,166.19814469,0.06068795
4660.000,3.43409259,-2.42744615,-2.42909388,166.27538458,0.07723989
4662.000,3.43381139,-2.47361137,-2.38166066,166.34157475,0.06619017
4664.000,3.35805449,-2.42443345,-2.32350004,166.41773987,0.07616512
4666.000,3.37460006,-2.47636811,-2.29249353,166.47822635,0.06048647
4668.000,3.37100979,-2.40733746,-2.35975282,166.57460603,0.09637969
4670.000,3.35844590,-2.44615798,-2.30118882,166.64486822,0.07026219
4672.000,3.38314343,-2.42026761,-2.36388751,166.71270211,0.06783389
4674.000,3.34002530,-2.41436529,-2.30794481,166.76895531,0.05625320
4676.000,3.33797142,-2.48762565,-2.22570704,166.87909219,0.11013688
4678.000,3.35692631,-2.43103121,-2.31496037,166.98477609,0.10568390
4680.000,3.43836326,-2.46142539,-2.40077631,167.07581555,0.09103946
4682.000,3.52866897,-2.52641816,-2.46347640,167.16612258,0.09030703
4684.000,3.36757123,-2.46199629,-2.29763144,167.34404033,0.17791775
4686.000,3.41256079,-2.47942012,-2.34479146,167.39431614,0.05027581
4688.000,3.40937926,-2.46473322,-2.35562245,167.41256485,0.01824871
4690.000,3.37828034,-2.45593161,-2.31973662,167.44951428,0.03694944
4692.000,3.33448372,-2.41429608,-2.29999045,167.49559495,0.04608067
4694.000,3.39311729,-2.50684381,-2.28669610,167.58909266,0.09349770
4696.000,3.33144917,-2.50112197,-2.20066864,167.67531019,0.08621753
4698.000,3.35878547,-2.52980743,-2.20941490,167.70529940,0.02998921
4700.000,3.37421119,-2.58422138,-2.16958544,167.77273280,0.06743340
4702.000,3.38072339,-2.64245175,-2.10872934,167.85696012,0.08422732
4704.000,3.33554195,-2.60868645,-2.07860412,167.90221080,0.04525068
4706.000,3.37677645,-2.63726616,-2.10889697,167.94385760,0.04164680
4708.000,3.38488682,-2.63188214,-2.12853359,167.96421895,0.02036135
4710.000,3.37810686,-2.62996674,-2.12011341,167.97285422,0.00863528
4712.000,3.39780361,-2.63397761,-2.14644620,167.99949072,0.02663650
4714.000,3.36502991,-2.64492641,-2.08033425,168.06650316,0.06701244
4716.000,3.38688797,-2.71979755,-2.01834374,168.16370661,0.09720345
4718.000,3.37969027,-2.61252849,-2.14406185,168.32896911,0.16526250
4720.000,3.40892193,-2.68193853,-2.10427052,168.40897601,0.08000690
4722.000,3.44528947,-2.63600340,-2.21844667,168.53204603,0.12307002
4724.000,3.35957868,-2.51018412,-2.23287810,168.65869024,0.12664421
4726.000,3.41338880,-2.57532001,-2.24030131,168.72424776,0.06555752
4728.000,3.54589057,-2.65793835,-2.34706278,168.85924332,0.13499556
4730.000,3.51746283,-2.68110229,-2.27689158,168.93313895,0.07389563
4732.000,3.59997049,-2.79888596,-2.26407264,169.05161814,0.11847919
4734.000,3.58912803,-2.71141317,-2.35161193,169.17537038,0.12375224
4736.000,3.55319272,-2.69851700,-2.31153293,169.21747307,0.04210270
4738.000,3.60543182,-2.73108527,-2.35378671,169.27082168,0.05334861
4740.000,3.61360660,-2.73712648,-2.35929890,169.27899973,0.00817805
4742.000,3.46893224,-2.64420112,-2.24537108,169.42601901,0.14701928
4744.000,3.64247829,-2.81547915,-2.31100093,169.60944049,0.18342148
4746.000,3.62967211,-2.72587395,-2.39669164,169.73342432,0.12398383
4748.000,3.61254537,-2.70167882,-2.39821092,169.75766710,0.02424279
4750.000,3.64049511,-2.64850465,-2.49772452,169.87049639,0.11282929
4752.000,3.64935591,-2.65749872,-2.50109958,169.88010287,0.00960648
4754.000,3.61967893,-2.64156462,-2.47471451,169.91092604,0.03082317
4756.000,3.69460163,-2.74872525,-2.46872249,170.01825405,0.10732802
4758.000,3.65565975,-2.74779314,-2.41111614,170.07586794,0.05761389
4760.000,3.68669239,-2.82402036,-2.36993878,170.16250605,0.08663811
4762.000,3.74872046,-2.83523326,-2.45241869,170.24574465,0.08323859
4764.000,3.76890189,-2.92244748,-2.37989963,170.35917010,0.11342545
4766.000,3.68453089,-2.82158042,-2.36948346,170.46057356,0.10140345
4768.000,3.76293409,-2.85844937,-2.44723112,170.54662017,0.08604661
4770.000,3.70038505,-2.77899689,-2.44336362,170.62616672,0.07954655
4772.000,3.78200990,-2.81879005,-2.52151175,170.71386292,0.08769621
4774.000,3.78506745,-2.83844481,-2.50399014,170.74019383,0.02633090
4776.000,3.79273154,-2.82784867,-2.52746601,170.76595027,0.02575645
4778.000,3.80964826,-2.85772839,-2.51928726,170.79692913,0.03097886
4780.000,3.72175810,-2.76581618,-2.49033014,170.89329493,0.09636580
4782.000,3.68647057,-2.78982193,-2.40976323,170.97736219,0.08406726
4784.000,3.78663897,-2.85054033,-2.49259994,171.08006879,0.10270660
4786.000,3.83597910,-2.84971242,-2.56785412,171.15532752,0.07525874
4788.000,3.85882092,-2.87291144,-2.57621403,171.17998685,0.02465933
4790.000,3.73675796,-2.82497164,-2.44599577,171.31874931,0.13876246
4792.000,3.73559111,-2.83914542,-2.42773438,171.34186585,0.02311654
4794.000,3.62029727,-2.73120137,-2.37636096,171.46141143,0.11954558
4796.000,3.67826590,-2.70593978,-2.49149151,171.57928082,0.11786939
4798.000,3.77577016,-2.75640189,-2.58044354,171.68154953,0.10226871
4800.000,3.71279448,-2.70800003,-2.53999582,171.74462694,0.06307741
4802.000,3.70206912,-2.66116723,-2.57361705,171.80227846,0.05765152
4804.000,3.63849547,-2.61862904,-2.52614949,171.86601752,0.06373905
4806.000,3.65132010,-2.60367287,-2.55988790,171.90292236,0.03690485
4808.000,3.66661977,-2.59232931,-2.59305404,171.93797474,0.03505238
4810.000,3.59680974,-2.58859009,-2.49724682,172.03385491,0.09588016
4812.000,3.55655409,-2.58272765,-2.44511655,172.08631378,0.05245888
4814.000,3.69935182,-2.68316002,-2.54673441,172.22918733,0.14287355
4816.000,3.64748432,-2.66462904,-2.49076172,172.28814782,0.05896049
4818.000,3.67526496,-2.61921632,-2.57823164,172.38670391,0.09855608
4820.000,3.64837029,-2.66762713,-2.48884939,172.48835425,0.10165035
4822.000,3.52086119,-2.62286727,-2.34883606,172.63534806,0.14699380
4824.000,3.54791298,-2.65330733,-2.35534430,172.66647608,0.03112803
4826.000,3.60627063,-2.68602037,-2.40634212,172.72706421,0.06058813
4828.000,3.50187054,-2.59849968,-2.34752991,172.83250969,0.10544547
4830.000,3.56381776,-2.66354153,-2.36777186,172.90062854,0.06811886
4832.000,3.55977159,-2.63268633,-2.39602513,172.94246502,0.04183648
4834.000,3.49009151,-2.53777913,-2.39591649,173.03737228,0.09490727
4836.000,3.52001868,-2.54288542,-2.43398136,173.07577812,0.03840583
4838.000,3.53590110,-2.53229652,-2.46780690,173.11122232,0.03544421
4840.000,3.54668366,-2.55628174,-2.45853385,173.13693769,0.02571536
4842.000,3.69604382,-2.69956501,-2.52449771,173.29467585,0.15773816
4844.000,3.65776362,-2.70308724,-2.46425528,173.35502117,0.06034532
4846.000,3.62852396,-2.64983801,-2.47881920,173.41022613,0.05520496
4848.000,3.70275841,-2.61522388,-2.62126380,173.55681604,0.14658991
4850.000,3.73425079,-2.65613185,-2.62480334,173.59787685,0.04106081
4852.000,3.70465565,-2.63381677,-2.60527978,173.62752701,0.02965016
4854.000,3.72036779,-2.69542661,-2.56433459,173.70150188,0.07397487
4856.000,3.71674551,-2.73223454,-2.51974038,173.75932461,0.05782272
4858.000,3.67682902,-2.77956991,-2.40687822,173.88171131,0.12238670
4860.000,3.70884273,-2.75520545,-2.48281237,173.96145855,0.07974724
4862.000,3.76422963,-2.70463140,-2.61808970,174.10588047,0.14442192
4864.000,3.81185777,-2.77617626,-2.61210739,174.17767501,0.07179454
4866.000,3.82724242,-2.74751371,-2.66438604,174.23729547,0.05962046
4868.000,3.85260621,-2.74457552,-2.70367895,174.27669808,0.03940261
4870.000,3.94837113,-2.78595017,-2.79787710,174.37958225,0.10288417
4872.000,3.81813123,-2.62246405,-2.77503304,174.54465667,0.16507441
4874.000,3.88096292,-2.62653980,-2.85712475,174.62684950,0.08219283
4876.000,3.90160601,-2.66483104,-2.84977279,174.66584014,0.03899064
4878.000,4.04070069,-2.70726118,-2.99966648,174.82162343,0.15578329
4880.000,4.07400666,-2.84052133,-2.92043983,174.97665610,0.15503267
4882.000,3.98849946,-2.82852699,-2.81203894,175.08571855,0.10906245
4884.000,4.15922676,-2.86856707,-3.01172545,175.28937981,0.20366126
4886.000,4.07786570,-2.81136302,-2.95384947,175.37075508,0.08137527
4888.000,4.11651135,-2.85545495,-2.96513790,175.41626911,0.04551403
4890.000,4.19199960,-2.92789171,-3.00005179,175.49668095,0.08041185
4892.000,4.15570307,-2.94828545,-2.92873368,175.57085762,0.07417667
4894.000,4.19104905,-2.99016024,-2.93663648,175.61347162,0.04261400
4896.000,4.21263014,-3.10871421,-2.84291201,175.76459844,0.15112683
4898.000,4.21437738,-3.13832515,-2.81280856,175.80682433,0.04222589
4900.000,4.21883770,-3.09286506,-2.86928167,175.87932145,0.07249712
4902.000,4.29218389,-3.12554905,-2.94173176,175.95880264,0.07948119
4904.000,4.28466215,-3.17533024,-2.87673557,176.04067248,0.08186984
4906.000,4.26097153,-3.12292786,-2.89882734,176.09754124,0.05686876
4908.000,4.25452217,-3.11103970,-2.90213558,176.10988112,0.01233988
4910.000,4.24730742,-3.04998351,-2.95587905,176.19122127,0.08134014
4912.000,4.25261780,-2.99502811,-3.01903374,176.27493871,0.08371744
4914.000,4.20780584,-2.95337508,-2.99719963,176.32196747,0.04702876
4916.000,4.19030781,-2.93997179,-2.98584082,176.33953649,0.01756902
4918.000,4.05672214,-2.90958738,-2.82688801,176.50136729,0.16183081
4920.000,4.10890129,-2.93983195,-2.87061978,176.55453873,0.05317144
4922.000,4.17923582,-2.98002071,-2.93010044,176.62632373,0.07178499
4924.000,4.21083122,-3.02961514,-2.92447118,176.67623661,0.04991288
4926.000,4.15468597,-3.05946680,-2.81088570,176.79367929,0.11744269
4928.000,4.10192560,-3.00605893,-2.79095026,176.85068651,0.05700721
4930.000,4.03697897,-3.06053112,-2.63255550,177.01818612,0.16749961
4932.000,4.05968279,-3.10382104,-2.61673829,177.06427517,0.04608906
4934.000,4.02499930,-3.05290748,-2.62304694,177.11557809,0.05130291
4936.000,4.07060813,-3.14999833,-2.57824767,177.22250613,0.10692805
4938.000,4.02126971,-3.10794609,-2.55172122,177.27222578,0.04971965
4940.000,4.06838507,-3.15918697,-2.56345368,177.32479268,0.05256690
4942.000,3.98464250,-3.06828042,-2.54224922,177.41813951,0.09334683
4944.000,3.90831356,-3.02666304,-2.47269604,177.49919290,0.08105339
4946.000,3.92210290,-3.02654145,-2.49458173,177.52107893,0.02188602
4948.000,3.95242768,-3.06048006,-2.50102906,177.55562451,0.03454558
4950.000,4.01222282,-3.04797719,-2.60916980,177.66448563,0.10886112
4952.000,4.10694432,-3.07591437,-2.72134939,177.78009162,0.11560599
4954.000,4.11208312,-3.11304983,-2.68666118,177.83090810,0.05081648
4956.000,4.15332355,-3.17466983,-2.67797834,177.89313683,0.06222873
4958.000,4.06085929,-3.06773103,-2.66075261,178.00145410,0.10831727
4960.000,4.06521118,-3.01857842,-2.72288933,178.08068131,0.07922722
4962.000,4.18296836,-3.09911910,-2.80939231,178.19887423,0.11819292
4964.000,4.15304807,-3.00435513,-2.86734346,178.30995324,0.11107901
4966.000,4.06719262,-2.93049846,-2.82032527,178.39750619,0.08755295
4968.000,4.06840901,-2.82923142,-2.92359392,178.54214168,0.14463549
4970.000,4.02750698,-2.84830651,-2.84744842,178.62064007,0.07849839
4972.000,4.00598307,-2.79756599,-2.86732016,178.67513307,0.05449300
4974.000,4.05318288,-2.77519781,-2.95407660,178.76472668,0.08959361
4976.000,4.05174035,-2.81757515,-2.91167823,178.82467217,0.05994548
4978.000,4.07716236,-2.88654734,-2.87942657,178.90081238,0.07614021
4980.000,4.06491598,-2.87389051,-2.87476874,178.91429907,0.01348669
4982.000,4.02014476,-2.89504857,-2.78931133,179.00233675,0.08803768
4984.000,3.94766238,-2.80419024,-2.77858874,179.09382560,0.09148886
4986.000,4.01408824,-2.85623197,-2.82043318,179.16060359,0.06677798
4988.000,4.13359625,-3.00907198,-2.83409663,179.31405312,0.15344953
4990.000,4.12614533,-2.98704432,-2.84651391,179.33933961,0.02528649
4992.000,4.09231623,-2.99999272,-2.78336052,179.40380675,0.06446713
4994.000,4.18960825,-2.94991814,-2.97502945,179.60190884,0.19810210
4996.000,4.11523468,-2.97864906,-2.83950810,179.74044224,0.13853340
4998.000,4.12528124,-3.04626047,-2.78176966,179.82935247,0.08891023
5000.000,4.12770991,-3.01482471,-2.81936537,179.87835905,0.04900658
5002.000,4.08437505,-2.94908549,-2.82577677,179.94441018,0.06605113
5004.000,4.09059238,-2.96559660,-2.81747809,179.96288950,0.01847932
5006.000,4.02061226,-2.91420390,-2.76997086,180.03287626,0.06998676
5008.000,3.99094411,-2.89222248,-2.75003345,180.06255256,0.02967630
5010.000,4.00550080,-2.92951968,-2.73165720,180.10413101,0.04157845
5012.000,4.03860108,-2.99316757,-2.71131824,180.17094963,0.06681861
5014.000,3.93302575,-2.95935161,-2.59054621,180.29636655,0.12541692
5016.000,3.78003860,-2.93904939,-2.37711601,180.51076018,0.21439363
5018.000,3.68914772,-2.87225800,-2.31515548,180.60186559,0.09110542
5020.000,3.79090081,-2.85750338,-2.49110485,180.77843252,0.17656693
5022.000,3.85162384,-2.89915045,-2.53573123,180.83947343,0.06104091
5024.000,3.88947572,-2.93039564,-2.55749932,180.87755376,0.03808033
5026.000,3.93458358,-2.93933221,-2.61558294,180.93632083,0.05876707
5028.000,3.87742073,-2.93666235,-2.53187792,181.02006842,0.08374758
5030.000,4.00824896,-2.98481693,-2.67524347,181.17130513,0.15123671
5032.000,3.94871139,-2.90791742,-2.67139250,181.24830100,0.07699587
5034.000,3.98225812,-2.93286431,-2.69382380,181.28184962,0.03354862
5036.000,3.99477568,-2.91251780,-2.73413108,181.32700112,0.04515150
5038.000,3.96903935,-2.85263070,-2.75966871,181.39210591,0.06510479
5040.000,3.92873299,-2.76964048,-2.78640171,181.47929553,0.08718962
5042.000,4.01044286,-2.89272231,-2.77773462,181.60268214,0.12338660
5044.000,3.94751894,-2.84487797,-2.73670881,181.66570751,0.06302538
5046.000,3.97014587,-2.82577193,-2.78874007,181.72113578,0.05542827
5048.000,3.95933903,-2.77134919,-2.82771802,181.78807692,0.06694114
5050.000,3.97217995,-2.81284972,-2.80465506,181.83555528,0.04747835
5052.000,4.02175443,-2.91789829,-2.76773884,181.94690163,0.11134636
5054.000,3.97733912,-2.92162445,-2.69876584,182.01597521,0.06907357
5056.000,4.09031478,-2.97766664,-2.80431389,182.13547884,0.11950363
5058.000,4.05141228,-2.87492117,-2.85460500,182.24987213,0.11439329
5060.000,4.06888383,-2.90047989,-2.85359983,182.27545061,0.02557848
5062.000,4.09924190,-2.91475658,-2.88235638,182.30755611,0.03210549
5064.000,4.04275031,-2.85401520,-2.86328959,182.37121973,0.06366362
5066.000,4.02875341,-2.84171107,-2.85578924,182.38562968,0.01440996
5068.000,4.00171502,-2.75617632,-2.90124374,182.48249198,0.09686230
5070.000,3.91243107,-2.73774320,-2.79497389,182.59034865,0.10785667
5072.000,4.00489810,-2.74239277,-2.91864536,182.71410749,0.12375884
5074.000,3.97904713,-2.68018018,-2.94099477,182.78021273,0.06610524
5076.000,3.98337902,-2.67030149,-2.95580757,182.79801743,0.01780470
5078.000,4.06055354,-2.75842954,-2.97979219,182.88935097,0.09133354
5080.000,4.08418373,-2.80765508,-2.96607986,182.94045069,0.05109972
5082.000,4.10141694,-2.77786129,-3.01746709,182.99985033,0.05939964
5084.000,4.13011481,-2.78217463,-3.05243389,183.03508217,0.03523184
5086.000,4.08258887,-2.78879461,-2.98163655,183.10618834,0.07110618
5088.000,4.02123492,-2.80452012,-2.88183920,183.20721706,0.10102872
5090.000,4.02396586,-2.83731997,-2.85340439,183.25062638,0.04340931
5092.000,4.07418755,-2.86327157,-2.89839267,183.30256317,0.05193680
5094.000,4.01062756,-2.79954820,-2.87187453,183.37158404,0.06902087
5096.000,3.98681185,-2.75369321,-2.88302662,183.41877566,0.04719162
5098.000,4.12958355,-2.89269197,-2.94716703,183.57185945,0.15308379
5100.000,4.15164189,-2.86305773,-3.00649811,183.63817962,0.06632017
5102.000,3.98145342,-2.82830900,-2.80225615,183.84535648,0.20717686
5104.000,4.02354499,-2.84491883,-2.84523305,183.89143143,0.04607495
5106.000,4.13700216,-2.91488671,-2.93568090,184.00578316,0.11435173
5108.000,4.18973811,-2.87304149,-3.04951439,184.12706418,0.12128101
5110.000,4.04052632,-2.78186899,-2.93036821,184.27709163,0.15002745
5112.000,4.10283112,-2.88884912,-2.91337845,184.38541245,0.10832082
5114.000,4.05941477,-2.88035853,-2.86048650,184.43898155,0.05356910
5116.000,3.95126300,-2.78249391,-2.80538891,184.55129018,0.11230862
5118.000,4.02123025,-2.82758712,-2.85920336,184.62149981,0.07020963
5120.000,3.99716441,-2.79482962,-2.85766526,184.65429339,0.03279359
5122.000,3.98262397,-2.81083904,-2.82143183,184.69390606,0.03961267
5124.000,3.98636001,-2.82006365,-2.81750015,184.70393360,0.01002754
5126.000,3.94787522,-2.81651581,-2.76639792,184.75515885,0.05122524
5128.000,3.94970007,-2.71612113,-2.86754541,184.89767167,0.14251283
5130.000,3.94593435,-2.64550248,-2.92774905,184.99046970,0.09279802
5132.000,4.02685374,-2.60972458,-3.06673909,185.13399073,0.14352104
5134.000,3.97107415,-2.64713037,-2.96008964,185.24700975,0.11301901
5136.000,3.93383705,-2.64214462,-2.91447178,185.29289925,0.04588951
5138.000,3.95433739,-2.68071866,-2.90697981,185.33219412,0.03929486
5140.000,3.94630484,-2.72487291,-2.85453841,185.40074846,0.06855434
5142.000,3.88338634,-2.73289185,-2.75898379,185.49663896,0.09589050
5144.000,3.97516522,-2.89458810,-2.72457303,185.66195617,0.16531721
5146.000,4.03018018,-2.94840115,-2.74759584,185.72048730,0.05853114
5148.000,4.05109124,-2.92562896,-2.80214836,185.77960202,0.05911472
5150.000,4.00805400,-2.95420601,-2.70871993,185.87730320,0.09770117
5152.000,4.10835496,-2.94700949,-2.86246669,186.03121829,0.15391509
5154.000,4.15032988,-3.00398356,-2.86379485,186.08820784,0.05698955
5156.000,4.11411984,-3.00525666,-2.80970006,186.14231760,0.05410976
5158.000,4.13411326,-2.95358977,-2.89261125,186.24000963,0.09769203
5160.000,4.19311409,-2.93119420,-2.99838395,186.34812727,0.10811764
5162.000,4.21613838,-2.90871305,-3.05208310,186.40634240,0.05821513
5164.000,4.16671566,-2.88160135,-3.00963338,186.45671127,0.05036887
5166.000,4.25766305,-2.92551868,-3.09338570,186.55127967,0.09456840
5168.000,4.32506109,-3.05709244,-3.05946715,186.68715507,0.13587539
5170.000,4.39777463,-3.15594463,-3.06274960,186.78606174,0.09890668
5172.000,4.39263299,-3.11517741,-3.09691690,186.83925357,0.05319183
5174.000,4.30779337,-3.13602108,-2.95338035,186.98429563,0.14504206
5176.000,4.33803147,-3.11315560,-3.02105599,187.05572968,0.07143405
5178.000,4.32355565,-3.07521960,-3.03910478,187.09774038,0.04201070
5180.000,4.37191317,-3.10306644,-3.07970833,187.14697548,0.04923510
5182.000,4.38781478,-3.11065013,-3.09463638,187.16371941,0.01674393
5184.000,4.51526578,-3.14715862,-3.23774887,187.31141522,0.14769581
5186.000,4.49313938,-3.13319768,-3.22046174,187.33363576,0.02222054
5188.000,4.47411475,-3.10065359,-3.22546898,187.36656281,0.03292704
5190.000,4.35395006,-2.96906450,-3.18457802,187.50435889,0.13779608
5192.000,4.33615216,-2.90888810,-3.21567810,187.57209673,0.06773784
5194.000,4.36477382,-2.88905869,-3.27178704,187.63160654,0.05950982
5196.000,4.35233127,-2.88837339,-3.25577743,187.64763081,0.01602426
5198.000,4.32296270,-2.94651927,-3.16323105,187.75692754,0.10929673
5200.000,4.40140458,-3.02912437,-3.19323783,187.84481388,0.08788634
5202.000,4.45422601,-3.09151512,-3.20665926,187.90863191,0.06381803
5204.000,4.45349575,-3.15540209,-3.14277934,187.99897674,0.09034483
5206.000,4.44531281,-3.14106144,-3.14555862,188.01358423,0.01460749
5208.000,4.49920332,-3.21348358,-3.14902426,188.08608924,0.07250501
5210.000,4.53171173,-3.18328435,-3.22538555,188.16820526,0.08211602
5212.000,4.49460971,-3.09931441,-3.25511393,188.25728235,0.08907708
5214.000,4.42476708,-3.08133312,-3.17552356,188.33887863,0.08159628
5216.000,4.33848512,-3.04360909,-3.09174657,188.43075728,0.09187865
5218.000,4.28509703,-3.06963916,-2.98987826,188.53589869,0.10514141
5220.000,4.26105612,-3.05956874,-2.96574415,188.56204957,0.02615088
5222.000,4.33405473,-3.09926469,-3.02961858,188.63725403,0.07520446
5224.000,4.43886635,-3.12928203,-3.14819447,188.75957035,0.12231632
5226.000,4.45184719,-3.17528079,-3.12034218,188.81334428,0.05377393
5228.000,4.42350179,-3.17663387,-3.07837056,188.85533770,0.04199342
5230.000,4.45584150,-3.17236372,-3.12899854,188.90614544,0.05080774
5232.000,4.34404530,-3.14304056,-2.99867064,189.03973140,0.13358596
5234.000,4.31277070,-3.13296892,-2.96386519,189.07596477,0.03623337
5236.000,4.21976437,-3.11746520,-2.84390963,189.19691808,0.12095330
5238.000,4.20459084,-3.09732572,-2.84344113,189.21706300,0.02014493
5240.000,4.22149778,-3.10572025,-2.85929105,189.23499866,0.01793566
5242.000,4.17948757,-3.03919690,-2.86904140,189.30223277,0.06723411
5244.000,4.29069560,-3.06131489,-3.00639649,189.44135727,0.13912450
5246.000,4.36379961,-3.12081120,-3.05012861,189.51519702,0.07383975
5248.000,4.35217218,-3.05562688,-3.09912038,189.59673959,0.08154256
5250.000,4.30066043,-3.10410374,-2.97661219,189.72849035,0.13175076
5252.000,4.32768283,-3.07232599,-3.04789299,189.80653378,0.07804344
5254.000,4.31513342,-3.08426372,-3.01789559,189.83881928,0.03228550
5256.000,4.31236880,-3.05128313,-3.04732602,189.88302188,0.04420260
5258.000,4.39549787,-2.98385957,-3.22753522,190.07543105,0.19240918
5260.000,4.30109956,-2.94965714,-3.13033229,190.17847578,0.10304473
5262.000,4.47434711,-3.11397353,-3.21293494,190.36238629,0.18391051
5264.000,4.26585756,-2.99462264,-3.03805464,190.57411195,0.21172566
5266.000,4.23546591,-3.05803077,-2.93046400,190.69899724,0.12488529
5268.000,4.22490618,-3.09270000,-2.87837435,190.76156949,0.06257226
5270.000,4.20591490,-3.12384669,-2.81625674,190.83105844,0.06948895
5272.000,4.16243956,-3.05333550,-2.82896543,190.90270576,0.07164732
5274.000,4.17850651,-2.98463398,-2.92435918,191.02026369,0.11755793
5276.000,4.19680459,-3.07282521,-2.85848107,191.13034374,0.11008005
5278.000,4.28570154,-3.17054343,-2.88355545,191.23122771,0.10088397
5280.000,4.23164863,-3.08170701,-2.89998828,191.32157120,0.09034350
5282.000,4.16693672,-3.10813465,-2.77540278,191.44892884,0.12735764
5284.000,4.17892499,-3.09540268,-2.80747152,191.48343256,0.03450372
5286.000,4.20100960,-3.09625493,-2.83931101,191.51528346,0.03185090
5288.000,4.32004106,-3.23381643,-2.86446960,191.65512666,0.13984320
5290.000,4.34209248,-3.32472740,-2.79283992,191.77086609,0.11573943
5292.000,4.29847631,-3.28828333,-2.76840954,191.81474107,0.04387498
5294.000,4.29854765,-3.30964051,-2.74295307,191.84796999,0.03322891
5296.000,4.23622401,-3.21158455,-2.76248412,191.94795215,0.09998216
5298.000,4.15564295,-3.09914377,-2.76851516,192.06055455,0.11260241
5300.000,4.04695470,-3.02522173,-2.68809892,192.16978477,0.10923022
5302.000,4.03847561,-2.87093081,-2.84025378,192.38647992,0.21669515
5304.000,4.05326547,-2.90231431,-2.82940500,192.41968563,0.03320571
5306.000,4.06399790,-2.92313088,-2.82336408,192.44136102,0.02167539
5308.000,4.24184458,-3.01242427,-2.98639339,192.62724234,0.18588131
5310.000,4.16523888,-2.97400537,-2.91624878,192.70721907,0.07997673
5312.000,4.21998717,-3.12615585,-2.83468540,192.87985265,0.17263358
5314.000,4.22161859,-3.12004017,-2.84383771,192.89086020,0.01100755
5316.000,4.15550890,-3.06841599,-2.80233430,192.95709907,0.06623887
5318.000,4.15798518,-3.02352028,-2.85432406,193.02579084,0.06869177
5320.000,4.15806437,-3.04593099,-2.83051297,193.05848957,0.03269873
5322.000,4.15140948,-3.06009241,-2.80535829,193.08735657,0.02886700
5324.000,4.22504659,-3.12184913,-2.84694164,193.16180835,0.07445178
5326.000,4.22680817,-3.11288632,-2.85934364,193.17711004,0.01530169
5328.000,4.29325299,-3.17733205,-2.88731403,193.24736382,0.07025378
5330.000,4.20640036,-3.14773915,-2.79025846,193.34883068,0.10146686
5332.000,4.20583049,-3.10651534,-2.83523766,193.40984322,0.06101254
5334.000,4.13918074,-3.04581265,-2.80282758,193.47865622,0.06881300
5336.000,4.08172895,-2.98632002,-2.78251755,193.54152013,0.06286391
5338.000,4.15322776,-3.07151604,-2.79554826,193.62770691,0.08618677
5340.000,4.21704818,-3.11154037,-2.84636819,193.69239548,0.06468858
5342.000,4.12680970,-3.03370976,-2.79770681,193.78418618,0.09179070
5344.000,4.13522059,-3.04039579,-2.80286331,193.79262967,0.00844349
5346.000,4.22546630,-3.12410085,-2.84509392,193.88638445,0.09375479
5348.000,4.16840480,-3.10922987,-2.77638040,193.95668874,0.07030428
5350.000,4.23643859,-3.13770706,-2.84643748,194.03231244,0.07562370
5352.000,4.13647851,-3.05091153,-2.79327644,194.13409436,0.10178193
5354.000,4.14268568,-3.07278922,-2.77845481,194.16052000,0.02642563
5356.000,4.06403210,-3.03640786,-2.70121903,194.24589545,0.08537546
5358.000,3.99881745,-2.96224452,-2.68619590,194.32156510,0.07566964
5360.000,3.96257784,-2.91993498,-2.67880623,194.36451512,0.04295002
5362.000,3.99570169,-2.85264802,-2.79786192,194.50126961,0.13675449
5364.000,3.93329326,-2.80441167,-2.75791063,194.56390228,0.06263267
5366.000,3.92592449,-2.76465366,-2.78739541,194.61340027,0.04949799
5368.000,3.98806664,-2.74370205,-2.89426582,194.72230506,0.10890479
5370.000,3.96139307,-2.68841585,-2.90947681,194.77964561,0.05734055
5372.000,3.94572306,-2.73665320,-2.84243904,194.86223438,0.08258878
5374.000,4.06658411,-2.78853501,-2.95992885,194.99066950,0.12843511
5376.000,3.93402383,-2.71534172,-2.84665819,195.12553054,0.13486105
5378.000,4.06102859,-2.68243869,-3.04901228,195.33054222,0.20501168
5380.000,4.04710522,-2.64998392,-3.05886349,195.36445915,0.03391693
5382.000,4.08606844,-2.70819006,-3.05968330,195.42267105,0.05821191
5384.000,4.05135043,-2.73845914,-2.98567946,195.50262596,0.07995491
5386.000,4.24091724,-2.80582052,-3.18005506,195.70834283,0.20571687
5388.000,4.19981802,-2.78358252,-3.14485926,195.74997543,0.04163260
5390.000,4.15885989,-2.70435914,-3.15951851,195.83054365,0.08056822
5392.000,4.18173916,-2.78248093,-3.12165697,195.91735674,0.08681308
5394.000,4.20996895,-2.82264999,-3.12353735,195.95756978,0.04021304
5396.000,4.21330856,-2.82707641,-3.12403713,195.96202432,0.00445454
5398.000,4.24516646,-2.90263904,-3.09776127,196.04202515,0.08000082
5400.000,4.24159954,-2.84723625,-3.14394854,196.11415512,0.07212998
5402.000,4.26490652,-2.86745746,-3.15707386,196.13826262,0.02410750
5404.000,4.26407698,-2.86314143,-3.15986924,196.14340482,0.00514220
5406.000,4.26040425,-2.83378938,-3.18130195,196.17974906,0.03634424
5408.000,4.21896531,-2.83176107,-3.12742666,196.23366253,0.05391346
5410.000,4.28497910,-2.91624473,-3.13951629,196.31900681,0.08534428
5412.000,4.33125239,-3.04441358,-3.08079425,196.45998742,0.14098061
5414.000,4.38683883,-3.00876386,-3.19244342,196.57718998,0.11720256
5416.000,4.39443388,-2.92230357,-3.28194926,196.70163546,0.12444548
5418.000,4.43969972,-3.04703066,-3.22901497,196.83713042,0.13549497
5420.000,4.39590321,-2.97111148,-3.23982432,196.91381527,0.07668484
5422.000,4.35234879,-2.98877783,-3.16388165,196.99178570,0.07797044
5424.000,4.36454044,-3.01380518,-3.15692755,197.01776123,0.02597552
5426.000,4.36709435,-3.03004881,-3.14488748,197.03798049,0.02021927
5428.000,4.32340778,-2.97859431,-3.13366092,197.09064549,0.05266499
5430.000,4.34985190,-3.01461581,-3.13580980,197.12673103,0.03608554
5432.000,4.23196311,-2.94742060,-3.03681141,197.24638000,0.11964897
5434.000,4.31935072,-3.01283894,-3.09509163,197.33399360,0.08761360
5436.000,4.31721709,-3.00787798,-3.09693936,197.33928748,0.00529388
5438.000,4.30058173,-2.95637534,-3.12327521,197.39713296,0.05784548
5440.000,4.24267271,-2.93770056,-3.06107614,197.46207503,0.06494207
5442.000,4.27277251,-2.98342166,-3.05872197,197.50785669,0.04578166
5444.000,4.37472688,-3.10189534,-3.08487934,197.62918361,0.12132692
5446.000,4.33709535,-3.07397936,-3.05958280,197.66685611,0.03767249
5448.000,4.39842795,-3.07117484,-3.14865900,197.75597645,0.08912034
5450.000,4.28758308,-2.93069779,-3.12959729,197.89774087,0.14176442
5452.000,4.29366391,-2.90020784,-3.16612448,197.94532105,0.04758018
5454.000,4.38803050,-2.91661214,-3.27844251,198.05883070,0.11350965
5456.000,4.30400389,-2.90394810,-3.17671763,198.16134084,0.10251014
5458.000,4.27689258,-2.91721377,-3.12756677,198.21225042,0.05090958
5460.000,4.24056207,-2.93731492,-3.05852051,198.28416315,0.07191274
5462.000,4.20571004,-2.84299473,-3.09925441,198.38690335,0.10274020
5464.000,4.20892712,-2.88433455,-3.06523763,198.44043954,0.05353618
5466.000,4.19150071,-2.85285360,-3.07081497,198.47241073,0.03197120
5468.000,4.09645915,-2.77255300,-3.01561394,198.56985477,0.09744404
5470.000,3.94974479,-2.57687255,-2.99336128,198.76679644,0.19694167
5472.000,3.92324201,-2.56480846,-2.96876834,198.79418905,0.02739261
5474.000,4.03721509,-2.55195599,-3.12835841,198.95429581,0.16010677
5476.000,3.98898729,-2.53082434,-3.08333387,199.00403267,0.04973686
5478.000,3.89684352,-2.44883754,-3.03126774,199.10115485,0.09712217
5480.000,3.89110744,-2.39000493,-3.07060150,199.17192504,0.07077020
5482.000,3.85520230,-2.27700752,-3.11091972,199.29189994,0.11997489
5484.000,3.82646403,-2.28322158,-3.07062309,199.33267288,0.04077294
5486.000,3.74389568,-2.28722094,-2.96401337,199.43935759,0.10668471
5488.000,3.71949020,-2.21281647,-2.98965727,199.51805723,0.07869965
5490.000,3.68962825,-2.27889445,-2.90172306,199.62805144,0.10999420
5492.000,3.67692639,-2.25166419,-2.90685328,199.65576075,0.02770931
5494.000,3.83025153,-2.43891920,-2.95338787,199.84871128,0.19295053
5496.000,3.71280870,-2.42919768,-2.80783672,199.99458673,0.14587545
5498.000,3.62942346,-2.40739396,-2.71609444,200.08888439,0.09429766
5500.000,3.57199693,-2.30665182,-2.72736493,200.19025501,0.10137062
